# Blender 5.1.1
# www.blender.org
mtllib title.mtl
o Mesh_0
v -26.144451 4.168000 -0.500000
v -27.536451 4.168000 -0.500000
v -27.536451 5.552000 -0.500000
v -30.312450 6.944000 -0.500000
v -27.536451 6.944000 -0.500000
v -27.536451 5.552000 -0.500000
v -26.144451 5.552000 -0.500000
v -26.144451 4.168000 -0.500000
v -27.536451 5.552000 -0.500000
v -30.312450 5.552000 -0.500000
v -30.312450 6.944000 -0.500000
v -27.536451 5.552000 -0.500000
v -27.536451 5.552000 3.500000
v -27.536451 4.168000 3.500000
v -26.144451 4.168000 3.500000
v -27.536451 5.552000 3.500000
v -27.536451 6.944000 3.500000
v -30.312450 6.944000 3.500000
v -27.536451 5.552000 3.500000
v -26.144451 4.168000 3.500000
v -26.144451 5.552000 3.500000
v -27.536451 5.552000 3.500000
v -30.312450 6.944000 3.500000
v -30.312450 5.552000 3.500000
v -26.144451 4.168000 -0.500000
v -26.144451 5.552000 -0.500000
v -26.029646 4.053195 -0.461940
v -26.144451 5.552000 -0.500000
v -26.029646 5.666805 -0.461940
v -26.029646 4.053195 -0.461940
v -26.029646 4.053195 -0.461940
v -26.029646 5.666805 -0.461940
v -25.932320 3.955868 -0.353553
v -26.029646 5.666805 -0.461940
v -25.932320 5.764132 -0.353553
v -25.932320 3.955868 -0.353553
v -25.932320 3.955868 -0.353553
v -25.932320 5.764132 -0.353553
v -25.867287 3.890836 -0.191342
v -25.932320 5.764132 -0.353553
v -25.867287 5.829164 -0.191342
v -25.867287 3.890836 -0.191342
v -25.867287 3.890836 -0.191342
v -25.867287 5.829164 -0.191342
v -25.844452 3.868000 0.000000
v -25.867287 5.829164 -0.191342
v -25.844452 5.852000 0.000000
v -25.844452 3.868000 0.000000
v -25.844452 3.868000 0.000000
v -25.844452 5.852000 0.000000
v -25.844452 3.868000 3.000000
v -25.844452 5.852000 0.000000
v -25.844452 5.852000 3.000000
v -25.844452 3.868000 3.000000
v -25.844452 3.868000 3.000000
v -25.844452 5.852000 3.000000
v -25.867287 3.890836 3.191342
v -25.844452 5.852000 3.000000
v -25.867287 5.829164 3.191342
v -25.867287 3.890836 3.191342
v -25.867287 3.890836 3.191342
v -25.867287 5.829164 3.191342
v -25.932320 3.955868 3.353553
v -25.867287 5.829164 3.191342
v -25.932320 5.764132 3.353553
v -25.932320 3.955868 3.353553
v -25.932320 3.955868 3.353553
v -25.932320 5.764132 3.353553
v -26.029646 4.053195 3.461940
v -25.932320 5.764132 3.353553
v -26.029646 5.666805 3.461940
v -26.029646 4.053195 3.461940
v -26.029646 4.053195 3.461940
v -26.029646 5.666805 3.461940
v -26.144451 4.168000 3.500000
v -26.029646 5.666805 3.461940
v -26.144451 5.552000 3.500000
v -26.144451 4.168000 3.500000
v -26.144451 5.552000 -0.500000
v -27.536451 5.552000 -0.500000
v -26.029646 5.666805 -0.461940
v -27.536451 5.552000 -0.500000
v -27.421646 5.666805 -0.461940
v -26.029646 5.666805 -0.461940
v -26.029646 5.666805 -0.461940
v -27.421646 5.666805 -0.461940
v -25.932320 5.764132 -0.353553
v -27.421646 5.666805 -0.461940
v -27.324320 5.764132 -0.353553
v -25.932320 5.764132 -0.353553
v -25.932320 5.764132 -0.353553
v -27.324320 5.764132 -0.353553
v -25.867287 5.829164 -0.191342
v -27.324320 5.764132 -0.353553
v -27.259287 5.829164 -0.191342
v -25.867287 5.829164 -0.191342
v -25.867287 5.829164 -0.191342
v -27.259287 5.829164 -0.191342
v -25.844452 5.852000 0.000000
v -27.259287 5.829164 -0.191342
v -27.236450 5.852000 0.000000
v -25.844452 5.852000 0.000000
v -25.844452 5.852000 0.000000
v -27.236450 5.852000 0.000000
v -25.844452 5.852000 3.000000
v -27.236450 5.852000 0.000000
v -27.236450 5.852000 3.000000
v -25.844452 5.852000 3.000000
v -25.844452 5.852000 3.000000
v -27.236450 5.852000 3.000000
v -25.867287 5.829164 3.191342
v -27.236450 5.852000 3.000000
v -27.259287 5.829164 3.191342
v -25.867287 5.829164 3.191342
v -25.867287 5.829164 3.191342
v -27.259287 5.829164 3.191342
v -25.932320 5.764132 3.353553
v -27.259287 5.829164 3.191342
v -27.324320 5.764132 3.353553
v -25.932320 5.764132 3.353553
v -25.932320 5.764132 3.353553
v -27.324320 5.764132 3.353553
v -26.029646 5.666805 3.461940
v -27.324320 5.764132 3.353553
v -27.421646 5.666805 3.461940
v -26.029646 5.666805 3.461940
v -26.029646 5.666805 3.461940
v -27.421646 5.666805 3.461940
v -26.144451 5.552000 3.500000
v -27.421646 5.666805 3.461940
v -27.536451 5.552000 3.500000
v -26.144451 5.552000 3.500000
v -27.536451 5.552000 -0.500000
v -27.536451 6.944000 -0.500000
v -27.421646 5.666805 -0.461940
v -27.536451 6.944000 -0.500000
v -27.421646 7.058805 -0.461940
v -27.421646 5.666805 -0.461940
v -27.421646 5.666805 -0.461940
v -27.421646 7.058805 -0.461940
v -27.324320 5.764132 -0.353553
v -27.421646 7.058805 -0.461940
v -27.324320 7.156132 -0.353553
v -27.324320 5.764132 -0.353553
v -27.324320 5.764132 -0.353553
v -27.324320 7.156132 -0.353553
v -27.259287 5.829164 -0.191342
v -27.324320 7.156132 -0.353553
v -27.259287 7.221164 -0.191342
v -27.259287 5.829164 -0.191342
v -27.259287 5.829164 -0.191342
v -27.259287 7.221164 -0.191342
v -27.236450 5.852000 0.000000
v -27.259287 7.221164 -0.191342
v -27.236450 7.244000 0.000000
v -27.236450 5.852000 0.000000
v -27.236450 5.852000 0.000000
v -27.236450 7.244000 0.000000
v -27.236450 5.852000 3.000000
v -27.236450 7.244000 0.000000
v -27.236450 7.244000 3.000000
v -27.236450 5.852000 3.000000
v -27.236450 5.852000 3.000000
v -27.236450 7.244000 3.000000
v -27.259287 5.829164 3.191342
v -27.236450 7.244000 3.000000
v -27.259287 7.221164 3.191342
v -27.259287 5.829164 3.191342
v -27.259287 5.829164 3.191342
v -27.259287 7.221164 3.191342
v -27.324320 5.764132 3.353553
v -27.259287 7.221164 3.191342
v -27.324320 7.156132 3.353553
v -27.324320 5.764132 3.353553
v -27.324320 5.764132 3.353553
v -27.324320 7.156132 3.353553
v -27.421646 5.666805 3.461940
v -27.324320 7.156132 3.353553
v -27.421646 7.058805 3.461940
v -27.421646 5.666805 3.461940
v -27.421646 5.666805 3.461940
v -27.421646 7.058805 3.461940
v -27.536451 5.552000 3.500000
v -27.421646 7.058805 3.461940
v -27.536451 6.944000 3.500000
v -27.536451 5.552000 3.500000
v -27.536451 6.944000 -0.500000
v -30.312450 6.944000 -0.500000
v -27.421646 7.058805 -0.461940
v -30.312450 6.944000 -0.500000
v -30.427256 7.058805 -0.461940
v -27.421646 7.058805 -0.461940
v -27.421646 7.058805 -0.461940
v -30.427256 7.058805 -0.461940
v -27.324320 7.156132 -0.353553
v -30.427256 7.058805 -0.461940
v -30.524584 7.156132 -0.353553
v -27.324320 7.156132 -0.353553
v -27.324320 7.156132 -0.353553
v -30.524584 7.156132 -0.353553
v -27.259287 7.221164 -0.191342
v -30.524584 7.156132 -0.353553
v -30.589615 7.221164 -0.191342
v -27.259287 7.221164 -0.191342
v -27.259287 7.221164 -0.191342
v -30.589615 7.221164 -0.191342
v -27.236450 7.244000 0.000000
v -30.589615 7.221164 -0.191342
v -30.612452 7.244000 0.000000
v -27.236450 7.244000 0.000000
v -27.236450 7.244000 0.000000
v -30.612452 7.244000 0.000000
v -27.236450 7.244000 3.000000
v -30.612452 7.244000 0.000000
v -30.612452 7.244000 3.000000
v -27.236450 7.244000 3.000000
v -27.236450 7.244000 3.000000
v -30.612452 7.244000 3.000000
v -27.259287 7.221164 3.191342
v -30.612452 7.244000 3.000000
v -30.589615 7.221164 3.191342
v -27.259287 7.221164 3.191342
v -27.259287 7.221164 3.191342
v -30.589615 7.221164 3.191342
v -27.324320 7.156132 3.353553
v -30.589615 7.221164 3.191342
v -30.524584 7.156132 3.353553
v -27.324320 7.156132 3.353553
v -27.324320 7.156132 3.353553
v -30.524584 7.156132 3.353553
v -27.421646 7.058805 3.461940
v -30.524584 7.156132 3.353553
v -30.427256 7.058805 3.461940
v -27.421646 7.058805 3.461940
v -27.421646 7.058805 3.461940
v -30.427256 7.058805 3.461940
v -27.536451 6.944000 3.500000
v -30.427256 7.058805 3.461940
v -30.312450 6.944000 3.500000
v -27.536451 6.944000 3.500000
v -30.312450 6.944000 -0.500000
v -30.312450 5.552000 -0.500000
v -30.427256 7.058805 -0.461940
v -30.312450 5.552000 -0.500000
v -30.427256 5.437195 -0.461940
v -30.427256 7.058805 -0.461940
v -30.427256 7.058805 -0.461940
v -30.427256 5.437195 -0.461940
v -30.524584 7.156132 -0.353553
v -30.427256 5.437195 -0.461940
v -30.524584 5.339868 -0.353553
v -30.524584 7.156132 -0.353553
v -30.524584 7.156132 -0.353553
v -30.524584 5.339868 -0.353553
v -30.589615 7.221164 -0.191342
v -30.524584 5.339868 -0.353553
v -30.589615 5.274836 -0.191342
v -30.589615 7.221164 -0.191342
v -30.589615 7.221164 -0.191342
v -30.589615 5.274836 -0.191342
v -30.612452 7.244000 0.000000
v -30.589615 5.274836 -0.191342
v -30.612452 5.252000 0.000000
v -30.612452 7.244000 0.000000
v -30.612452 7.244000 0.000000
v -30.612452 5.252000 0.000000
v -30.612452 7.244000 3.000000
v -30.612452 5.252000 0.000000
v -30.612452 5.252000 3.000000
v -30.612452 7.244000 3.000000
v -30.612452 7.244000 3.000000
v -30.612452 5.252000 3.000000
v -30.589615 7.221164 3.191342
v -30.612452 5.252000 3.000000
v -30.589615 5.274836 3.191342
v -30.589615 7.221164 3.191342
v -30.589615 7.221164 3.191342
v -30.589615 5.274836 3.191342
v -30.524584 7.156132 3.353553
v -30.589615 5.274836 3.191342
v -30.524584 5.339868 3.353553
v -30.524584 7.156132 3.353553
v -30.524584 7.156132 3.353553
v -30.524584 5.339868 3.353553
v -30.427256 7.058805 3.461940
v -30.524584 5.339868 3.353553
v -30.427256 5.437195 3.461940
v -30.427256 7.058805 3.461940
v -30.427256 7.058805 3.461940
v -30.427256 5.437195 3.461940
v -30.312450 6.944000 3.500000
v -30.427256 5.437195 3.461940
v -30.312450 5.552000 3.500000
v -30.312450 6.944000 3.500000
v -30.312450 5.552000 -0.500000
v -27.536451 5.552000 -0.500000
v -30.427256 5.437195 -0.461940
v -27.536451 5.552000 -0.500000
v -27.651257 5.437195 -0.461940
v -30.427256 5.437195 -0.461940
v -30.427256 5.437195 -0.461940
v -27.651257 5.437195 -0.461940
v -30.524584 5.339868 -0.353553
v -27.651257 5.437195 -0.461940
v -27.748583 5.339868 -0.353553
v -30.524584 5.339868 -0.353553
v -30.524584 5.339868 -0.353553
v -27.748583 5.339868 -0.353553
v -30.589615 5.274836 -0.191342
v -27.748583 5.339868 -0.353553
v -27.813616 5.274836 -0.191342
v -30.589615 5.274836 -0.191342
v -30.589615 5.274836 -0.191342
v -27.813616 5.274836 -0.191342
v -30.612452 5.252000 0.000000
v -27.813616 5.274836 -0.191342
v -27.836452 5.252000 0.000000
v -30.612452 5.252000 0.000000
v -30.612452 5.252000 0.000000
v -27.836452 5.252000 0.000000
v -30.612452 5.252000 3.000000
v -27.836452 5.252000 0.000000
v -27.836452 5.252000 3.000000
v -30.612452 5.252000 3.000000
v -30.612452 5.252000 3.000000
v -27.836452 5.252000 3.000000
v -30.589615 5.274836 3.191342
v -27.836452 5.252000 3.000000
v -27.813616 5.274836 3.191342
v -30.589615 5.274836 3.191342
v -30.589615 5.274836 3.191342
v -27.813616 5.274836 3.191342
v -30.524584 5.339868 3.353553
v -27.813616 5.274836 3.191342
v -27.748583 5.339868 3.353553
v -30.524584 5.339868 3.353553
v -30.524584 5.339868 3.353553
v -27.748583 5.339868 3.353553
v -30.427256 5.437195 3.461940
v -27.748583 5.339868 3.353553
v -27.651257 5.437195 3.461940
v -30.427256 5.437195 3.461940
v -30.427256 5.437195 3.461940
v -27.651257 5.437195 3.461940
v -30.312450 5.552000 3.500000
v -27.651257 5.437195 3.461940
v -27.536451 5.552000 3.500000
v -30.312450 5.552000 3.500000
v -27.536451 5.552000 -0.500000
v -27.536451 4.168000 -0.500000
v -27.651257 5.437195 -0.461940
v -27.536451 4.168000 -0.500000
v -27.651257 4.053195 -0.461940
v -27.651257 5.437195 -0.461940
v -27.651257 5.437195 -0.461940
v -27.651257 4.053195 -0.461940
v -27.748583 5.339868 -0.353553
v -27.651257 4.053195 -0.461940
v -27.748583 3.955868 -0.353553
v -27.748583 5.339868 -0.353553
v -27.748583 5.339868 -0.353553
v -27.748583 3.955868 -0.353553
v -27.813616 5.274836 -0.191342
v -27.748583 3.955868 -0.353553
v -27.813616 3.890836 -0.191342
v -27.813616 5.274836 -0.191342
v -27.813616 5.274836 -0.191342
v -27.813616 3.890836 -0.191342
v -27.836452 5.252000 0.000000
v -27.813616 3.890836 -0.191342
v -27.836452 3.868000 0.000000
v -27.836452 5.252000 0.000000
v -27.836452 5.252000 0.000000
v -27.836452 3.868000 0.000000
v -27.836452 5.252000 3.000000
v -27.836452 3.868000 0.000000
v -27.836452 3.868000 3.000000
v -27.836452 5.252000 3.000000
v -27.836452 5.252000 3.000000
v -27.836452 3.868000 3.000000
v -27.813616 5.274836 3.191342
v -27.836452 3.868000 3.000000
v -27.813616 3.890836 3.191342
v -27.813616 5.274836 3.191342
v -27.813616 5.274836 3.191342
v -27.813616 3.890836 3.191342
v -27.748583 5.339868 3.353553
v -27.813616 3.890836 3.191342
v -27.748583 3.955868 3.353553
v -27.748583 5.339868 3.353553
v -27.748583 5.339868 3.353553
v -27.748583 3.955868 3.353553
v -27.651257 5.437195 3.461940
v -27.748583 3.955868 3.353553
v -27.651257 4.053195 3.461940
v -27.651257 5.437195 3.461940
v -27.651257 5.437195 3.461940
v -27.651257 4.053195 3.461940
v -27.536451 5.552000 3.500000
v -27.651257 4.053195 3.461940
v -27.536451 4.168000 3.500000
v -27.536451 5.552000 3.500000
v -27.536451 4.168000 -0.500000
v -26.144451 4.168000 -0.500000
v -27.651257 4.053195 -0.461940
v -26.144451 4.168000 -0.500000
v -26.029646 4.053195 -0.461940
v -27.651257 4.053195 -0.461940
v -27.651257 4.053195 -0.461940
v -26.029646 4.053195 -0.461940
v -27.748583 3.955868 -0.353553
v -26.029646 4.053195 -0.461940
v -25.932320 3.955868 -0.353553
v -27.748583 3.955868 -0.353553
v -27.748583 3.955868 -0.353553
v -25.932320 3.955868 -0.353553
v -27.813616 3.890836 -0.191342
v -25.932320 3.955868 -0.353553
v -25.867287 3.890836 -0.191342
v -27.813616 3.890836 -0.191342
v -27.813616 3.890836 -0.191342
v -25.867287 3.890836 -0.191342
v -27.836452 3.868000 0.000000
v -25.867287 3.890836 -0.191342
v -25.844452 3.868000 0.000000
v -27.836452 3.868000 0.000000
v -27.836452 3.868000 0.000000
v -25.844452 3.868000 0.000000
v -27.836452 3.868000 3.000000
v -25.844452 3.868000 0.000000
v -25.844452 3.868000 3.000000
v -27.836452 3.868000 3.000000
v -27.836452 3.868000 3.000000
v -25.844452 3.868000 3.000000
v -27.813616 3.890836 3.191342
v -25.844452 3.868000 3.000000
v -25.867287 3.890836 3.191342
v -27.813616 3.890836 3.191342
v -27.813616 3.890836 3.191342
v -25.867287 3.890836 3.191342
v -27.748583 3.955868 3.353553
v -25.867287 3.890836 3.191342
v -25.932320 3.955868 3.353553
v -27.748583 3.955868 3.353553
v -27.748583 3.955868 3.353553
v -25.932320 3.955868 3.353553
v -27.651257 4.053195 3.461940
v -25.932320 3.955868 3.353553
v -26.029646 4.053195 3.461940
v -27.651257 4.053195 3.461940
v -27.651257 4.053195 3.461940
v -26.029646 4.053195 3.461940
v -27.536451 4.168000 3.500000
v -26.029646 4.053195 3.461940
v -26.144451 4.168000 3.500000
v -27.536451 4.168000 3.500000
v -27.536451 0.000000 -0.500000
v -30.312450 0.000000 -0.500000
v -30.312450 1.392000 -0.500000
v -31.696451 5.552000 -0.500000
v -30.312450 5.552000 -0.500000
v -30.312450 1.392000 -0.500000
v -27.536451 1.392000 -0.500000
v -27.536451 0.000000 -0.500000
v -30.312450 1.392000 -0.500000
v -31.696451 1.392000 -0.500000
v -31.696451 5.552000 -0.500000
v -30.312450 1.392000 -0.500000
v -30.312450 1.392000 3.500000
v -30.312450 0.000000 3.500000
v -27.536451 0.000000 3.500000
v -30.312450 1.392000 3.500000
v -30.312450 5.552000 3.500000
v -31.696451 5.552000 3.500000
v -30.312450 1.392000 3.500000
v -27.536451 0.000000 3.500000
v -27.536451 1.392000 3.500000
v -30.312450 1.392000 3.500000
v -31.696451 5.552000 3.500000
v -31.696451 1.392000 3.500000
v -27.536451 0.000000 -0.500000
v -27.536451 1.392000 -0.500000
v -27.421646 -0.114805 -0.461940
v -27.536451 1.392000 -0.500000
v -27.421646 1.506805 -0.461940
v -27.421646 -0.114805 -0.461940
v -27.421646 -0.114805 -0.461940
v -27.421646 1.506805 -0.461940
v -27.324320 -0.212132 -0.353553
v -27.421646 1.506805 -0.461940
v -27.324320 1.604132 -0.353553
v -27.324320 -0.212132 -0.353553
v -27.324320 -0.212132 -0.353553
v -27.324320 1.604132 -0.353553
v -27.259287 -0.277164 -0.191342
v -27.324320 1.604132 -0.353553
v -27.259287 1.669164 -0.191342
v -27.259287 -0.277164 -0.191342
v -27.259287 -0.277164 -0.191342
v -27.259287 1.669164 -0.191342
v -27.236450 -0.300000 0.000000
v -27.259287 1.669164 -0.191342
v -27.236450 1.692000 0.000000
v -27.236450 -0.300000 0.000000
v -27.236450 -0.300000 0.000000
v -27.236450 1.692000 0.000000
v -27.236450 -0.300000 3.000000
v -27.236450 1.692000 0.000000
v -27.236450 1.692000 3.000000
v -27.236450 -0.300000 3.000000
v -27.236450 -0.300000 3.000000
v -27.236450 1.692000 3.000000
v -27.259287 -0.277164 3.191342
v -27.236450 1.692000 3.000000
v -27.259287 1.669164 3.191342
v -27.259287 -0.277164 3.191342
v -27.259287 -0.277164 3.191342
v -27.259287 1.669164 3.191342
v -27.324320 -0.212132 3.353553
v -27.259287 1.669164 3.191342
v -27.324320 1.604132 3.353553
v -27.324320 -0.212132 3.353553
v -27.324320 -0.212132 3.353553
v -27.324320 1.604132 3.353553
v -27.421646 -0.114805 3.461940
v -27.324320 1.604132 3.353553
v -27.421646 1.506805 3.461940
v -27.421646 -0.114805 3.461940
v -27.421646 -0.114805 3.461940
v -27.421646 1.506805 3.461940
v -27.536451 0.000000 3.500000
v -27.421646 1.506805 3.461940
v -27.536451 1.392000 3.500000
v -27.536451 0.000000 3.500000
v -27.536451 1.392000 -0.500000
v -30.312450 1.392000 -0.500000
v -27.421646 1.506805 -0.461940
v -30.312450 1.392000 -0.500000
v -30.197647 1.506805 -0.461940
v -27.421646 1.506805 -0.461940
v -27.421646 1.506805 -0.461940
v -30.197647 1.506805 -0.461940
v -27.324320 1.604132 -0.353553
v -30.197647 1.506805 -0.461940
v -30.100319 1.604132 -0.353553
v -27.324320 1.604132 -0.353553
v -27.324320 1.604132 -0.353553
v -30.100319 1.604132 -0.353553
v -27.259287 1.669164 -0.191342
v -30.100319 1.604132 -0.353553
v -30.035288 1.669164 -0.191342
v -27.259287 1.669164 -0.191342
v -27.259287 1.669164 -0.191342
v -30.035288 1.669164 -0.191342
v -27.236450 1.692000 0.000000
v -30.035288 1.669164 -0.191342
v -30.012451 1.692000 0.000000
v -27.236450 1.692000 0.000000
v -27.236450 1.692000 0.000000
v -30.012451 1.692000 0.000000
v -27.236450 1.692000 3.000000
v -30.012451 1.692000 0.000000
v -30.012451 1.692000 3.000000
v -27.236450 1.692000 3.000000
v -27.236450 1.692000 3.000000
v -30.012451 1.692000 3.000000
v -27.259287 1.669164 3.191342
v -30.012451 1.692000 3.000000
v -30.035288 1.669164 3.191342
v -27.259287 1.669164 3.191342
v -27.259287 1.669164 3.191342
v -30.035288 1.669164 3.191342
v -27.324320 1.604132 3.353553
v -30.035288 1.669164 3.191342
v -30.100319 1.604132 3.353553
v -27.324320 1.604132 3.353553
v -27.324320 1.604132 3.353553
v -30.100319 1.604132 3.353553
v -27.421646 1.506805 3.461940
v -30.100319 1.604132 3.353553
v -30.197647 1.506805 3.461940
v -27.421646 1.506805 3.461940
v -27.421646 1.506805 3.461940
v -30.197647 1.506805 3.461940
v -27.536451 1.392000 3.500000
v -30.197647 1.506805 3.461940
v -30.312450 1.392000 3.500000
v -27.536451 1.392000 3.500000
v -30.312450 1.392000 -0.500000
v -30.312450 5.552000 -0.500000
v -30.197647 1.506805 -0.461940
v -30.312450 5.552000 -0.500000
v -30.197647 5.666805 -0.461940
v -30.197647 1.506805 -0.461940
v -30.197647 1.506805 -0.461940
v -30.197647 5.666805 -0.461940
v -30.100319 1.604132 -0.353553
v -30.197647 5.666805 -0.461940
v -30.100319 5.764132 -0.353553
v -30.100319 1.604132 -0.353553
v -30.100319 1.604132 -0.353553
v -30.100319 5.764132 -0.353553
v -30.035288 1.669164 -0.191342
v -30.100319 5.764132 -0.353553
v -30.035288 5.829164 -0.191342
v -30.035288 1.669164 -0.191342
v -30.035288 1.669164 -0.191342
v -30.035288 5.829164 -0.191342
v -30.012451 1.692000 0.000000
v -30.035288 5.829164 -0.191342
v -30.012451 5.852000 0.000000
v -30.012451 1.692000 0.000000
v -30.012451 1.692000 0.000000
v -30.012451 5.852000 0.000000
v -30.012451 1.692000 3.000000
v -30.012451 5.852000 0.000000
v -30.012451 5.852000 3.000000
v -30.012451 1.692000 3.000000
v -30.012451 1.692000 3.000000
v -30.012451 5.852000 3.000000
v -30.035288 1.669164 3.191342
v -30.012451 5.852000 3.000000
v -30.035288 5.829164 3.191342
v -30.035288 1.669164 3.191342
v -30.035288 1.669164 3.191342
v -30.035288 5.829164 3.191342
v -30.100319 1.604132 3.353553
v -30.035288 5.829164 3.191342
v -30.100319 5.764132 3.353553
v -30.100319 1.604132 3.353553
v -30.100319 1.604132 3.353553
v -30.100319 5.764132 3.353553
v -30.197647 1.506805 3.461940
v -30.100319 5.764132 3.353553
v -30.197647 5.666805 3.461940
v -30.197647 1.506805 3.461940
v -30.197647 1.506805 3.461940
v -30.197647 5.666805 3.461940
v -30.312450 1.392000 3.500000
v -30.197647 5.666805 3.461940
v -30.312450 5.552000 3.500000
v -30.312450 1.392000 3.500000
v -30.312450 5.552000 -0.500000
v -31.696451 5.552000 -0.500000
v -30.197647 5.666805 -0.461940
v -31.696451 5.552000 -0.500000
v -31.811256 5.666805 -0.461940
v -30.197647 5.666805 -0.461940
v -30.197647 5.666805 -0.461940
v -31.811256 5.666805 -0.461940
v -30.100319 5.764132 -0.353553
v -31.811256 5.666805 -0.461940
v -31.908583 5.764132 -0.353553
v -30.100319 5.764132 -0.353553
v -30.100319 5.764132 -0.353553
v -31.908583 5.764132 -0.353553
v -30.035288 5.829164 -0.191342
v -31.908583 5.764132 -0.353553
v -31.973616 5.829164 -0.191342
v -30.035288 5.829164 -0.191342
v -30.035288 5.829164 -0.191342
v -31.973616 5.829164 -0.191342
v -30.012451 5.852000 0.000000
v -31.973616 5.829164 -0.191342
v -31.996452 5.852000 0.000000
v -30.012451 5.852000 0.000000
v -30.012451 5.852000 0.000000
v -31.996452 5.852000 0.000000
v -30.012451 5.852000 3.000000
v -31.996452 5.852000 0.000000
v -31.996452 5.852000 3.000000
v -30.012451 5.852000 3.000000
v -30.012451 5.852000 3.000000
v -31.996452 5.852000 3.000000
v -30.035288 5.829164 3.191342
v -31.996452 5.852000 3.000000
v -31.973616 5.829164 3.191342
v -30.035288 5.829164 3.191342
v -30.035288 5.829164 3.191342
v -31.973616 5.829164 3.191342
v -30.100319 5.764132 3.353553
v -31.973616 5.829164 3.191342
v -31.908583 5.764132 3.353553
v -30.100319 5.764132 3.353553
v -30.100319 5.764132 3.353553
v -31.908583 5.764132 3.353553
v -30.197647 5.666805 3.461940
v -31.908583 5.764132 3.353553
v -31.811256 5.666805 3.461940
v -30.197647 5.666805 3.461940
v -30.197647 5.666805 3.461940
v -31.811256 5.666805 3.461940
v -30.312450 5.552000 3.500000
v -31.811256 5.666805 3.461940
v -31.696451 5.552000 3.500000
v -30.312450 5.552000 3.500000
v -31.696451 5.552000 -0.500000
v -31.696451 1.392000 -0.500000
v -31.811256 5.666805 -0.461940
v -31.696451 1.392000 -0.500000
v -31.811256 1.277195 -0.461940
v -31.811256 5.666805 -0.461940
v -31.811256 5.666805 -0.461940
v -31.811256 1.277195 -0.461940
v -31.908583 5.764132 -0.353553
v -31.811256 1.277195 -0.461940
v -31.908583 1.179868 -0.353553
v -31.908583 5.764132 -0.353553
v -31.908583 5.764132 -0.353553
v -31.908583 1.179868 -0.353553
v -31.973616 5.829164 -0.191342
v -31.908583 1.179868 -0.353553
v -31.973616 1.114836 -0.191342
v -31.973616 5.829164 -0.191342
v -31.973616 5.829164 -0.191342
v -31.973616 1.114836 -0.191342
v -31.996452 5.852000 0.000000
v -31.973616 1.114836 -0.191342
v -31.996452 1.092000 0.000000
v -31.996452 5.852000 0.000000
v -31.996452 5.852000 0.000000
v -31.996452 1.092000 0.000000
v -31.996452 5.852000 3.000000
v -31.996452 1.092000 0.000000
v -31.996452 1.092000 3.000000
v -31.996452 5.852000 3.000000
v -31.996452 5.852000 3.000000
v -31.996452 1.092000 3.000000
v -31.973616 5.829164 3.191342
v -31.996452 1.092000 3.000000
v -31.973616 1.114836 3.191342
v -31.973616 5.829164 3.191342
v -31.973616 5.829164 3.191342
v -31.973616 1.114836 3.191342
v -31.908583 5.764132 3.353553
v -31.973616 1.114836 3.191342
v -31.908583 1.179868 3.353553
v -31.908583 5.764132 3.353553
v -31.908583 5.764132 3.353553
v -31.908583 1.179868 3.353553
v -31.811256 5.666805 3.461940
v -31.908583 1.179868 3.353553
v -31.811256 1.277195 3.461940
v -31.811256 5.666805 3.461940
v -31.811256 5.666805 3.461940
v -31.811256 1.277195 3.461940
v -31.696451 5.552000 3.500000
v -31.811256 1.277195 3.461940
v -31.696451 1.392000 3.500000
v -31.696451 5.552000 3.500000
v -31.696451 1.392000 -0.500000
v -30.312450 1.392000 -0.500000
v -31.811256 1.277195 -0.461940
v -30.312450 1.392000 -0.500000
v -30.427256 1.277195 -0.461940
v -31.811256 1.277195 -0.461940
v -31.811256 1.277195 -0.461940
v -30.427256 1.277195 -0.461940
v -31.908583 1.179868 -0.353553
v -30.427256 1.277195 -0.461940
v -30.524584 1.179868 -0.353553
v -31.908583 1.179868 -0.353553
v -31.908583 1.179868 -0.353553
v -30.524584 1.179868 -0.353553
v -31.973616 1.114836 -0.191342
v -30.524584 1.179868 -0.353553
v -30.589615 1.114836 -0.191342
v -31.973616 1.114836 -0.191342
v -31.973616 1.114836 -0.191342
v -30.589615 1.114836 -0.191342
v -31.996452 1.092000 0.000000
v -30.589615 1.114836 -0.191342
v -30.612452 1.092000 0.000000
v -31.996452 1.092000 0.000000
v -31.996452 1.092000 0.000000
v -30.612452 1.092000 0.000000
v -31.996452 1.092000 3.000000
v -30.612452 1.092000 0.000000
v -30.612452 1.092000 3.000000
v -31.996452 1.092000 3.000000
v -31.996452 1.092000 3.000000
v -30.612452 1.092000 3.000000
v -31.973616 1.114836 3.191342
v -30.612452 1.092000 3.000000
v -30.589615 1.114836 3.191342
v -31.973616 1.114836 3.191342
v -31.973616 1.114836 3.191342
v -30.589615 1.114836 3.191342
v -31.908583 1.179868 3.353553
v -30.589615 1.114836 3.191342
v -30.524584 1.179868 3.353553
v -31.908583 1.179868 3.353553
v -31.908583 1.179868 3.353553
v -30.524584 1.179868 3.353553
v -31.811256 1.277195 3.461940
v -30.524584 1.179868 3.353553
v -30.427256 1.277195 3.461940
v -31.811256 1.277195 3.461940
v -31.811256 1.277195 3.461940
v -30.427256 1.277195 3.461940
v -31.696451 1.392000 3.500000
v -30.427256 1.277195 3.461940
v -30.312450 1.392000 3.500000
v -31.696451 1.392000 3.500000
v -30.312450 1.392000 -0.500000
v -30.312450 0.000000 -0.500000
v -30.427256 1.277195 -0.461940
v -30.312450 0.000000 -0.500000
v -30.427256 -0.114805 -0.461940
v -30.427256 1.277195 -0.461940
v -30.427256 1.277195 -0.461940
v -30.427256 -0.114805 -0.461940
v -30.524584 1.179868 -0.353553
v -30.427256 -0.114805 -0.461940
v -30.524584 -0.212132 -0.353553
v -30.524584 1.179868 -0.353553
v -30.524584 1.179868 -0.353553
v -30.524584 -0.212132 -0.353553
v -30.589615 1.114836 -0.191342
v -30.524584 -0.212132 -0.353553
v -30.589615 -0.277164 -0.191342
v -30.589615 1.114836 -0.191342
v -30.589615 1.114836 -0.191342
v -30.589615 -0.277164 -0.191342
v -30.612452 1.092000 0.000000
v -30.589615 -0.277164 -0.191342
v -30.612452 -0.300000 0.000000
v -30.612452 1.092000 0.000000
v -30.612452 1.092000 0.000000
v -30.612452 -0.300000 0.000000
v -30.612452 1.092000 3.000000
v -30.612452 -0.300000 0.000000
v -30.612452 -0.300000 3.000000
v -30.612452 1.092000 3.000000
v -30.612452 1.092000 3.000000
v -30.612452 -0.300000 3.000000
v -30.589615 1.114836 3.191342
v -30.612452 -0.300000 3.000000
v -30.589615 -0.277164 3.191342
v -30.589615 1.114836 3.191342
v -30.589615 1.114836 3.191342
v -30.589615 -0.277164 3.191342
v -30.524584 1.179868 3.353553
v -30.589615 -0.277164 3.191342
v -30.524584 -0.212132 3.353553
v -30.524584 1.179868 3.353553
v -30.524584 1.179868 3.353553
v -30.524584 -0.212132 3.353553
v -30.427256 1.277195 3.461940
v -30.524584 -0.212132 3.353553
v -30.427256 -0.114805 3.461940
v -30.427256 1.277195 3.461940
v -30.427256 1.277195 3.461940
v -30.427256 -0.114805 3.461940
v -30.312450 1.392000 3.500000
v -30.427256 -0.114805 3.461940
v -30.312450 0.000000 3.500000
v -30.312450 1.392000 3.500000
v -30.312450 0.000000 -0.500000
v -27.536451 0.000000 -0.500000
v -30.427256 -0.114805 -0.461940
v -27.536451 0.000000 -0.500000
v -27.421646 -0.114805 -0.461940
v -30.427256 -0.114805 -0.461940
v -30.427256 -0.114805 -0.461940
v -27.421646 -0.114805 -0.461940
v -30.524584 -0.212132 -0.353553
v -27.421646 -0.114805 -0.461940
v -27.324320 -0.212132 -0.353553
v -30.524584 -0.212132 -0.353553
v -30.524584 -0.212132 -0.353553
v -27.324320 -0.212132 -0.353553
v -30.589615 -0.277164 -0.191342
v -27.324320 -0.212132 -0.353553
v -27.259287 -0.277164 -0.191342
v -30.589615 -0.277164 -0.191342
v -30.589615 -0.277164 -0.191342
v -27.259287 -0.277164 -0.191342
v -30.612452 -0.300000 0.000000
v -27.259287 -0.277164 -0.191342
v -27.236450 -0.300000 0.000000
v -30.612452 -0.300000 0.000000
v -30.612452 -0.300000 0.000000
v -27.236450 -0.300000 0.000000
v -30.612452 -0.300000 3.000000
v -27.236450 -0.300000 0.000000
v -27.236450 -0.300000 3.000000
v -30.612452 -0.300000 3.000000
v -30.612452 -0.300000 3.000000
v -27.236450 -0.300000 3.000000
v -30.589615 -0.277164 3.191342
v -27.236450 -0.300000 3.000000
v -27.259287 -0.277164 3.191342
v -30.589615 -0.277164 3.191342
v -30.589615 -0.277164 3.191342
v -27.259287 -0.277164 3.191342
v -30.524584 -0.212132 3.353553
v -27.259287 -0.277164 3.191342
v -27.324320 -0.212132 3.353553
v -30.524584 -0.212132 3.353553
v -30.524584 -0.212132 3.353553
v -27.324320 -0.212132 3.353553
v -30.427256 -0.114805 3.461940
v -27.324320 -0.212132 3.353553
v -27.421646 -0.114805 3.461940
v -30.427256 -0.114805 3.461940
v -30.427256 -0.114805 3.461940
v -27.421646 -0.114805 3.461940
v -30.312450 0.000000 3.500000
v -27.421646 -0.114805 3.461940
v -27.536451 0.000000 3.500000
v -30.312450 0.000000 3.500000
v -26.144451 1.392000 -0.500000
v -27.536451 1.392000 -0.500000
v -27.536451 2.776000 -0.500000
v -27.536451 2.776000 -0.500000
v -26.144451 2.776000 -0.500000
v -26.144451 1.392000 -0.500000
v -27.536451 2.776000 3.500000
v -27.536451 1.392000 3.500000
v -26.144451 1.392000 3.500000
v -26.144451 1.392000 3.500000
v -26.144451 2.776000 3.500000
v -27.536451 2.776000 3.500000
v -26.144451 1.392000 -0.500000
v -26.144451 2.776000 -0.500000
v -26.029646 1.277195 -0.461940
v -26.144451 2.776000 -0.500000
v -26.029646 2.890805 -0.461940
v -26.029646 1.277195 -0.461940
v -26.029646 1.277195 -0.461940
v -26.029646 2.890805 -0.461940
v -25.932320 1.179868 -0.353553
v -26.029646 2.890805 -0.461940
v -25.932320 2.988132 -0.353553
v -25.932320 1.179868 -0.353553
v -25.932320 1.179868 -0.353553
v -25.932320 2.988132 -0.353553
v -25.867287 1.114836 -0.191342
v -25.932320 2.988132 -0.353553
v -25.867287 3.053164 -0.191342
v -25.867287 1.114836 -0.191342
v -25.867287 1.114836 -0.191342
v -25.867287 3.053164 -0.191342
v -25.844452 1.092000 0.000000
v -25.867287 3.053164 -0.191342
v -25.844452 3.076000 0.000000
v -25.844452 1.092000 0.000000
v -25.844452 1.092000 0.000000
v -25.844452 3.076000 0.000000
v -25.844452 1.092000 3.000000
v -25.844452 3.076000 0.000000
v -25.844452 3.076000 3.000000
v -25.844452 1.092000 3.000000
v -25.844452 1.092000 3.000000
v -25.844452 3.076000 3.000000
v -25.867287 1.114836 3.191342
v -25.844452 3.076000 3.000000
v -25.867287 3.053164 3.191342
v -25.867287 1.114836 3.191342
v -25.867287 1.114836 3.191342
v -25.867287 3.053164 3.191342
v -25.932320 1.179868 3.353553
v -25.867287 3.053164 3.191342
v -25.932320 2.988132 3.353553
v -25.932320 1.179868 3.353553
v -25.932320 1.179868 3.353553
v -25.932320 2.988132 3.353553
v -26.029646 1.277195 3.461940
v -25.932320 2.988132 3.353553
v -26.029646 2.890805 3.461940
v -26.029646 1.277195 3.461940
v -26.029646 1.277195 3.461940
v -26.029646 2.890805 3.461940
v -26.144451 1.392000 3.500000
v -26.029646 2.890805 3.461940
v -26.144451 2.776000 3.500000
v -26.144451 1.392000 3.500000
v -26.144451 2.776000 -0.500000
v -27.536451 2.776000 -0.500000
v -26.029646 2.890805 -0.461940
v -27.536451 2.776000 -0.500000
v -27.651257 2.890805 -0.461940
v -26.029646 2.890805 -0.461940
v -26.029646 2.890805 -0.461940
v -27.651257 2.890805 -0.461940
v -25.932320 2.988132 -0.353553
v -27.651257 2.890805 -0.461940
v -27.748583 2.988132 -0.353553
v -25.932320 2.988132 -0.353553
v -25.932320 2.988132 -0.353553
v -27.748583 2.988132 -0.353553
v -25.867287 3.053164 -0.191342
v -27.748583 2.988132 -0.353553
v -27.813616 3.053164 -0.191342
v -25.867287 3.053164 -0.191342
v -25.867287 3.053164 -0.191342
v -27.813616 3.053164 -0.191342
v -25.844452 3.076000 0.000000
v -27.813616 3.053164 -0.191342
v -27.836452 3.076000 0.000000
v -25.844452 3.076000 0.000000
v -25.844452 3.076000 0.000000
v -27.836452 3.076000 0.000000
v -25.844452 3.076000 3.000000
v -27.836452 3.076000 0.000000
v -27.836452 3.076000 3.000000
v -25.844452 3.076000 3.000000
v -25.844452 3.076000 3.000000
v -27.836452 3.076000 3.000000
v -25.867287 3.053164 3.191342
v -27.836452 3.076000 3.000000
v -27.813616 3.053164 3.191342
v -25.867287 3.053164 3.191342
v -25.867287 3.053164 3.191342
v -27.813616 3.053164 3.191342
v -25.932320 2.988132 3.353553
v -27.813616 3.053164 3.191342
v -27.748583 2.988132 3.353553
v -25.932320 2.988132 3.353553
v -25.932320 2.988132 3.353553
v -27.748583 2.988132 3.353553
v -26.029646 2.890805 3.461940
v -27.748583 2.988132 3.353553
v -27.651257 2.890805 3.461940
v -26.029646 2.890805 3.461940
v -26.029646 2.890805 3.461940
v -27.651257 2.890805 3.461940
v -26.144451 2.776000 3.500000
v -27.651257 2.890805 3.461940
v -27.536451 2.776000 3.500000
v -26.144451 2.776000 3.500000
v -27.536451 2.776000 -0.500000
v -27.536451 1.392000 -0.500000
v -27.651257 2.890805 -0.461940
v -27.536451 1.392000 -0.500000
v -27.651257 1.277195 -0.461940
v -27.651257 2.890805 -0.461940
v -27.651257 2.890805 -0.461940
v -27.651257 1.277195 -0.461940
v -27.748583 2.988132 -0.353553
v -27.651257 1.277195 -0.461940
v -27.748583 1.179868 -0.353553
v -27.748583 2.988132 -0.353553
v -27.748583 2.988132 -0.353553
v -27.748583 1.179868 -0.353553
v -27.813616 3.053164 -0.191342
v -27.748583 1.179868 -0.353553
v -27.813616 1.114836 -0.191342
v -27.813616 3.053164 -0.191342
v -27.813616 3.053164 -0.191342
v -27.813616 1.114836 -0.191342
v -27.836452 3.076000 0.000000
v -27.813616 1.114836 -0.191342
v -27.836452 1.092000 0.000000
v -27.836452 3.076000 0.000000
v -27.836452 3.076000 0.000000
v -27.836452 1.092000 0.000000
v -27.836452 3.076000 3.000000
v -27.836452 1.092000 0.000000
v -27.836452 1.092000 3.000000
v -27.836452 3.076000 3.000000
v -27.836452 3.076000 3.000000
v -27.836452 1.092000 3.000000
v -27.813616 3.053164 3.191342
v -27.836452 1.092000 3.000000
v -27.813616 1.114836 3.191342
v -27.813616 3.053164 3.191342
v -27.813616 3.053164 3.191342
v -27.813616 1.114836 3.191342
v -27.748583 2.988132 3.353553
v -27.813616 1.114836 3.191342
v -27.748583 1.179868 3.353553
v -27.748583 2.988132 3.353553
v -27.748583 2.988132 3.353553
v -27.748583 1.179868 3.353553
v -27.651257 2.890805 3.461940
v -27.748583 1.179868 3.353553
v -27.651257 1.277195 3.461940
v -27.651257 2.890805 3.461940
v -27.651257 2.890805 3.461940
v -27.651257 1.277195 3.461940
v -27.536451 2.776000 3.500000
v -27.651257 1.277195 3.461940
v -27.536451 1.392000 3.500000
v -27.536451 2.776000 3.500000
v -27.536451 1.392000 -0.500000
v -26.144451 1.392000 -0.500000
v -27.651257 1.277195 -0.461940
v -26.144451 1.392000 -0.500000
v -26.029646 1.277195 -0.461940
v -27.651257 1.277195 -0.461940
v -27.651257 1.277195 -0.461940
v -26.029646 1.277195 -0.461940
v -27.748583 1.179868 -0.353553
v -26.029646 1.277195 -0.461940
v -25.932320 1.179868 -0.353553
v -27.748583 1.179868 -0.353553
v -27.748583 1.179868 -0.353553
v -25.932320 1.179868 -0.353553
v -27.813616 1.114836 -0.191342
v -25.932320 1.179868 -0.353553
v -25.867287 1.114836 -0.191342
v -27.813616 1.114836 -0.191342
v -27.813616 1.114836 -0.191342
v -25.867287 1.114836 -0.191342
v -27.836452 1.092000 0.000000
v -25.867287 1.114836 -0.191342
v -25.844452 1.092000 0.000000
v -27.836452 1.092000 0.000000
v -27.836452 1.092000 0.000000
v -25.844452 1.092000 0.000000
v -27.836452 1.092000 3.000000
v -25.844452 1.092000 0.000000
v -25.844452 1.092000 3.000000
v -27.836452 1.092000 3.000000
v -27.836452 1.092000 3.000000
v -25.844452 1.092000 3.000000
v -27.813616 1.114836 3.191342
v -25.844452 1.092000 3.000000
v -25.867287 1.114836 3.191342
v -27.813616 1.114836 3.191342
v -27.813616 1.114836 3.191342
v -25.867287 1.114836 3.191342
v -27.748583 1.179868 3.353553
v -25.867287 1.114836 3.191342
v -25.932320 1.179868 3.353553
v -27.748583 1.179868 3.353553
v -27.748583 1.179868 3.353553
v -25.932320 1.179868 3.353553
v -27.651257 1.277195 3.461940
v -25.932320 1.179868 3.353553
v -26.029646 1.277195 3.461940
v -27.651257 1.277195 3.461940
v -27.651257 1.277195 3.461940
v -26.029646 1.277195 3.461940
v -27.536451 1.392000 3.500000
v -26.029646 1.277195 3.461940
v -26.144451 1.392000 3.500000
v -27.536451 1.392000 3.500000
vn -0.0000 -0.0000 -1.0000
vn -0.0000 -0.0000 1.0000
vn 0.3147 -0.0000 -0.9492
vn 0.7440 -0.0000 -0.6681
vn 0.9282 -0.0000 -0.3721
vn 0.9930 -0.0000 -0.1185
vn 1.0000 -0.0000 -0.0000
vn 0.9930 -0.0000 0.1185
vn 0.9282 -0.0000 0.3721
vn 0.7440 -0.0000 0.6681
vn 0.3147 -0.0000 0.9492
vn -0.0000 0.3147 -0.9492
vn -0.0000 0.7440 -0.6681
vn -0.0000 0.9282 -0.3721
vn -0.0000 0.9930 -0.1185
vn -0.0000 1.0000 -0.0000
vn -0.0000 0.9930 0.1185
vn -0.0000 0.9282 0.3721
vn -0.0000 0.7440 0.6681
vn -0.0000 0.3147 0.9492
vn -0.3147 -0.0000 -0.9492
vn -0.7440 -0.0000 -0.6681
vn -0.9282 -0.0000 -0.3721
vn -0.9930 -0.0000 -0.1185
vn -1.0000 -0.0000 -0.0000
vn -0.9930 -0.0000 0.1185
vn -0.9282 -0.0000 0.3721
vn -0.7440 -0.0000 0.6681
vn -0.3147 -0.0000 0.9492
vn -0.0000 -0.3147 -0.9492
vn -0.0000 -0.7440 -0.6681
vn -0.0000 -0.9282 -0.3721
vn -0.0000 -0.9930 -0.1185
vn -0.0000 -1.0000 -0.0000
vn -0.0000 -0.9930 0.1185
vn -0.0000 -0.9282 0.3721
vn -0.0000 -0.7440 0.6681
vn -0.0000 -0.3147 0.9492
vn -0.7441 -0.0000 -0.6681
vn -0.7441 -0.0000 0.6681
vt 6.944000 -3.168000
vt 5.552000 -3.168000
vt 5.552000 -4.552000
vt 2.776000 -5.944000
vt 5.552000 -5.944000
vt 6.944000 -4.552000
vt 2.776000 -4.552000
vt 4.168000 -0.500000
vt 5.552000 -0.500000
vt 4.053195 -0.461940
vt 5.666805 -0.461940
vt 3.955868 -0.353553
vt 5.764132 -0.353553
vt 3.890836 -0.191342
vt 5.829164 -0.191342
vt 3.868000 0.000000
vt 5.852000 0.000000
vt 3.868000 3.000000
vt 5.852000 3.000000
vt 3.890836 3.191342
vt 5.829164 3.191342
vt 3.955868 3.353553
vt 5.764132 3.353553
vt 4.053195 3.461940
vt 5.666805 3.461940
vt 4.168000 3.500000
vt 5.552000 3.500000
vt 6.944000 -0.500000
vt 7.058805 -0.461940
vt 7.156132 -0.353553
vt 7.221164 -0.191342
vt 7.244000 0.000000
vt 7.244000 3.000000
vt 7.221164 3.191342
vt 7.156132 3.353553
vt 7.058805 3.461940
vt 6.944000 3.500000
vt 2.776000 -0.500000
vt 2.661195 -0.461940
vt 2.563868 -0.353553
vt 2.498836 -0.191342
vt 2.476000 0.000000
vt 2.476000 3.000000
vt 2.498836 3.191342
vt 2.563868 3.353553
vt 2.661195 3.461940
vt 2.776000 3.500000
vt 5.437195 -0.461940
vt 5.339868 -0.353553
vt 5.274836 -0.191342
vt 5.252000 0.000000
vt 5.252000 3.000000
vt 5.274836 3.191342
vt 5.339868 3.353553
vt 5.437195 3.461940
vt 5.552000 1.000000
vt 2.776000 1.000000
vt 2.776000 -0.392000
vt 1.392000 -4.552000
vt 5.552000 -0.392000
vt 1.392000 -0.392000
vt 0.000000 -0.500000
vt 1.392000 -0.500000
vt -0.114805 -0.461940
vt 1.506805 -0.461940
vt -0.212132 -0.353553
vt 1.604132 -0.353553
vt -0.277164 -0.191342
vt 1.669164 -0.191342
vt -0.300000 0.000000
vt 1.692000 0.000000
vt -0.300000 3.000000
vt 1.692000 3.000000
vt -0.277164 3.191342
vt 1.669164 3.191342
vt -0.212132 3.353553
vt 1.604132 3.353553
vt -0.114805 3.461940
vt 1.506805 3.461940
vt 0.000000 3.500000
vt 1.392000 3.500000
vt 2.890805 -0.461940
vt 2.988132 -0.353553
vt 3.053164 -0.191342
vt 3.076000 0.000000
vt 3.076000 3.000000
vt 3.053164 3.191342
vt 2.988132 3.353553
vt 2.890805 3.461940
vt 1.277195 -0.461940
vt 1.179868 -0.353553
vt 1.114836 -0.191342
vt 1.092000 0.000000
vt 1.092000 3.000000
vt 1.114836 3.191342
vt 1.179868 3.353553
vt 1.277195 3.461940
vt 6.944000 -0.392000
vt 5.552000 -1.776000
vt 6.944000 -1.776000
s 0
usemtl Material_0
f 1/1/1 2/2/1 3/3/1
f 4/4/1 5/5/1 6/3/1
f 7/6/1 8/1/1 9/3/1
f 10/7/1 11/4/1 12/3/1
f 13/3/2 14/2/2 15/1/2
f 16/3/2 17/5/2 18/4/2
f 19/3/2 20/1/2 21/6/2
f 22/3/2 23/4/2 24/7/2
f 25/8/3 26/9/3 27/10/3
f 28/9/3 29/11/3 30/10/3
f 31/10/4 32/11/4 33/12/4
f 34/11/4 35/13/4 36/12/4
f 37/12/5 38/13/5 39/14/5
f 40/13/5 41/15/5 42/14/5
f 43/14/6 44/15/6 45/16/6
f 46/15/6 47/17/6 48/16/6
f 49/16/7 50/17/7 51/18/7
f 52/17/7 53/19/7 54/18/7
f 55/18/8 56/19/8 57/20/8
f 58/19/8 59/21/8 60/20/8
f 61/20/9 62/21/9 63/22/9
f 64/21/9 65/23/9 66/22/9
f 67/22/10 68/23/10 69/24/10
f 70/23/10 71/25/10 72/24/10
f 73/24/11 74/25/11 75/26/11
f 76/25/11 77/27/11 78/26/11
f 79/28/12 80/9/12 81/29/12
f 82/9/12 83/11/12 84/29/12
f 85/29/13 86/11/13 87/30/13
f 88/11/13 89/13/13 90/30/13
f 91/30/14 92/13/14 93/31/14
f 94/13/14 95/15/14 96/31/14
f 97/31/15 98/15/15 99/32/15
f 100/15/15 101/17/15 102/32/15
f 103/32/16 104/17/16 105/33/16
f 106/17/16 107/19/16 108/33/16
f 109/33/17 110/19/17 111/34/17
f 112/19/17 113/21/17 114/34/17
f 115/34/18 116/21/18 117/35/18
f 118/21/18 119/23/18 120/35/18
f 121/35/19 122/23/19 123/36/19
f 124/23/19 125/25/19 126/36/19
f 127/36/20 128/25/20 129/37/20
f 130/25/20 131/27/20 132/37/20
f 133/9/3 134/28/3 135/11/3
f 136/28/3 137/29/3 138/11/3
f 139/11/4 140/29/4 141/13/4
f 142/29/4 143/30/4 144/13/4
f 145/13/5 146/30/5 147/15/5
s 1
f 148/30/5 149/31/5 150/15/5
s 0
f 151/15/6 152/31/6 153/17/6
f 154/31/6 155/32/6 156/17/6
f 157/17/7 158/32/7 159/19/7
f 160/32/7 161/33/7 162/19/7
f 163/19/8 164/33/8 165/21/8
f 166/33/8 167/34/8 168/21/8
s 1
f 169/21/9 170/34/9 171/23/9
f 172/34/9 173/35/9 174/23/9
s 0
f 175/23/10 176/35/10 177/25/10
f 178/35/10 179/36/10 180/25/10
f 181/25/11 182/36/11 183/27/11
f 184/36/11 185/37/11 186/27/11
f 187/9/12 188/38/12 189/11/12
f 190/38/12 191/39/12 192/11/12
f 193/11/13 194/39/13 195/13/13
f 196/39/13 197/40/13 198/13/13
f 199/13/14 200/40/14 201/15/14
f 202/40/14 203/41/14 204/15/14
f 205/15/15 206/41/15 207/17/15
f 208/41/15 209/42/15 210/17/15
f 211/17/16 212/42/16 213/19/16
f 214/42/16 215/43/16 216/19/16
f 217/19/17 218/43/17 219/21/17
f 220/43/17 221/44/17 222/21/17
f 223/21/18 224/44/18 225/23/18
f 226/44/18 227/45/18 228/23/18
f 229/23/19 230/45/19 231/25/19
f 232/45/19 233/46/19 234/25/19
f 235/25/20 236/46/20 237/27/20
f 238/46/20 239/47/20 240/27/20
f 241/28/21 242/9/21 243/29/21
f 244/9/21 245/48/21 246/29/21
f 247/29/22 248/48/22 249/30/22
s 1
f 250/48/22 251/49/22 252/30/22
s 0
f 253/30/23 254/49/23 255/31/23
f 256/49/23 257/50/23 258/31/23
f 259/31/24 260/50/24 261/32/24
f 262/50/24 263/51/24 264/32/24
f 265/32/25 266/51/25 267/33/25
f 268/51/25 269/52/25 270/33/25
f 271/33/26 272/52/26 273/34/26
f 274/52/26 275/53/26 276/34/26
f 277/34/27 278/53/27 279/35/27
f 280/53/27 281/54/27 282/35/27
s 1
f 283/35/28 284/54/28 285/36/28
s 0
f 286/54/28 287/55/28 288/36/28
f 289/36/29 290/55/29 291/37/29
f 292/55/29 293/27/29 294/37/29
f 295/38/30 296/9/30 297/39/30
f 298/9/30 299/48/30 300/39/30
f 301/39/31 302/48/31 303/40/31
f 304/48/31 305/49/31 306/40/31
f 307/40/32 308/49/32 309/41/32
f 310/49/32 311/50/32 312/41/32
f 313/41/33 314/50/33 315/42/33
f 316/50/33 317/51/33 318/42/33
f 319/42/34 320/51/34 321/43/34
f 322/51/34 323/52/34 324/43/34
f 325/43/35 326/52/35 327/44/35
f 328/52/35 329/53/35 330/44/35
f 331/44/36 332/53/36 333/45/36
f 334/53/36 335/54/36 336/45/36
f 337/45/37 338/54/37 339/46/37
f 340/54/37 341/55/37 342/46/37
f 343/46/38 344/55/38 345/47/38
f 346/55/38 347/27/38 348/47/38
f 349/9/21 350/8/21 351/48/21
f 352/8/21 353/10/21 354/48/21
f 355/48/22 356/10/22 357/49/22
s 1
f 358/10/22 359/12/22 360/49/22
s 0
f 361/49/23 362/12/23 363/50/23
f 364/12/23 365/14/23 366/50/23
f 367/50/24 368/14/24 369/51/24
f 370/14/24 371/16/24 372/51/24
f 373/51/25 374/16/25 375/52/25
f 376/16/25 377/18/25 378/52/25
f 379/52/26 380/18/26 381/53/26
f 382/18/26 383/20/26 384/53/26
f 385/53/27 386/20/27 387/54/27
f 388/20/27 389/22/27 390/54/27
f 391/54/28 392/22/28 393/55/28
f 394/22/28 395/24/28 396/55/28
f 397/55/29 398/24/29 399/27/29
f 400/24/29 401/26/29 402/27/29
f 403/9/30 404/28/30 405/48/30
f 406/28/30 407/29/30 408/48/30
f 409/48/31 410/29/31 411/49/31
f 412/29/31 413/30/31 414/49/31
f 415/49/32 416/30/32 417/50/32
f 418/30/32 419/31/32 420/50/32
f 421/50/33 422/31/33 423/51/33
f 424/31/33 425/32/33 426/51/33
f 427/51/34 428/32/34 429/52/34
f 430/32/34 431/33/34 432/52/34
f 433/52/35 434/33/35 435/53/35
s 1
f 436/33/35 437/34/35 438/53/35
s 0
f 439/53/36 440/34/36 441/54/36
f 442/34/36 443/35/36 444/54/36
f 445/54/37 446/35/37 447/55/37
f 448/35/37 449/36/37 450/55/37
f 451/55/38 452/36/38 453/27/38
f 454/36/38 455/37/38 456/27/38
f 457/56/1 458/57/1 459/58/1
f 460/59/1 461/7/1 462/58/1
f 463/60/1 464/56/1 465/58/1
f 466/61/1 467/59/1 468/58/1
f 469/58/2 470/57/2 471/56/2
f 472/58/2 473/7/2 474/59/2
f 475/58/2 476/56/2 477/60/2
f 478/58/2 479/59/2 480/61/2
f 481/62/3 482/63/3 483/64/3
f 484/63/3 485/65/3 486/64/3
f 487/64/4 488/65/4 489/66/4
s 1
f 490/65/4 491/67/4 492/66/4
s 0
f 493/66/5 494/67/5 495/68/5
f 496/67/5 497/69/5 498/68/5
f 499/68/6 500/69/6 501/70/6
f 502/69/6 503/71/6 504/70/6
f 505/70/7 506/71/7 507/72/7
f 508/71/7 509/73/7 510/72/7
f 511/72/8 512/73/8 513/74/8
f 514/73/8 515/75/8 516/74/8
f 517/74/9 518/75/9 519/76/9
f 520/75/9 521/77/9 522/76/9
f 523/76/10 524/77/10 525/78/10
f 526/77/10 527/79/10 528/78/10
f 529/78/11 530/79/11 531/80/11
f 532/79/11 533/81/11 534/80/11
f 535/9/12 536/38/12 537/11/12
f 538/38/12 539/82/12 540/11/12
f 541/11/13 542/82/13 543/13/13
f 544/82/13 545/83/13 546/13/13
f 547/13/14 548/83/14 549/15/14
f 550/83/14 551/84/14 552/15/14
f 553/15/15 554/84/15 555/17/15
f 556/84/15 557/85/15 558/17/15
f 559/17/16 560/85/16 561/19/16
f 562/85/16 563/86/16 564/19/16
f 565/19/17 566/86/17 567/21/17
f 568/86/17 569/87/17 570/21/17
f 571/21/18 572/87/18 573/23/18
s 1
f 574/87/18 575/88/18 576/23/18
s 0
f 577/23/19 578/88/19 579/25/19
f 580/88/19 581/89/19 582/25/19
f 583/25/20 584/89/20 585/27/20
f 586/89/20 587/47/20 588/27/20
f 589/63/3 590/9/3 591/65/3
s 1
f 592/9/3 593/11/3 594/65/3
s 0
f 595/65/4 596/11/4 597/67/4
f 598/11/4 599/13/4 600/67/4
f 601/67/5 602/13/5 603/69/5
f 604/13/5 605/15/5 606/69/5
f 607/69/6 608/15/6 609/71/6
f 610/15/6 611/17/6 612/71/6
f 613/71/7 614/17/7 615/73/7
f 616/17/7 617/19/7 618/73/7
f 619/73/8 620/19/8 621/75/8
f 622/19/8 623/21/8 624/75/8
f 625/75/9 626/21/9 627/77/9
f 628/21/9 629/23/9 630/77/9
f 631/77/10 632/23/10 633/79/10
f 634/23/10 635/25/10 636/79/10
f 637/79/11 638/25/11 639/81/11
f 640/25/11 641/27/11 642/81/11
f 643/38/12 644/63/12 645/82/12
f 646/63/12 647/90/12 648/82/12
f 649/82/13 650/90/13 651/83/13
f 652/90/13 653/91/13 654/83/13
f 655/83/14 656/91/14 657/84/14
f 658/91/14 659/92/14 660/84/14
f 661/84/15 662/92/15 663/85/15
f 664/92/15 665/93/15 666/85/15
f 667/85/16 668/93/16 669/86/16
f 670/93/16 671/94/16 672/86/16
f 673/86/17 674/94/17 675/87/17
f 676/94/17 677/95/17 678/87/17
f 679/87/18 680/95/18 681/88/18
f 682/95/18 683/96/18 684/88/18
f 685/88/19 686/96/19 687/89/19
f 688/96/19 689/97/19 690/89/19
f 691/89/20 692/97/20 693/47/20
f 694/97/20 695/81/20 696/47/20
s 1
f 697/9/21 698/63/21 699/11/21
s 0
f 700/63/21 701/90/21 702/11/21
f 703/11/22 704/90/22 705/13/22
f 706/90/22 707/91/22 708/13/22
f 709/13/23 710/91/23 711/15/23
f 712/91/23 713/92/23 714/15/23
f 715/15/24 716/92/24 717/17/24
f 718/92/24 719/93/24 720/17/24
f 721/17/25 722/93/25 723/19/25
f 724/93/25 725/94/25 726/19/25
f 727/19/26 728/94/26 729/21/26
f 730/94/26 731/95/26 732/21/26
f 733/21/27 734/95/27 735/23/27
f 736/95/27 737/96/27 738/23/27
f 739/23/28 740/96/28 741/25/28
f 742/96/28 743/97/28 744/25/28
f 745/25/29 746/97/29 747/27/29
f 748/97/29 749/81/29 750/27/29
f 751/63/30 752/38/30 753/90/30
f 754/38/30 755/39/30 756/90/30
f 757/90/31 758/39/31 759/91/31
f 760/39/31 761/40/31 762/91/31
f 763/91/32 764/40/32 765/92/32
f 766/40/32 767/41/32 768/92/32
f 769/92/33 770/41/33 771/93/33
f 772/41/33 773/42/33 774/93/33
f 775/93/34 776/42/34 777/94/34
f 778/42/34 779/43/34 780/94/34
f 781/94/35 782/43/35 783/95/35
s 1
f 784/43/35 785/44/35 786/95/35
s 0
f 787/95/36 788/44/36 789/96/36
f 790/44/36 791/45/36 792/96/36
f 793/96/37 794/45/37 795/97/37
f 796/45/37 797/46/37 798/97/37
f 799/97/38 800/46/38 801/81/38
f 802/46/38 803/47/38 804/81/38
f 805/63/21 806/62/21 807/90/21
f 808/62/21 809/64/21 810/90/21
f 811/90/22 812/64/22 813/91/22
f 814/64/22 815/66/22 816/91/22
f 817/91/23 818/66/23 819/92/23
f 820/66/23 821/68/23 822/92/23
f 823/92/24 824/68/24 825/93/24
f 826/68/24 827/70/24 828/93/24
f 829/93/25 830/70/25 831/94/25
f 832/70/25 833/72/25 834/94/25
f 835/94/26 836/72/26 837/95/26
f 838/72/26 839/74/26 840/95/26
f 841/95/27 842/74/27 843/96/27
f 844/74/27 845/76/27 846/96/27
f 847/96/28 848/76/28 849/97/28
f 850/76/28 851/78/28 852/97/28
f 853/97/29 854/78/29 855/81/29
f 856/78/29 857/80/29 858/81/29
f 859/38/30 860/9/30 861/39/30
f 862/9/30 863/11/30 864/39/30
f 865/39/31 866/11/31 867/40/31
f 868/11/31 869/13/31 870/40/31
f 871/40/32 872/13/32 873/41/32
s 1
f 874/13/32 875/15/32 876/41/32
s 0
f 877/41/33 878/15/33 879/42/33
f 880/15/33 881/17/33 882/42/33
f 883/42/34 884/17/34 885/43/34
f 886/17/34 887/19/34 888/43/34
f 889/43/35 890/19/35 891/44/35
f 892/19/35 893/21/35 894/44/35
f 895/44/36 896/21/36 897/45/36
f 898/21/36 899/23/36 900/45/36
f 901/45/37 902/23/37 903/46/37
f 904/23/37 905/25/37 906/46/37
s 1
f 907/46/38 908/25/38 909/47/38
s 0
f 910/25/38 911/27/38 912/47/38
f 913/98/1 914/60/1 915/99/1
f 916/99/1 917/100/1 918/98/1
f 919/99/2 920/60/2 921/98/2
f 922/98/2 923/100/2 924/99/2
f 925/63/3 926/38/3 927/90/3
f 928/38/3 929/82/3 930/90/3
s 1
f 931/90/4 932/82/4 933/91/4
s 0
f 934/82/4 935/83/4 936/91/4
f 937/91/5 938/83/5 939/92/5
f 940/83/5 941/84/5 942/92/5
f 943/92/6 944/84/6 945/93/6
f 946/84/6 947/85/6 948/93/6
f 949/93/7 950/85/7 951/94/7
f 952/85/7 953/86/7 954/94/7
f 955/94/8 956/86/8 957/95/8
f 958/86/8 959/87/8 960/95/8
f 961/95/9 962/87/9 963/96/9
f 964/87/9 965/88/9 966/96/9
f 967/96/10 968/88/10 969/97/10
f 970/88/10 971/89/10 972/97/10
f 973/97/11 974/89/11 975/81/11
f 976/89/11 977/47/11 978/81/11
f 979/28/12 980/9/12 981/29/12
f 982/9/12 983/48/12 984/29/12
f 985/29/13 986/48/13 987/30/13
s 1
f 988/48/13 989/49/13 990/30/13
s 0
f 991/30/14 992/49/14 993/31/14
f 994/49/14 995/50/14 996/31/14
f 997/31/15 998/50/15 999/32/15
f 1000/50/15 1001/51/15 1002/32/15
f 1003/32/16 1004/51/16 1005/33/16
f 1006/51/16 1007/52/16 1008/33/16
f 1009/33/17 1010/52/17 1011/34/17
f 1012/52/17 1013/53/17 1014/34/17
f 1015/34/18 1016/53/18 1017/35/18
s 1
f 1018/53/18 1019/54/18 1020/35/18
s 0
f 1021/35/19 1022/54/19 1023/36/19
f 1024/54/19 1025/55/19 1026/36/19
f 1027/36/20 1028/55/20 1029/37/20
f 1030/55/20 1031/27/20 1032/37/20
f 1033/38/21 1034/63/21 1035/82/21
f 1036/63/21 1037/90/21 1038/82/21
f 1039/82/39 1040/90/39 1041/83/39
f 1042/90/22 1043/91/22 1044/83/22
f 1045/83/23 1046/91/23 1047/84/23
f 1048/91/23 1049/92/23 1050/84/23
f 1051/84/24 1052/92/24 1053/85/24
s 1
f 1054/92/24 1055/93/24 1056/85/24
s 0
f 1057/85/25 1058/93/25 1059/86/25
f 1060/93/25 1061/94/25 1062/86/25
f 1063/86/26 1064/94/26 1065/87/26
f 1066/94/26 1067/95/26 1068/87/26
f 1069/87/27 1070/95/27 1071/88/27
f 1072/95/27 1073/96/27 1074/88/27
f 1075/88/28 1076/96/28 1077/89/28
f 1078/96/40 1079/97/40 1080/89/40
f 1081/89/29 1082/97/29 1083/47/29
f 1084/97/29 1085/81/29 1086/47/29
f 1087/9/30 1088/28/30 1089/48/30
s 1
f 1090/28/30 1091/29/30 1092/48/30
s 0
f 1093/48/31 1094/29/31 1095/49/31
f 1096/29/31 1097/30/31 1098/49/31
f 1099/49/32 1100/30/32 1101/50/32
f 1102/30/32 1103/31/32 1104/50/32
f 1105/50/33 1106/31/33 1107/51/33
f 1108/31/33 1109/32/33 1110/51/33
f 1111/51/34 1112/32/34 1113/52/34
f 1114/32/34 1115/33/34 1116/52/34
f 1117/52/35 1118/33/35 1119/53/35
f 1120/33/35 1121/34/35 1122/53/35
f 1123/53/36 1124/34/36 1125/54/36
f 1126/34/36 1127/35/36 1128/54/36
f 1129/54/37 1130/35/37 1131/55/37
f 1132/35/37 1133/36/37 1134/55/37
f 1135/55/38 1136/36/38 1137/27/38
f 1138/36/38 1139/37/38 1140/27/38
o Mesh_1
v -20.384350 0.000000 -0.500000
v -23.160351 0.000000 -0.500000
v -23.160351 1.392000 -0.500000
v -24.544350 6.944000 -0.500000
v -23.160351 6.944000 -0.500000
v -23.160351 1.392000 -0.500000
v -20.384350 1.392000 -0.500000
v -20.384350 0.000000 -0.500000
v -23.160351 1.392000 -0.500000
v -24.544350 1.392000 -0.500000
v -24.544350 6.944000 -0.500000
v -23.160351 1.392000 -0.500000
v -23.160351 1.392000 3.500000
v -23.160351 0.000000 3.500000
v -20.384350 0.000000 3.500000
v -23.160351 1.392000 3.500000
v -23.160351 6.944000 3.500000
v -24.544350 6.944000 3.500000
v -23.160351 1.392000 3.500000
v -20.384350 0.000000 3.500000
v -20.384350 1.392000 3.500000
v -23.160351 1.392000 3.500000
v -24.544350 6.944000 3.500000
v -24.544350 1.392000 3.500000
v -20.384350 0.000000 -0.500000
v -20.384350 1.392000 -0.500000
v -20.269545 -0.114805 -0.461940
v -20.384350 1.392000 -0.500000
v -20.269545 1.506805 -0.461940
v -20.269545 -0.114805 -0.461940
v -20.269545 -0.114805 -0.461940
v -20.269545 1.506805 -0.461940
v -20.172218 -0.212132 -0.353553
v -20.269545 1.506805 -0.461940
v -20.172218 1.604132 -0.353553
v -20.172218 -0.212132 -0.353553
v -20.172218 -0.212132 -0.353553
v -20.172218 1.604132 -0.353553
v -20.107185 -0.277164 -0.191342
v -20.172218 1.604132 -0.353553
v -20.107185 1.669164 -0.191342
v -20.107185 -0.277164 -0.191342
v -20.107185 -0.277164 -0.191342
v -20.107185 1.669164 -0.191342
v -20.084351 -0.300000 0.000000
v -20.107185 1.669164 -0.191342
v -20.084351 1.692000 0.000000
v -20.084351 -0.300000 0.000000
v -20.084351 -0.300000 0.000000
v -20.084351 1.692000 0.000000
v -20.084351 -0.300000 3.000000
v -20.084351 1.692000 0.000000
v -20.084351 1.692000 3.000000
v -20.084351 -0.300000 3.000000
v -20.084351 -0.300000 3.000000
v -20.084351 1.692000 3.000000
v -20.107185 -0.277164 3.191342
v -20.084351 1.692000 3.000000
v -20.107185 1.669164 3.191342
v -20.107185 -0.277164 3.191342
v -20.107185 -0.277164 3.191342
v -20.107185 1.669164 3.191342
v -20.172218 -0.212132 3.353553
v -20.107185 1.669164 3.191342
v -20.172218 1.604132 3.353553
v -20.172218 -0.212132 3.353553
v -20.172218 -0.212132 3.353553
v -20.172218 1.604132 3.353553
v -20.269545 -0.114805 3.461940
v -20.172218 1.604132 3.353553
v -20.269545 1.506805 3.461940
v -20.269545 -0.114805 3.461940
v -20.269545 -0.114805 3.461940
v -20.269545 1.506805 3.461940
v -20.384350 0.000000 3.500000
v -20.269545 1.506805 3.461940
v -20.384350 1.392000 3.500000
v -20.384350 0.000000 3.500000
v -20.384350 1.392000 -0.500000
v -23.160351 1.392000 -0.500000
v -20.269545 1.506805 -0.461940
v -23.160351 1.392000 -0.500000
v -23.045546 1.506805 -0.461940
v -20.269545 1.506805 -0.461940
v -20.269545 1.506805 -0.461940
v -23.045546 1.506805 -0.461940
v -20.172218 1.604132 -0.353553
v -23.045546 1.506805 -0.461940
v -22.948217 1.604132 -0.353553
v -20.172218 1.604132 -0.353553
v -20.172218 1.604132 -0.353553
v -22.948217 1.604132 -0.353553
v -20.107185 1.669164 -0.191342
v -22.948217 1.604132 -0.353553
v -22.883186 1.669164 -0.191342
v -20.107185 1.669164 -0.191342
v -20.107185 1.669164 -0.191342
v -22.883186 1.669164 -0.191342
v -20.084351 1.692000 0.000000
v -22.883186 1.669164 -0.191342
v -22.860350 1.692000 0.000000
v -20.084351 1.692000 0.000000
v -20.084351 1.692000 0.000000
v -22.860350 1.692000 0.000000
v -20.084351 1.692000 3.000000
v -22.860350 1.692000 0.000000
v -22.860350 1.692000 3.000000
v -20.084351 1.692000 3.000000
v -20.084351 1.692000 3.000000
v -22.860350 1.692000 3.000000
v -20.107185 1.669164 3.191342
v -22.860350 1.692000 3.000000
v -22.883186 1.669164 3.191342
v -20.107185 1.669164 3.191342
v -20.107185 1.669164 3.191342
v -22.883186 1.669164 3.191342
v -20.172218 1.604132 3.353553
v -22.883186 1.669164 3.191342
v -22.948217 1.604132 3.353553
v -20.172218 1.604132 3.353553
v -20.172218 1.604132 3.353553
v -22.948217 1.604132 3.353553
v -20.269545 1.506805 3.461940
v -22.948217 1.604132 3.353553
v -23.045546 1.506805 3.461940
v -20.269545 1.506805 3.461940
v -20.269545 1.506805 3.461940
v -23.045546 1.506805 3.461940
v -20.384350 1.392000 3.500000
v -23.045546 1.506805 3.461940
v -23.160351 1.392000 3.500000
v -20.384350 1.392000 3.500000
v -23.160351 1.392000 -0.500000
v -23.160351 6.944000 -0.500000
v -23.045546 1.506805 -0.461940
v -23.160351 6.944000 -0.500000
v -23.045546 7.058805 -0.461940
v -23.045546 1.506805 -0.461940
v -23.045546 1.506805 -0.461940
v -23.045546 7.058805 -0.461940
v -22.948217 1.604132 -0.353553
v -23.045546 7.058805 -0.461940
v -22.948217 7.156132 -0.353553
v -22.948217 1.604132 -0.353553
v -22.948217 1.604132 -0.353553
v -22.948217 7.156132 -0.353553
v -22.883186 1.669164 -0.191342
v -22.948217 7.156132 -0.353553
v -22.883186 7.221164 -0.191342
v -22.883186 1.669164 -0.191342
v -22.883186 1.669164 -0.191342
v -22.883186 7.221164 -0.191342
v -22.860350 1.692000 0.000000
v -22.883186 7.221164 -0.191342
v -22.860350 7.244000 0.000000
v -22.860350 1.692000 0.000000
v -22.860350 1.692000 0.000000
v -22.860350 7.244000 0.000000
v -22.860350 1.692000 3.000000
v -22.860350 7.244000 0.000000
v -22.860350 7.244000 3.000000
v -22.860350 1.692000 3.000000
v -22.860350 1.692000 3.000000
v -22.860350 7.244000 3.000000
v -22.883186 1.669164 3.191342
v -22.860350 7.244000 3.000000
v -22.883186 7.221164 3.191342
v -22.883186 1.669164 3.191342
v -22.883186 1.669164 3.191342
v -22.883186 7.221164 3.191342
v -22.948217 1.604132 3.353553
v -22.883186 7.221164 3.191342
v -22.948217 7.156132 3.353553
v -22.948217 1.604132 3.353553
v -22.948217 1.604132 3.353553
v -22.948217 7.156132 3.353553
v -23.045546 1.506805 3.461940
v -22.948217 7.156132 3.353553
v -23.045546 7.058805 3.461940
v -23.045546 1.506805 3.461940
v -23.045546 1.506805 3.461940
v -23.045546 7.058805 3.461940
v -23.160351 1.392000 3.500000
v -23.045546 7.058805 3.461940
v -23.160351 6.944000 3.500000
v -23.160351 1.392000 3.500000
v -23.160351 6.944000 -0.500000
v -24.544350 6.944000 -0.500000
v -23.045546 7.058805 -0.461940
v -24.544350 6.944000 -0.500000
v -24.659155 7.058805 -0.461940
v -23.045546 7.058805 -0.461940
v -23.045546 7.058805 -0.461940
v -24.659155 7.058805 -0.461940
v -22.948217 7.156132 -0.353553
v -24.659155 7.058805 -0.461940
v -24.756481 7.156132 -0.353553
v -22.948217 7.156132 -0.353553
v -22.948217 7.156132 -0.353553
v -24.756481 7.156132 -0.353553
v -22.883186 7.221164 -0.191342
v -24.756481 7.156132 -0.353553
v -24.821514 7.221164 -0.191342
v -22.883186 7.221164 -0.191342
v -22.883186 7.221164 -0.191342
v -24.821514 7.221164 -0.191342
v -22.860350 7.244000 0.000000
v -24.821514 7.221164 -0.191342
v -24.844349 7.244000 0.000000
v -22.860350 7.244000 0.000000
v -22.860350 7.244000 0.000000
v -24.844349 7.244000 0.000000
v -22.860350 7.244000 3.000000
v -24.844349 7.244000 0.000000
v -24.844349 7.244000 3.000000
v -22.860350 7.244000 3.000000
v -22.860350 7.244000 3.000000
v -24.844349 7.244000 3.000000
v -22.883186 7.221164 3.191342
v -24.844349 7.244000 3.000000
v -24.821514 7.221164 3.191342
v -22.883186 7.221164 3.191342
v -22.883186 7.221164 3.191342
v -24.821514 7.221164 3.191342
v -22.948217 7.156132 3.353553
v -24.821514 7.221164 3.191342
v -24.756481 7.156132 3.353553
v -22.948217 7.156132 3.353553
v -22.948217 7.156132 3.353553
v -24.756481 7.156132 3.353553
v -23.045546 7.058805 3.461940
v -24.756481 7.156132 3.353553
v -24.659155 7.058805 3.461940
v -23.045546 7.058805 3.461940
v -23.045546 7.058805 3.461940
v -24.659155 7.058805 3.461940
v -23.160351 6.944000 3.500000
v -24.659155 7.058805 3.461940
v -24.544350 6.944000 3.500000
v -23.160351 6.944000 3.500000
v -24.544350 6.944000 -0.500000
v -24.544350 1.392000 -0.500000
v -24.659155 7.058805 -0.461940
v -24.544350 1.392000 -0.500000
v -24.659155 1.277195 -0.461940
v -24.659155 7.058805 -0.461940
v -24.659155 7.058805 -0.461940
v -24.659155 1.277195 -0.461940
v -24.756481 7.156132 -0.353553
v -24.659155 1.277195 -0.461940
v -24.756481 1.179868 -0.353553
v -24.756481 7.156132 -0.353553
v -24.756481 7.156132 -0.353553
v -24.756481 1.179868 -0.353553
v -24.821514 7.221164 -0.191342
v -24.756481 1.179868 -0.353553
v -24.821514 1.114836 -0.191342
v -24.821514 7.221164 -0.191342
v -24.821514 7.221164 -0.191342
v -24.821514 1.114836 -0.191342
v -24.844349 7.244000 0.000000
v -24.821514 1.114836 -0.191342
v -24.844349 1.092000 0.000000
v -24.844349 7.244000 0.000000
v -24.844349 7.244000 0.000000
v -24.844349 1.092000 0.000000
v -24.844349 7.244000 3.000000
v -24.844349 1.092000 0.000000
v -24.844349 1.092000 3.000000
v -24.844349 7.244000 3.000000
v -24.844349 7.244000 3.000000
v -24.844349 1.092000 3.000000
v -24.821514 7.221164 3.191342
v -24.844349 1.092000 3.000000
v -24.821514 1.114836 3.191342
v -24.821514 7.221164 3.191342
v -24.821514 7.221164 3.191342
v -24.821514 1.114836 3.191342
v -24.756481 7.156132 3.353553
v -24.821514 1.114836 3.191342
v -24.756481 1.179868 3.353553
v -24.756481 7.156132 3.353553
v -24.756481 7.156132 3.353553
v -24.756481 1.179868 3.353553
v -24.659155 7.058805 3.461940
v -24.756481 1.179868 3.353553
v -24.659155 1.277195 3.461940
v -24.659155 7.058805 3.461940
v -24.659155 7.058805 3.461940
v -24.659155 1.277195 3.461940
v -24.544350 6.944000 3.500000
v -24.659155 1.277195 3.461940
v -24.544350 1.392000 3.500000
v -24.544350 6.944000 3.500000
v -24.544350 1.392000 -0.500000
v -23.160351 1.392000 -0.500000
v -24.659155 1.277195 -0.461940
v -23.160351 1.392000 -0.500000
v -23.275154 1.277195 -0.461940
v -24.659155 1.277195 -0.461940
v -24.659155 1.277195 -0.461940
v -23.275154 1.277195 -0.461940
v -24.756481 1.179868 -0.353553
v -23.275154 1.277195 -0.461940
v -23.372482 1.179868 -0.353553
v -24.756481 1.179868 -0.353553
v -24.756481 1.179868 -0.353553
v -23.372482 1.179868 -0.353553
v -24.821514 1.114836 -0.191342
v -23.372482 1.179868 -0.353553
v -23.437513 1.114836 -0.191342
v -24.821514 1.114836 -0.191342
v -24.821514 1.114836 -0.191342
v -23.437513 1.114836 -0.191342
v -24.844349 1.092000 0.000000
v -23.437513 1.114836 -0.191342
v -23.460350 1.092000 0.000000
v -24.844349 1.092000 0.000000
v -24.844349 1.092000 0.000000
v -23.460350 1.092000 0.000000
v -24.844349 1.092000 3.000000
v -23.460350 1.092000 0.000000
v -23.460350 1.092000 3.000000
v -24.844349 1.092000 3.000000
v -24.844349 1.092000 3.000000
v -23.460350 1.092000 3.000000
v -24.821514 1.114836 3.191342
v -23.460350 1.092000 3.000000
v -23.437513 1.114836 3.191342
v -24.821514 1.114836 3.191342
v -24.821514 1.114836 3.191342
v -23.437513 1.114836 3.191342
v -24.756481 1.179868 3.353553
v -23.437513 1.114836 3.191342
v -23.372482 1.179868 3.353553
v -24.756481 1.179868 3.353553
v -24.756481 1.179868 3.353553
v -23.372482 1.179868 3.353553
v -24.659155 1.277195 3.461940
v -23.372482 1.179868 3.353553
v -23.275154 1.277195 3.461940
v -24.659155 1.277195 3.461940
v -24.659155 1.277195 3.461940
v -23.275154 1.277195 3.461940
v -24.544350 1.392000 3.500000
v -23.275154 1.277195 3.461940
v -23.160351 1.392000 3.500000
v -24.544350 1.392000 3.500000
v -23.160351 1.392000 -0.500000
v -23.160351 0.000000 -0.500000
v -23.275154 1.277195 -0.461940
v -23.160351 0.000000 -0.500000
v -23.275154 -0.114805 -0.461940
v -23.275154 1.277195 -0.461940
v -23.275154 1.277195 -0.461940
v -23.275154 -0.114805 -0.461940
v -23.372482 1.179868 -0.353553
v -23.275154 -0.114805 -0.461940
v -23.372482 -0.212132 -0.353553
v -23.372482 1.179868 -0.353553
v -23.372482 1.179868 -0.353553
v -23.372482 -0.212132 -0.353553
v -23.437513 1.114836 -0.191342
v -23.372482 -0.212132 -0.353553
v -23.437513 -0.277164 -0.191342
v -23.437513 1.114836 -0.191342
v -23.437513 1.114836 -0.191342
v -23.437513 -0.277164 -0.191342
v -23.460350 1.092000 0.000000
v -23.437513 -0.277164 -0.191342
v -23.460350 -0.300000 0.000000
v -23.460350 1.092000 0.000000
v -23.460350 1.092000 0.000000
v -23.460350 -0.300000 0.000000
v -23.460350 1.092000 3.000000
v -23.460350 -0.300000 0.000000
v -23.460350 -0.300000 3.000000
v -23.460350 1.092000 3.000000
v -23.460350 1.092000 3.000000
v -23.460350 -0.300000 3.000000
v -23.437513 1.114836 3.191342
v -23.460350 -0.300000 3.000000
v -23.437513 -0.277164 3.191342
v -23.437513 1.114836 3.191342
v -23.437513 1.114836 3.191342
v -23.437513 -0.277164 3.191342
v -23.372482 1.179868 3.353553
v -23.437513 -0.277164 3.191342
v -23.372482 -0.212132 3.353553
v -23.372482 1.179868 3.353553
v -23.372482 1.179868 3.353553
v -23.372482 -0.212132 3.353553
v -23.275154 1.277195 3.461940
v -23.372482 -0.212132 3.353553
v -23.275154 -0.114805 3.461940
v -23.275154 1.277195 3.461940
v -23.275154 1.277195 3.461940
v -23.275154 -0.114805 3.461940
v -23.160351 1.392000 3.500000
v -23.275154 -0.114805 3.461940
v -23.160351 0.000000 3.500000
v -23.160351 1.392000 3.500000
v -23.160351 0.000000 -0.500000
v -20.384350 0.000000 -0.500000
v -23.275154 -0.114805 -0.461940
v -20.384350 0.000000 -0.500000
v -20.269545 -0.114805 -0.461940
v -23.275154 -0.114805 -0.461940
v -23.275154 -0.114805 -0.461940
v -20.269545 -0.114805 -0.461940
v -23.372482 -0.212132 -0.353553
v -20.269545 -0.114805 -0.461940
v -20.172218 -0.212132 -0.353553
v -23.372482 -0.212132 -0.353553
v -23.372482 -0.212132 -0.353553
v -20.172218 -0.212132 -0.353553
v -23.437513 -0.277164 -0.191342
v -20.172218 -0.212132 -0.353553
v -20.107185 -0.277164 -0.191342
v -23.437513 -0.277164 -0.191342
v -23.437513 -0.277164 -0.191342
v -20.107185 -0.277164 -0.191342
v -23.460350 -0.300000 0.000000
v -20.107185 -0.277164 -0.191342
v -20.084351 -0.300000 0.000000
v -23.460350 -0.300000 0.000000
v -23.460350 -0.300000 0.000000
v -20.084351 -0.300000 0.000000
v -23.460350 -0.300000 3.000000
v -20.084351 -0.300000 0.000000
v -20.084351 -0.300000 3.000000
v -23.460350 -0.300000 3.000000
v -23.460350 -0.300000 3.000000
v -20.084351 -0.300000 3.000000
v -23.437513 -0.277164 3.191342
v -20.084351 -0.300000 3.000000
v -20.107185 -0.277164 3.191342
v -23.437513 -0.277164 3.191342
v -23.437513 -0.277164 3.191342
v -20.107185 -0.277164 3.191342
v -23.372482 -0.212132 3.353553
v -20.107185 -0.277164 3.191342
v -20.172218 -0.212132 3.353553
v -23.372482 -0.212132 3.353553
v -23.372482 -0.212132 3.353553
v -20.172218 -0.212132 3.353553
v -23.275154 -0.114805 3.461940
v -20.172218 -0.212132 3.353553
v -20.269545 -0.114805 3.461940
v -23.275154 -0.114805 3.461940
v -23.275154 -0.114805 3.461940
v -20.269545 -0.114805 3.461940
v -23.160351 0.000000 3.500000
v -20.269545 -0.114805 3.461940
v -20.384350 0.000000 3.500000
v -23.160351 0.000000 3.500000
v -18.992350 1.392000 -0.500000
v -20.384350 1.392000 -0.500000
v -20.384350 6.944000 -0.500000
v -20.384350 6.944000 -0.500000
v -18.992350 6.944000 -0.500000
v -18.992350 1.392000 -0.500000
v -20.384350 6.944000 3.500000
v -20.384350 1.392000 3.500000
v -18.992350 1.392000 3.500000
v -18.992350 1.392000 3.500000
v -18.992350 6.944000 3.500000
v -20.384350 6.944000 3.500000
v -18.992350 1.392000 -0.500000
v -18.992350 6.944000 -0.500000
v -18.877544 1.277195 -0.461940
v -18.992350 6.944000 -0.500000
v -18.877544 7.058805 -0.461940
v -18.877544 1.277195 -0.461940
v -18.877544 1.277195 -0.461940
v -18.877544 7.058805 -0.461940
v -18.780218 1.179868 -0.353553
v -18.877544 7.058805 -0.461940
v -18.780218 7.156132 -0.353553
v -18.780218 1.179868 -0.353553
v -18.780218 1.179868 -0.353553
v -18.780218 7.156132 -0.353553
v -18.715187 1.114836 -0.191342
v -18.780218 7.156132 -0.353553
v -18.715187 7.221164 -0.191342
v -18.715187 1.114836 -0.191342
v -18.715187 1.114836 -0.191342
v -18.715187 7.221164 -0.191342
v -18.692350 1.092000 0.000000
v -18.715187 7.221164 -0.191342
v -18.692350 7.244000 0.000000
v -18.692350 1.092000 0.000000
v -18.692350 1.092000 0.000000
v -18.692350 7.244000 0.000000
v -18.692350 1.092000 3.000000
v -18.692350 7.244000 0.000000
v -18.692350 7.244000 3.000000
v -18.692350 1.092000 3.000000
v -18.692350 1.092000 3.000000
v -18.692350 7.244000 3.000000
v -18.715187 1.114836 3.191342
v -18.692350 7.244000 3.000000
v -18.715187 7.221164 3.191342
v -18.715187 1.114836 3.191342
v -18.715187 1.114836 3.191342
v -18.715187 7.221164 3.191342
v -18.780218 1.179868 3.353553
v -18.715187 7.221164 3.191342
v -18.780218 7.156132 3.353553
v -18.780218 1.179868 3.353553
v -18.780218 1.179868 3.353553
v -18.780218 7.156132 3.353553
v -18.877544 1.277195 3.461940
v -18.780218 7.156132 3.353553
v -18.877544 7.058805 3.461940
v -18.877544 1.277195 3.461940
v -18.877544 1.277195 3.461940
v -18.877544 7.058805 3.461940
v -18.992350 1.392000 3.500000
v -18.877544 7.058805 3.461940
v -18.992350 6.944000 3.500000
v -18.992350 1.392000 3.500000
v -18.992350 6.944000 -0.500000
v -20.384350 6.944000 -0.500000
v -18.877544 7.058805 -0.461940
v -20.384350 6.944000 -0.500000
v -20.499155 7.058805 -0.461940
v -18.877544 7.058805 -0.461940
v -18.877544 7.058805 -0.461940
v -20.499155 7.058805 -0.461940
v -18.780218 7.156132 -0.353553
v -20.499155 7.058805 -0.461940
v -20.596481 7.156132 -0.353553
v -18.780218 7.156132 -0.353553
v -18.780218 7.156132 -0.353553
v -20.596481 7.156132 -0.353553
v -18.715187 7.221164 -0.191342
v -20.596481 7.156132 -0.353553
v -20.661514 7.221164 -0.191342
v -18.715187 7.221164 -0.191342
v -18.715187 7.221164 -0.191342
v -20.661514 7.221164 -0.191342
v -18.692350 7.244000 0.000000
v -20.661514 7.221164 -0.191342
v -20.684349 7.244000 0.000000
v -18.692350 7.244000 0.000000
v -18.692350 7.244000 0.000000
v -20.684349 7.244000 0.000000
v -18.692350 7.244000 3.000000
v -20.684349 7.244000 0.000000
v -20.684349 7.244000 3.000000
v -18.692350 7.244000 3.000000
v -18.692350 7.244000 3.000000
v -20.684349 7.244000 3.000000
v -18.715187 7.221164 3.191342
v -20.684349 7.244000 3.000000
v -20.661514 7.221164 3.191342
v -18.715187 7.221164 3.191342
v -18.715187 7.221164 3.191342
v -20.661514 7.221164 3.191342
v -18.780218 7.156132 3.353553
v -20.661514 7.221164 3.191342
v -20.596481 7.156132 3.353553
v -18.780218 7.156132 3.353553
v -18.780218 7.156132 3.353553
v -20.596481 7.156132 3.353553
v -18.877544 7.058805 3.461940
v -20.596481 7.156132 3.353553
v -20.499155 7.058805 3.461940
v -18.877544 7.058805 3.461940
v -18.877544 7.058805 3.461940
v -20.499155 7.058805 3.461940
v -18.992350 6.944000 3.500000
v -20.499155 7.058805 3.461940
v -20.384350 6.944000 3.500000
v -18.992350 6.944000 3.500000
v -20.384350 6.944000 -0.500000
v -20.384350 1.392000 -0.500000
v -20.499155 7.058805 -0.461940
v -20.384350 1.392000 -0.500000
v -20.499155 1.277195 -0.461940
v -20.499155 7.058805 -0.461940
v -20.499155 7.058805 -0.461940
v -20.499155 1.277195 -0.461940
v -20.596481 7.156132 -0.353553
v -20.499155 1.277195 -0.461940
v -20.596481 1.179868 -0.353553
v -20.596481 7.156132 -0.353553
v -20.596481 7.156132 -0.353553
v -20.596481 1.179868 -0.353553
v -20.661514 7.221164 -0.191342
v -20.596481 1.179868 -0.353553
v -20.661514 1.114836 -0.191342
v -20.661514 7.221164 -0.191342
v -20.661514 7.221164 -0.191342
v -20.661514 1.114836 -0.191342
v -20.684349 7.244000 0.000000
v -20.661514 1.114836 -0.191342
v -20.684349 1.092000 0.000000
v -20.684349 7.244000 0.000000
v -20.684349 7.244000 0.000000
v -20.684349 1.092000 0.000000
v -20.684349 7.244000 3.000000
v -20.684349 1.092000 0.000000
v -20.684349 1.092000 3.000000
v -20.684349 7.244000 3.000000
v -20.684349 7.244000 3.000000
v -20.684349 1.092000 3.000000
v -20.661514 7.221164 3.191342
v -20.684349 1.092000 3.000000
v -20.661514 1.114836 3.191342
v -20.661514 7.221164 3.191342
v -20.661514 7.221164 3.191342
v -20.661514 1.114836 3.191342
v -20.596481 7.156132 3.353553
v -20.661514 1.114836 3.191342
v -20.596481 1.179868 3.353553
v -20.596481 7.156132 3.353553
v -20.596481 7.156132 3.353553
v -20.596481 1.179868 3.353553
v -20.499155 7.058805 3.461940
v -20.596481 1.179868 3.353553
v -20.499155 1.277195 3.461940
v -20.499155 7.058805 3.461940
v -20.499155 7.058805 3.461940
v -20.499155 1.277195 3.461940
v -20.384350 6.944000 3.500000
v -20.499155 1.277195 3.461940
v -20.384350 1.392000 3.500000
v -20.384350 6.944000 3.500000
v -20.384350 1.392000 -0.500000
v -18.992350 1.392000 -0.500000
v -20.499155 1.277195 -0.461940
v -18.992350 1.392000 -0.500000
v -18.877544 1.277195 -0.461940
v -20.499155 1.277195 -0.461940
v -20.499155 1.277195 -0.461940
v -18.877544 1.277195 -0.461940
v -20.596481 1.179868 -0.353553
v -18.877544 1.277195 -0.461940
v -18.780218 1.179868 -0.353553
v -20.596481 1.179868 -0.353553
v -20.596481 1.179868 -0.353553
v -18.780218 1.179868 -0.353553
v -20.661514 1.114836 -0.191342
v -18.780218 1.179868 -0.353553
v -18.715187 1.114836 -0.191342
v -20.661514 1.114836 -0.191342
v -20.661514 1.114836 -0.191342
v -18.715187 1.114836 -0.191342
v -20.684349 1.092000 0.000000
v -18.715187 1.114836 -0.191342
v -18.692350 1.092000 0.000000
v -20.684349 1.092000 0.000000
v -20.684349 1.092000 0.000000
v -18.692350 1.092000 0.000000
v -20.684349 1.092000 3.000000
v -18.692350 1.092000 0.000000
v -18.692350 1.092000 3.000000
v -20.684349 1.092000 3.000000
v -20.684349 1.092000 3.000000
v -18.692350 1.092000 3.000000
v -20.661514 1.114836 3.191342
v -18.692350 1.092000 3.000000
v -18.715187 1.114836 3.191342
v -20.661514 1.114836 3.191342
v -20.661514 1.114836 3.191342
v -18.715187 1.114836 3.191342
v -20.596481 1.179868 3.353553
v -18.715187 1.114836 3.191342
v -18.780218 1.179868 3.353553
v -20.596481 1.179868 3.353553
v -20.596481 1.179868 3.353553
v -18.780218 1.179868 3.353553
v -20.499155 1.277195 3.461940
v -18.780218 1.179868 3.353553
v -18.877544 1.277195 3.461940
v -20.499155 1.277195 3.461940
v -20.499155 1.277195 3.461940
v -18.877544 1.277195 3.461940
v -20.384350 1.392000 3.500000
v -18.877544 1.277195 3.461940
v -18.992350 1.392000 3.500000
v -20.384350 1.392000 3.500000
vn -0.0000 -0.0000 -1.0000
vn -0.0000 -0.0000 1.0000
vn 0.3147 -0.0000 -0.9492
vn 0.7440 -0.0000 -0.6681
vn 0.9282 -0.0000 -0.3721
vn 0.9930 -0.0000 -0.1185
vn 1.0000 -0.0000 -0.0000
vn 0.9930 -0.0000 0.1185
vn 0.9282 -0.0000 0.3721
vn 0.7440 -0.0000 0.6681
vn 0.3147 -0.0000 0.9492
vn -0.0000 0.3147 -0.9492
vn -0.0000 0.7440 -0.6681
vn -0.0000 0.9282 -0.3721
vn -0.0000 0.9930 -0.1185
vn -0.0000 1.0000 -0.0000
vn -0.0000 0.9930 0.1185
vn -0.0000 0.9282 0.3721
vn -0.0000 0.7440 0.6681
vn -0.0000 0.3147 0.9492
vn -0.3147 -0.0000 -0.9492
vn -0.7440 -0.0000 -0.6681
vn -0.9282 -0.0000 -0.3721
vn -0.9930 -0.0000 -0.1185
vn -1.0000 -0.0000 -0.0000
vn -0.9930 -0.0000 0.1185
vn -0.9282 -0.0000 0.3721
vn -0.7440 -0.0000 0.6681
vn -0.3147 -0.0000 0.9492
vn -0.0000 -0.3147 -0.9492
vn -0.0000 -0.7440 -0.6681
vn -0.0000 -0.9282 -0.3721
vn -0.0000 -0.9930 -0.1185
vn -0.0000 -1.0000 -0.0000
vn -0.0000 -0.9930 0.1185
vn -0.0000 -0.9282 0.3721
vn -0.0000 -0.7440 0.6681
vn -0.0000 -0.3147 0.9492
vt 5.552000 1.000000
vt 2.776000 1.000000
vt 2.776000 -0.392000
vt 1.392000 -5.944000
vt 2.776000 -5.944000
vt 5.552000 -0.392000
vt 1.392000 -0.392000
vt 0.000000 -0.500000
vt 1.392000 -0.500000
vt -0.114805 -0.461940
vt 1.506805 -0.461940
vt -0.212132 -0.353553
vt 1.604132 -0.353553
vt -0.277164 -0.191342
vt 1.669164 -0.191342
vt -0.300000 0.000000
vt 1.692000 0.000000
vt -0.300000 3.000000
vt 1.692000 3.000000
vt -0.277164 3.191342
vt 1.669164 3.191342
vt -0.212132 3.353553
vt 1.604132 3.353553
vt -0.114805 3.461940
vt 1.506805 3.461940
vt 0.000000 3.500000
vt 1.392000 3.500000
vt 5.552000 -0.500000
vt 2.776000 -0.500000
vt 5.666805 -0.461940
vt 2.890805 -0.461940
vt 5.764132 -0.353553
vt 2.988132 -0.353553
vt 5.829164 -0.191342
vt 3.053164 -0.191342
vt 5.852000 0.000000
vt 3.076000 0.000000
vt 5.852000 3.000000
vt 3.076000 3.000000
vt 5.829164 3.191342
vt 3.053164 3.191342
vt 5.764132 3.353553
vt 2.988132 3.353553
vt 5.666805 3.461940
vt 2.890805 3.461940
vt 5.552000 3.500000
vt 2.776000 3.500000
vt 6.944000 -0.500000
vt 7.058805 -0.461940
vt 7.156132 -0.353553
vt 7.221164 -0.191342
vt 7.244000 0.000000
vt 7.244000 3.000000
vt 7.221164 3.191342
vt 7.156132 3.353553
vt 7.058805 3.461940
vt 6.944000 3.500000
vt 1.277195 -0.461940
vt 1.179868 -0.353553
vt 1.114836 -0.191342
vt 1.092000 0.000000
vt 1.092000 3.000000
vt 1.114836 3.191342
vt 1.179868 3.353553
vt 1.277195 3.461940
vt 2.661195 -0.461940
vt 2.563868 -0.353553
vt 2.498836 -0.191342
vt 2.476000 0.000000
vt 2.476000 3.000000
vt 2.498836 3.191342
vt 2.563868 3.353553
vt 2.661195 3.461940
vt 6.944000 -0.392000
vt 5.552000 -5.944000
vt 6.944000 -5.944000
vt 5.437195 -0.461940
vt 5.339868 -0.353553
vt 5.274836 -0.191342
vt 5.252000 0.000000
vt 5.252000 3.000000
vt 5.274836 3.191342
vt 5.339868 3.353553
vt 5.437195 3.461940
s 0
usemtl Material_1
f 1141/101/41 1142/102/41 1143/103/41
f 1144/104/41 1145/105/41 1146/103/41
f 1147/106/41 1148/101/41 1149/103/41
f 1150/107/41 1151/104/41 1152/103/41
f 1153/103/42 1154/102/42 1155/101/42
f 1156/103/42 1157/105/42 1158/104/42
f 1159/103/42 1160/101/42 1161/106/42
f 1162/103/42 1163/104/42 1164/107/42
f 1165/108/43 1166/109/43 1167/110/43
f 1168/109/43 1169/111/43 1170/110/43
f 1171/110/44 1172/111/44 1173/112/44
s 1
f 1174/111/44 1175/113/44 1176/112/44
s 0
f 1177/112/45 1178/113/45 1179/114/45
f 1180/113/45 1181/115/45 1182/114/45
f 1183/114/46 1184/115/46 1185/116/46
f 1186/115/46 1187/117/46 1188/116/46
f 1189/116/47 1190/117/47 1191/118/47
f 1192/117/47 1193/119/47 1194/118/47
f 1195/118/48 1196/119/48 1197/120/48
f 1198/119/48 1199/121/48 1200/120/48
f 1201/120/49 1202/121/49 1203/122/49
f 1204/121/49 1205/123/49 1206/122/49
f 1207/122/50 1208/123/50 1209/124/50
f 1210/123/50 1211/125/50 1212/124/50
f 1213/124/51 1214/125/51 1215/126/51
f 1216/125/51 1217/127/51 1218/126/51
f 1219/128/52 1220/129/52 1221/130/52
f 1222/129/52 1223/131/52 1224/130/52
f 1225/130/53 1226/131/53 1227/132/53
f 1228/131/53 1229/133/53 1230/132/53
f 1231/132/54 1232/133/54 1233/134/54
f 1234/133/54 1235/135/54 1236/134/54
f 1237/134/55 1238/135/55 1239/136/55
f 1240/135/55 1241/137/55 1242/136/55
f 1243/136/56 1244/137/56 1245/138/56
f 1246/137/56 1247/139/56 1248/138/56
f 1249/138/57 1250/139/57 1251/140/57
f 1252/139/57 1253/141/57 1254/140/57
f 1255/140/58 1256/141/58 1257/142/58
s 1
f 1258/141/58 1259/143/58 1260/142/58
s 0
f 1261/142/59 1262/143/59 1263/144/59
f 1264/143/59 1265/145/59 1266/144/59
f 1267/144/60 1268/145/60 1269/146/60
f 1270/145/60 1271/147/60 1272/146/60
f 1273/109/43 1274/148/43 1275/111/43
s 1
f 1276/148/43 1277/149/43 1278/111/43
s 0
f 1279/111/44 1280/149/44 1281/113/44
f 1282/149/44 1283/150/44 1284/113/44
f 1285/113/45 1286/150/45 1287/115/45
f 1288/150/45 1289/151/45 1290/115/45
f 1291/115/46 1292/151/46 1293/117/46
f 1294/151/46 1295/152/46 1296/117/46
f 1297/117/47 1298/152/47 1299/119/47
f 1300/152/47 1301/153/47 1302/119/47
f 1303/119/48 1304/153/48 1305/121/48
s 1
f 1306/153/48 1307/154/48 1308/121/48
s 0
f 1309/121/49 1310/154/49 1311/123/49
f 1312/154/49 1313/155/49 1314/123/49
f 1315/123/50 1316/155/50 1317/125/50
f 1318/155/50 1319/156/50 1320/125/50
f 1321/125/51 1322/156/51 1323/127/51
f 1324/156/51 1325/157/51 1326/127/51
f 1327/129/52 1328/109/52 1329/131/52
f 1330/109/52 1331/158/52 1332/131/52
f 1333/131/53 1334/158/53 1335/133/53
f 1336/158/53 1337/159/53 1338/133/53
f 1339/133/54 1340/159/54 1341/135/54
f 1342/159/54 1343/160/54 1344/135/54
f 1345/135/55 1346/160/55 1347/137/55
f 1348/160/55 1349/161/55 1350/137/55
f 1351/137/56 1352/161/56 1353/139/56
f 1354/161/56 1355/162/56 1356/139/56
f 1357/139/57 1358/162/57 1359/141/57
f 1360/162/57 1361/163/57 1362/141/57
s 1
f 1363/141/58 1364/163/58 1365/143/58
s 0
f 1366/163/58 1367/164/58 1368/143/58
f 1369/143/59 1370/164/59 1371/145/59
f 1372/164/59 1373/165/59 1374/145/59
f 1375/145/60 1376/165/60 1377/147/60
f 1378/165/60 1379/127/60 1380/147/60
f 1381/148/61 1382/109/61 1383/149/61
f 1384/109/61 1385/158/61 1386/149/61
f 1387/149/62 1388/158/62 1389/150/62
f 1390/158/62 1391/159/62 1392/150/62
f 1393/150/63 1394/159/63 1395/151/63
f 1396/159/63 1397/160/63 1398/151/63
f 1399/151/64 1400/160/64 1401/152/64
s 1
f 1402/160/64 1403/161/64 1404/152/64
s 0
f 1405/152/65 1406/161/65 1407/153/65
f 1408/161/65 1409/162/65 1410/153/65
f 1411/153/66 1412/162/66 1413/154/66
f 1414/162/66 1415/163/66 1416/154/66
f 1417/154/67 1418/163/67 1419/155/67
f 1420/163/67 1421/164/67 1422/155/67
f 1423/155/68 1424/164/68 1425/156/68
f 1426/164/68 1427/165/68 1428/156/68
f 1429/156/69 1430/165/69 1431/157/69
f 1432/165/69 1433/127/69 1434/157/69
f 1435/109/70 1436/129/70 1437/158/70
f 1438/129/70 1439/166/70 1440/158/70
f 1441/158/71 1442/166/71 1443/159/71
f 1444/166/71 1445/167/71 1446/159/71
f 1447/159/72 1448/167/72 1449/160/72
f 1450/167/72 1451/168/72 1452/160/72
f 1453/160/73 1454/168/73 1455/161/73
f 1456/168/73 1457/169/73 1458/161/73
f 1459/161/74 1460/169/74 1461/162/74
f 1462/169/74 1463/170/74 1464/162/74
f 1465/162/75 1466/170/75 1467/163/75
s 1
f 1468/170/75 1469/171/75 1470/163/75
s 0
f 1471/163/76 1472/171/76 1473/164/76
f 1474/171/76 1475/172/76 1476/164/76
f 1477/164/77 1478/172/77 1479/165/77
f 1480/172/77 1481/173/77 1482/165/77
f 1483/165/78 1484/173/78 1485/127/78
f 1486/173/78 1487/147/78 1488/127/78
f 1489/109/61 1490/108/61 1491/158/61
f 1492/108/61 1493/110/61 1494/158/61
f 1495/158/62 1496/110/62 1497/159/62
f 1498/110/62 1499/112/62 1500/159/62
f 1501/159/63 1502/112/63 1503/160/63
f 1504/112/63 1505/114/63 1506/160/63
f 1507/160/64 1508/114/64 1509/161/64
f 1510/114/64 1511/116/64 1512/161/64
f 1513/161/65 1514/116/65 1515/162/65
f 1516/116/65 1517/118/65 1518/162/65
f 1519/162/66 1520/118/66 1521/163/66
f 1522/118/66 1523/120/66 1524/163/66
f 1525/163/67 1526/120/67 1527/164/67
f 1528/120/67 1529/122/67 1530/164/67
f 1531/164/68 1532/122/68 1533/165/68
f 1534/122/68 1535/124/68 1536/165/68
f 1537/165/69 1538/124/69 1539/127/69
f 1540/124/69 1541/126/69 1542/127/69
f 1543/129/70 1544/128/70 1545/166/70
f 1546/128/70 1547/130/70 1548/166/70
f 1549/166/71 1550/130/71 1551/167/71
f 1552/130/71 1553/132/71 1554/167/71
f 1555/167/72 1556/132/72 1557/168/72
s 1
f 1558/132/72 1559/134/72 1560/168/72
s 0
f 1561/168/73 1562/134/73 1563/169/73
f 1564/134/73 1565/136/73 1566/169/73
f 1567/169/74 1568/136/74 1569/170/74
f 1570/136/74 1571/138/74 1572/170/74
f 1573/170/75 1574/138/75 1575/171/75
f 1576/138/75 1577/140/75 1578/171/75
f 1579/171/76 1580/140/76 1581/172/76
f 1582/140/76 1583/142/76 1584/172/76
f 1585/172/77 1586/142/77 1587/173/77
f 1588/142/77 1589/144/77 1590/173/77
s 1
f 1591/173/78 1592/144/78 1593/147/78
s 0
f 1594/144/78 1595/146/78 1596/147/78
f 1597/174/41 1598/106/41 1599/175/41
f 1600/175/41 1601/176/41 1602/174/41
f 1603/175/42 1604/106/42 1605/174/42
f 1606/174/42 1607/176/42 1608/175/42
f 1609/109/43 1610/148/43 1611/158/43
f 1612/148/43 1613/149/43 1614/158/43
f 1615/158/44 1616/149/44 1617/159/44
s 1
f 1618/149/44 1619/150/44 1620/159/44
s 0
f 1621/159/45 1622/150/45 1623/160/45
f 1624/150/45 1625/151/45 1626/160/45
f 1627/160/46 1628/151/46 1629/161/46
f 1630/151/46 1631/152/46 1632/161/46
f 1633/161/47 1634/152/47 1635/162/47
f 1636/152/47 1637/153/47 1638/162/47
f 1639/162/48 1640/153/48 1641/163/48
f 1642/153/48 1643/154/48 1644/163/48
s 1
f 1645/163/49 1646/154/49 1647/164/49
s 0
f 1648/154/49 1649/155/49 1650/164/49
f 1651/164/50 1652/155/50 1653/165/50
f 1654/155/50 1655/156/50 1656/165/50
f 1657/165/51 1658/156/51 1659/127/51
f 1660/156/51 1661/157/51 1662/127/51
f 1663/148/52 1664/128/52 1665/149/52
f 1666/128/52 1667/177/52 1668/149/52
f 1669/149/53 1670/177/53 1671/150/53
f 1672/177/53 1673/178/53 1674/150/53
f 1675/150/54 1676/178/54 1677/151/54
f 1678/178/54 1679/179/54 1680/151/54
f 1681/151/55 1682/179/55 1683/152/55
f 1684/179/55 1685/180/55 1686/152/55
f 1687/152/56 1688/180/56 1689/153/56
f 1690/180/56 1691/181/56 1692/153/56
f 1693/153/57 1694/181/57 1695/154/57
f 1696/181/57 1697/182/57 1698/154/57
f 1699/154/58 1700/182/58 1701/155/58
f 1702/182/58 1703/183/58 1704/155/58
f 1705/155/59 1706/183/59 1707/156/59
f 1708/183/59 1709/184/59 1710/156/59
f 1711/156/60 1712/184/60 1713/157/60
f 1714/184/60 1715/146/60 1716/157/60
f 1717/148/61 1718/109/61 1719/149/61
f 1720/109/61 1721/158/61 1722/149/61
f 1723/149/62 1724/158/62 1725/150/62
f 1726/158/62 1727/159/62 1728/150/62
f 1729/150/63 1730/159/63 1731/151/63
s 1
f 1732/159/63 1733/160/63 1734/151/63
s 0
f 1735/151/64 1736/160/64 1737/152/64
f 1738/160/64 1739/161/64 1740/152/64
f 1741/152/65 1742/161/65 1743/153/65
f 1744/161/65 1745/162/65 1746/153/65
f 1747/153/66 1748/162/66 1749/154/66
f 1750/162/66 1751/163/66 1752/154/66
f 1753/154/67 1754/163/67 1755/155/67
f 1756/163/67 1757/164/67 1758/155/67
f 1759/155/68 1760/164/68 1761/156/68
f 1762/164/68 1763/165/68 1764/156/68
f 1765/156/69 1766/165/69 1767/157/69
f 1768/165/69 1769/127/69 1770/157/69
f 1771/128/70 1772/148/70 1773/177/70
s 1
f 1774/148/70 1775/149/70 1776/177/70
s 0
f 1777/177/71 1778/149/71 1779/178/71
f 1780/149/71 1781/150/71 1782/178/71
f 1783/178/72 1784/150/72 1785/179/72
f 1786/150/72 1787/151/72 1788/179/72
f 1789/179/73 1790/151/73 1791/180/73
f 1792/151/73 1793/152/73 1794/180/73
f 1795/180/74 1796/152/74 1797/181/74
f 1798/152/74 1799/153/74 1800/181/74
f 1801/181/75 1802/153/75 1803/182/75
f 1804/153/75 1805/154/75 1806/182/75
f 1807/182/76 1808/154/76 1809/183/76
f 1810/154/76 1811/155/76 1812/183/76
f 1813/183/77 1814/155/77 1815/184/77
f 1816/155/77 1817/156/77 1818/184/77
f 1819/184/78 1820/156/78 1821/146/78
f 1822/156/78 1823/157/78 1824/146/78
o Mesh_2
v -16.008251 5.552000 -0.500000
v -16.008251 4.168000 -0.500000
v -17.392250 0.000000 -0.500000
v -16.008251 2.776000 -0.500000
v -16.008251 1.392000 -0.500000
v -17.392250 0.000000 -0.500000
v -17.392250 0.000000 -0.500000
v -16.008251 1.392000 -0.500000
v -13.280251 1.392000 -0.500000
v -13.232250 1.392000 -0.500000
v -13.232250 0.000000 -0.500000
v -17.392250 0.000000 -0.500000
v -11.840250 5.552000 -0.500000
v -11.840250 1.392000 -0.500000
v -13.232250 1.392000 -0.500000
v -17.392250 6.944000 -0.500000
v -13.232250 6.944000 -0.500000
v -13.232250 5.552000 -0.500000
v -16.008251 5.552000 -0.500000
v -17.392250 0.000000 -0.500000
v -17.392250 6.944000 -0.500000
v -16.008251 2.776000 -0.500000
v -17.392250 0.000000 -0.500000
v -16.008251 4.168000 -0.500000
v -13.232250 1.392000 -0.500000
v -17.392250 0.000000 -0.500000
v -13.280251 1.392000 -0.500000
v -13.232250 5.552000 -0.500000
v -11.840250 5.552000 -0.500000
v -13.232250 1.392000 -0.500000
v -13.280251 5.552000 -0.500000
v -16.008251 5.552000 -0.500000
v -17.392250 6.944000 -0.500000
v -16.008251 2.776000 -0.500000
v -16.008251 4.168000 -0.500000
v -13.280251 4.168000 -0.500000
v -13.232250 1.392000 -0.500000
v -13.280251 1.392000 -0.500000
v -13.280251 2.776000 -0.500000
v -13.280251 5.552000 -0.500000
v -17.392250 6.944000 -0.500000
v -13.232250 5.552000 -0.500000
v -13.280251 2.776000 -0.500000
v -16.008251 2.776000 -0.500000
v -13.280251 4.168000 -0.500000
v -13.232250 5.552000 -0.500000
v -13.232250 1.392000 -0.500000
v -13.280251 2.776000 -0.500000
v -13.280251 4.168000 -0.500000
v -13.280251 5.552000 -0.500000
v -13.232250 5.552000 -0.500000
v -13.232250 5.552000 -0.500000
v -13.280251 2.776000 -0.500000
v -13.280251 4.168000 -0.500000
v -17.392250 0.000000 3.500000
v -16.008251 4.168000 3.500000
v -16.008251 5.552000 3.500000
v -17.392250 0.000000 3.500000
v -16.008251 1.392000 3.500000
v -16.008251 2.776000 3.500000
v -13.280251 1.392000 3.500000
v -16.008251 1.392000 3.500000
v -17.392250 0.000000 3.500000
v -17.392250 0.000000 3.500000
v -13.232250 0.000000 3.500000
v -13.232250 1.392000 3.500000
v -13.232250 1.392000 3.500000
v -11.840250 1.392000 3.500000
v -11.840250 5.552000 3.500000
v -13.232250 5.552000 3.500000
v -13.232250 6.944000 3.500000
v -17.392250 6.944000 3.500000
v -17.392250 6.944000 3.500000
v -17.392250 0.000000 3.500000
v -16.008251 5.552000 3.500000
v -16.008251 4.168000 3.500000
v -17.392250 0.000000 3.500000
v -16.008251 2.776000 3.500000
v -13.280251 1.392000 3.500000
v -17.392250 0.000000 3.500000
v -13.232250 1.392000 3.500000
v -13.232250 1.392000 3.500000
v -11.840250 5.552000 3.500000
v -13.232250 5.552000 3.500000
v -17.392250 6.944000 3.500000
v -16.008251 5.552000 3.500000
v -13.280251 5.552000 3.500000
v -13.280251 4.168000 3.500000
v -16.008251 4.168000 3.500000
v -16.008251 2.776000 3.500000
v -13.280251 2.776000 3.500000
v -13.280251 1.392000 3.500000
v -13.232250 1.392000 3.500000
v -13.232250 5.552000 3.500000
v -17.392250 6.944000 3.500000
v -13.280251 5.552000 3.500000
v -13.280251 4.168000 3.500000
v -16.008251 2.776000 3.500000
v -13.280251 2.776000 3.500000
v -13.280251 2.776000 3.500000
v -13.232250 1.392000 3.500000
v -13.232250 5.552000 3.500000
v -13.232250 5.552000 3.500000
v -13.280251 5.552000 3.500000
v -13.280251 4.168000 3.500000
v -13.280251 4.168000 3.500000
v -13.280251 2.776000 3.500000
v -13.232250 5.552000 3.500000
v -13.232250 0.000000 -0.500000
v -13.232250 1.392000 -0.500000
v -13.117445 -0.114805 -0.461940
v -13.232250 1.392000 -0.500000
v -13.117445 1.277195 -0.461940
v -13.117445 -0.114805 -0.461940
v -13.117445 -0.114805 -0.461940
v -13.117445 1.277195 -0.461940
v -13.020119 -0.212132 -0.353553
v -13.117445 1.277195 -0.461940
v -13.020119 1.179868 -0.353553
v -13.020119 -0.212132 -0.353553
v -13.020119 -0.212132 -0.353553
v -13.020119 1.179868 -0.353553
v -12.955086 -0.277164 -0.191342
v -13.020119 1.179868 -0.353553
v -12.955086 1.114836 -0.191342
v -12.955086 -0.277164 -0.191342
v -12.955086 -0.277164 -0.191342
v -12.955086 1.114836 -0.191342
v -12.932250 -0.300000 0.000000
v -12.955086 1.114836 -0.191342
v -12.932250 1.092000 0.000000
v -12.932250 -0.300000 0.000000
v -12.932250 -0.300000 0.000000
v -12.932250 1.092000 0.000000
v -12.932250 -0.300000 3.000000
v -12.932250 1.092000 0.000000
v -12.932250 1.092000 3.000000
v -12.932250 -0.300000 3.000000
v -12.932250 -0.300000 3.000000
v -12.932250 1.092000 3.000000
v -12.955086 -0.277164 3.191342
v -12.932250 1.092000 3.000000
v -12.955086 1.114836 3.191342
v -12.955086 -0.277164 3.191342
v -12.955086 -0.277164 3.191342
v -12.955086 1.114836 3.191342
v -13.020119 -0.212132 3.353553
v -12.955086 1.114836 3.191342
v -13.020119 1.179868 3.353553
v -13.020119 -0.212132 3.353553
v -13.020119 -0.212132 3.353553
v -13.020119 1.179868 3.353553
v -13.117445 -0.114805 3.461940
v -13.020119 1.179868 3.353553
v -13.117445 1.277195 3.461940
v -13.117445 -0.114805 3.461940
v -13.117445 -0.114805 3.461940
v -13.117445 1.277195 3.461940
v -13.232250 0.000000 3.500000
v -13.117445 1.277195 3.461940
v -13.232250 1.392000 3.500000
v -13.232250 0.000000 3.500000
v -13.232250 1.392000 -0.500000
v -11.840250 1.392000 -0.500000
v -13.117445 1.277195 -0.461940
v -11.840250 1.392000 -0.500000
v -11.725445 1.277195 -0.461940
v -13.117445 1.277195 -0.461940
v -13.117445 1.277195 -0.461940
v -11.725445 1.277195 -0.461940
v -13.020119 1.179868 -0.353553
v -11.725445 1.277195 -0.461940
v -11.628119 1.179868 -0.353553
v -13.020119 1.179868 -0.353553
v -13.020119 1.179868 -0.353553
v -11.628119 1.179868 -0.353553
v -12.955086 1.114836 -0.191342
v -11.628119 1.179868 -0.353553
v -11.563087 1.114836 -0.191342
v -12.955086 1.114836 -0.191342
v -12.955086 1.114836 -0.191342
v -11.563087 1.114836 -0.191342
v -12.932250 1.092000 0.000000
v -11.563087 1.114836 -0.191342
v -11.540251 1.092000 0.000000
v -12.932250 1.092000 0.000000
v -12.932250 1.092000 0.000000
v -11.540251 1.092000 0.000000
v -12.932250 1.092000 3.000000
v -11.540251 1.092000 0.000000
v -11.540251 1.092000 3.000000
v -12.932250 1.092000 3.000000
v -12.932250 1.092000 3.000000
v -11.540251 1.092000 3.000000
v -12.955086 1.114836 3.191342
v -11.540251 1.092000 3.000000
v -11.563087 1.114836 3.191342
v -12.955086 1.114836 3.191342
v -12.955086 1.114836 3.191342
v -11.563087 1.114836 3.191342
v -13.020119 1.179868 3.353553
v -11.563087 1.114836 3.191342
v -11.628119 1.179868 3.353553
v -13.020119 1.179868 3.353553
v -13.020119 1.179868 3.353553
v -11.628119 1.179868 3.353553
v -13.117445 1.277195 3.461940
v -11.628119 1.179868 3.353553
v -11.725445 1.277195 3.461940
v -13.117445 1.277195 3.461940
v -13.117445 1.277195 3.461940
v -11.725445 1.277195 3.461940
v -13.232250 1.392000 3.500000
v -11.725445 1.277195 3.461940
v -11.840250 1.392000 3.500000
v -13.232250 1.392000 3.500000
v -11.840250 1.392000 -0.500000
v -11.840250 5.552000 -0.500000
v -11.725445 1.277195 -0.461940
v -11.840250 5.552000 -0.500000
v -11.725445 5.666805 -0.461940
v -11.725445 1.277195 -0.461940
v -11.725445 1.277195 -0.461940
v -11.725445 5.666805 -0.461940
v -11.628119 1.179868 -0.353553
v -11.725445 5.666805 -0.461940
v -11.628119 5.764132 -0.353553
v -11.628119 1.179868 -0.353553
v -11.628119 1.179868 -0.353553
v -11.628119 5.764132 -0.353553
v -11.563087 1.114836 -0.191342
v -11.628119 5.764132 -0.353553
v -11.563087 5.829164 -0.191342
v -11.563087 1.114836 -0.191342
v -11.563087 1.114836 -0.191342
v -11.563087 5.829164 -0.191342
v -11.540251 1.092000 0.000000
v -11.563087 5.829164 -0.191342
v -11.540251 5.852000 0.000000
v -11.540251 1.092000 0.000000
v -11.540251 1.092000 0.000000
v -11.540251 5.852000 0.000000
v -11.540251 1.092000 3.000000
v -11.540251 5.852000 0.000000
v -11.540251 5.852000 3.000000
v -11.540251 1.092000 3.000000
v -11.540251 1.092000 3.000000
v -11.540251 5.852000 3.000000
v -11.563087 1.114836 3.191342
v -11.540251 5.852000 3.000000
v -11.563087 5.829164 3.191342
v -11.563087 1.114836 3.191342
v -11.563087 1.114836 3.191342
v -11.563087 5.829164 3.191342
v -11.628119 1.179868 3.353553
v -11.563087 5.829164 3.191342
v -11.628119 5.764132 3.353553
v -11.628119 1.179868 3.353553
v -11.628119 1.179868 3.353553
v -11.628119 5.764132 3.353553
v -11.725445 1.277195 3.461940
v -11.628119 5.764132 3.353553
v -11.725445 5.666805 3.461940
v -11.725445 1.277195 3.461940
v -11.725445 1.277195 3.461940
v -11.725445 5.666805 3.461940
v -11.840250 1.392000 3.500000
v -11.725445 5.666805 3.461940
v -11.840250 5.552000 3.500000
v -11.840250 1.392000 3.500000
v -11.840250 5.552000 -0.500000
v -13.232250 5.552000 -0.500000
v -11.725445 5.666805 -0.461940
v -13.232250 5.552000 -0.500000
v -13.117445 5.666805 -0.461940
v -11.725445 5.666805 -0.461940
v -11.725445 5.666805 -0.461940
v -13.117445 5.666805 -0.461940
v -11.628119 5.764132 -0.353553
v -13.117445 5.666805 -0.461940
v -13.020119 5.764132 -0.353553
v -11.628119 5.764132 -0.353553
v -11.628119 5.764132 -0.353553
v -13.020119 5.764132 -0.353553
v -11.563087 5.829164 -0.191342
v -13.020119 5.764132 -0.353553
v -12.955086 5.829164 -0.191342
v -11.563087 5.829164 -0.191342
v -11.563087 5.829164 -0.191342
v -12.955086 5.829164 -0.191342
v -11.540251 5.852000 0.000000
v -12.955086 5.829164 -0.191342
v -12.932250 5.852000 0.000000
v -11.540251 5.852000 0.000000
v -11.540251 5.852000 0.000000
v -12.932250 5.852000 0.000000
v -11.540251 5.852000 3.000000
v -12.932250 5.852000 0.000000
v -12.932250 5.852000 3.000000
v -11.540251 5.852000 3.000000
v -11.540251 5.852000 3.000000
v -12.932250 5.852000 3.000000
v -11.563087 5.829164 3.191342
v -12.932250 5.852000 3.000000
v -12.955086 5.829164 3.191342
v -11.563087 5.829164 3.191342
v -11.563087 5.829164 3.191342
v -12.955086 5.829164 3.191342
v -11.628119 5.764132 3.353553
v -12.955086 5.829164 3.191342
v -13.020119 5.764132 3.353553
v -11.628119 5.764132 3.353553
v -11.628119 5.764132 3.353553
v -13.020119 5.764132 3.353553
v -11.725445 5.666805 3.461940
v -13.020119 5.764132 3.353553
v -13.117445 5.666805 3.461940
v -11.725445 5.666805 3.461940
v -11.725445 5.666805 3.461940
v -13.117445 5.666805 3.461940
v -11.840250 5.552000 3.500000
v -13.117445 5.666805 3.461940
v -13.232250 5.552000 3.500000
v -11.840250 5.552000 3.500000
v -13.232250 5.552000 -0.500000
v -13.232250 6.944000 -0.500000
v -13.117445 5.666805 -0.461940
v -13.232250 6.944000 -0.500000
v -13.117445 7.058805 -0.461940
v -13.117445 5.666805 -0.461940
v -13.117445 5.666805 -0.461940
v -13.117445 7.058805 -0.461940
v -13.020119 5.764132 -0.353553
v -13.117445 7.058805 -0.461940
v -13.020119 7.156132 -0.353553
v -13.020119 5.764132 -0.353553
v -13.020119 5.764132 -0.353553
v -13.020119 7.156132 -0.353553
v -12.955086 5.829164 -0.191342
v -13.020119 7.156132 -0.353553
v -12.955086 7.221164 -0.191342
v -12.955086 5.829164 -0.191342
v -12.955086 5.829164 -0.191342
v -12.955086 7.221164 -0.191342
v -12.932250 5.852000 0.000000
v -12.955086 7.221164 -0.191342
v -12.932250 7.244000 0.000000
v -12.932250 5.852000 0.000000
v -12.932250 5.852000 0.000000
v -12.932250 7.244000 0.000000
v -12.932250 5.852000 3.000000
v -12.932250 7.244000 0.000000
v -12.932250 7.244000 3.000000
v -12.932250 5.852000 3.000000
v -12.932250 5.852000 3.000000
v -12.932250 7.244000 3.000000
v -12.955086 5.829164 3.191342
v -12.932250 7.244000 3.000000
v -12.955086 7.221164 3.191342
v -12.955086 5.829164 3.191342
v -12.955086 5.829164 3.191342
v -12.955086 7.221164 3.191342
v -13.020119 5.764132 3.353553
v -12.955086 7.221164 3.191342
v -13.020119 7.156132 3.353553
v -13.020119 5.764132 3.353553
v -13.020119 5.764132 3.353553
v -13.020119 7.156132 3.353553
v -13.117445 5.666805 3.461940
v -13.020119 7.156132 3.353553
v -13.117445 7.058805 3.461940
v -13.117445 5.666805 3.461940
v -13.117445 5.666805 3.461940
v -13.117445 7.058805 3.461940
v -13.232250 5.552000 3.500000
v -13.117445 7.058805 3.461940
v -13.232250 6.944000 3.500000
v -13.232250 5.552000 3.500000
v -13.232250 6.944000 -0.500000
v -17.392250 6.944000 -0.500000
v -13.117445 7.058805 -0.461940
v -17.392250 6.944000 -0.500000
v -17.507055 7.058805 -0.461940
v -13.117445 7.058805 -0.461940
v -13.117445 7.058805 -0.461940
v -17.507055 7.058805 -0.461940
v -13.020119 7.156132 -0.353553
v -17.507055 7.058805 -0.461940
v -17.604382 7.156132 -0.353553
v -13.020119 7.156132 -0.353553
v -13.020119 7.156132 -0.353553
v -17.604382 7.156132 -0.353553
v -12.955086 7.221164 -0.191342
v -17.604382 7.156132 -0.353553
v -17.669415 7.221164 -0.191342
v -12.955086 7.221164 -0.191342
v -12.955086 7.221164 -0.191342
v -17.669415 7.221164 -0.191342
v -12.932250 7.244000 0.000000
v -17.669415 7.221164 -0.191342
v -17.692249 7.244000 0.000000
v -12.932250 7.244000 0.000000
v -12.932250 7.244000 0.000000
v -17.692249 7.244000 0.000000
v -12.932250 7.244000 3.000000
v -17.692249 7.244000 0.000000
v -17.692249 7.244000 3.000000
v -12.932250 7.244000 3.000000
v -12.932250 7.244000 3.000000
v -17.692249 7.244000 3.000000
v -12.955086 7.221164 3.191342
v -17.692249 7.244000 3.000000
v -17.669415 7.221164 3.191342
v -12.955086 7.221164 3.191342
v -12.955086 7.221164 3.191342
v -17.669415 7.221164 3.191342
v -13.020119 7.156132 3.353553
v -17.669415 7.221164 3.191342
v -17.604382 7.156132 3.353553
v -13.020119 7.156132 3.353553
v -13.020119 7.156132 3.353553
v -17.604382 7.156132 3.353553
v -13.117445 7.058805 3.461940
v -17.604382 7.156132 3.353553
v -17.507055 7.058805 3.461940
v -13.117445 7.058805 3.461940
v -13.117445 7.058805 3.461940
v -17.507055 7.058805 3.461940
v -13.232250 6.944000 3.500000
v -17.507055 7.058805 3.461940
v -17.392250 6.944000 3.500000
v -13.232250 6.944000 3.500000
v -17.392250 6.944000 -0.500000
v -17.392250 0.000000 -0.500000
v -17.507055 7.058805 -0.461940
v -17.392250 0.000000 -0.500000
v -17.507055 -0.114805 -0.461940
v -17.507055 7.058805 -0.461940
v -17.507055 7.058805 -0.461940
v -17.507055 -0.114805 -0.461940
v -17.604382 7.156132 -0.353553
v -17.507055 -0.114805 -0.461940
v -17.604382 -0.212132 -0.353553
v -17.604382 7.156132 -0.353553
v -17.604382 7.156132 -0.353553
v -17.604382 -0.212132 -0.353553
v -17.669415 7.221164 -0.191342
v -17.604382 -0.212132 -0.353553
v -17.669415 -0.277164 -0.191342
v -17.669415 7.221164 -0.191342
v -17.669415 7.221164 -0.191342
v -17.669415 -0.277164 -0.191342
v -17.692249 7.244000 0.000000
v -17.669415 -0.277164 -0.191342
v -17.692249 -0.300000 0.000000
v -17.692249 7.244000 0.000000
v -17.692249 7.244000 0.000000
v -17.692249 -0.300000 0.000000
v -17.692249 7.244000 3.000000
v -17.692249 -0.300000 0.000000
v -17.692249 -0.300000 3.000000
v -17.692249 7.244000 3.000000
v -17.692249 7.244000 3.000000
v -17.692249 -0.300000 3.000000
v -17.669415 7.221164 3.191342
v -17.692249 -0.300000 3.000000
v -17.669415 -0.277164 3.191342
v -17.669415 7.221164 3.191342
v -17.669415 7.221164 3.191342
v -17.669415 -0.277164 3.191342
v -17.604382 7.156132 3.353553
v -17.669415 -0.277164 3.191342
v -17.604382 -0.212132 3.353553
v -17.604382 7.156132 3.353553
v -17.604382 7.156132 3.353553
v -17.604382 -0.212132 3.353553
v -17.507055 7.058805 3.461940
v -17.604382 -0.212132 3.353553
v -17.507055 -0.114805 3.461940
v -17.507055 7.058805 3.461940
v -17.507055 7.058805 3.461940
v -17.507055 -0.114805 3.461940
v -17.392250 6.944000 3.500000
v -17.507055 -0.114805 3.461940
v -17.392250 0.000000 3.500000
v -17.392250 6.944000 3.500000
v -17.392250 0.000000 -0.500000
v -13.232250 0.000000 -0.500000
v -17.507055 -0.114805 -0.461940
v -13.232250 0.000000 -0.500000
v -13.117445 -0.114805 -0.461940
v -17.507055 -0.114805 -0.461940
v -17.507055 -0.114805 -0.461940
v -13.117445 -0.114805 -0.461940
v -17.604382 -0.212132 -0.353553
v -13.117445 -0.114805 -0.461940
v -13.020119 -0.212132 -0.353553
v -17.604382 -0.212132 -0.353553
v -17.604382 -0.212132 -0.353553
v -13.020119 -0.212132 -0.353553
v -17.669415 -0.277164 -0.191342
v -13.020119 -0.212132 -0.353553
v -12.955086 -0.277164 -0.191342
v -17.669415 -0.277164 -0.191342
v -17.669415 -0.277164 -0.191342
v -12.955086 -0.277164 -0.191342
v -17.692249 -0.300000 0.000000
v -12.955086 -0.277164 -0.191342
v -12.932250 -0.300000 0.000000
v -17.692249 -0.300000 0.000000
v -17.692249 -0.300000 0.000000
v -12.932250 -0.300000 0.000000
v -17.692249 -0.300000 3.000000
v -12.932250 -0.300000 0.000000
v -12.932250 -0.300000 3.000000
v -17.692249 -0.300000 3.000000
v -17.692249 -0.300000 3.000000
v -12.932250 -0.300000 3.000000
v -17.669415 -0.277164 3.191342
v -12.932250 -0.300000 3.000000
v -12.955086 -0.277164 3.191342
v -17.669415 -0.277164 3.191342
v -17.669415 -0.277164 3.191342
v -12.955086 -0.277164 3.191342
v -17.604382 -0.212132 3.353553
v -12.955086 -0.277164 3.191342
v -13.020119 -0.212132 3.353553
v -17.604382 -0.212132 3.353553
v -17.604382 -0.212132 3.353553
v -13.020119 -0.212132 3.353553
v -17.507055 -0.114805 3.461940
v -13.020119 -0.212132 3.353553
v -13.117445 -0.114805 3.461940
v -17.507055 -0.114805 3.461940
v -17.507055 -0.114805 3.461940
v -13.117445 -0.114805 3.461940
v -17.392250 0.000000 3.500000
v -13.117445 -0.114805 3.461940
v -13.232250 0.000000 3.500000
v -17.392250 0.000000 3.500000
v -16.008251 5.552000 -0.500000
v -13.280251 5.552000 -0.500000
v -15.893445 5.437195 -0.461940
v -13.280251 5.552000 -0.500000
v -13.395056 5.437195 -0.461940
v -15.893445 5.437195 -0.461940
v -15.893445 5.437195 -0.461940
v -13.395056 5.437195 -0.461940
v -15.796118 5.339868 -0.353553
v -13.395056 5.437195 -0.461940
v -13.492382 5.339868 -0.353553
v -15.796118 5.339868 -0.353553
v -15.796118 5.339868 -0.353553
v -13.492382 5.339868 -0.353553
v -15.731087 5.274836 -0.191342
v -13.492382 5.339868 -0.353553
v -13.557414 5.274836 -0.191342
v -15.731087 5.274836 -0.191342
v -15.731087 5.274836 -0.191342
v -13.557414 5.274836 -0.191342
v -15.708250 5.252000 0.000000
v -13.557414 5.274836 -0.191342
v -13.580250 5.252000 0.000000
v -15.708250 5.252000 0.000000
v -15.708250 5.252000 0.000000
v -13.580250 5.252000 0.000000
v -15.708250 5.252000 3.000000
v -13.580250 5.252000 0.000000
v -13.580250 5.252000 3.000000
v -15.708250 5.252000 3.000000
v -15.708250 5.252000 3.000000
v -13.580250 5.252000 3.000000
v -15.731087 5.274836 3.191342
v -13.580250 5.252000 3.000000
v -13.557414 5.274836 3.191342
v -15.731087 5.274836 3.191342
v -15.731087 5.274836 3.191342
v -13.557414 5.274836 3.191342
v -15.796118 5.339868 3.353553
v -13.557414 5.274836 3.191342
v -13.492382 5.339868 3.353553
v -15.796118 5.339868 3.353553
v -15.796118 5.339868 3.353553
v -13.492382 5.339868 3.353553
v -15.893445 5.437195 3.461940
v -13.492382 5.339868 3.353553
v -13.395056 5.437195 3.461940
v -15.893445 5.437195 3.461940
v -15.893445 5.437195 3.461940
v -13.395056 5.437195 3.461940
v -16.008251 5.552000 3.500000
v -13.395056 5.437195 3.461940
v -13.280251 5.552000 3.500000
v -16.008251 5.552000 3.500000
v -13.280251 5.552000 -0.500000
v -13.280251 4.168000 -0.500000
v -13.395056 5.437195 -0.461940
v -13.280251 4.168000 -0.500000
v -13.395056 4.282805 -0.461940
v -13.395056 5.437195 -0.461940
v -13.395056 5.437195 -0.461940
v -13.395056 4.282805 -0.461940
v -13.492382 5.339868 -0.353553
v -13.395056 4.282805 -0.461940
v -13.492382 4.380132 -0.353553
v -13.492382 5.339868 -0.353553
v -13.492382 5.339868 -0.353553
v -13.492382 4.380132 -0.353553
v -13.557414 5.274836 -0.191342
v -13.492382 4.380132 -0.353553
v -13.557414 4.445164 -0.191342
v -13.557414 5.274836 -0.191342
v -13.557414 5.274836 -0.191342
v -13.557414 4.445164 -0.191342
v -13.580250 5.252000 0.000000
v -13.557414 4.445164 -0.191342
v -13.580250 4.468000 0.000000
v -13.580250 5.252000 0.000000
v -13.580250 5.252000 0.000000
v -13.580250 4.468000 0.000000
v -13.580250 5.252000 3.000000
v -13.580250 4.468000 0.000000
v -13.580250 4.468000 3.000000
v -13.580250 5.252000 3.000000
v -13.580250 5.252000 3.000000
v -13.580250 4.468000 3.000000
v -13.557414 5.274836 3.191342
v -13.580250 4.468000 3.000000
v -13.557414 4.445164 3.191342
v -13.557414 5.274836 3.191342
v -13.557414 5.274836 3.191342
v -13.557414 4.445164 3.191342
v -13.492382 5.339868 3.353553
v -13.557414 4.445164 3.191342
v -13.492382 4.380132 3.353553
v -13.492382 5.339868 3.353553
v -13.492382 5.339868 3.353553
v -13.492382 4.380132 3.353553
v -13.395056 5.437195 3.461940
v -13.492382 4.380132 3.353553
v -13.395056 4.282805 3.461940
v -13.395056 5.437195 3.461940
v -13.395056 5.437195 3.461940
v -13.395056 4.282805 3.461940
v -13.280251 5.552000 3.500000
v -13.395056 4.282805 3.461940
v -13.280251 4.168000 3.500000
v -13.280251 5.552000 3.500000
v -13.280251 4.168000 -0.500000
v -16.008251 4.168000 -0.500000
v -13.395056 4.282805 -0.461940
v -16.008251 4.168000 -0.500000
v -15.893445 4.282805 -0.461940
v -13.395056 4.282805 -0.461940
v -13.395056 4.282805 -0.461940
v -15.893445 4.282805 -0.461940
v -13.492382 4.380132 -0.353553
v -15.893445 4.282805 -0.461940
v -15.796118 4.380132 -0.353553
v -13.492382 4.380132 -0.353553
v -13.492382 4.380132 -0.353553
v -15.796118 4.380132 -0.353553
v -13.557414 4.445164 -0.191342
v -15.796118 4.380132 -0.353553
v -15.731087 4.445164 -0.191342
v -13.557414 4.445164 -0.191342
v -13.557414 4.445164 -0.191342
v -15.731087 4.445164 -0.191342
v -13.580250 4.468000 0.000000
v -15.731087 4.445164 -0.191342
v -15.708250 4.468000 0.000000
v -13.580250 4.468000 0.000000
v -13.580250 4.468000 0.000000
v -15.708250 4.468000 0.000000
v -13.580250 4.468000 3.000000
v -15.708250 4.468000 0.000000
v -15.708250 4.468000 3.000000
v -13.580250 4.468000 3.000000
v -13.580250 4.468000 3.000000
v -15.708250 4.468000 3.000000
v -13.557414 4.445164 3.191342
v -15.708250 4.468000 3.000000
v -15.731087 4.445164 3.191342
v -13.557414 4.445164 3.191342
v -13.557414 4.445164 3.191342
v -15.731087 4.445164 3.191342
v -13.492382 4.380132 3.353553
v -15.731087 4.445164 3.191342
v -15.796118 4.380132 3.353553
v -13.492382 4.380132 3.353553
v -13.492382 4.380132 3.353553
v -15.796118 4.380132 3.353553
v -13.395056 4.282805 3.461940
v -15.796118 4.380132 3.353553
v -15.893445 4.282805 3.461940
v -13.395056 4.282805 3.461940
v -13.395056 4.282805 3.461940
v -15.893445 4.282805 3.461940
v -13.280251 4.168000 3.500000
v -15.893445 4.282805 3.461940
v -16.008251 4.168000 3.500000
v -13.280251 4.168000 3.500000
v -16.008251 4.168000 -0.500000
v -16.008251 5.552000 -0.500000
v -15.893445 4.282805 -0.461940
v -16.008251 5.552000 -0.500000
v -15.893445 5.437195 -0.461940
v -15.893445 4.282805 -0.461940
v -15.893445 4.282805 -0.461940
v -15.893445 5.437195 -0.461940
v -15.796118 4.380132 -0.353553
v -15.893445 5.437195 -0.461940
v -15.796118 5.339868 -0.353553
v -15.796118 4.380132 -0.353553
v -15.796118 4.380132 -0.353553
v -15.796118 5.339868 -0.353553
v -15.731087 4.445164 -0.191342
v -15.796118 5.339868 -0.353553
v -15.731087 5.274836 -0.191342
v -15.731087 4.445164 -0.191342
v -15.731087 4.445164 -0.191342
v -15.731087 5.274836 -0.191342
v -15.708250 4.468000 0.000000
v -15.731087 5.274836 -0.191342
v -15.708250 5.252000 0.000000
v -15.708250 4.468000 0.000000
v -15.708250 4.468000 0.000000
v -15.708250 5.252000 0.000000
v -15.708250 4.468000 3.000000
v -15.708250 5.252000 0.000000
v -15.708250 5.252000 3.000000
v -15.708250 4.468000 3.000000
v -15.708250 4.468000 3.000000
v -15.708250 5.252000 3.000000
v -15.731087 4.445164 3.191342
v -15.708250 5.252000 3.000000
v -15.731087 5.274836 3.191342
v -15.731087 4.445164 3.191342
v -15.731087 4.445164 3.191342
v -15.731087 5.274836 3.191342
v -15.796118 4.380132 3.353553
v -15.731087 5.274836 3.191342
v -15.796118 5.339868 3.353553
v -15.796118 4.380132 3.353553
v -15.796118 4.380132 3.353553
v -15.796118 5.339868 3.353553
v -15.893445 4.282805 3.461940
v -15.796118 5.339868 3.353553
v -15.893445 5.437195 3.461940
v -15.893445 4.282805 3.461940
v -15.893445 4.282805 3.461940
v -15.893445 5.437195 3.461940
v -16.008251 4.168000 3.500000
v -15.893445 5.437195 3.461940
v -16.008251 5.552000 3.500000
v -16.008251 4.168000 3.500000
v -16.008251 2.776000 -0.500000
v -13.280251 2.776000 -0.500000
v -15.893445 2.661195 -0.461940
v -13.280251 2.776000 -0.500000
v -13.395056 2.661195 -0.461940
v -15.893445 2.661195 -0.461940
v -15.893445 2.661195 -0.461940
v -13.395056 2.661195 -0.461940
v -15.796118 2.563868 -0.353553
v -13.395056 2.661195 -0.461940
v -13.492382 2.563868 -0.353553
v -15.796118 2.563868 -0.353553
v -15.796118 2.563868 -0.353553
v -13.492382 2.563868 -0.353553
v -15.731087 2.498836 -0.191342
v -13.492382 2.563868 -0.353553
v -13.557414 2.498836 -0.191342
v -15.731087 2.498836 -0.191342
v -15.731087 2.498836 -0.191342
v -13.557414 2.498836 -0.191342
v -15.708250 2.476000 0.000000
v -13.557414 2.498836 -0.191342
v -13.580250 2.476000 0.000000
v -15.708250 2.476000 0.000000
v -15.708250 2.476000 0.000000
v -13.580250 2.476000 0.000000
v -15.708250 2.476000 3.000000
v -13.580250 2.476000 0.000000
v -13.580250 2.476000 3.000000
v -15.708250 2.476000 3.000000
v -15.708250 2.476000 3.000000
v -13.580250 2.476000 3.000000
v -15.731087 2.498836 3.191342
v -13.580250 2.476000 3.000000
v -13.557414 2.498836 3.191342
v -15.731087 2.498836 3.191342
v -15.731087 2.498836 3.191342
v -13.557414 2.498836 3.191342
v -15.796118 2.563868 3.353553
v -13.557414 2.498836 3.191342
v -13.492382 2.563868 3.353553
v -15.796118 2.563868 3.353553
v -15.796118 2.563868 3.353553
v -13.492382 2.563868 3.353553
v -15.893445 2.661195 3.461940
v -13.492382 2.563868 3.353553
v -13.395056 2.661195 3.461940
v -15.893445 2.661195 3.461940
v -15.893445 2.661195 3.461940
v -13.395056 2.661195 3.461940
v -16.008251 2.776000 3.500000
v -13.395056 2.661195 3.461940
v -13.280251 2.776000 3.500000
v -16.008251 2.776000 3.500000
v -13.280251 2.776000 -0.500000
v -13.280251 1.392000 -0.500000
v -13.395056 2.661195 -0.461940
v -13.280251 1.392000 -0.500000
v -13.395056 1.506805 -0.461940
v -13.395056 2.661195 -0.461940
v -13.395056 2.661195 -0.461940
v -13.395056 1.506805 -0.461940
v -13.492382 2.563868 -0.353553
v -13.395056 1.506805 -0.461940
v -13.492382 1.604132 -0.353553
v -13.492382 2.563868 -0.353553
v -13.492382 2.563868 -0.353553
v -13.492382 1.604132 -0.353553
v -13.557414 2.498836 -0.191342
v -13.492382 1.604132 -0.353553
v -13.557414 1.669164 -0.191342
v -13.557414 2.498836 -0.191342
v -13.557414 2.498836 -0.191342
v -13.557414 1.669164 -0.191342
v -13.580250 2.476000 0.000000
v -13.557414 1.669164 -0.191342
v -13.580250 1.692000 0.000000
v -13.580250 2.476000 0.000000
v -13.580250 2.476000 0.000000
v -13.580250 1.692000 0.000000
v -13.580250 2.476000 3.000000
v -13.580250 1.692000 0.000000
v -13.580250 1.692000 3.000000
v -13.580250 2.476000 3.000000
v -13.580250 2.476000 3.000000
v -13.580250 1.692000 3.000000
v -13.557414 2.498836 3.191342
v -13.580250 1.692000 3.000000
v -13.557414 1.669164 3.191342
v -13.557414 2.498836 3.191342
v -13.557414 2.498836 3.191342
v -13.557414 1.669164 3.191342
v -13.492382 2.563868 3.353553
v -13.557414 1.669164 3.191342
v -13.492382 1.604132 3.353553
v -13.492382 2.563868 3.353553
v -13.492382 2.563868 3.353553
v -13.492382 1.604132 3.353553
v -13.395056 2.661195 3.461940
v -13.492382 1.604132 3.353553
v -13.395056 1.506805 3.461940
v -13.395056 2.661195 3.461940
v -13.395056 2.661195 3.461940
v -13.395056 1.506805 3.461940
v -13.280251 2.776000 3.500000
v -13.395056 1.506805 3.461940
v -13.280251 1.392000 3.500000
v -13.280251 2.776000 3.500000
v -13.280251 1.392000 -0.500000
v -16.008251 1.392000 -0.500000
v -13.395056 1.506805 -0.461940
v -16.008251 1.392000 -0.500000
v -15.893445 1.506805 -0.461940
v -13.395056 1.506805 -0.461940
v -13.395056 1.506805 -0.461940
v -15.893445 1.506805 -0.461940
v -13.492382 1.604132 -0.353553
v -15.893445 1.506805 -0.461940
v -15.796118 1.604132 -0.353553
v -13.492382 1.604132 -0.353553
v -13.492382 1.604132 -0.353553
v -15.796118 1.604132 -0.353553
v -13.557414 1.669164 -0.191342
v -15.796118 1.604132 -0.353553
v -15.731087 1.669164 -0.191342
v -13.557414 1.669164 -0.191342
v -13.557414 1.669164 -0.191342
v -15.731087 1.669164 -0.191342
v -13.580250 1.692000 0.000000
v -15.731087 1.669164 -0.191342
v -15.708250 1.692000 0.000000
v -13.580250 1.692000 0.000000
v -13.580250 1.692000 0.000000
v -15.708250 1.692000 0.000000
v -13.580250 1.692000 3.000000
v -15.708250 1.692000 0.000000
v -15.708250 1.692000 3.000000
v -13.580250 1.692000 3.000000
v -13.580250 1.692000 3.000000
v -15.708250 1.692000 3.000000
v -13.557414 1.669164 3.191342
v -15.708250 1.692000 3.000000
v -15.731087 1.669164 3.191342
v -13.557414 1.669164 3.191342
v -13.557414 1.669164 3.191342
v -15.731087 1.669164 3.191342
v -13.492382 1.604132 3.353553
v -15.731087 1.669164 3.191342
v -15.796118 1.604132 3.353553
v -13.492382 1.604132 3.353553
v -13.492382 1.604132 3.353553
v -15.796118 1.604132 3.353553
v -13.395056 1.506805 3.461940
v -15.796118 1.604132 3.353553
v -15.893445 1.506805 3.461940
v -13.395056 1.506805 3.461940
v -13.395056 1.506805 3.461940
v -15.893445 1.506805 3.461940
v -13.280251 1.392000 3.500000
v -15.893445 1.506805 3.461940
v -16.008251 1.392000 3.500000
v -13.280251 1.392000 3.500000
v -16.008251 1.392000 -0.500000
v -16.008251 2.776000 -0.500000
v -15.893445 1.506805 -0.461940
v -16.008251 2.776000 -0.500000
v -15.893445 2.661195 -0.461940
v -15.893445 1.506805 -0.461940
v -15.893445 1.506805 -0.461940
v -15.893445 2.661195 -0.461940
v -15.796118 1.604132 -0.353553
v -15.893445 2.661195 -0.461940
v -15.796118 2.563868 -0.353553
v -15.796118 1.604132 -0.353553
v -15.796118 1.604132 -0.353553
v -15.796118 2.563868 -0.353553
v -15.731087 1.669164 -0.191342
v -15.796118 2.563868 -0.353553
v -15.731087 2.498836 -0.191342
v -15.731087 1.669164 -0.191342
v -15.731087 1.669164 -0.191342
v -15.731087 2.498836 -0.191342
v -15.708250 1.692000 0.000000
v -15.731087 2.498836 -0.191342
v -15.708250 2.476000 0.000000
v -15.708250 1.692000 0.000000
v -15.708250 1.692000 0.000000
v -15.708250 2.476000 0.000000
v -15.708250 1.692000 3.000000
v -15.708250 2.476000 0.000000
v -15.708250 2.476000 3.000000
v -15.708250 1.692000 3.000000
v -15.708250 1.692000 3.000000
v -15.708250 2.476000 3.000000
v -15.731087 1.669164 3.191342
v -15.708250 2.476000 3.000000
v -15.731087 2.498836 3.191342
v -15.731087 1.669164 3.191342
v -15.731087 1.669164 3.191342
v -15.731087 2.498836 3.191342
v -15.796118 1.604132 3.353553
v -15.731087 2.498836 3.191342
v -15.796118 2.563868 3.353553
v -15.796118 1.604132 3.353553
v -15.796118 1.604132 3.353553
v -15.796118 2.563868 3.353553
v -15.893445 1.506805 3.461940
v -15.796118 2.563868 3.353553
v -15.893445 2.661195 3.461940
v -15.893445 1.506805 3.461940
v -15.893445 1.506805 3.461940
v -15.893445 2.661195 3.461940
v -16.008251 1.392000 3.500000
v -15.893445 2.661195 3.461940
v -16.008251 2.776000 3.500000
v -16.008251 1.392000 3.500000
vn -0.0000 -0.0000 -1.0000
vn -0.0000 -0.0000 1.0000
vn -0.0000 -0.0001 1.0000
vn -0.0000 0.0001 1.0000
vn 0.3147 -0.0000 -0.9492
vn 0.7440 -0.0000 -0.6681
vn 0.9282 -0.0000 -0.3721
vn 0.9930 -0.0000 -0.1185
vn 1.0000 -0.0000 -0.0000
vn 0.9930 -0.0000 0.1185
vn 0.9282 -0.0000 0.3721
vn 0.7441 -0.0000 0.6681
vn 0.3147 -0.0000 0.9492
vn -0.0000 -0.3147 -0.9492
vn -0.0000 -0.7440 -0.6681
vn -0.0000 -0.9282 -0.3721
vn -0.0000 -0.9930 -0.1185
vn -0.0000 -1.0000 -0.0000
vn -0.0000 -0.9930 0.1185
vn -0.0000 -0.9282 0.3721
vn -0.0000 -0.7440 0.6681
vn -0.0000 -0.3147 0.9492
vn 0.7441 -0.0000 -0.6681
vn 0.7440 -0.0000 0.6681
vn -0.0000 0.3147 -0.9492
vn -0.0000 0.7440 -0.6681
vn -0.0000 0.9282 -0.3721
vn -0.0000 0.9930 -0.1185
vn -0.0000 1.0000 -0.0000
vn -0.0000 0.9930 0.1185
vn -0.0000 0.9282 0.3721
vn -0.0000 0.7440 0.6681
vn -0.0000 0.3147 0.9492
vn -0.3147 -0.0000 -0.9492
vn -0.7440 -0.0000 -0.6681
vn -0.9282 -0.0000 -0.3721
vn -0.9930 -0.0000 -0.1185
vn -1.0000 -0.0000 -0.0000
vn -0.9930 -0.0000 0.1185
vn -0.9282 -0.0000 0.3721
vn -0.7440 -0.0000 0.6681
vn -0.3147 -0.0000 0.9492
vt 2.776000 -4.552000
vt 2.776000 -3.168000
vt 1.392000 1.000000
vt 2.776000 -1.776000
vt 2.776000 -0.392000
vt 5.504000 -0.392000
vt 5.552000 -0.392000
vt 5.552000 1.000000
vt 6.944000 -4.552000
vt 6.944000 -0.392000
vt 1.392000 -5.944000
vt 5.552000 -5.944000
vt 5.552000 -4.552000
vt 5.504000 -4.552000
vt 5.504000 -3.168000
vt 5.504000 -1.776000
vt 0.000000 -0.500000
vt 1.392000 -0.500000
vt -0.114805 -0.461940
vt 1.277195 -0.461940
vt -0.212132 -0.353553
vt 1.179868 -0.353553
vt -0.277164 -0.191342
vt 1.114836 -0.191342
vt -0.300000 0.000000
vt 1.092000 0.000000
vt -0.300000 3.000000
vt 1.092000 3.000000
vt -0.277164 3.191342
vt 1.114836 3.191342
vt -0.212132 3.353553
vt 1.179868 3.353553
vt -0.114805 3.461940
vt 1.277195 3.461940
vt 0.000000 3.500000
vt 1.392000 3.500000
vt 5.552000 -0.500000
vt 6.944000 -0.500000
vt 5.666805 -0.461940
vt 7.058805 -0.461940
vt 5.764132 -0.353553
vt 7.156132 -0.353553
vt 5.829164 -0.191342
vt 7.221164 -0.191342
vt 5.852000 0.000000
vt 7.244000 0.000000
vt 5.852000 3.000000
vt 7.244000 3.000000
vt 5.829164 3.191342
vt 7.221164 3.191342
vt 5.764132 3.353553
vt 7.156132 3.353553
vt 5.666805 3.461940
vt 7.058805 3.461940
vt 5.552000 3.500000
vt 6.944000 3.500000
vt 2.776000 -0.500000
vt 5.504000 -0.500000
vt 2.890805 -0.461940
vt 5.389195 -0.461940
vt 2.988132 -0.353553
vt 5.291868 -0.353553
vt 3.053164 -0.191342
vt 5.226836 -0.191342
vt 3.076000 0.000000
vt 5.204000 0.000000
vt 3.076000 3.000000
vt 5.204000 3.000000
vt 3.053164 3.191342
vt 5.226836 3.191342
vt 2.988132 3.353553
vt 5.291868 3.353553
vt 2.890805 3.461940
vt 5.389195 3.461940
vt 2.776000 3.500000
vt 5.504000 3.500000
vt 4.168000 -0.500000
vt 5.437195 -0.461940
vt 4.282805 -0.461940
vt 5.339868 -0.353553
vt 4.380132 -0.353553
vt 5.274836 -0.191342
vt 4.445164 -0.191342
vt 5.252000 0.000000
vt 4.468000 0.000000
vt 5.252000 3.000000
vt 4.468000 3.000000
vt 5.274836 3.191342
vt 4.445164 3.191342
vt 5.339868 3.353553
vt 4.380132 3.353553
vt 5.437195 3.461940
vt 4.282805 3.461940
vt 4.168000 3.500000
vt 2.661195 -0.461940
vt 1.506805 -0.461940
vt 2.563868 -0.353553
vt 1.604132 -0.353553
vt 2.498836 -0.191342
vt 1.669164 -0.191342
vt 2.476000 0.000000
vt 1.692000 0.000000
vt 2.476000 3.000000
vt 1.692000 3.000000
vt 2.498836 3.191342
vt 1.669164 3.191342
vt 2.563868 3.353553
vt 1.604132 3.353553
vt 2.661195 3.461940
vt 1.506805 3.461940
s 0
usemtl Material_2
f 1825/185/79 1826/186/79 1827/187/79
f 1828/188/79 1829/189/79 1830/187/79
f 1831/187/79 1832/189/79 1833/190/79
f 1834/191/79 1835/192/79 1836/187/79
f 1837/193/79 1838/194/79 1839/191/79
f 1840/195/79 1841/196/79 1842/197/79
f 1843/185/79 1844/187/79 1845/195/79
f 1846/188/79 1847/187/79 1848/186/79
f 1849/191/79 1850/187/79 1851/190/79
f 1852/197/79 1853/193/79 1854/191/79
f 1855/198/79 1856/185/79 1857/195/79
f 1858/188/79 1859/186/79 1860/199/79
f 1861/191/79 1862/190/79 1863/200/79
f 1864/198/79 1865/195/79 1866/197/79
f 1867/200/79 1868/188/79 1869/199/79
f 1870/197/79 1871/191/79 1872/200/79
f 1873/199/79 1874/198/79 1875/197/79
f 1876/197/79 1877/200/79 1878/199/79
f 1879/187/80 1880/186/80 1881/185/80
f 1882/187/80 1883/189/80 1884/188/80
f 1885/190/80 1886/189/80 1887/187/80
f 1888/187/80 1889/192/80 1890/191/80
f 1891/191/80 1892/194/80 1893/193/80
f 1894/197/80 1895/196/80 1896/195/80
f 1897/195/80 1898/187/80 1899/185/80
f 1900/186/80 1901/187/80 1902/188/80
f 1903/190/81 1904/187/81 1905/191/81
f 1906/191/80 1907/193/80 1908/197/80
f 1909/195/80 1910/185/80 1911/198/80
f 1912/199/80 1913/186/80 1914/188/80
f 1915/200/80 1916/190/80 1917/191/80
f 1918/197/82 1919/195/82 1920/198/82
f 1921/199/80 1922/188/80 1923/200/80
f 1924/200/80 1925/191/80 1926/197/80
f 1927/197/80 1928/198/80 1929/199/80
f 1930/199/80 1931/200/80 1932/197/80
f 1933/201/83 1934/202/83 1935/203/83
f 1936/202/83 1937/204/83 1938/203/83
f 1939/203/84 1940/204/84 1941/205/84
f 1942/204/84 1943/206/84 1944/205/84
f 1945/205/85 1946/206/85 1947/207/85
s 1
f 1948/206/85 1949/208/85 1950/207/85
s 0
f 1951/207/86 1952/208/86 1953/209/86
f 1954/208/86 1955/210/86 1956/209/86
f 1957/209/87 1958/210/87 1959/211/87
f 1960/210/87 1961/212/87 1962/211/87
s 1
f 1963/211/88 1964/212/88 1965/213/88
s 0
f 1966/212/88 1967/214/88 1968/213/88
f 1969/213/89 1970/214/89 1971/215/89
f 1972/214/89 1973/216/89 1974/215/89
f 1975/215/90 1976/216/90 1977/217/90
f 1978/216/90 1979/218/90 1980/217/90
f 1981/217/91 1982/218/91 1983/219/91
f 1984/218/91 1985/220/91 1986/219/91
f 1987/221/92 1988/222/92 1989/223/92
f 1990/222/92 1991/224/92 1992/223/92
f 1993/223/93 1994/224/93 1995/225/93
f 1996/224/93 1997/226/93 1998/225/93
f 1999/225/94 2000/226/94 2001/227/94
f 2002/226/94 2003/228/94 2004/227/94
f 2005/227/95 2006/228/95 2007/229/95
f 2008/228/95 2009/230/95 2010/229/95
f 2011/229/96 2012/230/96 2013/231/96
f 2014/230/96 2015/232/96 2016/231/96
f 2017/231/97 2018/232/97 2019/233/97
f 2020/232/97 2021/234/97 2022/233/97
f 2023/233/98 2024/234/98 2025/235/98
f 2026/234/98 2027/236/98 2028/235/98
f 2029/235/99 2030/236/99 2031/237/99
f 2032/236/99 2033/238/99 2034/237/99
f 2035/237/100 2036/238/100 2037/239/100
f 2038/238/100 2039/240/100 2040/239/100
f 2041/202/83 2042/221/83 2043/204/83
f 2044/221/83 2045/223/83 2046/204/83
f 2047/204/84 2048/223/84 2049/206/84
f 2050/223/101 2051/225/101 2052/206/101
f 2053/206/85 2054/225/85 2055/208/85
f 2056/225/85 2057/227/85 2058/208/85
f 2059/208/86 2060/227/86 2061/210/86
f 2062/227/86 2063/229/86 2064/210/86
f 2065/210/87 2066/229/87 2067/212/87
f 2068/229/87 2069/231/87 2070/212/87
f 2071/212/88 2072/231/88 2073/214/88
f 2074/231/88 2075/233/88 2076/214/88
f 2077/214/89 2078/233/89 2079/216/89
f 2080/233/89 2081/235/89 2082/216/89
f 2083/216/102 2084/235/102 2085/218/102
s 1
f 2086/235/102 2087/237/102 2088/218/102
s 0
f 2089/218/91 2090/237/91 2091/220/91
f 2092/237/91 2093/239/91 2094/220/91
f 2095/222/103 2096/221/103 2097/224/103
f 2098/221/103 2099/223/103 2100/224/103
f 2101/224/104 2102/223/104 2103/226/104
f 2104/223/104 2105/225/104 2106/226/104
f 2107/226/105 2108/225/105 2109/228/105
f 2110/225/105 2111/227/105 2112/228/105
f 2113/228/106 2114/227/106 2115/230/106
f 2116/227/106 2117/229/106 2118/230/106
f 2119/230/107 2120/229/107 2121/232/107
f 2122/229/107 2123/231/107 2124/232/107
f 2125/232/108 2126/231/108 2127/234/108
f 2128/231/108 2129/233/108 2130/234/108
f 2131/234/109 2132/233/109 2133/236/109
f 2134/233/109 2135/235/109 2136/236/109
f 2137/236/110 2138/235/110 2139/238/110
f 2140/235/110 2141/237/110 2142/238/110
f 2143/238/111 2144/237/111 2145/240/111
f 2146/237/111 2147/239/111 2148/240/111
f 2149/221/83 2150/222/83 2151/223/83
f 2152/222/83 2153/224/83 2154/223/83
f 2155/223/84 2156/224/84 2157/225/84
f 2158/224/84 2159/226/84 2160/225/84
f 2161/225/85 2162/226/85 2163/227/85
s 1
f 2164/226/85 2165/228/85 2166/227/85
s 0
f 2167/227/86 2168/228/86 2169/229/86
f 2170/228/86 2171/230/86 2172/229/86
f 2173/229/87 2174/230/87 2175/231/87
f 2176/230/87 2177/232/87 2178/231/87
f 2179/231/88 2180/232/88 2181/233/88
f 2182/232/88 2183/234/88 2184/233/88
s 1
f 2185/233/89 2186/234/89 2187/235/89
f 2188/234/89 2189/236/89 2190/235/89
s 0
f 2191/235/102 2192/236/102 2193/237/102
f 2194/236/102 2195/238/102 2196/237/102
f 2197/237/91 2198/238/91 2199/239/91
f 2200/238/91 2201/240/91 2202/239/91
f 2203/221/103 2204/202/103 2205/223/103
f 2206/202/103 2207/204/103 2208/223/103
f 2209/223/104 2210/204/104 2211/225/104
f 2212/204/104 2213/206/104 2214/225/104
f 2215/225/105 2216/206/105 2217/227/105
f 2218/206/105 2219/208/105 2220/227/105
f 2221/227/106 2222/208/106 2223/229/106
f 2224/208/106 2225/210/106 2226/229/106
f 2227/229/107 2228/210/107 2229/231/107
f 2230/210/107 2231/212/107 2232/231/107
f 2233/231/108 2234/212/108 2235/233/108
f 2236/212/108 2237/214/108 2238/233/108
f 2239/233/109 2240/214/109 2241/235/109
f 2242/214/109 2243/216/109 2244/235/109
f 2245/235/110 2246/216/110 2247/237/110
f 2248/216/110 2249/218/110 2250/237/110
f 2251/237/111 2252/218/111 2253/239/111
f 2254/218/111 2255/220/111 2256/239/111
f 2257/222/112 2258/201/112 2259/224/112
f 2260/201/112 2261/203/112 2262/224/112
f 2263/224/113 2264/203/113 2265/226/113
f 2266/203/113 2267/205/113 2268/226/113
f 2269/226/114 2270/205/114 2271/228/114
f 2272/205/114 2273/207/114 2274/228/114
f 2275/228/115 2276/207/115 2277/230/115
f 2278/207/115 2279/209/115 2280/230/115
f 2281/230/116 2282/209/116 2283/232/116
f 2284/209/116 2285/211/116 2286/232/116
f 2287/232/117 2288/211/117 2289/234/117
f 2290/211/117 2291/213/117 2292/234/117
f 2293/234/118 2294/213/118 2295/236/118
f 2296/213/118 2297/215/118 2298/236/118
s 1
f 2299/236/119 2300/215/119 2301/238/119
f 2302/215/119 2303/217/119 2304/238/119
s 0
f 2305/238/120 2306/217/120 2307/240/120
f 2308/217/120 2309/219/120 2310/240/120
f 2311/202/92 2312/221/92 2313/204/92
f 2314/221/92 2315/223/92 2316/204/92
f 2317/204/93 2318/223/93 2319/206/93
f 2320/223/93 2321/225/93 2322/206/93
f 2323/206/94 2324/225/94 2325/208/94
f 2326/225/94 2327/227/94 2328/208/94
f 2329/208/95 2330/227/95 2331/210/95
f 2332/227/95 2333/229/95 2334/210/95
f 2335/210/96 2336/229/96 2337/212/96
f 2338/229/96 2339/231/96 2340/212/96
f 2341/212/97 2342/231/97 2343/214/97
f 2344/231/97 2345/233/97 2346/214/97
f 2347/214/98 2348/233/98 2349/216/98
f 2350/233/98 2351/235/98 2352/216/98
f 2353/216/99 2354/235/99 2355/218/99
f 2356/235/99 2357/237/99 2358/218/99
f 2359/218/100 2360/237/100 2361/220/100
f 2362/237/100 2363/239/100 2364/220/100
f 2365/241/92 2366/242/92 2367/243/92
f 2368/242/92 2369/244/92 2370/243/92
f 2371/243/93 2372/244/93 2373/245/93
f 2374/244/93 2375/246/93 2376/245/93
f 2377/245/94 2378/246/94 2379/247/94
f 2380/246/94 2381/248/94 2382/247/94
f 2383/247/95 2384/248/95 2385/249/95
f 2386/248/95 2387/250/95 2388/249/95
f 2389/249/96 2390/250/96 2391/251/96
f 2392/250/96 2393/252/96 2394/251/96
f 2395/251/97 2396/252/97 2397/253/97
f 2398/252/97 2399/254/97 2400/253/97
f 2401/253/98 2402/254/98 2403/255/98
f 2404/254/98 2405/256/98 2406/255/98
f 2407/255/99 2408/256/99 2409/257/99
f 2410/256/99 2411/258/99 2412/257/99
f 2413/257/100 2414/258/100 2415/259/100
f 2416/258/100 2417/260/100 2418/259/100
f 2419/221/112 2420/261/112 2421/262/112
f 2422/261/112 2423/263/112 2424/262/112
f 2425/262/113 2426/263/113 2427/264/113
f 2428/263/113 2429/265/113 2430/264/113
f 2431/264/114 2432/265/114 2433/266/114
f 2434/265/114 2435/267/114 2436/266/114
f 2437/266/115 2438/267/115 2439/268/115
f 2440/267/115 2441/269/115 2442/268/115
f 2443/268/116 2444/269/116 2445/270/116
f 2446/269/116 2447/271/116 2448/270/116
f 2449/270/117 2450/271/117 2451/272/117
f 2452/271/117 2453/273/117 2454/272/117
f 2455/272/118 2456/273/118 2457/274/118
f 2458/273/118 2459/275/118 2460/274/118
f 2461/274/119 2462/275/119 2463/276/119
f 2464/275/119 2465/277/119 2466/276/119
f 2467/276/120 2468/277/120 2469/239/120
f 2470/277/120 2471/278/120 2472/239/120
f 2473/242/103 2474/241/103 2475/244/103
s 1
f 2476/241/103 2477/243/103 2478/244/103
s 0
f 2479/244/104 2480/243/104 2481/246/104
f 2482/243/104 2483/245/104 2484/246/104
f 2485/246/105 2486/245/105 2487/248/105
f 2488/245/105 2489/247/105 2490/248/105
f 2491/248/106 2492/247/106 2493/250/106
f 2494/247/106 2495/249/106 2496/250/106
f 2497/250/107 2498/249/107 2499/252/107
f 2500/249/107 2501/251/107 2502/252/107
f 2503/252/108 2504/251/108 2505/254/108
f 2506/251/108 2507/253/108 2508/254/108
f 2509/254/109 2510/253/109 2511/256/109
f 2512/253/109 2513/255/109 2514/256/109
f 2515/256/110 2516/255/110 2517/258/110
f 2518/255/110 2519/257/110 2520/258/110
f 2521/258/111 2522/257/111 2523/260/111
f 2524/257/111 2525/259/111 2526/260/111
f 2527/261/83 2528/221/83 2529/263/83
f 2530/221/83 2531/262/83 2532/263/83
s 1
f 2533/263/84 2534/262/84 2535/265/84
s 0
f 2536/262/84 2537/264/84 2538/265/84
f 2539/265/85 2540/264/85 2541/267/85
f 2542/264/85 2543/266/85 2544/267/85
f 2545/267/86 2546/266/86 2547/269/86
f 2548/266/86 2549/268/86 2550/269/86
f 2551/269/87 2552/268/87 2553/271/87
f 2554/268/87 2555/270/87 2556/271/87
f 2557/271/88 2558/270/88 2559/273/88
f 2560/270/88 2561/272/88 2562/273/88
f 2563/273/89 2564/272/89 2565/275/89
f 2566/272/89 2567/274/89 2568/275/89
f 2569/275/102 2570/274/102 2571/277/102
f 2572/274/102 2573/276/102 2574/277/102
f 2575/277/91 2576/276/91 2577/278/91
f 2578/276/91 2579/239/91 2580/278/91
f 2581/241/92 2582/242/92 2583/243/92
f 2584/242/92 2585/244/92 2586/243/92
s 1
f 2587/243/93 2588/244/93 2589/245/93
s 0
f 2590/244/93 2591/246/93 2592/245/93
f 2593/245/94 2594/246/94 2595/247/94
f 2596/246/94 2597/248/94 2598/247/94
f 2599/247/95 2600/248/95 2601/249/95
f 2602/248/95 2603/250/95 2604/249/95
f 2605/249/96 2606/250/96 2607/251/96
f 2608/250/96 2609/252/96 2610/251/96
f 2611/251/97 2612/252/97 2613/253/97
f 2614/252/97 2615/254/97 2616/253/97
f 2617/253/98 2618/254/98 2619/255/98
f 2620/254/98 2621/256/98 2622/255/98
f 2623/255/99 2624/256/99 2625/257/99
f 2626/256/99 2627/258/99 2628/257/99
f 2629/257/100 2630/258/100 2631/259/100
f 2632/258/100 2633/260/100 2634/259/100
f 2635/241/112 2636/202/112 2637/279/112
f 2638/202/112 2639/280/112 2640/279/112
s 1
f 2641/279/113 2642/280/113 2643/281/113
s 0
f 2644/280/113 2645/282/113 2646/281/113
f 2647/281/114 2648/282/114 2649/283/114
f 2650/282/114 2651/284/114 2652/283/114
f 2653/283/115 2654/284/115 2655/285/115
f 2656/284/115 2657/286/115 2658/285/115
f 2659/285/116 2660/286/116 2661/287/116
f 2662/286/116 2663/288/116 2664/287/116
f 2665/287/117 2666/288/117 2667/289/117
f 2668/288/117 2669/290/117 2670/289/117
f 2671/289/118 2672/290/118 2673/291/118
f 2674/290/118 2675/292/118 2676/291/118
f 2677/291/119 2678/292/119 2679/293/119
s 1
f 2680/292/119 2681/294/119 2682/293/119
s 0
f 2683/293/120 2684/294/120 2685/259/120
f 2686/294/120 2687/220/120 2688/259/120
f 2689/242/103 2690/241/103 2691/244/103
f 2692/241/103 2693/243/103 2694/244/103
f 2695/244/104 2696/243/104 2697/246/104
f 2698/243/104 2699/245/104 2700/246/104
f 2701/246/105 2702/245/105 2703/248/105
f 2704/245/105 2705/247/105 2706/248/105
f 2707/248/106 2708/247/106 2709/250/106
f 2710/247/106 2711/249/106 2712/250/106
f 2713/250/107 2714/249/107 2715/252/107
f 2716/249/107 2717/251/107 2718/252/107
f 2719/252/108 2720/251/108 2721/254/108
f 2722/251/108 2723/253/108 2724/254/108
f 2725/254/109 2726/253/109 2727/256/109
f 2728/253/109 2729/255/109 2730/256/109
f 2731/256/110 2732/255/110 2733/258/110
f 2734/255/110 2735/257/110 2736/258/110
f 2737/258/111 2738/257/111 2739/260/111
f 2740/257/111 2741/259/111 2742/260/111
f 2743/202/83 2744/241/83 2745/280/83
f 2746/241/83 2747/279/83 2748/280/83
s 1
f 2749/280/84 2750/279/84 2751/282/84
s 0
f 2752/279/84 2753/281/84 2754/282/84
f 2755/282/85 2756/281/85 2757/284/85
f 2758/281/85 2759/283/85 2760/284/85
f 2761/284/86 2762/283/86 2763/286/86
s 1
f 2764/283/86 2765/285/86 2766/286/86
s 0
f 2767/286/87 2768/285/87 2769/288/87
f 2770/285/87 2771/287/87 2772/288/87
f 2773/288/88 2774/287/88 2775/290/88
f 2776/287/88 2777/289/88 2778/290/88
f 2779/290/89 2780/289/89 2781/292/89
s 1
f 2782/289/89 2783/291/89 2784/292/89
s 0
f 2785/292/102 2786/291/102 2787/294/102
f 2788/291/102 2789/293/102 2790/294/102
f 2791/294/91 2792/293/91 2793/220/91
f 2794/293/91 2795/259/91 2796/220/91
o Mesh_3
v -6.080150 1.392000 -0.500000
v -6.080150 0.000000 -0.500000
v -10.240149 0.000000 -0.500000
v -6.080150 4.168000 -0.500000
v -6.080150 2.776000 -0.500000
v -8.856150 2.776000 -0.500000
v -6.080150 6.944000 -0.500000
v -6.080150 5.552000 -0.500000
v -8.856150 5.552000 -0.500000
v -8.856150 1.392000 -0.500000
v -6.080150 1.392000 -0.500000
v -10.240149 0.000000 -0.500000
v -8.856150 4.168000 -0.500000
v -6.080150 4.168000 -0.500000
v -8.856150 2.776000 -0.500000
v -10.240149 6.944000 -0.500000
v -6.080150 6.944000 -0.500000
v -8.856150 5.552000 -0.500000
v -8.856150 1.392000 -0.500000
v -10.240149 0.000000 -0.500000
v -10.240149 6.944000 -0.500000
v -10.240149 6.944000 -0.500000
v -8.856150 5.552000 -0.500000
v -8.856150 4.168000 -0.500000
v -8.856150 2.776000 -0.500000
v -8.856150 1.392000 -0.500000
v -10.240149 6.944000 -0.500000
v -10.240149 6.944000 -0.500000
v -8.856150 4.168000 -0.500000
v -8.856150 2.776000 -0.500000
v -10.240149 0.000000 3.500000
v -6.080150 0.000000 3.500000
v -6.080150 1.392000 3.500000
v -8.856150 2.776000 3.500000
v -6.080150 2.776000 3.500000
v -6.080150 4.168000 3.500000
v -8.856150 5.552000 3.500000
v -6.080150 5.552000 3.500000
v -6.080150 6.944000 3.500000
v -10.240149 0.000000 3.500000
v -6.080150 1.392000 3.500000
v -8.856150 1.392000 3.500000
v -8.856150 2.776000 3.500000
v -6.080150 4.168000 3.500000
v -8.856150 4.168000 3.500000
v -8.856150 5.552000 3.500000
v -6.080150 6.944000 3.500000
v -10.240149 6.944000 3.500000
v -10.240149 6.944000 3.500000
v -10.240149 0.000000 3.500000
v -8.856150 1.392000 3.500000
v -8.856150 4.168000 3.500000
v -8.856150 5.552000 3.500000
v -10.240149 6.944000 3.500000
v -10.240149 6.944000 3.500000
v -8.856150 1.392000 3.500000
v -8.856150 2.776000 3.500000
v -8.856150 2.776000 3.500000
v -8.856150 4.168000 3.500000
v -10.240149 6.944000 3.500000
v -6.080150 0.000000 -0.500000
v -6.080150 1.392000 -0.500000
v -5.965344 -0.114805 -0.461940
v -6.080150 1.392000 -0.500000
v -5.965344 1.506805 -0.461940
v -5.965344 -0.114805 -0.461940
v -5.965344 -0.114805 -0.461940
v -5.965344 1.506805 -0.461940
v -5.868018 -0.212132 -0.353553
v -5.965344 1.506805 -0.461940
v -5.868018 1.604132 -0.353553
v -5.868018 -0.212132 -0.353553
v -5.868018 -0.212132 -0.353553
v -5.868018 1.604132 -0.353553
v -5.802986 -0.277164 -0.191342
v -5.868018 1.604132 -0.353553
v -5.802986 1.669164 -0.191342
v -5.802986 -0.277164 -0.191342
v -5.802986 -0.277164 -0.191342
v -5.802986 1.669164 -0.191342
v -5.780149 -0.300000 0.000000
v -5.802986 1.669164 -0.191342
v -5.780149 1.692000 0.000000
v -5.780149 -0.300000 0.000000
v -5.780149 -0.300000 0.000000
v -5.780149 1.692000 0.000000
v -5.780149 -0.300000 3.000000
v -5.780149 1.692000 0.000000
v -5.780149 1.692000 3.000000
v -5.780149 -0.300000 3.000000
v -5.780149 -0.300000 3.000000
v -5.780149 1.692000 3.000000
v -5.802986 -0.277164 3.191342
v -5.780149 1.692000 3.000000
v -5.802986 1.669164 3.191342
v -5.802986 -0.277164 3.191342
v -5.802986 -0.277164 3.191342
v -5.802986 1.669164 3.191342
v -5.868018 -0.212132 3.353553
v -5.802986 1.669164 3.191342
v -5.868018 1.604132 3.353553
v -5.868018 -0.212132 3.353553
v -5.868018 -0.212132 3.353553
v -5.868018 1.604132 3.353553
v -5.965344 -0.114805 3.461940
v -5.868018 1.604132 3.353553
v -5.965344 1.506805 3.461940
v -5.965344 -0.114805 3.461940
v -5.965344 -0.114805 3.461940
v -5.965344 1.506805 3.461940
v -6.080150 0.000000 3.500000
v -5.965344 1.506805 3.461940
v -6.080150 1.392000 3.500000
v -6.080150 0.000000 3.500000
v -6.080150 1.392000 -0.500000
v -8.856150 1.392000 -0.500000
v -5.965344 1.506805 -0.461940
v -8.856150 1.392000 -0.500000
v -8.741344 1.506805 -0.461940
v -5.965344 1.506805 -0.461940
v -5.965344 1.506805 -0.461940
v -8.741344 1.506805 -0.461940
v -5.868018 1.604132 -0.353553
v -8.741344 1.506805 -0.461940
v -8.644018 1.604132 -0.353553
v -5.868018 1.604132 -0.353553
v -5.868018 1.604132 -0.353553
v -8.644018 1.604132 -0.353553
v -5.802986 1.669164 -0.191342
v -8.644018 1.604132 -0.353553
v -8.578986 1.669164 -0.191342
v -5.802986 1.669164 -0.191342
v -5.802986 1.669164 -0.191342
v -8.578986 1.669164 -0.191342
v -5.780149 1.692000 0.000000
v -8.578986 1.669164 -0.191342
v -8.556149 1.692000 0.000000
v -5.780149 1.692000 0.000000
v -5.780149 1.692000 0.000000
v -8.556149 1.692000 0.000000
v -5.780149 1.692000 3.000000
v -8.556149 1.692000 0.000000
v -8.556149 1.692000 3.000000
v -5.780149 1.692000 3.000000
v -5.780149 1.692000 3.000000
v -8.556149 1.692000 3.000000
v -5.802986 1.669164 3.191342
v -8.556149 1.692000 3.000000
v -8.578986 1.669164 3.191342
v -5.802986 1.669164 3.191342
v -5.802986 1.669164 3.191342
v -8.578986 1.669164 3.191342
v -5.868018 1.604132 3.353553
v -8.578986 1.669164 3.191342
v -8.644018 1.604132 3.353553
v -5.868018 1.604132 3.353553
v -5.868018 1.604132 3.353553
v -8.644018 1.604132 3.353553
v -5.965344 1.506805 3.461940
v -8.644018 1.604132 3.353553
v -8.741344 1.506805 3.461940
v -5.965344 1.506805 3.461940
v -5.965344 1.506805 3.461940
v -8.741344 1.506805 3.461940
v -6.080150 1.392000 3.500000
v -8.741344 1.506805 3.461940
v -8.856150 1.392000 3.500000
v -6.080150 1.392000 3.500000
v -8.856150 1.392000 -0.500000
v -8.856150 2.776000 -0.500000
v -8.741344 1.506805 -0.461940
v -8.856150 2.776000 -0.500000
v -8.741344 2.661195 -0.461940
v -8.741344 1.506805 -0.461940
v -8.741344 1.506805 -0.461940
v -8.741344 2.661195 -0.461940
v -8.644018 1.604132 -0.353553
v -8.741344 2.661195 -0.461940
v -8.644018 2.563868 -0.353553
v -8.644018 1.604132 -0.353553
v -8.644018 1.604132 -0.353553
v -8.644018 2.563868 -0.353553
v -8.578986 1.669164 -0.191342
v -8.644018 2.563868 -0.353553
v -8.578986 2.498836 -0.191342
v -8.578986 1.669164 -0.191342
v -8.578986 1.669164 -0.191342
v -8.578986 2.498836 -0.191342
v -8.556149 1.692000 0.000000
v -8.578986 2.498836 -0.191342
v -8.556149 2.476000 0.000000
v -8.556149 1.692000 0.000000
v -8.556149 1.692000 0.000000
v -8.556149 2.476000 0.000000
v -8.556149 1.692000 3.000000
v -8.556149 2.476000 0.000000
v -8.556149 2.476000 3.000000
v -8.556149 1.692000 3.000000
v -8.556149 1.692000 3.000000
v -8.556149 2.476000 3.000000
v -8.578986 1.669164 3.191342
v -8.556149 2.476000 3.000000
v -8.578986 2.498836 3.191342
v -8.578986 1.669164 3.191342
v -8.578986 1.669164 3.191342
v -8.578986 2.498836 3.191342
v -8.644018 1.604132 3.353553
v -8.578986 2.498836 3.191342
v -8.644018 2.563868 3.353553
v -8.644018 1.604132 3.353553
v -8.644018 1.604132 3.353553
v -8.644018 2.563868 3.353553
v -8.741344 1.506805 3.461940
v -8.644018 2.563868 3.353553
v -8.741344 2.661195 3.461940
v -8.741344 1.506805 3.461940
v -8.741344 1.506805 3.461940
v -8.741344 2.661195 3.461940
v -8.856150 1.392000 3.500000
v -8.741344 2.661195 3.461940
v -8.856150 2.776000 3.500000
v -8.856150 1.392000 3.500000
v -8.856150 2.776000 -0.500000
v -6.080150 2.776000 -0.500000
v -8.741344 2.661195 -0.461940
v -6.080150 2.776000 -0.500000
v -5.965344 2.661195 -0.461940
v -8.741344 2.661195 -0.461940
v -8.741344 2.661195 -0.461940
v -5.965344 2.661195 -0.461940
v -8.644018 2.563868 -0.353553
v -5.965344 2.661195 -0.461940
v -5.868018 2.563868 -0.353553
v -8.644018 2.563868 -0.353553
v -8.644018 2.563868 -0.353553
v -5.868018 2.563868 -0.353553
v -8.578986 2.498836 -0.191342
v -5.868018 2.563868 -0.353553
v -5.802986 2.498836 -0.191342
v -8.578986 2.498836 -0.191342
v -8.578986 2.498836 -0.191342
v -5.802986 2.498836 -0.191342
v -8.556149 2.476000 0.000000
v -5.802986 2.498836 -0.191342
v -5.780149 2.476000 0.000000
v -8.556149 2.476000 0.000000
v -8.556149 2.476000 0.000000
v -5.780149 2.476000 0.000000
v -8.556149 2.476000 3.000000
v -5.780149 2.476000 0.000000
v -5.780149 2.476000 3.000000
v -8.556149 2.476000 3.000000
v -8.556149 2.476000 3.000000
v -5.780149 2.476000 3.000000
v -8.578986 2.498836 3.191342
v -5.780149 2.476000 3.000000
v -5.802986 2.498836 3.191342
v -8.578986 2.498836 3.191342
v -8.578986 2.498836 3.191342
v -5.802986 2.498836 3.191342
v -8.644018 2.563868 3.353553
v -5.802986 2.498836 3.191342
v -5.868018 2.563868 3.353553
v -8.644018 2.563868 3.353553
v -8.644018 2.563868 3.353553
v -5.868018 2.563868 3.353553
v -8.741344 2.661195 3.461940
v -5.868018 2.563868 3.353553
v -5.965344 2.661195 3.461940
v -8.741344 2.661195 3.461940
v -8.741344 2.661195 3.461940
v -5.965344 2.661195 3.461940
v -8.856150 2.776000 3.500000
v -5.965344 2.661195 3.461940
v -6.080150 2.776000 3.500000
v -8.856150 2.776000 3.500000
v -6.080150 2.776000 -0.500000
v -6.080150 4.168000 -0.500000
v -5.965344 2.661195 -0.461940
v -6.080150 4.168000 -0.500000
v -5.965344 4.282805 -0.461940
v -5.965344 2.661195 -0.461940
v -5.965344 2.661195 -0.461940
v -5.965344 4.282805 -0.461940
v -5.868018 2.563868 -0.353553
v -5.965344 4.282805 -0.461940
v -5.868018 4.380132 -0.353553
v -5.868018 2.563868 -0.353553
v -5.868018 2.563868 -0.353553
v -5.868018 4.380132 -0.353553
v -5.802986 2.498836 -0.191342
v -5.868018 4.380132 -0.353553
v -5.802986 4.445164 -0.191342
v -5.802986 2.498836 -0.191342
v -5.802986 2.498836 -0.191342
v -5.802986 4.445164 -0.191342
v -5.780149 2.476000 0.000000
v -5.802986 4.445164 -0.191342
v -5.780149 4.468000 0.000000
v -5.780149 2.476000 0.000000
v -5.780149 2.476000 0.000000
v -5.780149 4.468000 0.000000
v -5.780149 2.476000 3.000000
v -5.780149 4.468000 0.000000
v -5.780149 4.468000 3.000000
v -5.780149 2.476000 3.000000
v -5.780149 2.476000 3.000000
v -5.780149 4.468000 3.000000
v -5.802986 2.498836 3.191342
v -5.780149 4.468000 3.000000
v -5.802986 4.445164 3.191342
v -5.802986 2.498836 3.191342
v -5.802986 2.498836 3.191342
v -5.802986 4.445164 3.191342
v -5.868018 2.563868 3.353553
v -5.802986 4.445164 3.191342
v -5.868018 4.380132 3.353553
v -5.868018 2.563868 3.353553
v -5.868018 2.563868 3.353553
v -5.868018 4.380132 3.353553
v -5.965344 2.661195 3.461940
v -5.868018 4.380132 3.353553
v -5.965344 4.282805 3.461940
v -5.965344 2.661195 3.461940
v -5.965344 2.661195 3.461940
v -5.965344 4.282805 3.461940
v -6.080150 2.776000 3.500000
v -5.965344 4.282805 3.461940
v -6.080150 4.168000 3.500000
v -6.080150 2.776000 3.500000
v -6.080150 4.168000 -0.500000
v -8.856150 4.168000 -0.500000
v -5.965344 4.282805 -0.461940
v -8.856150 4.168000 -0.500000
v -8.741344 4.282805 -0.461940
v -5.965344 4.282805 -0.461940
v -5.965344 4.282805 -0.461940
v -8.741344 4.282805 -0.461940
v -5.868018 4.380132 -0.353553
v -8.741344 4.282805 -0.461940
v -8.644018 4.380132 -0.353553
v -5.868018 4.380132 -0.353553
v -5.868018 4.380132 -0.353553
v -8.644018 4.380132 -0.353553
v -5.802986 4.445164 -0.191342
v -8.644018 4.380132 -0.353553
v -8.578986 4.445164 -0.191342
v -5.802986 4.445164 -0.191342
v -5.802986 4.445164 -0.191342
v -8.578986 4.445164 -0.191342
v -5.780149 4.468000 0.000000
v -8.578986 4.445164 -0.191342
v -8.556149 4.468000 0.000000
v -5.780149 4.468000 0.000000
v -5.780149 4.468000 0.000000
v -8.556149 4.468000 0.000000
v -5.780149 4.468000 3.000000
v -8.556149 4.468000 0.000000
v -8.556149 4.468000 3.000000
v -5.780149 4.468000 3.000000
v -5.780149 4.468000 3.000000
v -8.556149 4.468000 3.000000
v -5.802986 4.445164 3.191342
v -8.556149 4.468000 3.000000
v -8.578986 4.445164 3.191342
v -5.802986 4.445164 3.191342
v -5.802986 4.445164 3.191342
v -8.578986 4.445164 3.191342
v -5.868018 4.380132 3.353553
v -8.578986 4.445164 3.191342
v -8.644018 4.380132 3.353553
v -5.868018 4.380132 3.353553
v -5.868018 4.380132 3.353553
v -8.644018 4.380132 3.353553
v -5.965344 4.282805 3.461940
v -8.644018 4.380132 3.353553
v -8.741344 4.282805 3.461940
v -5.965344 4.282805 3.461940
v -5.965344 4.282805 3.461940
v -8.741344 4.282805 3.461940
v -6.080150 4.168000 3.500000
v -8.741344 4.282805 3.461940
v -8.856150 4.168000 3.500000
v -6.080150 4.168000 3.500000
v -8.856150 4.168000 -0.500000
v -8.856150 5.552000 -0.500000
v -8.741344 4.282805 -0.461940
v -8.856150 5.552000 -0.500000
v -8.741344 5.437195 -0.461940
v -8.741344 4.282805 -0.461940
v -8.741344 4.282805 -0.461940
v -8.741344 5.437195 -0.461940
v -8.644018 4.380132 -0.353553
v -8.741344 5.437195 -0.461940
v -8.644018 5.339868 -0.353553
v -8.644018 4.380132 -0.353553
v -8.644018 4.380132 -0.353553
v -8.644018 5.339868 -0.353553
v -8.578986 4.445164 -0.191342
v -8.644018 5.339868 -0.353553
v -8.578986 5.274836 -0.191342
v -8.578986 4.445164 -0.191342
v -8.578986 4.445164 -0.191342
v -8.578986 5.274836 -0.191342
v -8.556149 4.468000 0.000000
v -8.578986 5.274836 -0.191342
v -8.556149 5.252000 0.000000
v -8.556149 4.468000 0.000000
v -8.556149 4.468000 0.000000
v -8.556149 5.252000 0.000000
v -8.556149 4.468000 3.000000
v -8.556149 5.252000 0.000000
v -8.556149 5.252000 3.000000
v -8.556149 4.468000 3.000000
v -8.556149 4.468000 3.000000
v -8.556149 5.252000 3.000000
v -8.578986 4.445164 3.191342
v -8.556149 5.252000 3.000000
v -8.578986 5.274836 3.191342
v -8.578986 4.445164 3.191342
v -8.578986 4.445164 3.191342
v -8.578986 5.274836 3.191342
v -8.644018 4.380132 3.353553
v -8.578986 5.274836 3.191342
v -8.644018 5.339868 3.353553
v -8.644018 4.380132 3.353553
v -8.644018 4.380132 3.353553
v -8.644018 5.339868 3.353553
v -8.741344 4.282805 3.461940
v -8.644018 5.339868 3.353553
v -8.741344 5.437195 3.461940
v -8.741344 4.282805 3.461940
v -8.741344 4.282805 3.461940
v -8.741344 5.437195 3.461940
v -8.856150 4.168000 3.500000
v -8.741344 5.437195 3.461940
v -8.856150 5.552000 3.500000
v -8.856150 4.168000 3.500000
v -8.856150 5.552000 -0.500000
v -6.080150 5.552000 -0.500000
v -8.741344 5.437195 -0.461940
v -6.080150 5.552000 -0.500000
v -5.965344 5.437195 -0.461940
v -8.741344 5.437195 -0.461940
v -8.741344 5.437195 -0.461940
v -5.965344 5.437195 -0.461940
v -8.644018 5.339868 -0.353553
v -5.965344 5.437195 -0.461940
v -5.868018 5.339868 -0.353553
v -8.644018 5.339868 -0.353553
v -8.644018 5.339868 -0.353553
v -5.868018 5.339868 -0.353553
v -8.578986 5.274836 -0.191342
v -5.868018 5.339868 -0.353553
v -5.802986 5.274836 -0.191342
v -8.578986 5.274836 -0.191342
v -8.578986 5.274836 -0.191342
v -5.802986 5.274836 -0.191342
v -8.556149 5.252000 0.000000
v -5.802986 5.274836 -0.191342
v -5.780149 5.252000 0.000000
v -8.556149 5.252000 0.000000
v -8.556149 5.252000 0.000000
v -5.780149 5.252000 0.000000
v -8.556149 5.252000 3.000000
v -5.780149 5.252000 0.000000
v -5.780149 5.252000 3.000000
v -8.556149 5.252000 3.000000
v -8.556149 5.252000 3.000000
v -5.780149 5.252000 3.000000
v -8.578986 5.274836 3.191342
v -5.780149 5.252000 3.000000
v -5.802986 5.274836 3.191342
v -8.578986 5.274836 3.191342
v -8.578986 5.274836 3.191342
v -5.802986 5.274836 3.191342
v -8.644018 5.339868 3.353553
v -5.802986 5.274836 3.191342
v -5.868018 5.339868 3.353553
v -8.644018 5.339868 3.353553
v -8.644018 5.339868 3.353553
v -5.868018 5.339868 3.353553
v -8.741344 5.437195 3.461940
v -5.868018 5.339868 3.353553
v -5.965344 5.437195 3.461940
v -8.741344 5.437195 3.461940
v -8.741344 5.437195 3.461940
v -5.965344 5.437195 3.461940
v -8.856150 5.552000 3.500000
v -5.965344 5.437195 3.461940
v -6.080150 5.552000 3.500000
v -8.856150 5.552000 3.500000
v -6.080150 5.552000 -0.500000
v -6.080150 6.944000 -0.500000
v -5.965344 5.437195 -0.461940
v -6.080150 6.944000 -0.500000
v -5.965344 7.058805 -0.461940
v -5.965344 5.437195 -0.461940
v -5.965344 5.437195 -0.461940
v -5.965344 7.058805 -0.461940
v -5.868018 5.339868 -0.353553
v -5.965344 7.058805 -0.461940
v -5.868018 7.156132 -0.353553
v -5.868018 5.339868 -0.353553
v -5.868018 5.339868 -0.353553
v -5.868018 7.156132 -0.353553
v -5.802986 5.274836 -0.191342
v -5.868018 7.156132 -0.353553
v -5.802986 7.221164 -0.191342
v -5.802986 5.274836 -0.191342
v -5.802986 5.274836 -0.191342
v -5.802986 7.221164 -0.191342
v -5.780149 5.252000 0.000000
v -5.802986 7.221164 -0.191342
v -5.780149 7.244000 0.000000
v -5.780149 5.252000 0.000000
v -5.780149 5.252000 0.000000
v -5.780149 7.244000 0.000000
v -5.780149 5.252000 3.000000
v -5.780149 7.244000 0.000000
v -5.780149 7.244000 3.000000
v -5.780149 5.252000 3.000000
v -5.780149 5.252000 3.000000
v -5.780149 7.244000 3.000000
v -5.802986 5.274836 3.191342
v -5.780149 7.244000 3.000000
v -5.802986 7.221164 3.191342
v -5.802986 5.274836 3.191342
v -5.802986 5.274836 3.191342
v -5.802986 7.221164 3.191342
v -5.868018 5.339868 3.353553
v -5.802986 7.221164 3.191342
v -5.868018 7.156132 3.353553
v -5.868018 5.339868 3.353553
v -5.868018 5.339868 3.353553
v -5.868018 7.156132 3.353553
v -5.965344 5.437195 3.461940
v -5.868018 7.156132 3.353553
v -5.965344 7.058805 3.461940
v -5.965344 5.437195 3.461940
v -5.965344 5.437195 3.461940
v -5.965344 7.058805 3.461940
v -6.080150 5.552000 3.500000
v -5.965344 7.058805 3.461940
v -6.080150 6.944000 3.500000
v -6.080150 5.552000 3.500000
v -6.080150 6.944000 -0.500000
v -10.240149 6.944000 -0.500000
v -5.965344 7.058805 -0.461940
v -10.240149 6.944000 -0.500000
v -10.354955 7.058805 -0.461940
v -5.965344 7.058805 -0.461940
v -5.965344 7.058805 -0.461940
v -10.354955 7.058805 -0.461940
v -5.868018 7.156132 -0.353553
v -10.354955 7.058805 -0.461940
v -10.452282 7.156132 -0.353553
v -5.868018 7.156132 -0.353553
v -5.868018 7.156132 -0.353553
v -10.452282 7.156132 -0.353553
v -5.802986 7.221164 -0.191342
v -10.452282 7.156132 -0.353553
v -10.517314 7.221164 -0.191342
v -5.802986 7.221164 -0.191342
v -5.802986 7.221164 -0.191342
v -10.517314 7.221164 -0.191342
v -5.780149 7.244000 0.000000
v -10.517314 7.221164 -0.191342
v -10.540150 7.244000 0.000000
v -5.780149 7.244000 0.000000
v -5.780149 7.244000 0.000000
v -10.540150 7.244000 0.000000
v -5.780149 7.244000 3.000000
v -10.540150 7.244000 0.000000
v -10.540150 7.244000 3.000000
v -5.780149 7.244000 3.000000
v -5.780149 7.244000 3.000000
v -10.540150 7.244000 3.000000
v -5.802986 7.221164 3.191342
v -10.540150 7.244000 3.000000
v -10.517314 7.221164 3.191342
v -5.802986 7.221164 3.191342
v -5.802986 7.221164 3.191342
v -10.517314 7.221164 3.191342
v -5.868018 7.156132 3.353553
v -10.517314 7.221164 3.191342
v -10.452282 7.156132 3.353553
v -5.868018 7.156132 3.353553
v -5.868018 7.156132 3.353553
v -10.452282 7.156132 3.353553
v -5.965344 7.058805 3.461940
v -10.452282 7.156132 3.353553
v -10.354955 7.058805 3.461940
v -5.965344 7.058805 3.461940
v -5.965344 7.058805 3.461940
v -10.354955 7.058805 3.461940
v -6.080150 6.944000 3.500000
v -10.354955 7.058805 3.461940
v -10.240149 6.944000 3.500000
v -6.080150 6.944000 3.500000
v -10.240149 6.944000 -0.500000
v -10.240149 0.000000 -0.500000
v -10.354955 7.058805 -0.461940
v -10.240149 0.000000 -0.500000
v -10.354955 -0.114805 -0.461940
v -10.354955 7.058805 -0.461940
v -10.354955 7.058805 -0.461940
v -10.354955 -0.114805 -0.461940
v -10.452282 7.156132 -0.353553
v -10.354955 -0.114805 -0.461940
v -10.452282 -0.212132 -0.353553
v -10.452282 7.156132 -0.353553
v -10.452282 7.156132 -0.353553
v -10.452282 -0.212132 -0.353553
v -10.517314 7.221164 -0.191342
v -10.452282 -0.212132 -0.353553
v -10.517314 -0.277164 -0.191342
v -10.517314 7.221164 -0.191342
v -10.517314 7.221164 -0.191342
v -10.517314 -0.277164 -0.191342
v -10.540150 7.244000 0.000000
v -10.517314 -0.277164 -0.191342
v -10.540150 -0.300000 0.000000
v -10.540150 7.244000 0.000000
v -10.540150 7.244000 0.000000
v -10.540150 -0.300000 0.000000
v -10.540150 7.244000 3.000000
v -10.540150 -0.300000 0.000000
v -10.540150 -0.300000 3.000000
v -10.540150 7.244000 3.000000
v -10.540150 7.244000 3.000000
v -10.540150 -0.300000 3.000000
v -10.517314 7.221164 3.191342
v -10.540150 -0.300000 3.000000
v -10.517314 -0.277164 3.191342
v -10.517314 7.221164 3.191342
v -10.517314 7.221164 3.191342
v -10.517314 -0.277164 3.191342
v -10.452282 7.156132 3.353553
v -10.517314 -0.277164 3.191342
v -10.452282 -0.212132 3.353553
v -10.452282 7.156132 3.353553
v -10.452282 7.156132 3.353553
v -10.452282 -0.212132 3.353553
v -10.354955 7.058805 3.461940
v -10.452282 -0.212132 3.353553
v -10.354955 -0.114805 3.461940
v -10.354955 7.058805 3.461940
v -10.354955 7.058805 3.461940
v -10.354955 -0.114805 3.461940
v -10.240149 6.944000 3.500000
v -10.354955 -0.114805 3.461940
v -10.240149 0.000000 3.500000
v -10.240149 6.944000 3.500000
v -10.240149 0.000000 -0.500000
v -6.080150 0.000000 -0.500000
v -10.354955 -0.114805 -0.461940
v -6.080150 0.000000 -0.500000
v -5.965344 -0.114805 -0.461940
v -10.354955 -0.114805 -0.461940
v -10.354955 -0.114805 -0.461940
v -5.965344 -0.114805 -0.461940
v -10.452282 -0.212132 -0.353553
v -5.965344 -0.114805 -0.461940
v -5.868018 -0.212132 -0.353553
v -10.452282 -0.212132 -0.353553
v -10.452282 -0.212132 -0.353553
v -5.868018 -0.212132 -0.353553
v -10.517314 -0.277164 -0.191342
v -5.868018 -0.212132 -0.353553
v -5.802986 -0.277164 -0.191342
v -10.517314 -0.277164 -0.191342
v -10.517314 -0.277164 -0.191342
v -5.802986 -0.277164 -0.191342
v -10.540150 -0.300000 0.000000
v -5.802986 -0.277164 -0.191342
v -5.780149 -0.300000 0.000000
v -10.540150 -0.300000 0.000000
v -10.540150 -0.300000 0.000000
v -5.780149 -0.300000 0.000000
v -10.540150 -0.300000 3.000000
v -5.780149 -0.300000 0.000000
v -5.780149 -0.300000 3.000000
v -10.540150 -0.300000 3.000000
v -10.540150 -0.300000 3.000000
v -5.780149 -0.300000 3.000000
v -10.517314 -0.277164 3.191342
v -5.780149 -0.300000 3.000000
v -5.802986 -0.277164 3.191342
v -10.517314 -0.277164 3.191342
v -10.517314 -0.277164 3.191342
v -5.802986 -0.277164 3.191342
v -10.452282 -0.212132 3.353553
v -5.802986 -0.277164 3.191342
v -5.868018 -0.212132 3.353553
v -10.452282 -0.212132 3.353553
v -10.452282 -0.212132 3.353553
v -5.868018 -0.212132 3.353553
v -10.354955 -0.114805 3.461940
v -5.868018 -0.212132 3.353553
v -5.965344 -0.114805 3.461940
v -10.354955 -0.114805 3.461940
v -10.354955 -0.114805 3.461940
v -5.965344 -0.114805 3.461940
v -10.240149 0.000000 3.500000
v -5.965344 -0.114805 3.461940
v -6.080150 0.000000 3.500000
v -10.240149 0.000000 3.500000
vn -0.0000 -0.0000 -1.0000
vn -0.0000 -0.0000 1.0000
vn 0.3147 -0.0000 -0.9492
vn 0.7440 -0.0000 -0.6681
vn 0.9282 -0.0000 -0.3721
vn 0.9930 -0.0000 -0.1185
vn 1.0000 -0.0000 -0.0000
vn 0.9930 -0.0000 0.1185
vn 0.9282 -0.0000 0.3721
vn 0.7440 -0.0000 0.6681
vn 0.3147 -0.0000 0.9492
vn -0.0000 0.3147 -0.9492
vn -0.0000 0.7440 -0.6681
vn -0.0000 0.9282 -0.3721
vn -0.0000 0.9930 -0.1185
vn -0.0000 1.0000 -0.0000
vn -0.0000 0.9930 0.1185
vn -0.0000 0.9282 0.3721
vn -0.0000 0.7440 0.6681
vn -0.0000 0.3147 0.9492
vn -0.0000 -0.3147 -0.9492
vn -0.0000 -0.7440 -0.6681
vn -0.0000 -0.9282 -0.3721
vn -0.0000 -0.9930 -0.1185
vn -0.0000 -1.0000 -0.0000
vn -0.0000 -0.9930 0.1185
vn -0.0000 -0.9282 0.3721
vn -0.0000 -0.7440 0.6681
vn -0.0000 -0.3147 0.9492
vn -0.3147 -0.0000 -0.9492
vn -0.7440 -0.0000 -0.6681
vn -0.9282 -0.0000 -0.3721
vn -0.9930 -0.0000 -0.1185
vn -1.0000 -0.0000 -0.0000
vn -0.9930 -0.0000 0.1185
vn -0.9282 -0.0000 0.3721
vn -0.7440 -0.0000 0.6681
vn -0.3147 -0.0000 0.9492
vt 5.552000 -0.392000
vt 5.552000 1.000000
vt 1.392000 1.000000
vt 5.552000 -3.168000
vt 5.552000 -1.776000
vt 2.776000 -1.776000
vt 5.552000 -5.944000
vt 5.552000 -4.552000
vt 2.776000 -4.552000
vt 2.776000 -0.392000
vt 2.776000 -3.168000
vt 1.392000 -5.944000
vt 0.000000 -0.500000
vt 1.392000 -0.500000
vt -0.114805 -0.461940
vt 1.506805 -0.461940
vt -0.212132 -0.353553
vt 1.604132 -0.353553
vt -0.277164 -0.191342
vt 1.669164 -0.191342
vt -0.300000 0.000000
vt 1.692000 0.000000
vt -0.300000 3.000000
vt 1.692000 3.000000
vt -0.277164 3.191342
vt 1.669164 3.191342
vt -0.212132 3.353553
vt 1.604132 3.353553
vt -0.114805 3.461940
vt 1.506805 3.461940
vt 0.000000 3.500000
vt 1.392000 3.500000
vt 5.552000 -0.500000
vt 2.776000 -0.500000
vt 5.666805 -0.461940
vt 2.890805 -0.461940
vt 5.764132 -0.353553
vt 2.988132 -0.353553
vt 5.829164 -0.191342
vt 3.053164 -0.191342
vt 5.852000 0.000000
vt 3.076000 0.000000
vt 5.852000 3.000000
vt 3.076000 3.000000
vt 5.829164 3.191342
vt 3.053164 3.191342
vt 5.764132 3.353553
vt 2.988132 3.353553
vt 5.666805 3.461940
vt 2.890805 3.461940
vt 5.552000 3.500000
vt 2.776000 3.500000
vt 2.661195 -0.461940
vt 2.563868 -0.353553
vt 2.498836 -0.191342
vt 2.476000 0.000000
vt 2.476000 3.000000
vt 2.498836 3.191342
vt 2.563868 3.353553
vt 2.661195 3.461940
vt 4.168000 -0.500000
vt 4.282805 -0.461940
vt 4.380132 -0.353553
vt 4.445164 -0.191342
vt 4.468000 0.000000
vt 4.468000 3.000000
vt 4.445164 3.191342
vt 4.380132 3.353553
vt 4.282805 3.461940
vt 4.168000 3.500000
vt 5.437195 -0.461940
vt 5.339868 -0.353553
vt 5.274836 -0.191342
vt 5.252000 0.000000
vt 5.252000 3.000000
vt 5.274836 3.191342
vt 5.339868 3.353553
vt 5.437195 3.461940
vt 6.944000 -0.500000
vt 7.058805 -0.461940
vt 7.156132 -0.353553
vt 7.221164 -0.191342
vt 7.244000 0.000000
vt 7.244000 3.000000
vt 7.221164 3.191342
vt 7.156132 3.353553
vt 7.058805 3.461940
vt 6.944000 3.500000
vt 1.277195 -0.461940
vt 1.179868 -0.353553
vt 1.114836 -0.191342
vt 1.092000 0.000000
vt 1.092000 3.000000
vt 1.114836 3.191342
vt 1.179868 3.353553
vt 1.277195 3.461940
s 0
usemtl Material_3
f 2797/295/121 2798/296/121 2799/297/121
f 2800/298/121 2801/299/121 2802/300/121
f 2803/301/121 2804/302/121 2805/303/121
f 2806/304/121 2807/295/121 2808/297/121
f 2809/305/121 2810/298/121 2811/300/121
f 2812/306/121 2813/301/121 2814/303/121
f 2815/304/121 2816/297/121 2817/306/121
f 2818/306/121 2819/303/121 2820/305/121
f 2821/300/121 2822/304/121 2823/306/121
f 2824/306/121 2825/305/121 2826/300/121
f 2827/297/122 2828/296/122 2829/295/122
f 2830/300/122 2831/299/122 2832/298/122
f 2833/303/122 2834/302/122 2835/301/122
f 2836/297/122 2837/295/122 2838/304/122
f 2839/300/122 2840/298/122 2841/305/122
f 2842/303/122 2843/301/122 2844/306/122
f 2845/306/122 2846/297/122 2847/304/122
f 2848/305/122 2849/303/122 2850/306/122
f 2851/306/122 2852/304/122 2853/300/122
f 2854/300/122 2855/305/122 2856/306/122
f 2857/307/123 2858/308/123 2859/309/123
f 2860/308/123 2861/310/123 2862/309/123
f 2863/309/124 2864/310/124 2865/311/124
s 1
f 2866/310/124 2867/312/124 2868/311/124
s 0
f 2869/311/125 2870/312/125 2871/313/125
f 2872/312/125 2873/314/125 2874/313/125
f 2875/313/126 2876/314/126 2877/315/126
f 2878/314/126 2879/316/126 2880/315/126
f 2881/315/127 2882/316/127 2883/317/127
f 2884/316/127 2885/318/127 2886/317/127
f 2887/317/128 2888/318/128 2889/319/128
f 2890/318/128 2891/320/128 2892/319/128
f 2893/319/129 2894/320/129 2895/321/129
f 2896/320/129 2897/322/129 2898/321/129
f 2899/321/130 2900/322/130 2901/323/130
f 2902/322/130 2903/324/130 2904/323/130
f 2905/323/131 2906/324/131 2907/325/131
f 2908/324/131 2909/326/131 2910/325/131
f 2911/327/132 2912/328/132 2913/329/132
f 2914/328/132 2915/330/132 2916/329/132
f 2917/329/133 2918/330/133 2919/331/133
f 2920/330/133 2921/332/133 2922/331/133
f 2923/331/134 2924/332/134 2925/333/134
f 2926/332/134 2927/334/134 2928/333/134
f 2929/333/135 2930/334/135 2931/335/135
f 2932/334/135 2933/336/135 2934/335/135
f 2935/335/136 2936/336/136 2937/337/136
f 2938/336/136 2939/338/136 2940/337/136
f 2941/337/137 2942/338/137 2943/339/137
f 2944/338/137 2945/340/137 2946/339/137
f 2947/339/138 2948/340/138 2949/341/138
s 1
f 2950/340/138 2951/342/138 2952/341/138
s 0
f 2953/341/139 2954/342/139 2955/343/139
f 2956/342/139 2957/344/139 2958/343/139
f 2959/343/140 2960/344/140 2961/345/140
f 2962/344/140 2963/346/140 2964/345/140
f 2965/308/123 2966/328/123 2967/310/123
f 2968/328/123 2969/347/123 2970/310/123
s 1
f 2971/310/124 2972/347/124 2973/312/124
s 0
f 2974/347/124 2975/348/124 2976/312/124
f 2977/312/125 2978/348/125 2979/314/125
f 2980/348/125 2981/349/125 2982/314/125
f 2983/314/126 2984/349/126 2985/316/126
s 1
f 2986/349/126 2987/350/126 2988/316/126
s 0
f 2989/316/127 2990/350/127 2991/318/127
f 2992/350/127 2993/351/127 2994/318/127
f 2995/318/128 2996/351/128 2997/320/128
f 2998/351/128 2999/352/128 3000/320/128
f 3001/320/129 3002/352/129 3003/322/129
s 1
f 3004/352/129 3005/353/129 3006/322/129
s 0
f 3007/322/130 3008/353/130 3009/324/130
f 3010/353/130 3011/354/130 3012/324/130
f 3013/324/131 3014/354/131 3015/326/131
f 3016/354/131 3017/346/131 3018/326/131
s 1
f 3019/328/141 3020/327/141 3021/330/141
s 0
f 3022/327/141 3023/329/141 3024/330/141
f 3025/330/142 3026/329/142 3027/332/142
f 3028/329/142 3029/331/142 3030/332/142
f 3031/332/143 3032/331/143 3033/334/143
f 3034/331/143 3035/333/143 3036/334/143
f 3037/334/144 3038/333/144 3039/336/144
f 3040/333/144 3041/335/144 3042/336/144
f 3043/336/145 3044/335/145 3045/338/145
f 3046/335/145 3047/337/145 3048/338/145
f 3049/338/146 3050/337/146 3051/340/146
f 3052/337/146 3053/339/146 3054/340/146
f 3055/340/147 3056/339/147 3057/342/147
f 3058/339/147 3059/341/147 3060/342/147
f 3061/342/148 3062/341/148 3063/344/148
f 3064/341/148 3065/343/148 3066/344/148
f 3067/344/149 3068/343/149 3069/346/149
f 3070/343/149 3071/345/149 3072/346/149
f 3073/328/123 3074/355/123 3075/347/123
f 3076/355/123 3077/356/123 3078/347/123
f 3079/347/124 3080/356/124 3081/348/124
f 3082/356/124 3083/357/124 3084/348/124
f 3085/348/125 3086/357/125 3087/349/125
f 3088/357/125 3089/358/125 3090/349/125
f 3091/349/126 3092/358/126 3093/350/126
f 3094/358/126 3095/359/126 3096/350/126
f 3097/350/127 3098/359/127 3099/351/127
f 3100/359/127 3101/360/127 3102/351/127
f 3103/351/128 3104/360/128 3105/352/128
f 3106/360/128 3107/361/128 3108/352/128
f 3109/352/129 3110/361/129 3111/353/129
f 3112/361/129 3113/362/129 3114/353/129
f 3115/353/130 3116/362/130 3117/354/130
s 1
f 3118/362/130 3119/363/130 3120/354/130
s 0
f 3121/354/131 3122/363/131 3123/346/131
f 3124/363/131 3125/364/131 3126/346/131
f 3127/327/132 3128/328/132 3129/329/132
f 3130/328/132 3131/330/132 3132/329/132
f 3133/329/133 3134/330/133 3135/331/133
f 3136/330/133 3137/332/133 3138/331/133
f 3139/331/134 3140/332/134 3141/333/134
f 3142/332/134 3143/334/134 3144/333/134
f 3145/333/135 3146/334/135 3147/335/135
f 3148/334/135 3149/336/135 3150/335/135
f 3151/335/136 3152/336/136 3153/337/136
f 3154/336/136 3155/338/136 3156/337/136
f 3157/337/137 3158/338/137 3159/339/137
f 3160/338/137 3161/340/137 3162/339/137
f 3163/339/138 3164/340/138 3165/341/138
f 3166/340/138 3167/342/138 3168/341/138
f 3169/341/139 3170/342/139 3171/343/139
f 3172/342/139 3173/344/139 3174/343/139
f 3175/343/140 3176/344/140 3177/345/140
f 3178/344/140 3179/346/140 3180/345/140
f 3181/355/123 3182/327/123 3183/356/123
f 3184/327/123 3185/365/123 3186/356/123
s 1
f 3187/356/124 3188/365/124 3189/357/124
s 0
f 3190/365/124 3191/366/124 3192/357/124
f 3193/357/125 3194/366/125 3195/358/125
f 3196/366/125 3197/367/125 3198/358/125
f 3199/358/126 3200/367/126 3201/359/126
f 3202/367/126 3203/368/126 3204/359/126
f 3205/359/127 3206/368/127 3207/360/127
f 3208/368/127 3209/369/127 3210/360/127
f 3211/360/128 3212/369/128 3213/361/128
f 3214/369/128 3215/370/128 3216/361/128
f 3217/361/129 3218/370/129 3219/362/129
f 3220/370/129 3221/371/129 3222/362/129
f 3223/362/130 3224/371/130 3225/363/130
f 3226/371/130 3227/372/130 3228/363/130
f 3229/363/131 3230/372/131 3231/364/131
f 3232/372/131 3233/345/131 3234/364/131
f 3235/328/141 3236/327/141 3237/330/141
f 3238/327/141 3239/329/141 3240/330/141
f 3241/330/142 3242/329/142 3243/332/142
f 3244/329/142 3245/331/142 3246/332/142
f 3247/332/143 3248/331/143 3249/334/143
f 3250/331/143 3251/333/143 3252/334/143
f 3253/334/144 3254/333/144 3255/336/144
f 3256/333/144 3257/335/144 3258/336/144
f 3259/336/145 3260/335/145 3261/338/145
f 3262/335/145 3263/337/145 3264/338/145
f 3265/338/146 3266/337/146 3267/340/146
f 3268/337/146 3269/339/146 3270/340/146
f 3271/340/147 3272/339/147 3273/342/147
f 3274/339/147 3275/341/147 3276/342/147
f 3277/342/148 3278/341/148 3279/344/148
f 3280/341/148 3281/343/148 3282/344/148
f 3283/344/149 3284/343/149 3285/346/149
f 3286/343/149 3287/345/149 3288/346/149
f 3289/327/123 3290/373/123 3291/365/123
f 3292/373/123 3293/374/123 3294/365/123
f 3295/365/124 3296/374/124 3297/366/124
f 3298/374/124 3299/375/124 3300/366/124
f 3301/366/125 3302/375/125 3303/367/125
f 3304/375/125 3305/376/125 3306/367/125
f 3307/367/126 3308/376/126 3309/368/126
f 3310/376/126 3311/377/126 3312/368/126
f 3313/368/127 3314/377/127 3315/369/127
f 3316/377/127 3317/378/127 3318/369/127
f 3319/369/128 3320/378/128 3321/370/128
f 3322/378/128 3323/379/128 3324/370/128
f 3325/370/129 3326/379/129 3327/371/129
f 3328/379/129 3329/380/129 3330/371/129
f 3331/371/130 3332/380/130 3333/372/130
s 1
f 3334/380/130 3335/381/130 3336/372/130
s 0
f 3337/372/131 3338/381/131 3339/345/131
f 3340/381/131 3341/382/131 3342/345/131
f 3343/327/132 3344/308/132 3345/329/132
f 3346/308/132 3347/383/132 3348/329/132
f 3349/329/133 3350/383/133 3351/331/133
f 3352/383/133 3353/384/133 3354/331/133
f 3355/331/134 3356/384/134 3357/333/134
f 3358/384/134 3359/385/134 3360/333/134
f 3361/333/135 3362/385/135 3363/335/135
f 3364/385/135 3365/386/135 3366/335/135
f 3367/335/136 3368/386/136 3369/337/136
f 3370/386/136 3371/387/136 3372/337/136
f 3373/337/137 3374/387/137 3375/339/137
f 3376/387/137 3377/388/137 3378/339/137
f 3379/339/138 3380/388/138 3381/341/138
f 3382/388/138 3383/389/138 3384/341/138
f 3385/341/139 3386/389/139 3387/343/139
f 3388/389/139 3389/390/139 3390/343/139
f 3391/343/140 3392/390/140 3393/345/140
f 3394/390/140 3395/326/140 3396/345/140
f 3397/373/150 3398/307/150 3399/374/150
f 3400/307/150 3401/309/150 3402/374/150
f 3403/374/151 3404/309/151 3405/375/151
f 3406/309/151 3407/311/151 3408/375/151
f 3409/375/152 3410/311/152 3411/376/152
f 3412/311/152 3413/313/152 3414/376/152
f 3415/376/153 3416/313/153 3417/377/153
f 3418/313/153 3419/315/153 3420/377/153
f 3421/377/154 3422/315/154 3423/378/154
f 3424/315/154 3425/317/154 3426/378/154
f 3427/378/155 3428/317/155 3429/379/155
f 3430/317/155 3431/319/155 3432/379/155
f 3433/379/156 3434/319/156 3435/380/156
f 3436/319/156 3437/321/156 3438/380/156
s 1
f 3439/380/157 3440/321/157 3441/381/157
f 3442/321/157 3443/323/157 3444/381/157
s 0
f 3445/381/158 3446/323/158 3447/382/158
f 3448/323/158 3449/325/158 3450/382/158
f 3451/308/141 3452/327/141 3453/383/141
f 3454/327/141 3455/329/141 3456/383/141
f 3457/383/142 3458/329/142 3459/384/142
f 3460/329/142 3461/331/142 3462/384/142
f 3463/384/143 3464/331/143 3465/385/143
f 3466/331/143 3467/333/143 3468/385/143
f 3469/385/144 3470/333/144 3471/386/144
f 3472/333/144 3473/335/144 3474/386/144
f 3475/386/145 3476/335/145 3477/387/145
f 3478/335/145 3479/337/145 3480/387/145
f 3481/387/146 3482/337/146 3483/388/146
f 3484/337/146 3485/339/146 3486/388/146
f 3487/388/147 3488/339/147 3489/389/147
f 3490/339/147 3491/341/147 3492/389/147
f 3493/389/148 3494/341/148 3495/390/148
f 3496/341/148 3497/343/148 3498/390/148
f 3499/390/149 3500/343/149 3501/326/149
f 3502/343/149 3503/345/149 3504/326/149
o Mesh_4
v 5.271950 5.552000 -0.500000
v 1.103950 5.552000 -0.500000
v 1.103950 6.944000 -0.500000
v 1.103950 6.944000 -0.500000
v 5.271950 6.944000 -0.500000
v 5.271950 5.552000 -0.500000
v 1.103950 6.944000 3.500000
v 1.103950 5.552000 3.500000
v 5.271950 5.552000 3.500000
v 5.271950 5.552000 3.500000
v 5.271950 6.944000 3.500000
v 1.103950 6.944000 3.500000
v 5.271950 5.552000 -0.500000
v 5.271950 6.944000 -0.500000
v 5.386755 5.437195 -0.461940
v 5.271950 6.944000 -0.500000
v 5.386755 7.058805 -0.461940
v 5.386755 5.437195 -0.461940
v 5.386755 5.437195 -0.461940
v 5.386755 7.058805 -0.461940
v 5.484082 5.339868 -0.353553
v 5.386755 7.058805 -0.461940
v 5.484082 7.156132 -0.353553
v 5.484082 5.339868 -0.353553
v 5.484082 5.339868 -0.353553
v 5.484082 7.156132 -0.353553
v 5.549114 5.274836 -0.191342
v 5.484082 7.156132 -0.353553
v 5.549114 7.221164 -0.191342
v 5.549114 5.274836 -0.191342
v 5.549114 5.274836 -0.191342
v 5.549114 7.221164 -0.191342
v 5.571950 5.252000 0.000000
v 5.549114 7.221164 -0.191342
v 5.571950 7.244000 0.000000
v 5.571950 5.252000 0.000000
v 5.571950 5.252000 0.000000
v 5.571950 7.244000 0.000000
v 5.571950 5.252000 3.000000
v 5.571950 7.244000 0.000000
v 5.571950 7.244000 3.000000
v 5.571950 5.252000 3.000000
v 5.571950 5.252000 3.000000
v 5.571950 7.244000 3.000000
v 5.549114 5.274836 3.191342
v 5.571950 7.244000 3.000000
v 5.549114 7.221164 3.191342
v 5.549114 5.274836 3.191342
v 5.549114 5.274836 3.191342
v 5.549114 7.221164 3.191342
v 5.484082 5.339868 3.353553
v 5.549114 7.221164 3.191342
v 5.484082 7.156132 3.353553
v 5.484082 5.339868 3.353553
v 5.484082 5.339868 3.353553
v 5.484082 7.156132 3.353553
v 5.386755 5.437195 3.461940
v 5.484082 7.156132 3.353553
v 5.386755 7.058805 3.461940
v 5.386755 5.437195 3.461940
v 5.386755 5.437195 3.461940
v 5.386755 7.058805 3.461940
v 5.271950 5.552000 3.500000
v 5.386755 7.058805 3.461940
v 5.271950 6.944000 3.500000
v 5.271950 5.552000 3.500000
v 5.271950 6.944000 -0.500000
v 1.103950 6.944000 -0.500000
v 5.386755 7.058805 -0.461940
v 1.103950 6.944000 -0.500000
v 0.989145 7.058805 -0.461940
v 5.386755 7.058805 -0.461940
v 5.386755 7.058805 -0.461940
v 0.989145 7.058805 -0.461940
v 5.484082 7.156132 -0.353553
v 0.989145 7.058805 -0.461940
v 0.891818 7.156132 -0.353553
v 5.484082 7.156132 -0.353553
v 5.484082 7.156132 -0.353553
v 0.891818 7.156132 -0.353553
v 5.549114 7.221164 -0.191342
v 0.891818 7.156132 -0.353553
v 0.826786 7.221164 -0.191342
v 5.549114 7.221164 -0.191342
v 5.549114 7.221164 -0.191342
v 0.826786 7.221164 -0.191342
v 5.571950 7.244000 0.000000
v 0.826786 7.221164 -0.191342
v 0.803950 7.244000 0.000000
v 5.571950 7.244000 0.000000
v 5.571950 7.244000 0.000000
v 0.803950 7.244000 0.000000
v 5.571950 7.244000 3.000000
v 0.803950 7.244000 0.000000
v 0.803950 7.244000 3.000000
v 5.571950 7.244000 3.000000
v 5.571950 7.244000 3.000000
v 0.803950 7.244000 3.000000
v 5.549114 7.221164 3.191342
v 0.803950 7.244000 3.000000
v 0.826786 7.221164 3.191342
v 5.549114 7.221164 3.191342
v 5.549114 7.221164 3.191342
v 0.826786 7.221164 3.191342
v 5.484082 7.156132 3.353553
v 0.826786 7.221164 3.191342
v 0.891818 7.156132 3.353553
v 5.484082 7.156132 3.353553
v 5.484082 7.156132 3.353553
v 0.891818 7.156132 3.353553
v 5.386755 7.058805 3.461940
v 0.891818 7.156132 3.353553
v 0.989145 7.058805 3.461940
v 5.386755 7.058805 3.461940
v 5.386755 7.058805 3.461940
v 0.989145 7.058805 3.461940
v 5.271950 6.944000 3.500000
v 0.989145 7.058805 3.461940
v 1.103950 6.944000 3.500000
v 5.271950 6.944000 3.500000
v 1.103950 6.944000 -0.500000
v 1.103950 5.552000 -0.500000
v 0.989145 7.058805 -0.461940
v 1.103950 5.552000 -0.500000
v 0.989145 5.437195 -0.461940
v 0.989145 7.058805 -0.461940
v 0.989145 7.058805 -0.461940
v 0.989145 5.437195 -0.461940
v 0.891818 7.156132 -0.353553
v 0.989145 5.437195 -0.461940
v 0.891818 5.339868 -0.353553
v 0.891818 7.156132 -0.353553
v 0.891818 7.156132 -0.353553
v 0.891818 5.339868 -0.353553
v 0.826786 7.221164 -0.191342
v 0.891818 5.339868 -0.353553
v 0.826786 5.274836 -0.191342
v 0.826786 7.221164 -0.191342
v 0.826786 7.221164 -0.191342
v 0.826786 5.274836 -0.191342
v 0.803950 7.244000 0.000000
v 0.826786 5.274836 -0.191342
v 0.803950 5.252000 0.000000
v 0.803950 7.244000 0.000000
v 0.803950 7.244000 0.000000
v 0.803950 5.252000 0.000000
v 0.803950 7.244000 3.000000
v 0.803950 5.252000 0.000000
v 0.803950 5.252000 3.000000
v 0.803950 7.244000 3.000000
v 0.803950 7.244000 3.000000
v 0.803950 5.252000 3.000000
v 0.826786 7.221164 3.191342
v 0.803950 5.252000 3.000000
v 0.826786 5.274836 3.191342
v 0.826786 7.221164 3.191342
v 0.826786 7.221164 3.191342
v 0.826786 5.274836 3.191342
v 0.891818 7.156132 3.353553
v 0.826786 5.274836 3.191342
v 0.891818 5.339868 3.353553
v 0.891818 7.156132 3.353553
v 0.891818 7.156132 3.353553
v 0.891818 5.339868 3.353553
v 0.989145 7.058805 3.461940
v 0.891818 5.339868 3.353553
v 0.989145 5.437195 3.461940
v 0.989145 7.058805 3.461940
v 0.989145 7.058805 3.461940
v 0.989145 5.437195 3.461940
v 1.103950 6.944000 3.500000
v 0.989145 5.437195 3.461940
v 1.103950 5.552000 3.500000
v 1.103950 6.944000 3.500000
v 1.103950 5.552000 -0.500000
v 5.271950 5.552000 -0.500000
v 0.989145 5.437195 -0.461940
v 5.271950 5.552000 -0.500000
v 5.386755 5.437195 -0.461940
v 0.989145 5.437195 -0.461940
v 0.989145 5.437195 -0.461940
v 5.386755 5.437195 -0.461940
v 0.891818 5.339868 -0.353553
v 5.386755 5.437195 -0.461940
v 5.484082 5.339868 -0.353553
v 0.891818 5.339868 -0.353553
v 0.891818 5.339868 -0.353553
v 5.484082 5.339868 -0.353553
v 0.826786 5.274836 -0.191342
v 5.484082 5.339868 -0.353553
v 5.549114 5.274836 -0.191342
v 0.826786 5.274836 -0.191342
v 0.826786 5.274836 -0.191342
v 5.549114 5.274836 -0.191342
v 0.803950 5.252000 0.000000
v 5.549114 5.274836 -0.191342
v 5.571950 5.252000 0.000000
v 0.803950 5.252000 0.000000
v 0.803950 5.252000 0.000000
v 5.571950 5.252000 0.000000
v 0.803950 5.252000 3.000000
v 5.571950 5.252000 0.000000
v 5.571950 5.252000 3.000000
v 0.803950 5.252000 3.000000
v 0.803950 5.252000 3.000000
v 5.571950 5.252000 3.000000
v 0.826786 5.274836 3.191342
v 5.571950 5.252000 3.000000
v 5.549114 5.274836 3.191342
v 0.826786 5.274836 3.191342
v 0.826786 5.274836 3.191342
v 5.549114 5.274836 3.191342
v 0.891818 5.339868 3.353553
v 5.549114 5.274836 3.191342
v 5.484082 5.339868 3.353553
v 0.891818 5.339868 3.353553
v 0.891818 5.339868 3.353553
v 5.484082 5.339868 3.353553
v 0.989145 5.437195 3.461940
v 5.484082 5.339868 3.353553
v 5.386755 5.437195 3.461940
v 0.989145 5.437195 3.461940
v 0.989145 5.437195 3.461940
v 5.386755 5.437195 3.461940
v 1.103950 5.552000 3.500000
v 5.386755 5.437195 3.461940
v 5.271950 5.552000 3.500000
v 1.103950 5.552000 3.500000
v 5.271950 1.392000 -0.500000
v 3.879950 1.392000 -0.500000
v 3.879950 2.776000 -0.500000
v -0.280050 5.552000 -0.500000
v 1.103950 5.552000 -0.500000
v 1.103950 4.168000 -0.500000
v 5.271950 2.776000 -0.500000
v 5.271950 1.392000 -0.500000
v 3.879950 2.776000 -0.500000
v -0.280050 4.168000 -0.500000
v -0.280050 5.552000 -0.500000
v 1.103950 4.168000 -0.500000
v 1.103950 4.168000 -0.500000
v 3.879950 4.168000 -0.500000
v 3.879950 2.776000 -0.500000
v 3.879950 2.776000 -0.500000
v 1.103950 2.776000 -0.500000
v 1.103950 4.168000 -0.500000
v 3.879950 2.776000 3.500000
v 3.879950 1.392000 3.500000
v 5.271950 1.392000 3.500000
v 1.103950 4.168000 3.500000
v 1.103950 5.552000 3.500000
v -0.280050 5.552000 3.500000
v 3.879950 2.776000 3.500000
v 5.271950 1.392000 3.500000
v 5.271950 2.776000 3.500000
v 1.103950 4.168000 3.500000
v -0.280050 5.552000 3.500000
v -0.280050 4.168000 3.500000
v 3.879950 2.776000 3.500000
v 3.879950 4.168000 3.500000
v 1.103950 4.168000 3.500000
v 1.103950 4.168000 3.500000
v 1.103950 2.776000 3.500000
v 3.879950 2.776000 3.500000
v 5.271950 1.392000 -0.500000
v 5.271950 2.776000 -0.500000
v 5.386755 1.277195 -0.461940
v 5.271950 2.776000 -0.500000
v 5.386755 2.890805 -0.461940
v 5.386755 1.277195 -0.461940
v 5.386755 1.277195 -0.461940
v 5.386755 2.890805 -0.461940
v 5.484082 1.179868 -0.353553
v 5.386755 2.890805 -0.461940
v 5.484082 2.988132 -0.353553
v 5.484082 1.179868 -0.353553
v 5.484082 1.179868 -0.353553
v 5.484082 2.988132 -0.353553
v 5.549114 1.114836 -0.191342
v 5.484082 2.988132 -0.353553
v 5.549114 3.053164 -0.191342
v 5.549114 1.114836 -0.191342
v 5.549114 1.114836 -0.191342
v 5.549114 3.053164 -0.191342
v 5.571950 1.092000 0.000000
v 5.549114 3.053164 -0.191342
v 5.571950 3.076000 0.000000
v 5.571950 1.092000 0.000000
v 5.571950 1.092000 0.000000
v 5.571950 3.076000 0.000000
v 5.571950 1.092000 3.000000
v 5.571950 3.076000 0.000000
v 5.571950 3.076000 3.000000
v 5.571950 1.092000 3.000000
v 5.571950 1.092000 3.000000
v 5.571950 3.076000 3.000000
v 5.549114 1.114836 3.191342
v 5.571950 3.076000 3.000000
v 5.549114 3.053164 3.191342
v 5.549114 1.114836 3.191342
v 5.549114 1.114836 3.191342
v 5.549114 3.053164 3.191342
v 5.484082 1.179868 3.353553
v 5.549114 3.053164 3.191342
v 5.484082 2.988132 3.353553
v 5.484082 1.179868 3.353553
v 5.484082 1.179868 3.353553
v 5.484082 2.988132 3.353553
v 5.386755 1.277195 3.461940
v 5.484082 2.988132 3.353553
v 5.386755 2.890805 3.461940
v 5.386755 1.277195 3.461940
v 5.386755 1.277195 3.461940
v 5.386755 2.890805 3.461940
v 5.271950 1.392000 3.500000
v 5.386755 2.890805 3.461940
v 5.271950 2.776000 3.500000
v 5.271950 1.392000 3.500000
v 5.271950 2.776000 -0.500000
v 3.879950 2.776000 -0.500000
v 5.386755 2.890805 -0.461940
v 3.879950 2.776000 -0.500000
v 3.994755 2.890805 -0.461940
v 5.386755 2.890805 -0.461940
v 5.386755 2.890805 -0.461940
v 3.994755 2.890805 -0.461940
v 5.484082 2.988132 -0.353553
v 3.994755 2.890805 -0.461940
v 4.092082 2.988132 -0.353553
v 5.484082 2.988132 -0.353553
v 5.484082 2.988132 -0.353553
v 4.092082 2.988132 -0.353553
v 5.549114 3.053164 -0.191342
v 4.092082 2.988132 -0.353553
v 4.157114 3.053164 -0.191342
v 5.549114 3.053164 -0.191342
v 5.549114 3.053164 -0.191342
v 4.157114 3.053164 -0.191342
v 5.571950 3.076000 0.000000
v 4.157114 3.053164 -0.191342
v 4.179950 3.076000 0.000000
v 5.571950 3.076000 0.000000
v 5.571950 3.076000 0.000000
v 4.179950 3.076000 0.000000
v 5.571950 3.076000 3.000000
v 4.179950 3.076000 0.000000
v 4.179950 3.076000 3.000000
v 5.571950 3.076000 3.000000
v 5.571950 3.076000 3.000000
v 4.179950 3.076000 3.000000
v 5.549114 3.053164 3.191342
v 4.179950 3.076000 3.000000
v 4.157114 3.053164 3.191342
v 5.549114 3.053164 3.191342
v 5.549114 3.053164 3.191342
v 4.157114 3.053164 3.191342
v 5.484082 2.988132 3.353553
v 4.157114 3.053164 3.191342
v 4.092082 2.988132 3.353553
v 5.484082 2.988132 3.353553
v 5.484082 2.988132 3.353553
v 4.092082 2.988132 3.353553
v 5.386755 2.890805 3.461940
v 4.092082 2.988132 3.353553
v 3.994755 2.890805 3.461940
v 5.386755 2.890805 3.461940
v 5.386755 2.890805 3.461940
v 3.994755 2.890805 3.461940
v 5.271950 2.776000 3.500000
v 3.994755 2.890805 3.461940
v 3.879950 2.776000 3.500000
v 5.271950 2.776000 3.500000
v 3.879950 2.776000 -0.500000
v 3.879950 4.168000 -0.500000
v 3.994755 2.890805 -0.461940
v 3.879950 4.168000 -0.500000
v 3.994755 4.282805 -0.461940
v 3.994755 2.890805 -0.461940
v 3.994755 2.890805 -0.461940
v 3.994755 4.282805 -0.461940
v 4.092082 2.988132 -0.353553
v 3.994755 4.282805 -0.461940
v 4.092082 4.380132 -0.353553
v 4.092082 2.988132 -0.353553
v 4.092082 2.988132 -0.353553
v 4.092082 4.380132 -0.353553
v 4.157114 3.053164 -0.191342
v 4.092082 4.380132 -0.353553
v 4.157114 4.445164 -0.191342
v 4.157114 3.053164 -0.191342
v 4.157114 3.053164 -0.191342
v 4.157114 4.445164 -0.191342
v 4.179950 3.076000 0.000000
v 4.157114 4.445164 -0.191342
v 4.179950 4.468000 0.000000
v 4.179950 3.076000 0.000000
v 4.179950 3.076000 0.000000
v 4.179950 4.468000 0.000000
v 4.179950 3.076000 3.000000
v 4.179950 4.468000 0.000000
v 4.179950 4.468000 3.000000
v 4.179950 3.076000 3.000000
v 4.179950 3.076000 3.000000
v 4.179950 4.468000 3.000000
v 4.157114 3.053164 3.191342
v 4.179950 4.468000 3.000000
v 4.157114 4.445164 3.191342
v 4.157114 3.053164 3.191342
v 4.157114 3.053164 3.191342
v 4.157114 4.445164 3.191342
v 4.092082 2.988132 3.353553
v 4.157114 4.445164 3.191342
v 4.092082 4.380132 3.353553
v 4.092082 2.988132 3.353553
v 4.092082 2.988132 3.353553
v 4.092082 4.380132 3.353553
v 3.994755 2.890805 3.461940
v 4.092082 4.380132 3.353553
v 3.994755 4.282805 3.461940
v 3.994755 2.890805 3.461940
v 3.994755 2.890805 3.461940
v 3.994755 4.282805 3.461940
v 3.879950 2.776000 3.500000
v 3.994755 4.282805 3.461940
v 3.879950 4.168000 3.500000
v 3.879950 2.776000 3.500000
v 3.879950 4.168000 -0.500000
v 1.103950 4.168000 -0.500000
v 3.994755 4.282805 -0.461940
v 1.103950 4.168000 -0.500000
v 1.218755 4.282805 -0.461940
v 3.994755 4.282805 -0.461940
v 3.994755 4.282805 -0.461940
v 1.218755 4.282805 -0.461940
v 4.092082 4.380132 -0.353553
v 1.218755 4.282805 -0.461940
v 1.316082 4.380132 -0.353553
v 4.092082 4.380132 -0.353553
v 4.092082 4.380132 -0.353553
v 1.316082 4.380132 -0.353553
v 4.157114 4.445164 -0.191342
v 1.316082 4.380132 -0.353553
v 1.381114 4.445164 -0.191342
v 4.157114 4.445164 -0.191342
v 4.157114 4.445164 -0.191342
v 1.381114 4.445164 -0.191342
v 4.179950 4.468000 0.000000
v 1.381114 4.445164 -0.191342
v 1.403950 4.468000 0.000000
v 4.179950 4.468000 0.000000
v 4.179950 4.468000 0.000000
v 1.403950 4.468000 0.000000
v 4.179950 4.468000 3.000000
v 1.403950 4.468000 0.000000
v 1.403950 4.468000 3.000000
v 4.179950 4.468000 3.000000
v 4.179950 4.468000 3.000000
v 1.403950 4.468000 3.000000
v 4.157114 4.445164 3.191342
v 1.403950 4.468000 3.000000
v 1.381114 4.445164 3.191342
v 4.157114 4.445164 3.191342
v 4.157114 4.445164 3.191342
v 1.381114 4.445164 3.191342
v 4.092082 4.380132 3.353553
v 1.381114 4.445164 3.191342
v 1.316082 4.380132 3.353553
v 4.092082 4.380132 3.353553
v 4.092082 4.380132 3.353553
v 1.316082 4.380132 3.353553
v 3.994755 4.282805 3.461940
v 1.316082 4.380132 3.353553
v 1.218755 4.282805 3.461940
v 3.994755 4.282805 3.461940
v 3.994755 4.282805 3.461940
v 1.218755 4.282805 3.461940
v 3.879950 4.168000 3.500000
v 1.218755 4.282805 3.461940
v 1.103950 4.168000 3.500000
v 3.879950 4.168000 3.500000
v 1.103950 4.168000 -0.500000
v 1.103950 5.552000 -0.500000
v 1.218755 4.282805 -0.461940
v 1.103950 5.552000 -0.500000
v 1.218755 5.666805 -0.461940
v 1.218755 4.282805 -0.461940
v 1.218755 4.282805 -0.461940
v 1.218755 5.666805 -0.461940
v 1.316082 4.380132 -0.353553
v 1.218755 5.666805 -0.461940
v 1.316082 5.764132 -0.353553
v 1.316082 4.380132 -0.353553
v 1.316082 4.380132 -0.353553
v 1.316082 5.764132 -0.353553
v 1.381114 4.445164 -0.191342
v 1.316082 5.764132 -0.353553
v 1.381114 5.829164 -0.191342
v 1.381114 4.445164 -0.191342
v 1.381114 4.445164 -0.191342
v 1.381114 5.829164 -0.191342
v 1.403950 4.468000 0.000000
v 1.381114 5.829164 -0.191342
v 1.403950 5.852000 0.000000
v 1.403950 4.468000 0.000000
v 1.403950 4.468000 0.000000
v 1.403950 5.852000 0.000000
v 1.403950 4.468000 3.000000
v 1.403950 5.852000 0.000000
v 1.403950 5.852000 3.000000
v 1.403950 4.468000 3.000000
v 1.403950 4.468000 3.000000
v 1.403950 5.852000 3.000000
v 1.381114 4.445164 3.191342
v 1.403950 5.852000 3.000000
v 1.381114 5.829164 3.191342
v 1.381114 4.445164 3.191342
v 1.381114 4.445164 3.191342
v 1.381114 5.829164 3.191342
v 1.316082 4.380132 3.353553
v 1.381114 5.829164 3.191342
v 1.316082 5.764132 3.353553
v 1.316082 4.380132 3.353553
v 1.316082 4.380132 3.353553
v 1.316082 5.764132 3.353553
v 1.218755 4.282805 3.461940
v 1.316082 5.764132 3.353553
v 1.218755 5.666805 3.461940
v 1.218755 4.282805 3.461940
v 1.218755 4.282805 3.461940
v 1.218755 5.666805 3.461940
v 1.103950 4.168000 3.500000
v 1.218755 5.666805 3.461940
v 1.103950 5.552000 3.500000
v 1.103950 4.168000 3.500000
v 1.103950 5.552000 -0.500000
v -0.280050 5.552000 -0.500000
v 1.218755 5.666805 -0.461940
v -0.280050 5.552000 -0.500000
v -0.394855 5.666805 -0.461940
v 1.218755 5.666805 -0.461940
v 1.218755 5.666805 -0.461940
v -0.394855 5.666805 -0.461940
v 1.316082 5.764132 -0.353553
v -0.394855 5.666805 -0.461940
v -0.492182 5.764132 -0.353553
v 1.316082 5.764132 -0.353553
v 1.316082 5.764132 -0.353553
v -0.492182 5.764132 -0.353553
v 1.381114 5.829164 -0.191342
v -0.492182 5.764132 -0.353553
v -0.557214 5.829164 -0.191342
v 1.381114 5.829164 -0.191342
v 1.381114 5.829164 -0.191342
v -0.557214 5.829164 -0.191342
v 1.403950 5.852000 0.000000
v -0.557214 5.829164 -0.191342
v -0.580050 5.852000 0.000000
v 1.403950 5.852000 0.000000
v 1.403950 5.852000 0.000000
v -0.580050 5.852000 0.000000
v 1.403950 5.852000 3.000000
v -0.580050 5.852000 0.000000
v -0.580050 5.852000 3.000000
v 1.403950 5.852000 3.000000
v 1.403950 5.852000 3.000000
v -0.580050 5.852000 3.000000
v 1.381114 5.829164 3.191342
v -0.580050 5.852000 3.000000
v -0.557214 5.829164 3.191342
v 1.381114 5.829164 3.191342
v 1.381114 5.829164 3.191342
v -0.557214 5.829164 3.191342
v 1.316082 5.764132 3.353553
v -0.557214 5.829164 3.191342
v -0.492182 5.764132 3.353553
v 1.316082 5.764132 3.353553
v 1.316082 5.764132 3.353553
v -0.492182 5.764132 3.353553
v 1.218755 5.666805 3.461940
v -0.492182 5.764132 3.353553
v -0.394855 5.666805 3.461940
v 1.218755 5.666805 3.461940
v 1.218755 5.666805 3.461940
v -0.394855 5.666805 3.461940
v 1.103950 5.552000 3.500000
v -0.394855 5.666805 3.461940
v -0.280050 5.552000 3.500000
v 1.103950 5.552000 3.500000
v -0.280050 5.552000 -0.500000
v -0.280050 4.168000 -0.500000
v -0.394855 5.666805 -0.461940
v -0.280050 4.168000 -0.500000
v -0.394855 4.053195 -0.461940
v -0.394855 5.666805 -0.461940
v -0.394855 5.666805 -0.461940
v -0.394855 4.053195 -0.461940
v -0.492182 5.764132 -0.353553
v -0.394855 4.053195 -0.461940
v -0.492182 3.955868 -0.353553
v -0.492182 5.764132 -0.353553
v -0.492182 5.764132 -0.353553
v -0.492182 3.955868 -0.353553
v -0.557214 5.829164 -0.191342
v -0.492182 3.955868 -0.353553
v -0.557214 3.890836 -0.191342
v -0.557214 5.829164 -0.191342
v -0.557214 5.829164 -0.191342
v -0.557214 3.890836 -0.191342
v -0.580050 5.852000 0.000000
v -0.557214 3.890836 -0.191342
v -0.580050 3.868000 0.000000
v -0.580050 5.852000 0.000000
v -0.580050 5.852000 0.000000
v -0.580050 3.868000 0.000000
v -0.580050 5.852000 3.000000
v -0.580050 3.868000 0.000000
v -0.580050 3.868000 3.000000
v -0.580050 5.852000 3.000000
v -0.580050 5.852000 3.000000
v -0.580050 3.868000 3.000000
v -0.557214 5.829164 3.191342
v -0.580050 3.868000 3.000000
v -0.557214 3.890836 3.191342
v -0.557214 5.829164 3.191342
v -0.557214 5.829164 3.191342
v -0.557214 3.890836 3.191342
v -0.492182 5.764132 3.353553
v -0.557214 3.890836 3.191342
v -0.492182 3.955868 3.353553
v -0.492182 5.764132 3.353553
v -0.492182 5.764132 3.353553
v -0.492182 3.955868 3.353553
v -0.394855 5.666805 3.461940
v -0.492182 3.955868 3.353553
v -0.394855 4.053195 3.461940
v -0.394855 5.666805 3.461940
v -0.394855 5.666805 3.461940
v -0.394855 4.053195 3.461940
v -0.280050 5.552000 3.500000
v -0.394855 4.053195 3.461940
v -0.280050 4.168000 3.500000
v -0.280050 5.552000 3.500000
v -0.280050 4.168000 -0.500000
v 1.103950 4.168000 -0.500000
v -0.394855 4.053195 -0.461940
v 1.103950 4.168000 -0.500000
v 0.989145 4.053195 -0.461940
v -0.394855 4.053195 -0.461940
v -0.394855 4.053195 -0.461940
v 0.989145 4.053195 -0.461940
v -0.492182 3.955868 -0.353553
v 0.989145 4.053195 -0.461940
v 0.891818 3.955868 -0.353553
v -0.492182 3.955868 -0.353553
v -0.492182 3.955868 -0.353553
v 0.891818 3.955868 -0.353553
v -0.557214 3.890836 -0.191342
v 0.891818 3.955868 -0.353553
v 0.826786 3.890836 -0.191342
v -0.557214 3.890836 -0.191342
v -0.557214 3.890836 -0.191342
v 0.826786 3.890836 -0.191342
v -0.580050 3.868000 0.000000
v 0.826786 3.890836 -0.191342
v 0.803950 3.868000 0.000000
v -0.580050 3.868000 0.000000
v -0.580050 3.868000 0.000000
v 0.803950 3.868000 0.000000
v -0.580050 3.868000 3.000000
v 0.803950 3.868000 0.000000
v 0.803950 3.868000 3.000000
v -0.580050 3.868000 3.000000
v -0.580050 3.868000 3.000000
v 0.803950 3.868000 3.000000
v -0.557214 3.890836 3.191342
v 0.803950 3.868000 3.000000
v 0.826786 3.890836 3.191342
v -0.557214 3.890836 3.191342
v -0.557214 3.890836 3.191342
v 0.826786 3.890836 3.191342
v -0.492182 3.955868 3.353553
v 0.826786 3.890836 3.191342
v 0.891818 3.955868 3.353553
v -0.492182 3.955868 3.353553
v -0.492182 3.955868 3.353553
v 0.891818 3.955868 3.353553
v -0.394855 4.053195 3.461940
v 0.891818 3.955868 3.353553
v 0.989145 4.053195 3.461940
v -0.394855 4.053195 3.461940
v -0.394855 4.053195 3.461940
v 0.989145 4.053195 3.461940
v -0.280050 4.168000 3.500000
v 0.989145 4.053195 3.461940
v 1.103950 4.168000 3.500000
v -0.280050 4.168000 3.500000
v 1.103950 4.168000 -0.500000
v 1.103950 2.776000 -0.500000
v 0.989145 4.053195 -0.461940
v 1.103950 2.776000 -0.500000
v 0.989145 2.661195 -0.461940
v 0.989145 4.053195 -0.461940
v 0.989145 4.053195 -0.461940
v 0.989145 2.661195 -0.461940
v 0.891818 3.955868 -0.353553
v 0.989145 2.661195 -0.461940
v 0.891818 2.563868 -0.353553
v 0.891818 3.955868 -0.353553
v 0.891818 3.955868 -0.353553
v 0.891818 2.563868 -0.353553
v 0.826786 3.890836 -0.191342
v 0.891818 2.563868 -0.353553
v 0.826786 2.498836 -0.191342
v 0.826786 3.890836 -0.191342
v 0.826786 3.890836 -0.191342
v 0.826786 2.498836 -0.191342
v 0.803950 3.868000 0.000000
v 0.826786 2.498836 -0.191342
v 0.803950 2.476000 0.000000
v 0.803950 3.868000 0.000000
v 0.803950 3.868000 0.000000
v 0.803950 2.476000 0.000000
v 0.803950 3.868000 3.000000
v 0.803950 2.476000 0.000000
v 0.803950 2.476000 3.000000
v 0.803950 3.868000 3.000000
v 0.803950 3.868000 3.000000
v 0.803950 2.476000 3.000000
v 0.826786 3.890836 3.191342
v 0.803950 2.476000 3.000000
v 0.826786 2.498836 3.191342
v 0.826786 3.890836 3.191342
v 0.826786 3.890836 3.191342
v 0.826786 2.498836 3.191342
v 0.891818 3.955868 3.353553
v 0.826786 2.498836 3.191342
v 0.891818 2.563868 3.353553
v 0.891818 3.955868 3.353553
v 0.891818 3.955868 3.353553
v 0.891818 2.563868 3.353553
v 0.989145 4.053195 3.461940
v 0.891818 2.563868 3.353553
v 0.989145 2.661195 3.461940
v 0.989145 4.053195 3.461940
v 0.989145 4.053195 3.461940
v 0.989145 2.661195 3.461940
v 1.103950 4.168000 3.500000
v 0.989145 2.661195 3.461940
v 1.103950 2.776000 3.500000
v 1.103950 4.168000 3.500000
v 1.103950 2.776000 -0.500000
v 3.879950 2.776000 -0.500000
v 0.989145 2.661195 -0.461940
v 3.879950 2.776000 -0.500000
v 3.765145 2.661195 -0.461940
v 0.989145 2.661195 -0.461940
v 0.989145 2.661195 -0.461940
v 3.765145 2.661195 -0.461940
v 0.891818 2.563868 -0.353553
v 3.765145 2.661195 -0.461940
v 3.667818 2.563868 -0.353553
v 0.891818 2.563868 -0.353553
v 0.891818 2.563868 -0.353553
v 3.667818 2.563868 -0.353553
v 0.826786 2.498836 -0.191342
v 3.667818 2.563868 -0.353553
v 3.602786 2.498836 -0.191342
v 0.826786 2.498836 -0.191342
v 0.826786 2.498836 -0.191342
v 3.602786 2.498836 -0.191342
v 0.803950 2.476000 0.000000
v 3.602786 2.498836 -0.191342
v 3.579950 2.476000 0.000000
v 0.803950 2.476000 0.000000
v 0.803950 2.476000 0.000000
v 3.579950 2.476000 0.000000
v 0.803950 2.476000 3.000000
v 3.579950 2.476000 0.000000
v 3.579950 2.476000 3.000000
v 0.803950 2.476000 3.000000
v 0.803950 2.476000 3.000000
v 3.579950 2.476000 3.000000
v 0.826786 2.498836 3.191342
v 3.579950 2.476000 3.000000
v 3.602786 2.498836 3.191342
v 0.826786 2.498836 3.191342
v 0.826786 2.498836 3.191342
v 3.602786 2.498836 3.191342
v 0.891818 2.563868 3.353553
v 3.602786 2.498836 3.191342
v 3.667818 2.563868 3.353553
v 0.891818 2.563868 3.353553
v 0.891818 2.563868 3.353553
v 3.667818 2.563868 3.353553
v 0.989145 2.661195 3.461940
v 3.667818 2.563868 3.353553
v 3.765145 2.661195 3.461940
v 0.989145 2.661195 3.461940
v 0.989145 2.661195 3.461940
v 3.765145 2.661195 3.461940
v 1.103950 2.776000 3.500000
v 3.765145 2.661195 3.461940
v 3.879950 2.776000 3.500000
v 1.103950 2.776000 3.500000
v 3.879950 2.776000 -0.500000
v 3.879950 1.392000 -0.500000
v 3.765145 2.661195 -0.461940
v 3.879950 1.392000 -0.500000
v 3.765145 1.277195 -0.461940
v 3.765145 2.661195 -0.461940
v 3.765145 2.661195 -0.461940
v 3.765145 1.277195 -0.461940
v 3.667818 2.563868 -0.353553
v 3.765145 1.277195 -0.461940
v 3.667818 1.179868 -0.353553
v 3.667818 2.563868 -0.353553
v 3.667818 2.563868 -0.353553
v 3.667818 1.179868 -0.353553
v 3.602786 2.498836 -0.191342
v 3.667818 1.179868 -0.353553
v 3.602786 1.114836 -0.191342
v 3.602786 2.498836 -0.191342
v 3.602786 2.498836 -0.191342
v 3.602786 1.114836 -0.191342
v 3.579950 2.476000 0.000000
v 3.602786 1.114836 -0.191342
v 3.579950 1.092000 0.000000
v 3.579950 2.476000 0.000000
v 3.579950 2.476000 0.000000
v 3.579950 1.092000 0.000000
v 3.579950 2.476000 3.000000
v 3.579950 1.092000 0.000000
v 3.579950 1.092000 3.000000
v 3.579950 2.476000 3.000000
v 3.579950 2.476000 3.000000
v 3.579950 1.092000 3.000000
v 3.602786 2.498836 3.191342
v 3.579950 1.092000 3.000000
v 3.602786 1.114836 3.191342
v 3.602786 2.498836 3.191342
v 3.602786 2.498836 3.191342
v 3.602786 1.114836 3.191342
v 3.667818 2.563868 3.353553
v 3.602786 1.114836 3.191342
v 3.667818 1.179868 3.353553
v 3.667818 2.563868 3.353553
v 3.667818 2.563868 3.353553
v 3.667818 1.179868 3.353553
v 3.765145 2.661195 3.461940
v 3.667818 1.179868 3.353553
v 3.765145 1.277195 3.461940
v 3.765145 2.661195 3.461940
v 3.765145 2.661195 3.461940
v 3.765145 1.277195 3.461940
v 3.879950 2.776000 3.500000
v 3.765145 1.277195 3.461940
v 3.879950 1.392000 3.500000
v 3.879950 2.776000 3.500000
v 3.879950 1.392000 -0.500000
v 5.271950 1.392000 -0.500000
v 3.765145 1.277195 -0.461940
v 5.271950 1.392000 -0.500000
v 5.386755 1.277195 -0.461940
v 3.765145 1.277195 -0.461940
v 3.765145 1.277195 -0.461940
v 5.386755 1.277195 -0.461940
v 3.667818 1.179868 -0.353553
v 5.386755 1.277195 -0.461940
v 5.484082 1.179868 -0.353553
v 3.667818 1.179868 -0.353553
v 3.667818 1.179868 -0.353553
v 5.484082 1.179868 -0.353553
v 3.602786 1.114836 -0.191342
v 5.484082 1.179868 -0.353553
v 5.549114 1.114836 -0.191342
v 3.602786 1.114836 -0.191342
v 3.602786 1.114836 -0.191342
v 5.549114 1.114836 -0.191342
v 3.579950 1.092000 0.000000
v 5.549114 1.114836 -0.191342
v 5.571950 1.092000 0.000000
v 3.579950 1.092000 0.000000
v 3.579950 1.092000 0.000000
v 5.571950 1.092000 0.000000
v 3.579950 1.092000 3.000000
v 5.571950 1.092000 0.000000
v 5.571950 1.092000 3.000000
v 3.579950 1.092000 3.000000
v 3.579950 1.092000 3.000000
v 5.571950 1.092000 3.000000
v 3.602786 1.114836 3.191342
v 5.571950 1.092000 3.000000
v 5.549114 1.114836 3.191342
v 3.602786 1.114836 3.191342
v 3.602786 1.114836 3.191342
v 5.549114 1.114836 3.191342
v 3.667818 1.179868 3.353553
v 5.549114 1.114836 3.191342
v 5.484082 1.179868 3.353553
v 3.667818 1.179868 3.353553
v 3.667818 1.179868 3.353553
v 5.484082 1.179868 3.353553
v 3.765145 1.277195 3.461940
v 5.484082 1.179868 3.353553
v 5.386755 1.277195 3.461940
v 3.765145 1.277195 3.461940
v 3.765145 1.277195 3.461940
v 5.386755 1.277195 3.461940
v 3.879950 1.392000 3.500000
v 5.386755 1.277195 3.461940
v 5.271950 1.392000 3.500000
v 3.879950 1.392000 3.500000
v 3.879950 0.000000 -0.500000
v -0.280050 0.000000 -0.500000
v -0.280050 1.392000 -0.500000
v -0.280050 1.392000 -0.500000
v 3.879950 1.392000 -0.500000
v 3.879950 0.000000 -0.500000
v -0.280050 1.392000 3.500000
v -0.280050 0.000000 3.500000
v 3.879950 0.000000 3.500000
v 3.879950 0.000000 3.500000
v 3.879950 1.392000 3.500000
v -0.280050 1.392000 3.500000
v 3.879950 0.000000 -0.500000
v 3.879950 1.392000 -0.500000
v 3.994755 -0.114805 -0.461940
v 3.879950 1.392000 -0.500000
v 3.994755 1.506805 -0.461940
v 3.994755 -0.114805 -0.461940
v 3.994755 -0.114805 -0.461940
v 3.994755 1.506805 -0.461940
v 4.092082 -0.212132 -0.353553
v 3.994755 1.506805 -0.461940
v 4.092082 1.604132 -0.353553
v 4.092082 -0.212132 -0.353553
v 4.092082 -0.212132 -0.353553
v 4.092082 1.604132 -0.353553
v 4.157114 -0.277164 -0.191342
v 4.092082 1.604132 -0.353553
v 4.157114 1.669164 -0.191342
v 4.157114 -0.277164 -0.191342
v 4.157114 -0.277164 -0.191342
v 4.157114 1.669164 -0.191342
v 4.179950 -0.300000 0.000000
v 4.157114 1.669164 -0.191342
v 4.179950 1.692000 0.000000
v 4.179950 -0.300000 0.000000
v 4.179950 -0.300000 0.000000
v 4.179950 1.692000 0.000000
v 4.179950 -0.300000 3.000000
v 4.179950 1.692000 0.000000
v 4.179950 1.692000 3.000000
v 4.179950 -0.300000 3.000000
v 4.179950 -0.300000 3.000000
v 4.179950 1.692000 3.000000
v 4.157114 -0.277164 3.191342
v 4.179950 1.692000 3.000000
v 4.157114 1.669164 3.191342
v 4.157114 -0.277164 3.191342
v 4.157114 -0.277164 3.191342
v 4.157114 1.669164 3.191342
v 4.092082 -0.212132 3.353553
v 4.157114 1.669164 3.191342
v 4.092082 1.604132 3.353553
v 4.092082 -0.212132 3.353553
v 4.092082 -0.212132 3.353553
v 4.092082 1.604132 3.353553
v 3.994755 -0.114805 3.461940
v 4.092082 1.604132 3.353553
v 3.994755 1.506805 3.461940
v 3.994755 -0.114805 3.461940
v 3.994755 -0.114805 3.461940
v 3.994755 1.506805 3.461940
v 3.879950 0.000000 3.500000
v 3.994755 1.506805 3.461940
v 3.879950 1.392000 3.500000
v 3.879950 0.000000 3.500000
v 3.879950 1.392000 -0.500000
v -0.280050 1.392000 -0.500000
v 3.994755 1.506805 -0.461940
v -0.280050 1.392000 -0.500000
v -0.394855 1.506805 -0.461940
v 3.994755 1.506805 -0.461940
v 3.994755 1.506805 -0.461940
v -0.394855 1.506805 -0.461940
v 4.092082 1.604132 -0.353553
v -0.394855 1.506805 -0.461940
v -0.492182 1.604132 -0.353553
v 4.092082 1.604132 -0.353553
v 4.092082 1.604132 -0.353553
v -0.492182 1.604132 -0.353553
v 4.157114 1.669164 -0.191342
v -0.492182 1.604132 -0.353553
v -0.557214 1.669164 -0.191342
v 4.157114 1.669164 -0.191342
v 4.157114 1.669164 -0.191342
v -0.557214 1.669164 -0.191342
v 4.179950 1.692000 0.000000
v -0.557214 1.669164 -0.191342
v -0.580050 1.692000 0.000000
v 4.179950 1.692000 0.000000
v 4.179950 1.692000 0.000000
v -0.580050 1.692000 0.000000
v 4.179950 1.692000 3.000000
v -0.580050 1.692000 0.000000
v -0.580050 1.692000 3.000000
v 4.179950 1.692000 3.000000
v 4.179950 1.692000 3.000000
v -0.580050 1.692000 3.000000
v 4.157114 1.669164 3.191342
v -0.580050 1.692000 3.000000
v -0.557214 1.669164 3.191342
v 4.157114 1.669164 3.191342
v 4.157114 1.669164 3.191342
v -0.557214 1.669164 3.191342
v 4.092082 1.604132 3.353553
v -0.557214 1.669164 3.191342
v -0.492182 1.604132 3.353553
v 4.092082 1.604132 3.353553
v 4.092082 1.604132 3.353553
v -0.492182 1.604132 3.353553
v 3.994755 1.506805 3.461940
v -0.492182 1.604132 3.353553
v -0.394855 1.506805 3.461940
v 3.994755 1.506805 3.461940
v 3.994755 1.506805 3.461940
v -0.394855 1.506805 3.461940
v 3.879950 1.392000 3.500000
v -0.394855 1.506805 3.461940
v -0.280050 1.392000 3.500000
v 3.879950 1.392000 3.500000
v -0.280050 1.392000 -0.500000
v -0.280050 0.000000 -0.500000
v -0.394855 1.506805 -0.461940
v -0.280050 0.000000 -0.500000
v -0.394855 -0.114805 -0.461940
v -0.394855 1.506805 -0.461940
v -0.394855 1.506805 -0.461940
v -0.394855 -0.114805 -0.461940
v -0.492182 1.604132 -0.353553
v -0.394855 -0.114805 -0.461940
v -0.492182 -0.212132 -0.353553
v -0.492182 1.604132 -0.353553
v -0.492182 1.604132 -0.353553
v -0.492182 -0.212132 -0.353553
v -0.557214 1.669164 -0.191342
v -0.492182 -0.212132 -0.353553
v -0.557214 -0.277164 -0.191342
v -0.557214 1.669164 -0.191342
v -0.557214 1.669164 -0.191342
v -0.557214 -0.277164 -0.191342
v -0.580050 1.692000 0.000000
v -0.557214 -0.277164 -0.191342
v -0.580050 -0.300000 0.000000
v -0.580050 1.692000 0.000000
v -0.580050 1.692000 0.000000
v -0.580050 -0.300000 0.000000
v -0.580050 1.692000 3.000000
v -0.580050 -0.300000 0.000000
v -0.580050 -0.300000 3.000000
v -0.580050 1.692000 3.000000
v -0.580050 1.692000 3.000000
v -0.580050 -0.300000 3.000000
v -0.557214 1.669164 3.191342
v -0.580050 -0.300000 3.000000
v -0.557214 -0.277164 3.191342
v -0.557214 1.669164 3.191342
v -0.557214 1.669164 3.191342
v -0.557214 -0.277164 3.191342
v -0.492182 1.604132 3.353553
v -0.557214 -0.277164 3.191342
v -0.492182 -0.212132 3.353553
v -0.492182 1.604132 3.353553
v -0.492182 1.604132 3.353553
v -0.492182 -0.212132 3.353553
v -0.394855 1.506805 3.461940
v -0.492182 -0.212132 3.353553
v -0.394855 -0.114805 3.461940
v -0.394855 1.506805 3.461940
v -0.394855 1.506805 3.461940
v -0.394855 -0.114805 3.461940
v -0.280050 1.392000 3.500000
v -0.394855 -0.114805 3.461940
v -0.280050 0.000000 3.500000
v -0.280050 1.392000 3.500000
v -0.280050 0.000000 -0.500000
v 3.879950 0.000000 -0.500000
v -0.394855 -0.114805 -0.461940
v 3.879950 0.000000 -0.500000
v 3.994755 -0.114805 -0.461940
v -0.394855 -0.114805 -0.461940
v -0.394855 -0.114805 -0.461940
v 3.994755 -0.114805 -0.461940
v -0.492182 -0.212132 -0.353553
v 3.994755 -0.114805 -0.461940
v 4.092082 -0.212132 -0.353553
v -0.492182 -0.212132 -0.353553
v -0.492182 -0.212132 -0.353553
v 4.092082 -0.212132 -0.353553
v -0.557214 -0.277164 -0.191342
v 4.092082 -0.212132 -0.353553
v 4.157114 -0.277164 -0.191342
v -0.557214 -0.277164 -0.191342
v -0.557214 -0.277164 -0.191342
v 4.157114 -0.277164 -0.191342
v -0.580050 -0.300000 0.000000
v 4.157114 -0.277164 -0.191342
v 4.179950 -0.300000 0.000000
v -0.580050 -0.300000 0.000000
v -0.580050 -0.300000 0.000000
v 4.179950 -0.300000 0.000000
v -0.580050 -0.300000 3.000000
v 4.179950 -0.300000 0.000000
v 4.179950 -0.300000 3.000000
v -0.580050 -0.300000 3.000000
v -0.580050 -0.300000 3.000000
v 4.179950 -0.300000 3.000000
v -0.557214 -0.277164 3.191342
v 4.179950 -0.300000 3.000000
v 4.157114 -0.277164 3.191342
v -0.557214 -0.277164 3.191342
v -0.557214 -0.277164 3.191342
v 4.157114 -0.277164 3.191342
v -0.492182 -0.212132 3.353553
v 4.157114 -0.277164 3.191342
v 4.092082 -0.212132 3.353553
v -0.492182 -0.212132 3.353553
v -0.492182 -0.212132 3.353553
v 4.092082 -0.212132 3.353553
v -0.394855 -0.114805 3.461940
v 4.092082 -0.212132 3.353553
v 3.994755 -0.114805 3.461940
v -0.394855 -0.114805 3.461940
v -0.394855 -0.114805 3.461940
v 3.994755 -0.114805 3.461940
v -0.280050 0.000000 3.500000
v 3.994755 -0.114805 3.461940
v 3.879950 0.000000 3.500000
v -0.280050 0.000000 3.500000
vn -0.0000 -0.0000 -1.0000
vn -0.0000 -0.0000 1.0000
vn 0.3147 -0.0000 -0.9492
vn 0.7440 -0.0000 -0.6681
vn 0.9282 -0.0000 -0.3721
vn 0.9930 -0.0000 -0.1185
vn 1.0000 -0.0000 -0.0000
vn 0.9930 -0.0000 0.1185
vn 0.9282 -0.0000 0.3721
vn 0.7440 -0.0000 0.6681
vn 0.3147 -0.0000 0.9492
vn -0.0000 0.3147 -0.9492
vn -0.0000 0.7440 -0.6681
vn -0.0000 0.9282 -0.3721
vn -0.0000 0.9930 -0.1185
vn -0.0000 1.0000 -0.0000
vn -0.0000 0.9930 0.1185
vn -0.0000 0.9282 0.3721
vn -0.0000 0.7440 0.6681
vn -0.0000 0.3147 0.9492
vn -0.3147 -0.0000 -0.9492
vn -0.7440 -0.0000 -0.6681
vn -0.9282 -0.0000 -0.3721
vn -0.9930 -0.0000 -0.1185
vn -1.0000 -0.0000 -0.0000
vn -0.9930 -0.0000 0.1185
vn -0.9282 -0.0000 0.3721
vn -0.7440 -0.0000 0.6681
vn -0.3147 -0.0000 0.9492
vn -0.0000 -0.3147 -0.9492
vn -0.0000 -0.7440 -0.6681
vn -0.0000 -0.9282 -0.3721
vn -0.0000 -0.9930 -0.1185
vn -0.0000 -1.0000 -0.0000
vn -0.0000 -0.9930 0.1185
vn -0.0000 -0.9282 0.3721
vn -0.0000 -0.7440 0.6681
vn -0.0000 -0.3147 0.9492
vn 0.7441 -0.0000 -0.6681
vn 0.7441 -0.0000 0.6681
vn -0.7441 -0.0000 0.6681
vt 6.944000 -4.552000
vt 2.776000 -4.552000
vt 2.776000 -5.944000
vt 6.944000 -5.944000
vt 5.552000 -0.500000
vt 6.944000 -0.500000
vt 5.437195 -0.461940
vt 7.058805 -0.461940
vt 5.339868 -0.353553
vt 7.156132 -0.353553
vt 5.274836 -0.191342
vt 7.221164 -0.191342
vt 5.252000 0.000000
vt 7.244000 0.000000
vt 5.252000 3.000000
vt 7.244000 3.000000
vt 5.274836 3.191342
vt 7.221164 3.191342
vt 5.339868 3.353553
vt 7.156132 3.353553
vt 5.437195 3.461940
vt 7.058805 3.461940
vt 5.552000 3.500000
vt 6.944000 3.500000
vt 2.776000 -0.500000
vt 2.661195 -0.461940
vt 2.563868 -0.353553
vt 2.498836 -0.191342
vt 2.476000 0.000000
vt 2.476000 3.000000
vt 2.498836 3.191342
vt 2.563868 3.353553
vt 2.661195 3.461940
vt 2.776000 3.500000
vt 6.944000 -0.392000
vt 5.552000 -0.392000
vt 5.552000 -1.776000
vt 1.392000 -4.552000
vt 2.776000 -3.168000
vt 6.944000 -1.776000
vt 1.392000 -3.168000
vt 5.552000 -3.168000
vt 2.776000 -1.776000
vt 1.392000 -0.500000
vt 1.277195 -0.461940
vt 2.890805 -0.461940
vt 1.179868 -0.353553
vt 2.988132 -0.353553
vt 1.114836 -0.191342
vt 3.053164 -0.191342
vt 1.092000 0.000000
vt 3.076000 0.000000
vt 1.092000 3.000000
vt 3.076000 3.000000
vt 1.114836 3.191342
vt 3.053164 3.191342
vt 1.179868 3.353553
vt 2.988132 3.353553
vt 1.277195 3.461940
vt 2.890805 3.461940
vt 1.392000 3.500000
vt 5.666805 -0.461940
vt 5.764132 -0.353553
vt 5.829164 -0.191342
vt 5.852000 0.000000
vt 5.852000 3.000000
vt 5.829164 3.191342
vt 5.764132 3.353553
vt 5.666805 3.461940
vt 4.168000 -0.500000
vt 4.282805 -0.461940
vt 4.380132 -0.353553
vt 4.445164 -0.191342
vt 4.468000 0.000000
vt 4.468000 3.000000
vt 4.445164 3.191342
vt 4.380132 3.353553
vt 4.282805 3.461940
vt 4.168000 3.500000
vt 4.053195 -0.461940
vt 3.955868 -0.353553
vt 3.890836 -0.191342
vt 3.868000 0.000000
vt 3.868000 3.000000
vt 3.890836 3.191342
vt 3.955868 3.353553
vt 4.053195 3.461940
vt 5.552000 1.000000
vt 1.392000 1.000000
vt 1.392000 -0.392000
vt 0.000000 -0.500000
vt -0.114805 -0.461940
vt 1.506805 -0.461940
vt -0.212132 -0.353553
vt 1.604132 -0.353553
vt -0.277164 -0.191342
vt 1.669164 -0.191342
vt -0.300000 0.000000
vt 1.692000 0.000000
vt -0.300000 3.000000
vt 1.692000 3.000000
vt -0.277164 3.191342
vt 1.669164 3.191342
vt -0.212132 3.353553
vt 1.604132 3.353553
vt -0.114805 3.461940
vt 1.506805 3.461940
vt 0.000000 3.500000
s 0
usemtl Material_4
f 3505/391/159 3506/392/159 3507/393/159
f 3508/393/159 3509/394/159 3510/391/159
f 3511/393/160 3512/392/160 3513/391/160
f 3514/391/160 3515/394/160 3516/393/160
f 3517/395/161 3518/396/161 3519/397/161
f 3520/396/161 3521/398/161 3522/397/161
f 3523/397/162 3524/398/162 3525/399/162
f 3526/398/162 3527/400/162 3528/399/162
f 3529/399/163 3530/400/163 3531/401/163
f 3532/400/163 3533/402/163 3534/401/163
f 3535/401/164 3536/402/164 3537/403/164
f 3538/402/164 3539/404/164 3540/403/164
f 3541/403/165 3542/404/165 3543/405/165
f 3544/404/165 3545/406/165 3546/405/165
f 3547/405/166 3548/406/166 3549/407/166
f 3550/406/166 3551/408/166 3552/407/166
f 3553/407/167 3554/408/167 3555/409/167
f 3556/408/167 3557/410/167 3558/409/167
f 3559/409/168 3560/410/168 3561/411/168
f 3562/410/168 3563/412/168 3564/411/168
f 3565/411/169 3566/412/169 3567/413/169
f 3568/412/169 3569/414/169 3570/413/169
f 3571/396/170 3572/415/170 3573/398/170
f 3574/415/170 3575/416/170 3576/398/170
f 3577/398/171 3578/416/171 3579/400/171
f 3580/416/171 3581/417/171 3582/400/171
f 3583/400/172 3584/417/172 3585/402/172
f 3586/417/172 3587/418/172 3588/402/172
f 3589/402/173 3590/418/173 3591/404/173
f 3592/418/173 3593/419/173 3594/404/173
f 3595/404/174 3596/419/174 3597/406/174
f 3598/419/174 3599/420/174 3600/406/174
f 3601/406/175 3602/420/175 3603/408/175
f 3604/420/175 3605/421/175 3606/408/175
f 3607/408/176 3608/421/176 3609/410/176
f 3610/421/176 3611/422/176 3612/410/176
f 3613/410/177 3614/422/177 3615/412/177
f 3616/422/177 3617/423/177 3618/412/177
f 3619/412/178 3620/423/178 3621/414/178
f 3622/423/178 3623/424/178 3624/414/178
f 3625/396/179 3626/395/179 3627/398/179
f 3628/395/179 3629/397/179 3630/398/179
f 3631/398/180 3632/397/180 3633/400/180
s 1
f 3634/397/180 3635/399/180 3636/400/180
s 0
f 3637/400/181 3638/399/181 3639/402/181
f 3640/399/181 3641/401/181 3642/402/181
f 3643/402/182 3644/401/182 3645/404/182
f 3646/401/182 3647/403/182 3648/404/182
f 3649/404/183 3650/403/183 3651/406/183
f 3652/403/183 3653/405/183 3654/406/183
f 3655/406/184 3656/405/184 3657/408/184
f 3658/405/184 3659/407/184 3660/408/184
f 3661/408/185 3662/407/185 3663/410/185
f 3664/407/185 3665/409/185 3666/410/185
s 1
f 3667/410/186 3668/409/186 3669/412/186
s 0
f 3670/409/186 3671/411/186 3672/412/186
f 3673/412/187 3674/411/187 3675/414/187
f 3676/411/187 3677/413/187 3678/414/187
f 3679/415/188 3680/396/188 3681/416/188
f 3682/396/188 3683/398/188 3684/416/188
f 3685/416/189 3686/398/189 3687/417/189
f 3688/398/189 3689/400/189 3690/417/189
f 3691/417/190 3692/400/190 3693/418/190
f 3694/400/190 3695/402/190 3696/418/190
f 3697/418/191 3698/402/191 3699/419/191
f 3700/402/191 3701/404/191 3702/419/191
f 3703/419/192 3704/404/192 3705/420/192
f 3706/404/192 3707/406/192 3708/420/192
f 3709/420/193 3710/406/193 3711/421/193
f 3712/406/193 3713/408/193 3714/421/193
f 3715/421/194 3716/408/194 3717/422/194
f 3718/408/194 3719/410/194 3720/422/194
f 3721/422/195 3722/410/195 3723/423/195
f 3724/410/195 3725/412/195 3726/423/195
f 3727/423/196 3728/412/196 3729/424/196
f 3730/412/196 3731/414/196 3732/424/196
f 3733/425/159 3734/426/159 3735/427/159
f 3736/428/159 3737/392/159 3738/429/159
f 3739/430/159 3740/425/159 3741/427/159
f 3742/431/159 3743/428/159 3744/429/159
f 3745/429/159 3746/432/159 3747/427/159
f 3748/427/159 3749/433/159 3750/429/159
f 3751/427/160 3752/426/160 3753/425/160
f 3754/429/160 3755/392/160 3756/428/160
f 3757/427/160 3758/425/160 3759/430/160
f 3760/429/160 3761/428/160 3762/431/160
f 3763/427/160 3764/432/160 3765/429/160
f 3766/429/160 3767/433/160 3768/427/160
f 3769/434/161 3770/415/161 3771/435/161
f 3772/415/161 3773/436/161 3774/435/161
s 1
f 3775/435/162 3776/436/162 3777/437/162
s 0
f 3778/436/162 3779/438/162 3780/437/162
f 3781/437/163 3782/438/163 3783/439/163
f 3784/438/163 3785/440/163 3786/439/163
f 3787/439/164 3788/440/164 3789/441/164
f 3790/440/164 3791/442/164 3792/441/164
f 3793/441/165 3794/442/165 3795/443/165
f 3796/442/165 3797/444/165 3798/443/165
f 3799/443/166 3800/444/166 3801/445/166
f 3802/444/166 3803/446/166 3804/445/166
f 3805/445/167 3806/446/167 3807/447/167
f 3808/446/167 3809/448/167 3810/447/167
f 3811/447/168 3812/448/168 3813/449/168
f 3814/448/168 3815/450/168 3816/449/168
f 3817/449/169 3818/450/169 3819/451/169
f 3820/450/169 3821/424/169 3822/451/169
f 3823/396/170 3824/395/170 3825/398/170
f 3826/395/170 3827/452/170 3828/398/170
f 3829/398/171 3830/452/171 3831/400/171
f 3832/452/171 3833/453/171 3834/400/171
f 3835/400/172 3836/453/172 3837/402/172
f 3838/453/172 3839/454/172 3840/402/172
f 3841/402/173 3842/454/173 3843/404/173
f 3844/454/173 3845/455/173 3846/404/173
f 3847/404/174 3848/455/174 3849/406/174
f 3850/455/174 3851/456/174 3852/406/174
f 3853/406/175 3854/456/175 3855/408/175
f 3856/456/175 3857/457/175 3858/408/175
f 3859/408/176 3860/457/176 3861/410/176
f 3862/457/176 3863/458/176 3864/410/176
f 3865/410/177 3866/458/177 3867/412/177
f 3868/458/177 3869/459/177 3870/412/177
f 3871/412/178 3872/459/178 3873/414/178
f 3874/459/178 3875/413/178 3876/414/178
f 3877/415/161 3878/460/161 3879/436/161
f 3880/460/161 3881/461/161 3882/436/161
f 3883/436/197 3884/461/197 3885/438/197
f 3886/461/162 3887/462/162 3888/438/162
f 3889/438/163 3890/462/163 3891/440/163
f 3892/462/163 3893/463/163 3894/440/163
f 3895/440/164 3896/463/164 3897/442/164
f 3898/463/164 3899/464/164 3900/442/164
f 3901/442/165 3902/464/165 3903/444/165
f 3904/464/165 3905/465/165 3906/444/165
f 3907/444/166 3908/465/166 3909/446/166
f 3910/465/166 3911/466/166 3912/446/166
f 3913/446/167 3914/466/167 3915/448/167
f 3916/466/167 3917/467/167 3918/448/167
f 3919/448/168 3920/467/168 3921/450/168
f 3922/467/198 3923/468/198 3924/450/198
f 3925/450/169 3926/468/169 3927/424/169
f 3928/468/169 3929/469/169 3930/424/169
f 3931/395/170 3932/415/170 3933/452/170
f 3934/415/170 3935/436/170 3936/452/170
f 3937/452/171 3938/436/171 3939/453/171
f 3940/436/171 3941/438/171 3942/453/171
f 3943/453/172 3944/438/172 3945/454/172
f 3946/438/172 3947/440/172 3948/454/172
f 3949/454/173 3950/440/173 3951/455/173
f 3952/440/173 3953/442/173 3954/455/173
f 3955/455/174 3956/442/174 3957/456/174
f 3958/442/174 3959/444/174 3960/456/174
f 3961/456/175 3962/444/175 3963/457/175
f 3964/444/175 3965/446/175 3966/457/175
f 3967/457/176 3968/446/176 3969/458/176
f 3970/446/176 3971/448/176 3972/458/176
f 3973/458/177 3974/448/177 3975/459/177
f 3976/448/177 3977/450/177 3978/459/177
f 3979/459/178 3980/450/178 3981/413/178
f 3982/450/178 3983/424/178 3984/413/178
f 3985/460/161 3986/395/161 3987/461/161
f 3988/395/161 3989/452/161 3990/461/161
f 3991/461/162 3992/452/162 3993/462/162
s 1
f 3994/452/162 3995/453/162 3996/462/162
s 0
f 3997/462/163 3998/453/163 3999/463/163
f 4000/453/163 4001/454/163 4002/463/163
f 4003/463/164 4004/454/164 4005/464/164
f 4006/454/164 4007/455/164 4008/464/164
f 4009/464/165 4010/455/165 4011/465/165
f 4012/455/165 4013/456/165 4014/465/165
f 4015/465/166 4016/456/166 4017/466/166
f 4018/456/166 4019/457/166 4020/466/166
f 4021/466/167 4022/457/167 4023/467/167
f 4024/457/167 4025/458/167 4026/467/167
f 4027/467/168 4028/458/168 4029/468/168
f 4030/458/168 4031/459/168 4032/468/168
f 4033/468/169 4034/459/169 4035/469/169
f 4036/459/169 4037/413/169 4038/469/169
f 4039/415/170 4040/434/170 4041/436/170
f 4042/434/170 4043/435/170 4044/436/170
f 4045/436/171 4046/435/171 4047/438/171
f 4048/435/171 4049/437/171 4050/438/171
f 4051/438/172 4052/437/172 4053/440/172
f 4054/437/172 4055/439/172 4056/440/172
f 4057/440/173 4058/439/173 4059/442/173
f 4060/439/173 4061/441/173 4062/442/173
f 4063/442/174 4064/441/174 4065/444/174
f 4066/441/174 4067/443/174 4068/444/174
f 4069/444/175 4070/443/175 4071/446/175
f 4072/443/175 4073/445/175 4074/446/175
f 4075/446/176 4076/445/176 4077/448/176
f 4078/445/176 4079/447/176 4080/448/176
f 4081/448/177 4082/447/177 4083/450/177
f 4084/447/177 4085/449/177 4086/450/177
f 4087/450/178 4088/449/178 4089/424/178
f 4090/449/178 4091/451/178 4092/424/178
f 4093/395/179 4094/460/179 4095/452/179
f 4096/460/179 4097/470/179 4098/452/179
f 4099/452/180 4100/470/180 4101/453/180
f 4102/470/180 4103/471/180 4104/453/180
f 4105/453/181 4106/471/181 4107/454/181
f 4108/471/181 4109/472/181 4110/454/181
f 4111/454/182 4112/472/182 4113/455/182
f 4114/472/182 4115/473/182 4116/455/182
f 4117/455/183 4118/473/183 4119/456/183
f 4120/473/183 4121/474/183 4122/456/183
f 4123/456/184 4124/474/184 4125/457/184
f 4126/474/184 4127/475/184 4128/457/184
f 4129/457/185 4130/475/185 4131/458/185
f 4132/475/185 4133/476/185 4134/458/185
f 4135/458/186 4136/476/186 4137/459/186
f 4138/476/186 4139/477/186 4140/459/186
f 4141/459/187 4142/477/187 4143/413/187
f 4144/477/187 4145/469/187 4146/413/187
f 4147/434/188 4148/415/188 4149/435/188
f 4150/415/188 4151/416/188 4152/435/188
f 4153/435/189 4154/416/189 4155/437/189
f 4156/416/189 4157/417/189 4158/437/189
f 4159/437/190 4160/417/190 4161/439/190
f 4162/417/190 4163/418/190 4164/439/190
f 4165/439/191 4166/418/191 4167/441/191
f 4168/418/191 4169/419/191 4170/441/191
f 4171/441/192 4172/419/192 4173/443/192
f 4174/419/192 4175/420/192 4176/443/192
f 4177/443/193 4178/420/193 4179/445/193
f 4180/420/193 4181/421/193 4182/445/193
f 4183/445/194 4184/421/194 4185/447/194
f 4186/421/194 4187/422/194 4188/447/194
f 4189/447/195 4190/422/195 4191/449/195
f 4192/422/195 4193/423/195 4194/449/195
f 4195/449/196 4196/423/196 4197/451/196
f 4198/423/196 4199/424/196 4200/451/196
f 4201/460/179 4202/415/179 4203/470/179
f 4204/415/179 4205/416/179 4206/470/179
f 4207/470/180 4208/416/180 4209/471/180
f 4210/416/180 4211/417/180 4212/471/180
s 1
f 4213/471/181 4214/417/181 4215/472/181
s 0
f 4216/417/181 4217/418/181 4218/472/181
f 4219/472/182 4220/418/182 4221/473/182
f 4222/418/182 4223/419/182 4224/473/182
f 4225/473/183 4226/419/183 4227/474/183
f 4228/419/183 4229/420/183 4230/474/183
f 4231/474/184 4232/420/184 4233/475/184
f 4234/420/184 4235/421/184 4236/475/184
s 1
f 4237/475/185 4238/421/185 4239/476/185
s 0
f 4240/421/185 4241/422/185 4242/476/185
f 4243/476/186 4244/422/186 4245/477/186
f 4246/422/186 4247/423/186 4248/477/186
f 4249/477/187 4250/423/187 4251/469/187
f 4252/423/187 4253/424/187 4254/469/187
s 1
f 4255/415/188 4256/395/188 4257/416/188
f 4258/395/188 4259/397/188 4260/416/188
f 4261/416/189 4262/397/189 4263/417/189
s 0
f 4264/397/189 4265/399/189 4266/417/189
f 4267/417/190 4268/399/190 4269/418/190
f 4270/399/190 4271/401/190 4272/418/190
f 4273/418/191 4274/401/191 4275/419/191
f 4276/401/191 4277/403/191 4278/419/191
f 4279/419/192 4280/403/192 4281/420/192
f 4282/403/192 4283/405/192 4284/420/192
f 4285/420/193 4286/405/193 4287/421/193
f 4288/405/193 4289/407/193 4290/421/193
f 4291/421/194 4292/407/194 4293/422/194
f 4294/407/194 4295/409/194 4296/422/194
f 4297/422/195 4298/409/195 4299/423/195
f 4300/409/195 4301/411/195 4302/423/195
f 4303/423/196 4304/411/196 4305/424/196
f 4306/411/196 4307/413/196 4308/424/196
f 4309/415/179 4310/434/179 4311/416/179
f 4312/434/179 4313/435/179 4314/416/179
f 4315/416/180 4316/435/180 4317/417/180
f 4318/435/180 4319/437/180 4320/417/180
f 4321/417/181 4322/437/181 4323/418/181
f 4324/437/181 4325/439/181 4326/418/181
f 4327/418/182 4328/439/182 4329/419/182
f 4330/439/182 4331/441/182 4332/419/182
f 4333/419/183 4334/441/183 4335/420/183
f 4336/441/183 4337/443/183 4338/420/183
f 4339/420/184 4340/443/184 4341/421/184
s 1
f 4342/443/184 4343/445/184 4344/421/184
s 0
f 4345/421/185 4346/445/185 4347/422/185
f 4348/445/185 4349/447/185 4350/422/185
f 4351/422/186 4352/447/186 4353/423/186
f 4354/447/199 4355/449/199 4356/423/199
f 4357/423/187 4358/449/187 4359/424/187
f 4360/449/187 4361/451/187 4362/424/187
f 4363/395/188 4364/396/188 4365/397/188
s 1
f 4366/396/188 4367/398/188 4368/397/188
s 0
f 4369/397/189 4370/398/189 4371/399/189
f 4372/398/189 4373/400/189 4374/399/189
f 4375/399/190 4376/400/190 4377/401/190
f 4378/400/190 4379/402/190 4380/401/190
f 4381/401/191 4382/402/191 4383/403/191
f 4384/402/191 4385/404/191 4386/403/191
f 4387/403/192 4388/404/192 4389/405/192
f 4390/404/192 4391/406/192 4392/405/192
f 4393/405/193 4394/406/193 4395/407/193
f 4396/406/193 4397/408/193 4398/407/193
f 4399/407/194 4400/408/194 4401/409/194
f 4402/408/194 4403/410/194 4404/409/194
f 4405/409/195 4406/410/195 4407/411/195
f 4408/410/195 4409/412/195 4410/411/195
f 4411/411/196 4412/412/196 4413/413/196
f 4414/412/196 4415/414/196 4416/413/196
f 4417/478/159 4418/479/159 4419/480/159
f 4420/480/159 4421/426/159 4422/478/159
f 4423/480/160 4424/479/160 4425/478/160
f 4426/478/160 4427/426/160 4428/480/160
f 4429/481/161 4430/434/161 4431/482/161
f 4432/434/161 4433/483/161 4434/482/161
f 4435/482/162 4436/483/162 4437/484/162
s 1
f 4438/483/162 4439/485/162 4440/484/162
s 0
f 4441/484/163 4442/485/163 4443/486/163
f 4444/485/163 4445/487/163 4446/486/163
f 4447/486/164 4448/487/164 4449/488/164
f 4450/487/164 4451/489/164 4452/488/164
f 4453/488/165 4454/489/165 4455/490/165
f 4456/489/165 4457/491/165 4458/490/165
f 4459/490/166 4460/491/166 4461/492/166
f 4462/491/166 4463/493/166 4464/492/166
f 4465/492/167 4466/493/167 4467/494/167
f 4468/493/167 4469/495/167 4470/494/167
f 4471/494/168 4472/495/168 4473/496/168
f 4474/495/168 4475/497/168 4476/496/168
f 4477/496/169 4478/497/169 4479/498/169
f 4480/497/169 4481/451/169 4482/498/169
f 4483/395/170 4484/434/170 4485/452/170
f 4486/434/170 4487/435/170 4488/452/170
f 4489/452/171 4490/435/171 4491/453/171
f 4492/435/171 4493/437/171 4494/453/171
f 4495/453/172 4496/437/172 4497/454/172
f 4498/437/172 4499/439/172 4500/454/172
f 4501/454/173 4502/439/173 4503/455/173
f 4504/439/173 4505/441/173 4506/455/173
f 4507/455/174 4508/441/174 4509/456/174
f 4510/441/174 4511/443/174 4512/456/174
f 4513/456/175 4514/443/175 4515/457/175
f 4516/443/175 4517/445/175 4518/457/175
f 4519/457/176 4520/445/176 4521/458/176
f 4522/445/176 4523/447/176 4524/458/176
f 4525/458/177 4526/447/177 4527/459/177
f 4528/447/177 4529/449/177 4530/459/177
f 4531/459/178 4532/449/178 4533/413/178
f 4534/449/178 4535/451/178 4536/413/178
f 4537/434/179 4538/481/179 4539/483/179
f 4540/481/179 4541/482/179 4542/483/179
f 4543/483/180 4544/482/180 4545/485/180
f 4546/482/180 4547/484/180 4548/485/180
f 4549/485/181 4550/484/181 4551/487/181
f 4552/484/181 4553/486/181 4554/487/181
f 4555/487/182 4556/486/182 4557/489/182
f 4558/486/182 4559/488/182 4560/489/182
f 4561/489/183 4562/488/183 4563/491/183
f 4564/488/183 4565/490/183 4566/491/183
f 4567/491/184 4568/490/184 4569/493/184
f 4570/490/184 4571/492/184 4572/493/184
f 4573/493/185 4574/492/185 4575/495/185
f 4576/492/185 4577/494/185 4578/495/185
f 4579/495/186 4580/494/186 4581/497/186
f 4582/494/186 4583/496/186 4584/497/186
f 4585/497/187 4586/496/187 4587/451/187
f 4588/496/187 4589/498/187 4590/451/187
f 4591/434/188 4592/395/188 4593/435/188
f 4594/395/188 4595/452/188 4596/435/188
f 4597/435/189 4598/452/189 4599/437/189
f 4600/452/189 4601/453/189 4602/437/189
f 4603/437/190 4604/453/190 4605/439/190
f 4606/453/190 4607/454/190 4608/439/190
f 4609/439/191 4610/454/191 4611/441/191
f 4612/454/191 4613/455/191 4614/441/191
f 4615/441/192 4616/455/192 4617/443/192
f 4618/455/192 4619/456/192 4620/443/192
f 4621/443/193 4622/456/193 4623/445/193
f 4624/456/193 4625/457/193 4626/445/193
f 4627/445/194 4628/457/194 4629/447/194
f 4630/457/194 4631/458/194 4632/447/194
f 4633/447/195 4634/458/195 4635/449/195
f 4636/458/195 4637/459/195 4638/449/195
f 4639/449/196 4640/459/196 4641/451/196
f 4642/459/196 4643/413/196 4644/451/196
o Mesh_5
v 8.256050 0.000000 -0.500000
v 6.872050 0.000000 -0.500000
v 6.872050 6.944000 -0.500000
v 12.424049 1.392000 -0.500000
v 11.032050 1.392000 -0.500000
v 11.032050 2.776000 -0.500000
v 13.816051 0.000000 -0.500000
v 12.424049 0.000000 -0.500000
v 12.424049 1.392000 -0.500000
v 12.424049 6.944000 -0.500000
v 13.816051 6.944000 -0.500000
v 13.816051 0.000000 -0.500000
v 8.256050 5.552000 -0.500000
v 9.648050 5.552000 -0.500000
v 9.648050 4.168000 -0.500000
v 6.872050 6.944000 -0.500000
v 8.256050 6.944000 -0.500000
v 8.256050 5.552000 -0.500000
v 8.256050 4.168000 -0.500000
v 8.256050 0.000000 -0.500000
v 6.872050 6.944000 -0.500000
v 12.424049 2.776000 -0.500000
v 12.424049 6.944000 -0.500000
v 13.816051 0.000000 -0.500000
v 8.256050 4.168000 -0.500000
v 6.872050 6.944000 -0.500000
v 8.256050 5.552000 -0.500000
v 12.424049 2.776000 -0.500000
v 13.816051 0.000000 -0.500000
v 12.424049 1.392000 -0.500000
v 8.256050 4.168000 -0.500000
v 8.256050 5.552000 -0.500000
v 9.648050 4.168000 -0.500000
v 12.424049 2.776000 -0.500000
v 12.424049 1.392000 -0.500000
v 11.032050 2.776000 -0.500000
v 11.032050 2.776000 -0.500000
v 9.648050 2.776000 -0.500000
v 9.648050 4.168000 -0.500000
v 9.648050 4.168000 -0.500000
v 11.032050 4.168000 -0.500000
v 11.032050 2.776000 -0.500000
v 6.872050 6.944000 3.500000
v 6.872050 0.000000 3.500000
v 8.256050 0.000000 3.500000
v 11.032050 2.776000 3.500000
v 11.032050 1.392000 3.500000
v 12.424049 1.392000 3.500000
v 12.424049 1.392000 3.500000
v 12.424049 0.000000 3.500000
v 13.816051 0.000000 3.500000
v 13.816051 0.000000 3.500000
v 13.816051 6.944000 3.500000
v 12.424049 6.944000 3.500000
v 9.648050 4.168000 3.500000
v 9.648050 5.552000 3.500000
v 8.256050 5.552000 3.500000
v 8.256050 5.552000 3.500000
v 8.256050 6.944000 3.500000
v 6.872050 6.944000 3.500000
v 6.872050 6.944000 3.500000
v 8.256050 0.000000 3.500000
v 8.256050 4.168000 3.500000
v 13.816051 0.000000 3.500000
v 12.424049 6.944000 3.500000
v 12.424049 2.776000 3.500000
v 8.256050 5.552000 3.500000
v 6.872050 6.944000 3.500000
v 8.256050 4.168000 3.500000
v 12.424049 1.392000 3.500000
v 13.816051 0.000000 3.500000
v 12.424049 2.776000 3.500000
v 9.648050 4.168000 3.500000
v 8.256050 5.552000 3.500000
v 8.256050 4.168000 3.500000
v 11.032050 2.776000 3.500000
v 12.424049 1.392000 3.500000
v 12.424049 2.776000 3.500000
v 9.648050 4.168000 3.500000
v 9.648050 2.776000 3.500000
v 11.032050 2.776000 3.500000
v 11.032050 2.776000 3.500000
v 11.032050 4.168000 3.500000
v 9.648050 4.168000 3.500000
v 8.256050 0.000000 -0.500000
v 8.256050 4.168000 -0.500000
v 8.370855 -0.114805 -0.461940
v 8.256050 4.168000 -0.500000
v 8.370855 4.053195 -0.461940
v 8.370855 -0.114805 -0.461940
v 8.370855 -0.114805 -0.461940
v 8.370855 4.053195 -0.461940
v 8.468182 -0.212132 -0.353553
v 8.370855 4.053195 -0.461940
v 8.468182 3.955868 -0.353553
v 8.468182 -0.212132 -0.353553
v 8.468182 -0.212132 -0.353553
v 8.468182 3.955868 -0.353553
v 8.533214 -0.277164 -0.191342
v 8.468182 3.955868 -0.353553
v 8.533214 3.890836 -0.191342
v 8.533214 -0.277164 -0.191342
v 8.533214 -0.277164 -0.191342
v 8.533214 3.890836 -0.191342
v 8.556050 -0.300000 0.000000
v 8.533214 3.890836 -0.191342
v 8.556050 3.868000 0.000000
v 8.556050 -0.300000 0.000000
v 8.556050 -0.300000 0.000000
v 8.556050 3.868000 0.000000
v 8.556050 -0.300000 3.000000
v 8.556050 3.868000 0.000000
v 8.556050 3.868000 3.000000
v 8.556050 -0.300000 3.000000
v 8.556050 -0.300000 3.000000
v 8.556050 3.868000 3.000000
v 8.533214 -0.277164 3.191342
v 8.556050 3.868000 3.000000
v 8.533214 3.890836 3.191342
v 8.533214 -0.277164 3.191342
v 8.533214 -0.277164 3.191342
v 8.533214 3.890836 3.191342
v 8.468182 -0.212132 3.353553
v 8.533214 3.890836 3.191342
v 8.468182 3.955868 3.353553
v 8.468182 -0.212132 3.353553
v 8.468182 -0.212132 3.353553
v 8.468182 3.955868 3.353553
v 8.370855 -0.114805 3.461940
v 8.468182 3.955868 3.353553
v 8.370855 4.053195 3.461940
v 8.370855 -0.114805 3.461940
v 8.370855 -0.114805 3.461940
v 8.370855 4.053195 3.461940
v 8.256050 0.000000 3.500000
v 8.370855 4.053195 3.461940
v 8.256050 4.168000 3.500000
v 8.256050 0.000000 3.500000
v 8.256050 4.168000 -0.500000
v 9.648050 4.168000 -0.500000
v 8.370855 4.053195 -0.461940
v 9.648050 4.168000 -0.500000
v 9.533245 4.053195 -0.461940
v 8.370855 4.053195 -0.461940
v 8.370855 4.053195 -0.461940
v 9.533245 4.053195 -0.461940
v 8.468182 3.955868 -0.353553
v 9.533245 4.053195 -0.461940
v 9.435918 3.955868 -0.353553
v 8.468182 3.955868 -0.353553
v 8.468182 3.955868 -0.353553
v 9.435918 3.955868 -0.353553
v 8.533214 3.890836 -0.191342
v 9.435918 3.955868 -0.353553
v 9.370886 3.890836 -0.191342
v 8.533214 3.890836 -0.191342
v 8.533214 3.890836 -0.191342
v 9.370886 3.890836 -0.191342
v 8.556050 3.868000 0.000000
v 9.370886 3.890836 -0.191342
v 9.348050 3.868000 0.000000
v 8.556050 3.868000 0.000000
v 8.556050 3.868000 0.000000
v 9.348050 3.868000 0.000000
v 8.556050 3.868000 3.000000
v 9.348050 3.868000 0.000000
v 9.348050 3.868000 3.000000
v 8.556050 3.868000 3.000000
v 8.556050 3.868000 3.000000
v 9.348050 3.868000 3.000000
v 8.533214 3.890836 3.191342
v 9.348050 3.868000 3.000000
v 9.370886 3.890836 3.191342
v 8.533214 3.890836 3.191342
v 8.533214 3.890836 3.191342
v 9.370886 3.890836 3.191342
v 8.468182 3.955868 3.353553
v 9.370886 3.890836 3.191342
v 9.435918 3.955868 3.353553
v 8.468182 3.955868 3.353553
v 8.468182 3.955868 3.353553
v 9.435918 3.955868 3.353553
v 8.370855 4.053195 3.461940
v 9.435918 3.955868 3.353553
v 9.533245 4.053195 3.461940
v 8.370855 4.053195 3.461940
v 8.370855 4.053195 3.461940
v 9.533245 4.053195 3.461940
v 8.256050 4.168000 3.500000
v 9.533245 4.053195 3.461940
v 9.648050 4.168000 3.500000
v 8.256050 4.168000 3.500000
v 9.648050 4.168000 -0.500000
v 9.648050 2.776000 -0.500000
v 9.533245 4.053195 -0.461940
v 9.648050 2.776000 -0.500000
v 9.533245 2.661195 -0.461940
v 9.533245 4.053195 -0.461940
v 9.533245 4.053195 -0.461940
v 9.533245 2.661195 -0.461940
v 9.435918 3.955868 -0.353553
v 9.533245 2.661195 -0.461940
v 9.435918 2.563868 -0.353553
v 9.435918 3.955868 -0.353553
v 9.435918 3.955868 -0.353553
v 9.435918 2.563868 -0.353553
v 9.370886 3.890836 -0.191342
v 9.435918 2.563868 -0.353553
v 9.370886 2.498836 -0.191342
v 9.370886 3.890836 -0.191342
v 9.370886 3.890836 -0.191342
v 9.370886 2.498836 -0.191342
v 9.348050 3.868000 0.000000
v 9.370886 2.498836 -0.191342
v 9.348050 2.476000 0.000000
v 9.348050 3.868000 0.000000
v 9.348050 3.868000 0.000000
v 9.348050 2.476000 0.000000
v 9.348050 3.868000 3.000000
v 9.348050 2.476000 0.000000
v 9.348050 2.476000 3.000000
v 9.348050 3.868000 3.000000
v 9.348050 3.868000 3.000000
v 9.348050 2.476000 3.000000
v 9.370886 3.890836 3.191342
v 9.348050 2.476000 3.000000
v 9.370886 2.498836 3.191342
v 9.370886 3.890836 3.191342
v 9.370886 3.890836 3.191342
v 9.370886 2.498836 3.191342
v 9.435918 3.955868 3.353553
v 9.370886 2.498836 3.191342
v 9.435918 2.563868 3.353553
v 9.435918 3.955868 3.353553
v 9.435918 3.955868 3.353553
v 9.435918 2.563868 3.353553
v 9.533245 4.053195 3.461940
v 9.435918 2.563868 3.353553
v 9.533245 2.661195 3.461940
v 9.533245 4.053195 3.461940
v 9.533245 4.053195 3.461940
v 9.533245 2.661195 3.461940
v 9.648050 4.168000 3.500000
v 9.533245 2.661195 3.461940
v 9.648050 2.776000 3.500000
v 9.648050 4.168000 3.500000
v 9.648050 2.776000 -0.500000
v 11.032050 2.776000 -0.500000
v 9.533245 2.661195 -0.461940
v 11.032050 2.776000 -0.500000
v 10.917245 2.661195 -0.461940
v 9.533245 2.661195 -0.461940
v 9.533245 2.661195 -0.461940
v 10.917245 2.661195 -0.461940
v 9.435918 2.563868 -0.353553
v 10.917245 2.661195 -0.461940
v 10.819918 2.563868 -0.353553
v 9.435918 2.563868 -0.353553
v 9.435918 2.563868 -0.353553
v 10.819918 2.563868 -0.353553
v 9.370886 2.498836 -0.191342
v 10.819918 2.563868 -0.353553
v 10.754887 2.498836 -0.191342
v 9.370886 2.498836 -0.191342
v 9.370886 2.498836 -0.191342
v 10.754887 2.498836 -0.191342
v 9.348050 2.476000 0.000000
v 10.754887 2.498836 -0.191342
v 10.732050 2.476000 0.000000
v 9.348050 2.476000 0.000000
v 9.348050 2.476000 0.000000
v 10.732050 2.476000 0.000000
v 9.348050 2.476000 3.000000
v 10.732050 2.476000 0.000000
v 10.732050 2.476000 3.000000
v 9.348050 2.476000 3.000000
v 9.348050 2.476000 3.000000
v 10.732050 2.476000 3.000000
v 9.370886 2.498836 3.191342
v 10.732050 2.476000 3.000000
v 10.754887 2.498836 3.191342
v 9.370886 2.498836 3.191342
v 9.370886 2.498836 3.191342
v 10.754887 2.498836 3.191342
v 9.435918 2.563868 3.353553
v 10.754887 2.498836 3.191342
v 10.819918 2.563868 3.353553
v 9.435918 2.563868 3.353553
v 9.435918 2.563868 3.353553
v 10.819918 2.563868 3.353553
v 9.533245 2.661195 3.461940
v 10.819918 2.563868 3.353553
v 10.917245 2.661195 3.461940
v 9.533245 2.661195 3.461940
v 9.533245 2.661195 3.461940
v 10.917245 2.661195 3.461940
v 9.648050 2.776000 3.500000
v 10.917245 2.661195 3.461940
v 11.032050 2.776000 3.500000
v 9.648050 2.776000 3.500000
v 11.032050 2.776000 -0.500000
v 11.032050 1.392000 -0.500000
v 10.917245 2.661195 -0.461940
v 11.032050 1.392000 -0.500000
v 10.917245 1.277195 -0.461940
v 10.917245 2.661195 -0.461940
v 10.917245 2.661195 -0.461940
v 10.917245 1.277195 -0.461940
v 10.819918 2.563868 -0.353553
v 10.917245 1.277195 -0.461940
v 10.819918 1.179868 -0.353553
v 10.819918 2.563868 -0.353553
v 10.819918 2.563868 -0.353553
v 10.819918 1.179868 -0.353553
v 10.754887 2.498836 -0.191342
v 10.819918 1.179868 -0.353553
v 10.754887 1.114836 -0.191342
v 10.754887 2.498836 -0.191342
v 10.754887 2.498836 -0.191342
v 10.754887 1.114836 -0.191342
v 10.732050 2.476000 0.000000
v 10.754887 1.114836 -0.191342
v 10.732050 1.092000 0.000000
v 10.732050 2.476000 0.000000
v 10.732050 2.476000 0.000000
v 10.732050 1.092000 0.000000
v 10.732050 2.476000 3.000000
v 10.732050 1.092000 0.000000
v 10.732050 1.092000 3.000000
v 10.732050 2.476000 3.000000
v 10.732050 2.476000 3.000000
v 10.732050 1.092000 3.000000
v 10.754887 2.498836 3.191342
v 10.732050 1.092000 3.000000
v 10.754887 1.114836 3.191342
v 10.754887 2.498836 3.191342
v 10.754887 2.498836 3.191342
v 10.754887 1.114836 3.191342
v 10.819918 2.563868 3.353553
v 10.754887 1.114836 3.191342
v 10.819918 1.179868 3.353553
v 10.819918 2.563868 3.353553
v 10.819918 2.563868 3.353553
v 10.819918 1.179868 3.353553
v 10.917245 2.661195 3.461940
v 10.819918 1.179868 3.353553
v 10.917245 1.277195 3.461940
v 10.917245 2.661195 3.461940
v 10.917245 2.661195 3.461940
v 10.917245 1.277195 3.461940
v 11.032050 2.776000 3.500000
v 10.917245 1.277195 3.461940
v 11.032050 1.392000 3.500000
v 11.032050 2.776000 3.500000
v 11.032050 1.392000 -0.500000
v 12.424049 1.392000 -0.500000
v 10.917245 1.277195 -0.461940
v 12.424049 1.392000 -0.500000
v 12.309245 1.277195 -0.461940
v 10.917245 1.277195 -0.461940
v 10.917245 1.277195 -0.461940
v 12.309245 1.277195 -0.461940
v 10.819918 1.179868 -0.353553
v 12.309245 1.277195 -0.461940
v 12.211918 1.179868 -0.353553
v 10.819918 1.179868 -0.353553
v 10.819918 1.179868 -0.353553
v 12.211918 1.179868 -0.353553
v 10.754887 1.114836 -0.191342
v 12.211918 1.179868 -0.353553
v 12.146887 1.114836 -0.191342
v 10.754887 1.114836 -0.191342
v 10.754887 1.114836 -0.191342
v 12.146887 1.114836 -0.191342
v 10.732050 1.092000 0.000000
v 12.146887 1.114836 -0.191342
v 12.124050 1.092000 0.000000
v 10.732050 1.092000 0.000000
v 10.732050 1.092000 0.000000
v 12.124050 1.092000 0.000000
v 10.732050 1.092000 3.000000
v 12.124050 1.092000 0.000000
v 12.124050 1.092000 3.000000
v 10.732050 1.092000 3.000000
v 10.732050 1.092000 3.000000
v 12.124050 1.092000 3.000000
v 10.754887 1.114836 3.191342
v 12.124050 1.092000 3.000000
v 12.146887 1.114836 3.191342
v 10.754887 1.114836 3.191342
v 10.754887 1.114836 3.191342
v 12.146887 1.114836 3.191342
v 10.819918 1.179868 3.353553
v 12.146887 1.114836 3.191342
v 12.211918 1.179868 3.353553
v 10.819918 1.179868 3.353553
v 10.819918 1.179868 3.353553
v 12.211918 1.179868 3.353553
v 10.917245 1.277195 3.461940
v 12.211918 1.179868 3.353553
v 12.309245 1.277195 3.461940
v 10.917245 1.277195 3.461940
v 10.917245 1.277195 3.461940
v 12.309245 1.277195 3.461940
v 11.032050 1.392000 3.500000
v 12.309245 1.277195 3.461940
v 12.424049 1.392000 3.500000
v 11.032050 1.392000 3.500000
v 12.424049 1.392000 -0.500000
v 12.424049 0.000000 -0.500000
v 12.309245 1.277195 -0.461940
v 12.424049 0.000000 -0.500000
v 12.309245 -0.114805 -0.461940
v 12.309245 1.277195 -0.461940
v 12.309245 1.277195 -0.461940
v 12.309245 -0.114805 -0.461940
v 12.211918 1.179868 -0.353553
v 12.309245 -0.114805 -0.461940
v 12.211918 -0.212132 -0.353553
v 12.211918 1.179868 -0.353553
v 12.211918 1.179868 -0.353553
v 12.211918 -0.212132 -0.353553
v 12.146887 1.114836 -0.191342
v 12.211918 -0.212132 -0.353553
v 12.146887 -0.277164 -0.191342
v 12.146887 1.114836 -0.191342
v 12.146887 1.114836 -0.191342
v 12.146887 -0.277164 -0.191342
v 12.124050 1.092000 0.000000
v 12.146887 -0.277164 -0.191342
v 12.124050 -0.300000 0.000000
v 12.124050 1.092000 0.000000
v 12.124050 1.092000 0.000000
v 12.124050 -0.300000 0.000000
v 12.124050 1.092000 3.000000
v 12.124050 -0.300000 0.000000
v 12.124050 -0.300000 3.000000
v 12.124050 1.092000 3.000000
v 12.124050 1.092000 3.000000
v 12.124050 -0.300000 3.000000
v 12.146887 1.114836 3.191342
v 12.124050 -0.300000 3.000000
v 12.146887 -0.277164 3.191342
v 12.146887 1.114836 3.191342
v 12.146887 1.114836 3.191342
v 12.146887 -0.277164 3.191342
v 12.211918 1.179868 3.353553
v 12.146887 -0.277164 3.191342
v 12.211918 -0.212132 3.353553
v 12.211918 1.179868 3.353553
v 12.211918 1.179868 3.353553
v 12.211918 -0.212132 3.353553
v 12.309245 1.277195 3.461940
v 12.211918 -0.212132 3.353553
v 12.309245 -0.114805 3.461940
v 12.309245 1.277195 3.461940
v 12.309245 1.277195 3.461940
v 12.309245 -0.114805 3.461940
v 12.424049 1.392000 3.500000
v 12.309245 -0.114805 3.461940
v 12.424049 0.000000 3.500000
v 12.424049 1.392000 3.500000
v 12.424049 0.000000 -0.500000
v 13.816051 0.000000 -0.500000
v 12.309245 -0.114805 -0.461940
v 13.816051 0.000000 -0.500000
v 13.930855 -0.114805 -0.461940
v 12.309245 -0.114805 -0.461940
v 12.309245 -0.114805 -0.461940
v 13.930855 -0.114805 -0.461940
v 12.211918 -0.212132 -0.353553
v 13.930855 -0.114805 -0.461940
v 14.028182 -0.212132 -0.353553
v 12.211918 -0.212132 -0.353553
v 12.211918 -0.212132 -0.353553
v 14.028182 -0.212132 -0.353553
v 12.146887 -0.277164 -0.191342
v 14.028182 -0.212132 -0.353553
v 14.093214 -0.277164 -0.191342
v 12.146887 -0.277164 -0.191342
v 12.146887 -0.277164 -0.191342
v 14.093214 -0.277164 -0.191342
v 12.124050 -0.300000 0.000000
v 14.093214 -0.277164 -0.191342
v 14.116050 -0.300000 0.000000
v 12.124050 -0.300000 0.000000
v 12.124050 -0.300000 0.000000
v 14.116050 -0.300000 0.000000
v 12.124050 -0.300000 3.000000
v 14.116050 -0.300000 0.000000
v 14.116050 -0.300000 3.000000
v 12.124050 -0.300000 3.000000
v 12.124050 -0.300000 3.000000
v 14.116050 -0.300000 3.000000
v 12.146887 -0.277164 3.191342
v 14.116050 -0.300000 3.000000
v 14.093214 -0.277164 3.191342
v 12.146887 -0.277164 3.191342
v 12.146887 -0.277164 3.191342
v 14.093214 -0.277164 3.191342
v 12.211918 -0.212132 3.353553
v 14.093214 -0.277164 3.191342
v 14.028182 -0.212132 3.353553
v 12.211918 -0.212132 3.353553
v 12.211918 -0.212132 3.353553
v 14.028182 -0.212132 3.353553
v 12.309245 -0.114805 3.461940
v 14.028182 -0.212132 3.353553
v 13.930855 -0.114805 3.461940
v 12.309245 -0.114805 3.461940
v 12.309245 -0.114805 3.461940
v 13.930855 -0.114805 3.461940
v 12.424049 0.000000 3.500000
v 13.930855 -0.114805 3.461940
v 13.816051 0.000000 3.500000
v 12.424049 0.000000 3.500000
v 13.816051 0.000000 -0.500000
v 13.816051 6.944000 -0.500000
v 13.930855 -0.114805 -0.461940
v 13.816051 6.944000 -0.500000
v 13.930855 7.058805 -0.461940
v 13.930855 -0.114805 -0.461940
v 13.930855 -0.114805 -0.461940
v 13.930855 7.058805 -0.461940
v 14.028182 -0.212132 -0.353553
v 13.930855 7.058805 -0.461940
v 14.028182 7.156132 -0.353553
v 14.028182 -0.212132 -0.353553
v 14.028182 -0.212132 -0.353553
v 14.028182 7.156132 -0.353553
v 14.093214 -0.277164 -0.191342
v 14.028182 7.156132 -0.353553
v 14.093214 7.221164 -0.191342
v 14.093214 -0.277164 -0.191342
v 14.093214 -0.277164 -0.191342
v 14.093214 7.221164 -0.191342
v 14.116050 -0.300000 0.000000
v 14.093214 7.221164 -0.191342
v 14.116050 7.244000 0.000000
v 14.116050 -0.300000 0.000000
v 14.116050 -0.300000 0.000000
v 14.116050 7.244000 0.000000
v 14.116050 -0.300000 3.000000
v 14.116050 7.244000 0.000000
v 14.116050 7.244000 3.000000
v 14.116050 -0.300000 3.000000
v 14.116050 -0.300000 3.000000
v 14.116050 7.244000 3.000000
v 14.093214 -0.277164 3.191342
v 14.116050 7.244000 3.000000
v 14.093214 7.221164 3.191342
v 14.093214 -0.277164 3.191342
v 14.093214 -0.277164 3.191342
v 14.093214 7.221164 3.191342
v 14.028182 -0.212132 3.353553
v 14.093214 7.221164 3.191342
v 14.028182 7.156132 3.353553
v 14.028182 -0.212132 3.353553
v 14.028182 -0.212132 3.353553
v 14.028182 7.156132 3.353553
v 13.930855 -0.114805 3.461940
v 14.028182 7.156132 3.353553
v 13.930855 7.058805 3.461940
v 13.930855 -0.114805 3.461940
v 13.930855 -0.114805 3.461940
v 13.930855 7.058805 3.461940
v 13.816051 0.000000 3.500000
v 13.930855 7.058805 3.461940
v 13.816051 6.944000 3.500000
v 13.816051 0.000000 3.500000
v 13.816051 6.944000 -0.500000
v 12.424049 6.944000 -0.500000
v 13.930855 7.058805 -0.461940
v 12.424049 6.944000 -0.500000
v 12.309245 7.058805 -0.461940
v 13.930855 7.058805 -0.461940
v 13.930855 7.058805 -0.461940
v 12.309245 7.058805 -0.461940
v 14.028182 7.156132 -0.353553
v 12.309245 7.058805 -0.461940
v 12.211918 7.156132 -0.353553
v 14.028182 7.156132 -0.353553
v 14.028182 7.156132 -0.353553
v 12.211918 7.156132 -0.353553
v 14.093214 7.221164 -0.191342
v 12.211918 7.156132 -0.353553
v 12.146887 7.221164 -0.191342
v 14.093214 7.221164 -0.191342
v 14.093214 7.221164 -0.191342
v 12.146887 7.221164 -0.191342
v 14.116050 7.244000 0.000000
v 12.146887 7.221164 -0.191342
v 12.124050 7.244000 0.000000
v 14.116050 7.244000 0.000000
v 14.116050 7.244000 0.000000
v 12.124050 7.244000 0.000000
v 14.116050 7.244000 3.000000
v 12.124050 7.244000 0.000000
v 12.124050 7.244000 3.000000
v 14.116050 7.244000 3.000000
v 14.116050 7.244000 3.000000
v 12.124050 7.244000 3.000000
v 14.093214 7.221164 3.191342
v 12.124050 7.244000 3.000000
v 12.146887 7.221164 3.191342
v 14.093214 7.221164 3.191342
v 14.093214 7.221164 3.191342
v 12.146887 7.221164 3.191342
v 14.028182 7.156132 3.353553
v 12.146887 7.221164 3.191342
v 12.211918 7.156132 3.353553
v 14.028182 7.156132 3.353553
v 14.028182 7.156132 3.353553
v 12.211918 7.156132 3.353553
v 13.930855 7.058805 3.461940
v 12.211918 7.156132 3.353553
v 12.309245 7.058805 3.461940
v 13.930855 7.058805 3.461940
v 13.930855 7.058805 3.461940
v 12.309245 7.058805 3.461940
v 13.816051 6.944000 3.500000
v 12.309245 7.058805 3.461940
v 12.424049 6.944000 3.500000
v 13.816051 6.944000 3.500000
v 12.424049 6.944000 -0.500000
v 12.424049 2.776000 -0.500000
v 12.309245 7.058805 -0.461940
v 12.424049 2.776000 -0.500000
v 12.309245 2.890805 -0.461940
v 12.309245 7.058805 -0.461940
v 12.309245 7.058805 -0.461940
v 12.309245 2.890805 -0.461940
v 12.211918 7.156132 -0.353553
v 12.309245 2.890805 -0.461940
v 12.211918 2.988132 -0.353553
v 12.211918 7.156132 -0.353553
v 12.211918 7.156132 -0.353553
v 12.211918 2.988132 -0.353553
v 12.146887 7.221164 -0.191342
v 12.211918 2.988132 -0.353553
v 12.146887 3.053164 -0.191342
v 12.146887 7.221164 -0.191342
v 12.146887 7.221164 -0.191342
v 12.146887 3.053164 -0.191342
v 12.124050 7.244000 0.000000
v 12.146887 3.053164 -0.191342
v 12.124050 3.076000 0.000000
v 12.124050 7.244000 0.000000
v 12.124050 7.244000 0.000000
v 12.124050 3.076000 0.000000
v 12.124050 7.244000 3.000000
v 12.124050 3.076000 0.000000
v 12.124050 3.076000 3.000000
v 12.124050 7.244000 3.000000
v 12.124050 7.244000 3.000000
v 12.124050 3.076000 3.000000
v 12.146887 7.221164 3.191342
v 12.124050 3.076000 3.000000
v 12.146887 3.053164 3.191342
v 12.146887 7.221164 3.191342
v 12.146887 7.221164 3.191342
v 12.146887 3.053164 3.191342
v 12.211918 7.156132 3.353553
v 12.146887 3.053164 3.191342
v 12.211918 2.988132 3.353553
v 12.211918 7.156132 3.353553
v 12.211918 7.156132 3.353553
v 12.211918 2.988132 3.353553
v 12.309245 7.058805 3.461940
v 12.211918 2.988132 3.353553
v 12.309245 2.890805 3.461940
v 12.309245 7.058805 3.461940
v 12.309245 7.058805 3.461940
v 12.309245 2.890805 3.461940
v 12.424049 6.944000 3.500000
v 12.309245 2.890805 3.461940
v 12.424049 2.776000 3.500000
v 12.424049 6.944000 3.500000
v 12.424049 2.776000 -0.500000
v 11.032050 2.776000 -0.500000
v 12.309245 2.890805 -0.461940
v 11.032050 2.776000 -0.500000
v 11.146855 2.890805 -0.461940
v 12.309245 2.890805 -0.461940
v 12.309245 2.890805 -0.461940
v 11.146855 2.890805 -0.461940
v 12.211918 2.988132 -0.353553
v 11.146855 2.890805 -0.461940
v 11.244183 2.988132 -0.353553
v 12.211918 2.988132 -0.353553
v 12.211918 2.988132 -0.353553
v 11.244183 2.988132 -0.353553
v 12.146887 3.053164 -0.191342
v 11.244183 2.988132 -0.353553
v 11.309214 3.053164 -0.191342
v 12.146887 3.053164 -0.191342
v 12.146887 3.053164 -0.191342
v 11.309214 3.053164 -0.191342
v 12.124050 3.076000 0.000000
v 11.309214 3.053164 -0.191342
v 11.332050 3.076000 0.000000
v 12.124050 3.076000 0.000000
v 12.124050 3.076000 0.000000
v 11.332050 3.076000 0.000000
v 12.124050 3.076000 3.000000
v 11.332050 3.076000 0.000000
v 11.332050 3.076000 3.000000
v 12.124050 3.076000 3.000000
v 12.124050 3.076000 3.000000
v 11.332050 3.076000 3.000000
v 12.146887 3.053164 3.191342
v 11.332050 3.076000 3.000000
v 11.309214 3.053164 3.191342
v 12.146887 3.053164 3.191342
v 12.146887 3.053164 3.191342
v 11.309214 3.053164 3.191342
v 12.211918 2.988132 3.353553
v 11.309214 3.053164 3.191342
v 11.244183 2.988132 3.353553
v 12.211918 2.988132 3.353553
v 12.211918 2.988132 3.353553
v 11.244183 2.988132 3.353553
v 12.309245 2.890805 3.461940
v 11.244183 2.988132 3.353553
v 11.146855 2.890805 3.461940
v 12.309245 2.890805 3.461940
v 12.309245 2.890805 3.461940
v 11.146855 2.890805 3.461940
v 12.424049 2.776000 3.500000
v 11.146855 2.890805 3.461940
v 11.032050 2.776000 3.500000
v 12.424049 2.776000 3.500000
v 11.032050 2.776000 -0.500000
v 11.032050 4.168000 -0.500000
v 11.146855 2.890805 -0.461940
v 11.032050 4.168000 -0.500000
v 11.146855 4.282805 -0.461940
v 11.146855 2.890805 -0.461940
v 11.146855 2.890805 -0.461940
v 11.146855 4.282805 -0.461940
v 11.244183 2.988132 -0.353553
v 11.146855 4.282805 -0.461940
v 11.244183 4.380132 -0.353553
v 11.244183 2.988132 -0.353553
v 11.244183 2.988132 -0.353553
v 11.244183 4.380132 -0.353553
v 11.309214 3.053164 -0.191342
v 11.244183 4.380132 -0.353553
v 11.309214 4.445164 -0.191342
v 11.309214 3.053164 -0.191342
v 11.309214 3.053164 -0.191342
v 11.309214 4.445164 -0.191342
v 11.332050 3.076000 0.000000
v 11.309214 4.445164 -0.191342
v 11.332050 4.468000 0.000000
v 11.332050 3.076000 0.000000
v 11.332050 3.076000 0.000000
v 11.332050 4.468000 0.000000
v 11.332050 3.076000 3.000000
v 11.332050 4.468000 0.000000
v 11.332050 4.468000 3.000000
v 11.332050 3.076000 3.000000
v 11.332050 3.076000 3.000000
v 11.332050 4.468000 3.000000
v 11.309214 3.053164 3.191342
v 11.332050 4.468000 3.000000
v 11.309214 4.445164 3.191342
v 11.309214 3.053164 3.191342
v 11.309214 3.053164 3.191342
v 11.309214 4.445164 3.191342
v 11.244183 2.988132 3.353553
v 11.309214 4.445164 3.191342
v 11.244183 4.380132 3.353553
v 11.244183 2.988132 3.353553
v 11.244183 2.988132 3.353553
v 11.244183 4.380132 3.353553
v 11.146855 2.890805 3.461940
v 11.244183 4.380132 3.353553
v 11.146855 4.282805 3.461940
v 11.146855 2.890805 3.461940
v 11.146855 2.890805 3.461940
v 11.146855 4.282805 3.461940
v 11.032050 2.776000 3.500000
v 11.146855 4.282805 3.461940
v 11.032050 4.168000 3.500000
v 11.032050 2.776000 3.500000
v 11.032050 4.168000 -0.500000
v 9.648050 4.168000 -0.500000
v 11.146855 4.282805 -0.461940
v 9.648050 4.168000 -0.500000
v 9.762856 4.282805 -0.461940
v 11.146855 4.282805 -0.461940
v 11.146855 4.282805 -0.461940
v 9.762856 4.282805 -0.461940
v 11.244183 4.380132 -0.353553
v 9.762856 4.282805 -0.461940
v 9.860182 4.380132 -0.353553
v 11.244183 4.380132 -0.353553
v 11.244183 4.380132 -0.353553
v 9.860182 4.380132 -0.353553
v 11.309214 4.445164 -0.191342
v 9.860182 4.380132 -0.353553
v 9.925214 4.445164 -0.191342
v 11.309214 4.445164 -0.191342
v 11.309214 4.445164 -0.191342
v 9.925214 4.445164 -0.191342
v 11.332050 4.468000 0.000000
v 9.925214 4.445164 -0.191342
v 9.948050 4.468000 0.000000
v 11.332050 4.468000 0.000000
v 11.332050 4.468000 0.000000
v 9.948050 4.468000 0.000000
v 11.332050 4.468000 3.000000
v 9.948050 4.468000 0.000000
v 9.948050 4.468000 3.000000
v 11.332050 4.468000 3.000000
v 11.332050 4.468000 3.000000
v 9.948050 4.468000 3.000000
v 11.309214 4.445164 3.191342
v 9.948050 4.468000 3.000000
v 9.925214 4.445164 3.191342
v 11.309214 4.445164 3.191342
v 11.309214 4.445164 3.191342
v 9.925214 4.445164 3.191342
v 11.244183 4.380132 3.353553
v 9.925214 4.445164 3.191342
v 9.860182 4.380132 3.353553
v 11.244183 4.380132 3.353553
v 11.244183 4.380132 3.353553
v 9.860182 4.380132 3.353553
v 11.146855 4.282805 3.461940
v 9.860182 4.380132 3.353553
v 9.762856 4.282805 3.461940
v 11.146855 4.282805 3.461940
v 11.146855 4.282805 3.461940
v 9.762856 4.282805 3.461940
v 11.032050 4.168000 3.500000
v 9.762856 4.282805 3.461940
v 9.648050 4.168000 3.500000
v 11.032050 4.168000 3.500000
v 9.648050 4.168000 -0.500000
v 9.648050 5.552000 -0.500000
v 9.762856 4.282805 -0.461940
v 9.648050 5.552000 -0.500000
v 9.762856 5.666805 -0.461940
v 9.762856 4.282805 -0.461940
v 9.762856 4.282805 -0.461940
v 9.762856 5.666805 -0.461940
v 9.860182 4.380132 -0.353553
v 9.762856 5.666805 -0.461940
v 9.860182 5.764132 -0.353553
v 9.860182 4.380132 -0.353553
v 9.860182 4.380132 -0.353553
v 9.860182 5.764132 -0.353553
v 9.925214 4.445164 -0.191342
v 9.860182 5.764132 -0.353553
v 9.925214 5.829164 -0.191342
v 9.925214 4.445164 -0.191342
v 9.925214 4.445164 -0.191342
v 9.925214 5.829164 -0.191342
v 9.948050 4.468000 0.000000
v 9.925214 5.829164 -0.191342
v 9.948050 5.852000 0.000000
v 9.948050 4.468000 0.000000
v 9.948050 4.468000 0.000000
v 9.948050 5.852000 0.000000
v 9.948050 4.468000 3.000000
v 9.948050 5.852000 0.000000
v 9.948050 5.852000 3.000000
v 9.948050 4.468000 3.000000
v 9.948050 4.468000 3.000000
v 9.948050 5.852000 3.000000
v 9.925214 4.445164 3.191342
v 9.948050 5.852000 3.000000
v 9.925214 5.829164 3.191342
v 9.925214 4.445164 3.191342
v 9.925214 4.445164 3.191342
v 9.925214 5.829164 3.191342
v 9.860182 4.380132 3.353553
v 9.925214 5.829164 3.191342
v 9.860182 5.764132 3.353553
v 9.860182 4.380132 3.353553
v 9.860182 4.380132 3.353553
v 9.860182 5.764132 3.353553
v 9.762856 4.282805 3.461940
v 9.860182 5.764132 3.353553
v 9.762856 5.666805 3.461940
v 9.762856 4.282805 3.461940
v 9.762856 4.282805 3.461940
v 9.762856 5.666805 3.461940
v 9.648050 4.168000 3.500000
v 9.762856 5.666805 3.461940
v 9.648050 5.552000 3.500000
v 9.648050 4.168000 3.500000
v 9.648050 5.552000 -0.500000
v 8.256050 5.552000 -0.500000
v 9.762856 5.666805 -0.461940
v 8.256050 5.552000 -0.500000
v 8.370855 5.666805 -0.461940
v 9.762856 5.666805 -0.461940
v 9.762856 5.666805 -0.461940
v 8.370855 5.666805 -0.461940
v 9.860182 5.764132 -0.353553
v 8.370855 5.666805 -0.461940
v 8.468182 5.764132 -0.353553
v 9.860182 5.764132 -0.353553
v 9.860182 5.764132 -0.353553
v 8.468182 5.764132 -0.353553
v 9.925214 5.829164 -0.191342
v 8.468182 5.764132 -0.353553
v 8.533214 5.829164 -0.191342
v 9.925214 5.829164 -0.191342
v 9.925214 5.829164 -0.191342
v 8.533214 5.829164 -0.191342
v 9.948050 5.852000 0.000000
v 8.533214 5.829164 -0.191342
v 8.556050 5.852000 0.000000
v 9.948050 5.852000 0.000000
v 9.948050 5.852000 0.000000
v 8.556050 5.852000 0.000000
v 9.948050 5.852000 3.000000
v 8.556050 5.852000 0.000000
v 8.556050 5.852000 3.000000
v 9.948050 5.852000 3.000000
v 9.948050 5.852000 3.000000
v 8.556050 5.852000 3.000000
v 9.925214 5.829164 3.191342
v 8.556050 5.852000 3.000000
v 8.533214 5.829164 3.191342
v 9.925214 5.829164 3.191342
v 9.925214 5.829164 3.191342
v 8.533214 5.829164 3.191342
v 9.860182 5.764132 3.353553
v 8.533214 5.829164 3.191342
v 8.468182 5.764132 3.353553
v 9.860182 5.764132 3.353553
v 9.860182 5.764132 3.353553
v 8.468182 5.764132 3.353553
v 9.762856 5.666805 3.461940
v 8.468182 5.764132 3.353553
v 8.370855 5.666805 3.461940
v 9.762856 5.666805 3.461940
v 9.762856 5.666805 3.461940
v 8.370855 5.666805 3.461940
v 9.648050 5.552000 3.500000
v 8.370855 5.666805 3.461940
v 8.256050 5.552000 3.500000
v 9.648050 5.552000 3.500000
v 8.256050 5.552000 -0.500000
v 8.256050 6.944000 -0.500000
v 8.370855 5.666805 -0.461940
v 8.256050 6.944000 -0.500000
v 8.370855 7.058805 -0.461940
v 8.370855 5.666805 -0.461940
v 8.370855 5.666805 -0.461940
v 8.370855 7.058805 -0.461940
v 8.468182 5.764132 -0.353553
v 8.370855 7.058805 -0.461940
v 8.468182 7.156132 -0.353553
v 8.468182 5.764132 -0.353553
v 8.468182 5.764132 -0.353553
v 8.468182 7.156132 -0.353553
v 8.533214 5.829164 -0.191342
v 8.468182 7.156132 -0.353553
v 8.533214 7.221164 -0.191342
v 8.533214 5.829164 -0.191342
v 8.533214 5.829164 -0.191342
v 8.533214 7.221164 -0.191342
v 8.556050 5.852000 0.000000
v 8.533214 7.221164 -0.191342
v 8.556050 7.244000 0.000000
v 8.556050 5.852000 0.000000
v 8.556050 5.852000 0.000000
v 8.556050 7.244000 0.000000
v 8.556050 5.852000 3.000000
v 8.556050 7.244000 0.000000
v 8.556050 7.244000 3.000000
v 8.556050 5.852000 3.000000
v 8.556050 5.852000 3.000000
v 8.556050 7.244000 3.000000
v 8.533214 5.829164 3.191342
v 8.556050 7.244000 3.000000
v 8.533214 7.221164 3.191342
v 8.533214 5.829164 3.191342
v 8.533214 5.829164 3.191342
v 8.533214 7.221164 3.191342
v 8.468182 5.764132 3.353553
v 8.533214 7.221164 3.191342
v 8.468182 7.156132 3.353553
v 8.468182 5.764132 3.353553
v 8.468182 5.764132 3.353553
v 8.468182 7.156132 3.353553
v 8.370855 5.666805 3.461940
v 8.468182 7.156132 3.353553
v 8.370855 7.058805 3.461940
v 8.370855 5.666805 3.461940
v 8.370855 5.666805 3.461940
v 8.370855 7.058805 3.461940
v 8.256050 5.552000 3.500000
v 8.370855 7.058805 3.461940
v 8.256050 6.944000 3.500000
v 8.256050 5.552000 3.500000
v 8.256050 6.944000 -0.500000
v 6.872050 6.944000 -0.500000
v 8.370855 7.058805 -0.461940
v 6.872050 6.944000 -0.500000
v 6.757245 7.058805 -0.461940
v 8.370855 7.058805 -0.461940
v 8.370855 7.058805 -0.461940
v 6.757245 7.058805 -0.461940
v 8.468182 7.156132 -0.353553
v 6.757245 7.058805 -0.461940
v 6.659918 7.156132 -0.353553
v 8.468182 7.156132 -0.353553
v 8.468182 7.156132 -0.353553
v 6.659918 7.156132 -0.353553
v 8.533214 7.221164 -0.191342
v 6.659918 7.156132 -0.353553
v 6.594886 7.221164 -0.191342
v 8.533214 7.221164 -0.191342
v 8.533214 7.221164 -0.191342
v 6.594886 7.221164 -0.191342
v 8.556050 7.244000 0.000000
v 6.594886 7.221164 -0.191342
v 6.572050 7.244000 0.000000
v 8.556050 7.244000 0.000000
v 8.556050 7.244000 0.000000
v 6.572050 7.244000 0.000000
v 8.556050 7.244000 3.000000
v 6.572050 7.244000 0.000000
v 6.572050 7.244000 3.000000
v 8.556050 7.244000 3.000000
v 8.556050 7.244000 3.000000
v 6.572050 7.244000 3.000000
v 8.533214 7.221164 3.191342
v 6.572050 7.244000 3.000000
v 6.594886 7.221164 3.191342
v 8.533214 7.221164 3.191342
v 8.533214 7.221164 3.191342
v 6.594886 7.221164 3.191342
v 8.468182 7.156132 3.353553
v 6.594886 7.221164 3.191342
v 6.659918 7.156132 3.353553
v 8.468182 7.156132 3.353553
v 8.468182 7.156132 3.353553
v 6.659918 7.156132 3.353553
v 8.370855 7.058805 3.461940
v 6.659918 7.156132 3.353553
v 6.757245 7.058805 3.461940
v 8.370855 7.058805 3.461940
v 8.370855 7.058805 3.461940
v 6.757245 7.058805 3.461940
v 8.256050 6.944000 3.500000
v 6.757245 7.058805 3.461940
v 6.872050 6.944000 3.500000
v 8.256050 6.944000 3.500000
v 6.872050 6.944000 -0.500000
v 6.872050 0.000000 -0.500000
v 6.757245 7.058805 -0.461940
v 6.872050 0.000000 -0.500000
v 6.757245 -0.114805 -0.461940
v 6.757245 7.058805 -0.461940
v 6.757245 7.058805 -0.461940
v 6.757245 -0.114805 -0.461940
v 6.659918 7.156132 -0.353553
v 6.757245 -0.114805 -0.461940
v 6.659918 -0.212132 -0.353553
v 6.659918 7.156132 -0.353553
v 6.659918 7.156132 -0.353553
v 6.659918 -0.212132 -0.353553
v 6.594886 7.221164 -0.191342
v 6.659918 -0.212132 -0.353553
v 6.594886 -0.277164 -0.191342
v 6.594886 7.221164 -0.191342
v 6.594886 7.221164 -0.191342
v 6.594886 -0.277164 -0.191342
v 6.572050 7.244000 0.000000
v 6.594886 -0.277164 -0.191342
v 6.572050 -0.300000 0.000000
v 6.572050 7.244000 0.000000
v 6.572050 7.244000 0.000000
v 6.572050 -0.300000 0.000000
v 6.572050 7.244000 3.000000
v 6.572050 -0.300000 0.000000
v 6.572050 -0.300000 3.000000
v 6.572050 7.244000 3.000000
v 6.572050 7.244000 3.000000
v 6.572050 -0.300000 3.000000
v 6.594886 7.221164 3.191342
v 6.572050 -0.300000 3.000000
v 6.594886 -0.277164 3.191342
v 6.594886 7.221164 3.191342
v 6.594886 7.221164 3.191342
v 6.594886 -0.277164 3.191342
v 6.659918 7.156132 3.353553
v 6.594886 -0.277164 3.191342
v 6.659918 -0.212132 3.353553
v 6.659918 7.156132 3.353553
v 6.659918 7.156132 3.353553
v 6.659918 -0.212132 3.353553
v 6.757245 7.058805 3.461940
v 6.659918 -0.212132 3.353553
v 6.757245 -0.114805 3.461940
v 6.757245 7.058805 3.461940
v 6.757245 7.058805 3.461940
v 6.757245 -0.114805 3.461940
v 6.872050 6.944000 3.500000
v 6.757245 -0.114805 3.461940
v 6.872050 0.000000 3.500000
v 6.872050 6.944000 3.500000
v 6.872050 0.000000 -0.500000
v 8.256050 0.000000 -0.500000
v 6.757245 -0.114805 -0.461940
v 8.256050 0.000000 -0.500000
v 8.370855 -0.114805 -0.461940
v 6.757245 -0.114805 -0.461940
v 6.757245 -0.114805 -0.461940
v 8.370855 -0.114805 -0.461940
v 6.659918 -0.212132 -0.353553
v 8.370855 -0.114805 -0.461940
v 8.468182 -0.212132 -0.353553
v 6.659918 -0.212132 -0.353553
v 6.659918 -0.212132 -0.353553
v 8.468182 -0.212132 -0.353553
v 6.594886 -0.277164 -0.191342
v 8.468182 -0.212132 -0.353553
v 8.533214 -0.277164 -0.191342
v 6.594886 -0.277164 -0.191342
v 6.594886 -0.277164 -0.191342
v 8.533214 -0.277164 -0.191342
v 6.572050 -0.300000 0.000000
v 8.533214 -0.277164 -0.191342
v 8.556050 -0.300000 0.000000
v 6.572050 -0.300000 0.000000
v 6.572050 -0.300000 0.000000
v 8.556050 -0.300000 0.000000
v 6.572050 -0.300000 3.000000
v 8.556050 -0.300000 0.000000
v 8.556050 -0.300000 3.000000
v 6.572050 -0.300000 3.000000
v 6.572050 -0.300000 3.000000
v 8.556050 -0.300000 3.000000
v 6.594886 -0.277164 3.191342
v 8.556050 -0.300000 3.000000
v 8.533214 -0.277164 3.191342
v 6.594886 -0.277164 3.191342
v 6.594886 -0.277164 3.191342
v 8.533214 -0.277164 3.191342
v 6.659918 -0.212132 3.353553
v 8.533214 -0.277164 3.191342
v 8.468182 -0.212132 3.353553
v 6.659918 -0.212132 3.353553
v 6.659918 -0.212132 3.353553
v 8.468182 -0.212132 3.353553
v 6.757245 -0.114805 3.461940
v 8.468182 -0.212132 3.353553
v 8.370855 -0.114805 3.461940
v 6.757245 -0.114805 3.461940
v 6.757245 -0.114805 3.461940
v 8.370855 -0.114805 3.461940
v 6.872050 0.000000 3.500000
v 8.370855 -0.114805 3.461940
v 8.256050 0.000000 3.500000
v 6.872050 0.000000 3.500000
vn -0.0000 -0.0000 -1.0000
vn -0.0000 -0.0000 1.0000
vn 0.3147 -0.0000 -0.9492
vn 0.7440 -0.0000 -0.6681
vn 0.9282 -0.0000 -0.3721
vn 0.9930 -0.0000 -0.1185
vn 1.0000 -0.0000 -0.0000
vn 0.9930 -0.0000 0.1185
vn 0.9282 -0.0000 0.3721
vn 0.7440 -0.0000 0.6681
vn 0.3147 -0.0000 0.9492
vn -0.0000 -0.3147 -0.9492
vn -0.0000 -0.7440 -0.6681
vn -0.0000 -0.9282 -0.3721
vn -0.0000 -0.9930 -0.1185
vn -0.0000 -1.0000 -0.0000
vn -0.0000 -0.9930 0.1185
vn -0.0000 -0.9282 0.3721
vn -0.0000 -0.7440 0.6681
vn -0.0000 -0.3147 0.9492
vn -0.3147 -0.0000 -0.9492
vn -0.7440 -0.0000 -0.6681
vn -0.9282 -0.0000 -0.3721
vn -0.9930 -0.0000 -0.1185
vn -1.0000 -0.0000 -0.0000
vn -0.9930 -0.0000 0.1185
vn -0.9282 -0.0000 0.3721
vn -0.7440 -0.0000 0.6681
vn -0.3147 -0.0000 0.9492
vn -0.7441 -0.0000 0.6681
vn 0.7441 -0.0000 -0.6681
vn -0.0000 0.3147 -0.9492
vn -0.0000 0.7440 -0.6681
vn -0.0000 0.9282 -0.3721
vn -0.0000 0.9930 -0.1185
vn -0.0000 1.0000 -0.0000
vn -0.0000 0.9930 0.1185
vn -0.0000 0.9282 0.3721
vn -0.0000 0.7440 0.6681
vn -0.0000 0.3147 0.9492
vn 0.7441 -0.0000 0.6681
vn -0.0000 0.7441 0.6681
vt 2.776000 1.000000
vt 1.392000 1.000000
vt 1.392000 -5.944000
vt 6.944000 -0.392000
vt 5.552000 -0.392000
vt 5.552000 -1.776000
vt 8.336000 1.000000
vt 6.944000 1.000000
vt 6.944000 -5.944000
vt 8.336000 -5.944000
vt 2.776000 -4.552000
vt 4.168000 -4.552000
vt 4.168000 -3.168000
vt 2.776000 -5.944000
vt 2.776000 -3.168000
vt 6.944000 -1.776000
vt 4.168000 -1.776000
vt 5.552000 -3.168000
vt 0.000000 -0.500000
vt 4.168000 -0.500000
vt -0.114805 -0.461940
vt 4.053195 -0.461940
vt -0.212132 -0.353553
vt 3.955868 -0.353553
vt -0.277164 -0.191342
vt 3.890836 -0.191342
vt -0.300000 0.000000
vt 3.868000 0.000000
vt -0.300000 3.000000
vt 3.868000 3.000000
vt -0.277164 3.191342
vt 3.890836 3.191342
vt -0.212132 3.353553
vt 3.955868 3.353553
vt -0.114805 3.461940
vt 4.053195 3.461940
vt 0.000000 3.500000
vt 4.168000 3.500000
vt 2.776000 -0.500000
vt 2.890805 -0.461940
vt 2.988132 -0.353553
vt 3.053164 -0.191342
vt 3.076000 0.000000
vt 3.076000 3.000000
vt 3.053164 3.191342
vt 2.988132 3.353553
vt 2.890805 3.461940
vt 2.776000 3.500000
vt 2.661195 -0.461940
vt 2.563868 -0.353553
vt 2.498836 -0.191342
vt 2.476000 0.000000
vt 2.476000 3.000000
vt 2.498836 3.191342
vt 2.563868 3.353553
vt 2.661195 3.461940
vt 5.552000 -0.500000
vt 5.437195 -0.461940
vt 5.339868 -0.353553
vt 5.274836 -0.191342
vt 5.252000 0.000000
vt 5.252000 3.000000
vt 5.274836 3.191342
vt 5.339868 3.353553
vt 5.437195 3.461940
vt 5.552000 3.500000
vt 1.392000 -0.500000
vt 1.277195 -0.461940
vt 1.179868 -0.353553
vt 1.114836 -0.191342
vt 1.092000 0.000000
vt 1.092000 3.000000
vt 1.114836 3.191342
vt 1.179868 3.353553
vt 1.277195 3.461940
vt 1.392000 3.500000
vt 6.944000 -0.500000
vt 6.829195 -0.461940
vt 6.731868 -0.353553
vt 6.666836 -0.191342
vt 6.644000 0.000000
vt 6.644000 3.000000
vt 6.666836 3.191342
vt 6.731868 3.353553
vt 6.829195 3.461940
vt 6.944000 3.500000
vt 8.336000 -0.500000
vt 8.450805 -0.461940
vt 8.548132 -0.353553
vt 8.613164 -0.191342
vt 8.636000 0.000000
vt 8.636000 3.000000
vt 8.613164 3.191342
vt 8.548132 3.353553
vt 8.450805 3.461940
vt 8.336000 3.500000
vt 7.058805 -0.461940
vt 7.156132 -0.353553
vt 7.221164 -0.191342
vt 7.244000 0.000000
vt 7.244000 3.000000
vt 7.221164 3.191342
vt 7.156132 3.353553
vt 7.058805 3.461940
vt 5.666805 -0.461940
vt 5.764132 -0.353553
vt 5.829164 -0.191342
vt 5.852000 0.000000
vt 5.852000 3.000000
vt 5.829164 3.191342
vt 5.764132 3.353553
vt 5.666805 3.461940
vt 4.282805 -0.461940
vt 4.380132 -0.353553
vt 4.445164 -0.191342
vt 4.468000 0.000000
vt 4.468000 3.000000
vt 4.445164 3.191342
vt 4.380132 3.353553
vt 4.282805 3.461940
s 0
usemtl Material_5
f 4645/499/200 4646/500/200 4647/501/200
f 4648/502/200 4649/503/200 4650/504/200
f 4651/505/200 4652/506/200 4653/502/200
f 4654/507/200 4655/508/200 4656/505/200
f 4657/509/200 4658/510/200 4659/511/200
f 4660/501/200 4661/512/200 4662/509/200
f 4663/513/200 4664/499/200 4665/501/200
f 4666/514/200 4667/507/200 4668/505/200
f 4669/513/200 4670/501/200 4671/509/200
f 4672/514/200 4673/505/200 4674/502/200
f 4675/513/200 4676/509/200 4677/511/200
f 4678/514/200 4679/502/200 4680/504/200
f 4681/504/200 4682/515/200 4683/511/200
f 4684/511/200 4685/516/200 4686/504/200
f 4687/501/201 4688/500/201 4689/499/201
f 4690/504/201 4691/503/201 4692/502/201
f 4693/502/201 4694/506/201 4695/505/201
f 4696/505/201 4697/508/201 4698/507/201
f 4699/511/201 4700/510/201 4701/509/201
f 4702/509/201 4703/512/201 4704/501/201
f 4705/501/201 4706/499/201 4707/513/201
f 4708/505/201 4709/507/201 4710/514/201
f 4711/509/201 4712/501/201 4713/513/201
f 4714/502/201 4715/505/201 4716/514/201
f 4717/511/201 4718/509/201 4719/513/201
f 4720/504/201 4721/502/201 4722/514/201
f 4723/511/201 4724/515/201 4725/504/201
f 4726/504/201 4727/516/201 4728/511/201
f 4729/517/202 4730/518/202 4731/519/202
f 4732/518/202 4733/520/202 4734/519/202
f 4735/519/203 4736/520/203 4737/521/203
f 4738/520/203 4739/522/203 4740/521/203
f 4741/521/204 4742/522/204 4743/523/204
f 4744/522/204 4745/524/204 4746/523/204
f 4747/523/205 4748/524/205 4749/525/205
f 4750/524/205 4751/526/205 4752/525/205
f 4753/525/206 4754/526/206 4755/527/206
f 4756/526/206 4757/528/206 4758/527/206
f 4759/527/207 4760/528/207 4761/529/207
f 4762/528/207 4763/530/207 4764/529/207
f 4765/529/208 4766/530/208 4767/531/208
f 4768/530/208 4769/532/208 4770/531/208
f 4771/531/209 4772/532/209 4773/533/209
f 4774/532/209 4775/534/209 4776/533/209
f 4777/533/210 4778/534/210 4779/535/210
f 4780/534/210 4781/536/210 4782/535/210
f 4783/537/211 4784/518/211 4785/538/211
f 4786/518/211 4787/520/211 4788/538/211
f 4789/538/212 4790/520/212 4791/539/212
f 4792/520/212 4793/522/212 4794/539/212
f 4795/539/213 4796/522/213 4797/540/213
f 4798/522/213 4799/524/213 4800/540/213
f 4801/540/214 4802/524/214 4803/541/214
f 4804/524/214 4805/526/214 4806/541/214
f 4807/541/215 4808/526/215 4809/542/215
f 4810/526/215 4811/528/215 4812/542/215
f 4813/542/216 4814/528/216 4815/543/216
f 4816/528/216 4817/530/216 4818/543/216
f 4819/543/217 4820/530/217 4821/544/217
f 4822/530/217 4823/532/217 4824/544/217
f 4825/544/218 4826/532/218 4827/545/218
f 4828/532/218 4829/534/218 4830/545/218
f 4831/545/219 4832/534/219 4833/546/219
f 4834/534/219 4835/536/219 4836/546/219
f 4837/518/220 4838/537/220 4839/520/220
f 4840/537/220 4841/547/220 4842/520/220
f 4843/520/221 4844/547/221 4845/522/221
f 4846/547/221 4847/548/221 4848/522/221
f 4849/522/222 4850/548/222 4851/524/222
f 4852/548/222 4853/549/222 4854/524/222
f 4855/524/223 4856/549/223 4857/526/223
f 4858/549/223 4859/550/223 4860/526/223
f 4861/526/224 4862/550/224 4863/528/224
f 4864/550/224 4865/551/224 4866/528/224
f 4867/528/225 4868/551/225 4869/530/225
f 4870/551/225 4871/552/225 4872/530/225
s 1
f 4873/530/226 4874/552/226 4875/532/226
s 0
f 4876/552/226 4877/553/226 4878/532/226
f 4879/532/227 4880/553/227 4881/534/227
s 1
f 4882/553/227 4883/554/227 4884/534/227
s 0
f 4885/534/228 4886/554/228 4887/536/228
f 4888/554/228 4889/546/228 4890/536/228
f 4891/518/211 4892/555/211 4893/520/211
s 1
f 4894/555/211 4895/556/211 4896/520/211
s 0
f 4897/520/212 4898/556/212 4899/522/212
f 4900/556/212 4901/557/212 4902/522/212
f 4903/522/213 4904/557/213 4905/524/213
f 4906/557/213 4907/558/213 4908/524/213
f 4909/524/214 4910/558/214 4911/526/214
f 4912/558/214 4913/559/214 4914/526/214
f 4915/526/215 4916/559/215 4917/528/215
f 4918/559/215 4919/560/215 4920/528/215
f 4921/528/216 4922/560/216 4923/530/216
f 4924/560/216 4925/561/216 4926/530/216
f 4927/530/217 4928/561/217 4929/532/217
f 4930/561/217 4931/562/217 4932/532/217
f 4933/532/218 4934/562/218 4935/534/218
f 4936/562/218 4937/563/218 4938/534/218
f 4939/534/219 4940/563/219 4941/536/219
f 4942/563/219 4943/564/219 4944/536/219
f 4945/537/220 4946/565/220 4947/547/220
f 4948/565/220 4949/566/220 4950/547/220
f 4951/547/221 4952/566/221 4953/548/221
f 4954/566/221 4955/567/221 4956/548/221
f 4957/548/222 4958/567/222 4959/549/222
f 4960/567/222 4961/568/222 4962/549/222
f 4963/549/223 4964/568/223 4965/550/223
f 4966/568/223 4967/569/223 4968/550/223
f 4969/550/224 4970/569/224 4971/551/224
f 4972/569/224 4973/570/224 4974/551/224
f 4975/551/225 4976/570/225 4977/552/225
s 1
f 4978/570/225 4979/571/225 4980/552/225
s 0
f 4981/552/226 4982/571/226 4983/553/226
f 4984/571/226 4985/572/226 4986/553/226
f 4987/553/227 4988/572/227 4989/554/227
f 4990/572/229 4991/573/229 4992/554/229
f 4993/554/228 4994/573/228 4995/546/228
f 4996/573/228 4997/574/228 4998/546/228
f 4999/555/211 5000/575/211 5001/556/211
f 5002/575/211 5003/576/211 5004/556/211
f 5005/556/212 5006/576/212 5007/557/212
f 5008/576/212 5009/577/212 5010/557/212
f 5011/557/213 5012/577/213 5013/558/213
f 5014/577/213 5015/578/213 5016/558/213
f 5017/558/214 5018/578/214 5019/559/214
f 5020/578/214 5021/579/214 5022/559/214
f 5023/559/215 5024/579/215 5025/560/215
f 5026/579/215 5027/580/215 5028/560/215
f 5029/560/216 5030/580/216 5031/561/216
f 5032/580/216 5033/581/216 5034/561/216
f 5035/561/217 5036/581/217 5037/562/217
f 5038/581/217 5039/582/217 5040/562/217
f 5041/562/218 5042/582/218 5043/563/218
f 5044/582/218 5045/583/218 5046/563/218
f 5047/563/219 5048/583/219 5049/564/219
f 5050/583/219 5051/584/219 5052/564/219
f 5053/565/220 5054/517/220 5055/566/220
f 5056/517/220 5057/519/220 5058/566/220
f 5059/566/221 5060/519/221 5061/567/221
f 5062/519/221 5063/521/221 5064/567/221
f 5065/567/222 5066/521/222 5067/568/222
f 5068/521/222 5069/523/222 5070/568/222
f 5071/568/223 5072/523/223 5073/569/223
f 5074/523/223 5075/525/223 5076/569/223
f 5077/569/224 5078/525/224 5079/570/224
f 5080/525/224 5081/527/224 5082/570/224
f 5083/570/225 5084/527/225 5085/571/225
s 1
f 5086/527/225 5087/529/225 5088/571/225
s 0
f 5089/571/226 5090/529/226 5091/572/226
f 5092/529/226 5093/531/226 5094/572/226
f 5095/572/227 5096/531/227 5097/573/227
f 5098/531/227 5099/533/227 5100/573/227
f 5101/573/228 5102/533/228 5103/574/228
f 5104/533/228 5105/535/228 5106/574/228
f 5107/575/211 5108/585/211 5109/576/211
f 5110/585/211 5111/586/211 5112/576/211
f 5113/576/212 5114/586/212 5115/577/212
f 5116/586/212 5117/587/212 5118/577/212
f 5119/577/213 5120/587/213 5121/578/213
f 5122/587/213 5123/588/213 5124/578/213
f 5125/578/214 5126/588/214 5127/579/214
f 5128/588/214 5129/589/214 5130/579/214
f 5131/579/215 5132/589/215 5133/580/215
f 5134/589/215 5135/590/215 5136/580/215
f 5137/580/216 5138/590/216 5139/581/216
f 5140/590/216 5141/591/216 5142/581/216
f 5143/581/217 5144/591/217 5145/582/217
f 5146/591/217 5147/592/217 5148/582/217
s 1
f 5149/582/218 5150/592/218 5151/583/218
s 0
f 5152/592/218 5153/593/218 5154/583/218
f 5155/583/219 5156/593/219 5157/584/219
f 5158/593/219 5159/594/219 5160/584/219
f 5161/517/202 5162/575/202 5163/519/202
f 5164/575/202 5165/595/202 5166/519/202
f 5167/519/230 5168/595/230 5169/521/230
f 5170/595/203 5171/596/203 5172/521/203
f 5173/521/204 5174/596/204 5175/523/204
f 5176/596/204 5177/597/204 5178/523/204
f 5179/523/205 5180/597/205 5181/525/205
f 5182/597/205 5183/598/205 5184/525/205
f 5185/525/206 5186/598/206 5187/527/206
f 5188/598/206 5189/599/206 5190/527/206
f 5191/527/207 5192/599/207 5193/529/207
f 5194/599/207 5195/600/207 5196/529/207
f 5197/529/208 5198/600/208 5199/531/208
f 5200/600/208 5201/601/208 5202/531/208
f 5203/531/209 5204/601/209 5205/533/209
f 5206/601/209 5207/602/209 5208/533/209
f 5209/533/210 5210/602/210 5211/535/210
f 5212/602/210 5213/584/210 5214/535/210
f 5215/585/231 5216/575/231 5217/586/231
f 5218/575/231 5219/576/231 5220/586/231
f 5221/586/232 5222/576/232 5223/587/232
f 5224/576/232 5225/577/232 5226/587/232
f 5227/587/233 5228/577/233 5229/588/233
f 5230/577/233 5231/578/233 5232/588/233
f 5233/588/234 5234/578/234 5235/589/234
f 5236/578/234 5237/579/234 5238/589/234
f 5239/589/235 5240/579/235 5241/590/235
f 5242/579/235 5243/580/235 5244/590/235
f 5245/590/236 5246/580/236 5247/591/236
f 5248/580/236 5249/581/236 5250/591/236
f 5251/591/237 5252/581/237 5253/592/237
f 5254/581/237 5255/582/237 5256/592/237
f 5257/592/238 5258/582/238 5259/593/238
f 5260/582/238 5261/583/238 5262/593/238
f 5263/593/239 5264/583/239 5265/594/239
f 5266/583/239 5267/584/239 5268/594/239
f 5269/575/220 5270/537/220 5271/595/220
f 5272/537/220 5273/538/220 5274/595/220
f 5275/595/221 5276/538/221 5277/596/221
f 5278/538/221 5279/539/221 5280/596/221
f 5281/596/222 5282/539/222 5283/597/222
f 5284/539/222 5285/540/222 5286/597/222
f 5287/597/223 5288/540/223 5289/598/223
s 1
f 5290/540/223 5291/541/223 5292/598/223
s 0
f 5293/598/224 5294/541/224 5295/599/224
f 5296/541/224 5297/542/224 5298/599/224
f 5299/599/225 5300/542/225 5301/600/225
f 5302/542/225 5303/543/225 5304/600/225
f 5305/600/226 5306/543/226 5307/601/226
f 5308/543/226 5309/544/226 5310/601/226
f 5311/601/227 5312/544/227 5313/602/227
f 5314/544/227 5315/545/227 5316/602/227
f 5317/602/228 5318/545/228 5319/584/228
f 5320/545/228 5321/546/228 5322/584/228
f 5323/575/231 5324/555/231 5325/576/231
f 5326/555/231 5327/603/231 5328/576/231
f 5329/576/232 5330/603/232 5331/577/232
f 5332/603/232 5333/604/232 5334/577/232
f 5335/577/233 5336/604/233 5337/578/233
f 5338/604/233 5339/605/233 5340/578/233
f 5341/578/234 5342/605/234 5343/579/234
f 5344/605/234 5345/606/234 5346/579/234
f 5347/579/235 5348/606/235 5349/580/235
f 5350/606/235 5351/607/235 5352/580/235
f 5353/580/236 5354/607/236 5355/581/236
f 5356/607/236 5357/608/236 5358/581/236
f 5359/581/237 5360/608/237 5361/582/237
f 5362/608/237 5363/609/237 5364/582/237
f 5365/582/238 5366/609/238 5367/583/238
f 5368/609/238 5369/610/238 5370/583/238
f 5371/583/239 5372/610/239 5373/584/239
f 5374/610/239 5375/564/239 5376/584/239
f 5377/537/202 5378/518/202 5379/538/202
f 5380/518/202 5381/611/202 5382/538/202
f 5383/538/230 5384/611/230 5385/539/230
f 5386/611/203 5387/612/203 5388/539/203
f 5389/539/204 5390/612/204 5391/540/204
f 5392/612/204 5393/613/204 5394/540/204
f 5395/540/205 5396/613/205 5397/541/205
f 5398/613/205 5399/614/205 5400/541/205
f 5401/541/206 5402/614/206 5403/542/206
f 5404/614/206 5405/615/206 5406/542/206
f 5407/542/207 5408/615/207 5409/543/207
f 5410/615/207 5411/616/207 5412/543/207
f 5413/543/208 5414/616/208 5415/544/208
f 5416/616/208 5417/617/208 5418/544/208
f 5419/544/209 5420/617/209 5421/545/209
f 5422/617/240 5423/618/240 5424/545/240
f 5425/545/210 5426/618/210 5427/546/210
f 5428/618/210 5429/536/210 5430/546/210
f 5431/555/231 5432/518/231 5433/603/231
f 5434/518/231 5435/611/231 5436/603/231
s 1
f 5437/603/232 5438/611/232 5439/604/232
s 0
f 5440/611/232 5441/612/232 5442/604/232
f 5443/604/233 5444/612/233 5445/605/233
f 5446/612/233 5447/613/233 5448/605/233
f 5449/605/234 5450/613/234 5451/606/234
f 5452/613/234 5453/614/234 5454/606/234
f 5455/606/235 5456/614/235 5457/607/235
f 5458/614/235 5459/615/235 5460/607/235
f 5461/607/236 5462/615/236 5463/608/236
f 5464/615/236 5465/616/236 5466/608/236
f 5467/608/237 5468/616/237 5469/609/237
f 5470/616/237 5471/617/237 5472/609/237
f 5473/609/238 5474/617/238 5475/610/238
f 5476/617/238 5477/618/238 5478/610/238
f 5479/610/239 5480/618/239 5481/564/239
f 5482/618/239 5483/536/239 5484/564/239
f 5485/518/202 5486/555/202 5487/611/202
f 5488/555/202 5489/603/202 5490/611/202
f 5491/611/203 5492/603/203 5493/612/203
f 5494/603/203 5495/604/203 5496/612/203
f 5497/612/204 5498/604/204 5499/613/204
f 5500/604/204 5501/605/204 5502/613/204
f 5503/613/205 5504/605/205 5505/614/205
f 5506/605/205 5507/606/205 5508/614/205
f 5509/614/206 5510/606/206 5511/615/206
f 5512/606/206 5513/607/206 5514/615/206
f 5515/615/207 5516/607/207 5517/616/207
f 5518/607/207 5519/608/207 5520/616/207
f 5521/616/208 5522/608/208 5523/617/208
f 5524/608/208 5525/609/208 5526/617/208
f 5527/617/209 5528/609/209 5529/618/209
s 1
f 5530/609/209 5531/610/209 5532/618/209
s 0
f 5533/618/210 5534/610/210 5535/536/210
f 5536/610/210 5537/564/210 5538/536/210
f 5539/518/231 5540/537/231 5541/611/231
f 5542/537/231 5543/538/231 5544/611/231
f 5545/611/232 5546/538/232 5547/612/232
f 5548/538/232 5549/539/232 5550/612/232
f 5551/612/233 5552/539/233 5553/613/233
f 5554/539/233 5555/540/233 5556/613/233
f 5557/613/234 5558/540/234 5559/614/234
f 5560/540/234 5561/541/234 5562/614/234
f 5563/614/235 5564/541/235 5565/615/235
f 5566/541/235 5567/542/235 5568/615/235
f 5569/615/236 5570/542/236 5571/616/236
f 5572/542/236 5573/543/236 5574/616/236
f 5575/616/237 5576/543/237 5577/617/237
f 5578/543/237 5579/544/237 5580/617/237
f 5581/617/238 5582/544/238 5583/618/238
f 5584/544/241 5585/545/241 5586/618/241
f 5587/618/239 5588/545/239 5589/536/239
f 5590/545/239 5591/546/239 5592/536/239
f 5593/555/202 5594/575/202 5595/603/202
f 5596/575/202 5597/595/202 5598/603/202
f 5599/603/203 5600/595/203 5601/604/203
f 5602/595/203 5603/596/203 5604/604/203
f 5605/604/204 5606/596/204 5607/605/204
f 5608/596/204 5609/597/204 5610/605/204
f 5611/605/205 5612/597/205 5613/606/205
f 5614/597/205 5615/598/205 5616/606/205
f 5617/606/206 5618/598/206 5619/607/206
f 5620/598/206 5621/599/206 5622/607/206
f 5623/607/207 5624/599/207 5625/608/207
f 5626/599/207 5627/600/207 5628/608/207
s 1
f 5629/608/208 5630/600/208 5631/609/208
s 0
f 5632/600/208 5633/601/208 5634/609/208
f 5635/609/209 5636/601/209 5637/610/209
f 5638/601/209 5639/602/209 5640/610/209
f 5641/610/210 5642/602/210 5643/564/210
f 5644/602/210 5645/584/210 5646/564/210
f 5647/537/231 5648/565/231 5649/538/231
f 5650/565/231 5651/566/231 5652/538/231
f 5653/538/232 5654/566/232 5655/539/232
f 5656/566/232 5657/567/232 5658/539/232
f 5659/539/233 5660/567/233 5661/540/233
f 5662/567/233 5663/568/233 5664/540/233
f 5665/540/234 5666/568/234 5667/541/234
f 5668/568/234 5669/569/234 5670/541/234
f 5671/541/235 5672/569/235 5673/542/235
f 5674/569/235 5675/570/235 5676/542/235
f 5677/542/236 5678/570/236 5679/543/236
f 5680/570/236 5681/571/236 5682/543/236
s 1
f 5683/543/237 5684/571/237 5685/544/237
s 0
f 5686/571/237 5687/572/237 5688/544/237
f 5689/544/238 5690/572/238 5691/545/238
f 5692/572/238 5693/573/238 5694/545/238
f 5695/545/239 5696/573/239 5697/546/239
f 5698/573/239 5699/574/239 5700/546/239
f 5701/575/220 5702/517/220 5703/595/220
f 5704/517/220 5705/519/220 5706/595/220
f 5707/595/221 5708/519/221 5709/596/221
f 5710/519/221 5711/521/221 5712/596/221
f 5713/596/222 5714/521/222 5715/597/222
f 5716/521/222 5717/523/222 5718/597/222
f 5719/597/223 5720/523/223 5721/598/223
f 5722/523/223 5723/525/223 5724/598/223
f 5725/598/224 5726/525/224 5727/599/224
f 5728/525/224 5729/527/224 5730/599/224
f 5731/599/225 5732/527/225 5733/600/225
f 5734/527/225 5735/529/225 5736/600/225
f 5737/600/226 5738/529/226 5739/601/226
f 5740/529/226 5741/531/226 5742/601/226
s 1
f 5743/601/227 5744/531/227 5745/602/227
f 5746/531/227 5747/533/227 5748/602/227
s 0
f 5749/602/228 5750/533/228 5751/584/228
f 5752/533/228 5753/535/228 5754/584/228
f 5755/565/211 5756/537/211 5757/566/211
f 5758/537/211 5759/538/211 5760/566/211
f 5761/566/212 5762/538/212 5763/567/212
f 5764/538/212 5765/539/212 5766/567/212
f 5767/567/213 5768/539/213 5769/568/213
f 5770/539/213 5771/540/213 5772/568/213
f 5773/568/214 5774/540/214 5775/569/214
f 5776/540/214 5777/541/214 5778/569/214
f 5779/569/215 5780/541/215 5781/570/215
f 5782/541/215 5783/542/215 5784/570/215
f 5785/570/216 5786/542/216 5787/571/216
f 5788/542/216 5789/543/216 5790/571/216
f 5791/571/217 5792/543/217 5793/572/217
f 5794/543/217 5795/544/217 5796/572/217
f 5797/572/218 5798/544/218 5799/573/218
f 5800/544/218 5801/545/218 5802/573/218
f 5803/573/219 5804/545/219 5805/574/219
f 5806/545/219 5807/546/219 5808/574/219
o Mesh_6
v 16.800150 5.504000 -0.500000
v 16.800150 4.168000 -0.500000
v 15.416150 0.000000 -0.500000
v 16.800150 2.776000 -0.500000
v 16.800150 0.000000 -0.500000
v 15.416150 0.000000 -0.500000
v 20.968149 0.000000 -0.500000
v 19.576149 0.000000 -0.500000
v 19.576149 2.776000 -0.500000
v 19.576149 5.552000 -0.500000
v 20.968149 5.552000 -0.500000
v 20.968149 0.000000 -0.500000
v 16.800150 6.944000 -0.500000
v 19.576149 6.944000 -0.500000
v 19.576149 5.552000 -0.500000
v 15.416150 0.000000 -0.500000
v 15.416150 5.552000 -0.500000
v 16.800150 5.552000 -0.500000
v 16.800150 2.776000 -0.500000
v 15.416150 0.000000 -0.500000
v 16.800150 4.168000 -0.500000
v 16.800150 5.552000 -0.500000
v 16.800150 6.944000 -0.500000
v 19.576149 5.552000 -0.500000
v 16.800150 5.504000 -0.500000
v 15.416150 0.000000 -0.500000
v 16.800150 5.552000 -0.500000
v 16.800150 2.776000 -0.500000
v 16.800150 4.168000 -0.500000
v 19.576149 4.168000 -0.500000
v 16.800150 5.504000 -0.500000
v 16.800150 5.552000 -0.500000
v 19.576149 5.552000 -0.500000
v 19.576149 2.776000 -0.500000
v 16.800150 2.776000 -0.500000
v 19.576149 4.168000 -0.500000
v 19.576149 5.504000 -0.500000
v 16.800150 5.504000 -0.500000
v 19.576149 5.552000 -0.500000
v 20.968149 0.000000 -0.500000
v 19.576149 2.776000 -0.500000
v 19.576149 4.168000 -0.500000
v 19.576149 5.504000 -0.500000
v 19.576149 5.552000 -0.500000
v 20.968149 0.000000 -0.500000
v 20.968149 0.000000 -0.500000
v 19.576149 4.168000 -0.500000
v 19.576149 5.504000 -0.500000
v 15.416150 0.000000 3.500000
v 16.800150 4.168000 3.500000
v 16.800150 5.504000 3.500000
v 15.416150 0.000000 3.500000
v 16.800150 0.000000 3.500000
v 16.800150 2.776000 3.500000
v 19.576149 2.776000 3.500000
v 19.576149 0.000000 3.500000
v 20.968149 0.000000 3.500000
v 20.968149 0.000000 3.500000
v 20.968149 5.552000 3.500000
v 19.576149 5.552000 3.500000
v 19.576149 5.552000 3.500000
v 19.576149 6.944000 3.500000
v 16.800150 6.944000 3.500000
v 16.800150 5.552000 3.500000
v 15.416150 5.552000 3.500000
v 15.416150 0.000000 3.500000
v 16.800150 4.168000 3.500000
v 15.416150 0.000000 3.500000
v 16.800150 2.776000 3.500000
v 19.576149 5.552000 3.500000
v 16.800150 6.944000 3.500000
v 16.800150 5.552000 3.500000
v 16.800150 5.552000 3.500000
v 15.416150 0.000000 3.500000
v 16.800150 5.504000 3.500000
v 19.576149 4.168000 3.500000
v 16.800150 4.168000 3.500000
v 16.800150 2.776000 3.500000
v 19.576149 5.552000 3.500000
v 16.800150 5.552000 3.500000
v 16.800150 5.504000 3.500000
v 19.576149 4.168000 3.500000
v 16.800150 2.776000 3.500000
v 19.576149 2.776000 3.500000
v 19.576149 5.552000 3.500000
v 16.800150 5.504000 3.500000
v 19.576149 5.504000 3.500000
v 19.576149 4.168000 3.500000
v 19.576149 2.776000 3.500000
v 20.968149 0.000000 3.500000
v 20.968149 0.000000 3.500000
v 19.576149 5.552000 3.500000
v 19.576149 5.504000 3.500000
v 19.576149 5.504000 3.500000
v 19.576149 4.168000 3.500000
v 20.968149 0.000000 3.500000
v 16.800150 0.000000 -0.500000
v 16.800150 2.776000 -0.500000
v 16.914955 -0.114805 -0.461940
v 16.800150 2.776000 -0.500000
v 16.914955 2.661195 -0.461940
v 16.914955 -0.114805 -0.461940
v 16.914955 -0.114805 -0.461940
v 16.914955 2.661195 -0.461940
v 17.012281 -0.212132 -0.353553
v 16.914955 2.661195 -0.461940
v 17.012281 2.563868 -0.353553
v 17.012281 -0.212132 -0.353553
v 17.012281 -0.212132 -0.353553
v 17.012281 2.563868 -0.353553
v 17.077314 -0.277164 -0.191342
v 17.012281 2.563868 -0.353553
v 17.077314 2.498836 -0.191342
v 17.077314 -0.277164 -0.191342
v 17.077314 -0.277164 -0.191342
v 17.077314 2.498836 -0.191342
v 17.100149 -0.300000 0.000000
v 17.077314 2.498836 -0.191342
v 17.100149 2.476000 0.000000
v 17.100149 -0.300000 0.000000
v 17.100149 -0.300000 0.000000
v 17.100149 2.476000 0.000000
v 17.100149 -0.300000 3.000000
v 17.100149 2.476000 0.000000
v 17.100149 2.476000 3.000000
v 17.100149 -0.300000 3.000000
v 17.100149 -0.300000 3.000000
v 17.100149 2.476000 3.000000
v 17.077314 -0.277164 3.191342
v 17.100149 2.476000 3.000000
v 17.077314 2.498836 3.191342
v 17.077314 -0.277164 3.191342
v 17.077314 -0.277164 3.191342
v 17.077314 2.498836 3.191342
v 17.012281 -0.212132 3.353553
v 17.077314 2.498836 3.191342
v 17.012281 2.563868 3.353553
v 17.012281 -0.212132 3.353553
v 17.012281 -0.212132 3.353553
v 17.012281 2.563868 3.353553
v 16.914955 -0.114805 3.461940
v 17.012281 2.563868 3.353553
v 16.914955 2.661195 3.461940
v 16.914955 -0.114805 3.461940
v 16.914955 -0.114805 3.461940
v 16.914955 2.661195 3.461940
v 16.800150 0.000000 3.500000
v 16.914955 2.661195 3.461940
v 16.800150 2.776000 3.500000
v 16.800150 0.000000 3.500000
v 16.800150 2.776000 -0.500000
v 19.576149 2.776000 -0.500000
v 16.914955 2.661195 -0.461940
v 19.576149 2.776000 -0.500000
v 19.461346 2.661195 -0.461940
v 16.914955 2.661195 -0.461940
v 16.914955 2.661195 -0.461940
v 19.461346 2.661195 -0.461940
v 17.012281 2.563868 -0.353553
v 19.461346 2.661195 -0.461940
v 19.364017 2.563868 -0.353553
v 17.012281 2.563868 -0.353553
v 17.012281 2.563868 -0.353553
v 19.364017 2.563868 -0.353553
v 17.077314 2.498836 -0.191342
v 19.364017 2.563868 -0.353553
v 19.298986 2.498836 -0.191342
v 17.077314 2.498836 -0.191342
v 17.077314 2.498836 -0.191342
v 19.298986 2.498836 -0.191342
v 17.100149 2.476000 0.000000
v 19.298986 2.498836 -0.191342
v 19.276150 2.476000 0.000000
v 17.100149 2.476000 0.000000
v 17.100149 2.476000 0.000000
v 19.276150 2.476000 0.000000
v 17.100149 2.476000 3.000000
v 19.276150 2.476000 0.000000
v 19.276150 2.476000 3.000000
v 17.100149 2.476000 3.000000
v 17.100149 2.476000 3.000000
v 19.276150 2.476000 3.000000
v 17.077314 2.498836 3.191342
v 19.276150 2.476000 3.000000
v 19.298986 2.498836 3.191342
v 17.077314 2.498836 3.191342
v 17.077314 2.498836 3.191342
v 19.298986 2.498836 3.191342
v 17.012281 2.563868 3.353553
v 19.298986 2.498836 3.191342
v 19.364017 2.563868 3.353553
v 17.012281 2.563868 3.353553
v 17.012281 2.563868 3.353553
v 19.364017 2.563868 3.353553
v 16.914955 2.661195 3.461940
v 19.364017 2.563868 3.353553
v 19.461346 2.661195 3.461940
v 16.914955 2.661195 3.461940
v 16.914955 2.661195 3.461940
v 19.461346 2.661195 3.461940
v 16.800150 2.776000 3.500000
v 19.461346 2.661195 3.461940
v 19.576149 2.776000 3.500000
v 16.800150 2.776000 3.500000
v 19.576149 2.776000 -0.500000
v 19.576149 0.000000 -0.500000
v 19.461346 2.661195 -0.461940
v 19.576149 0.000000 -0.500000
v 19.461346 -0.114805 -0.461940
v 19.461346 2.661195 -0.461940
v 19.461346 2.661195 -0.461940
v 19.461346 -0.114805 -0.461940
v 19.364017 2.563868 -0.353553
v 19.461346 -0.114805 -0.461940
v 19.364017 -0.212132 -0.353553
v 19.364017 2.563868 -0.353553
v 19.364017 2.563868 -0.353553
v 19.364017 -0.212132 -0.353553
v 19.298986 2.498836 -0.191342
v 19.364017 -0.212132 -0.353553
v 19.298986 -0.277164 -0.191342
v 19.298986 2.498836 -0.191342
v 19.298986 2.498836 -0.191342
v 19.298986 -0.277164 -0.191342
v 19.276150 2.476000 0.000000
v 19.298986 -0.277164 -0.191342
v 19.276150 -0.300000 0.000000
v 19.276150 2.476000 0.000000
v 19.276150 2.476000 0.000000
v 19.276150 -0.300000 0.000000
v 19.276150 2.476000 3.000000
v 19.276150 -0.300000 0.000000
v 19.276150 -0.300000 3.000000
v 19.276150 2.476000 3.000000
v 19.276150 2.476000 3.000000
v 19.276150 -0.300000 3.000000
v 19.298986 2.498836 3.191342
v 19.276150 -0.300000 3.000000
v 19.298986 -0.277164 3.191342
v 19.298986 2.498836 3.191342
v 19.298986 2.498836 3.191342
v 19.298986 -0.277164 3.191342
v 19.364017 2.563868 3.353553
v 19.298986 -0.277164 3.191342
v 19.364017 -0.212132 3.353553
v 19.364017 2.563868 3.353553
v 19.364017 2.563868 3.353553
v 19.364017 -0.212132 3.353553
v 19.461346 2.661195 3.461940
v 19.364017 -0.212132 3.353553
v 19.461346 -0.114805 3.461940
v 19.461346 2.661195 3.461940
v 19.461346 2.661195 3.461940
v 19.461346 -0.114805 3.461940
v 19.576149 2.776000 3.500000
v 19.461346 -0.114805 3.461940
v 19.576149 0.000000 3.500000
v 19.576149 2.776000 3.500000
v 19.576149 0.000000 -0.500000
v 20.968149 0.000000 -0.500000
v 19.461346 -0.114805 -0.461940
v 20.968149 0.000000 -0.500000
v 21.082954 -0.114805 -0.461940
v 19.461346 -0.114805 -0.461940
v 19.461346 -0.114805 -0.461940
v 21.082954 -0.114805 -0.461940
v 19.364017 -0.212132 -0.353553
v 21.082954 -0.114805 -0.461940
v 21.180283 -0.212132 -0.353553
v 19.364017 -0.212132 -0.353553
v 19.364017 -0.212132 -0.353553
v 21.180283 -0.212132 -0.353553
v 19.298986 -0.277164 -0.191342
v 21.180283 -0.212132 -0.353553
v 21.245314 -0.277164 -0.191342
v 19.298986 -0.277164 -0.191342
v 19.298986 -0.277164 -0.191342
v 21.245314 -0.277164 -0.191342
v 19.276150 -0.300000 0.000000
v 21.245314 -0.277164 -0.191342
v 21.268150 -0.300000 0.000000
v 19.276150 -0.300000 0.000000
v 19.276150 -0.300000 0.000000
v 21.268150 -0.300000 0.000000
v 19.276150 -0.300000 3.000000
v 21.268150 -0.300000 0.000000
v 21.268150 -0.300000 3.000000
v 19.276150 -0.300000 3.000000
v 19.276150 -0.300000 3.000000
v 21.268150 -0.300000 3.000000
v 19.298986 -0.277164 3.191342
v 21.268150 -0.300000 3.000000
v 21.245314 -0.277164 3.191342
v 19.298986 -0.277164 3.191342
v 19.298986 -0.277164 3.191342
v 21.245314 -0.277164 3.191342
v 19.364017 -0.212132 3.353553
v 21.245314 -0.277164 3.191342
v 21.180283 -0.212132 3.353553
v 19.364017 -0.212132 3.353553
v 19.364017 -0.212132 3.353553
v 21.180283 -0.212132 3.353553
v 19.461346 -0.114805 3.461940
v 21.180283 -0.212132 3.353553
v 21.082954 -0.114805 3.461940
v 19.461346 -0.114805 3.461940
v 19.461346 -0.114805 3.461940
v 21.082954 -0.114805 3.461940
v 19.576149 0.000000 3.500000
v 21.082954 -0.114805 3.461940
v 20.968149 0.000000 3.500000
v 19.576149 0.000000 3.500000
v 20.968149 0.000000 -0.500000
v 20.968149 5.552000 -0.500000
v 21.082954 -0.114805 -0.461940
v 20.968149 5.552000 -0.500000
v 21.082954 5.666805 -0.461940
v 21.082954 -0.114805 -0.461940
v 21.082954 -0.114805 -0.461940
v 21.082954 5.666805 -0.461940
v 21.180283 -0.212132 -0.353553
v 21.082954 5.666805 -0.461940
v 21.180283 5.764132 -0.353553
v 21.180283 -0.212132 -0.353553
v 21.180283 -0.212132 -0.353553
v 21.180283 5.764132 -0.353553
v 21.245314 -0.277164 -0.191342
v 21.180283 5.764132 -0.353553
v 21.245314 5.829164 -0.191342
v 21.245314 -0.277164 -0.191342
v 21.245314 -0.277164 -0.191342
v 21.245314 5.829164 -0.191342
v 21.268150 -0.300000 0.000000
v 21.245314 5.829164 -0.191342
v 21.268150 5.852000 0.000000
v 21.268150 -0.300000 0.000000
v 21.268150 -0.300000 0.000000
v 21.268150 5.852000 0.000000
v 21.268150 -0.300000 3.000000
v 21.268150 5.852000 0.000000
v 21.268150 5.852000 3.000000
v 21.268150 -0.300000 3.000000
v 21.268150 -0.300000 3.000000
v 21.268150 5.852000 3.000000
v 21.245314 -0.277164 3.191342
v 21.268150 5.852000 3.000000
v 21.245314 5.829164 3.191342
v 21.245314 -0.277164 3.191342
v 21.245314 -0.277164 3.191342
v 21.245314 5.829164 3.191342
v 21.180283 -0.212132 3.353553
v 21.245314 5.829164 3.191342
v 21.180283 5.764132 3.353553
v 21.180283 -0.212132 3.353553
v 21.180283 -0.212132 3.353553
v 21.180283 5.764132 3.353553
v 21.082954 -0.114805 3.461940
v 21.180283 5.764132 3.353553
v 21.082954 5.666805 3.461940
v 21.082954 -0.114805 3.461940
v 21.082954 -0.114805 3.461940
v 21.082954 5.666805 3.461940
v 20.968149 0.000000 3.500000
v 21.082954 5.666805 3.461940
v 20.968149 5.552000 3.500000
v 20.968149 0.000000 3.500000
v 20.968149 5.552000 -0.500000
v 19.576149 5.552000 -0.500000
v 21.082954 5.666805 -0.461940
v 19.576149 5.552000 -0.500000
v 19.690956 5.666805 -0.461940
v 21.082954 5.666805 -0.461940
v 21.082954 5.666805 -0.461940
v 19.690956 5.666805 -0.461940
v 21.180283 5.764132 -0.353553
v 19.690956 5.666805 -0.461940
v 19.788282 5.764132 -0.353553
v 21.180283 5.764132 -0.353553
v 21.180283 5.764132 -0.353553
v 19.788282 5.764132 -0.353553
v 21.245314 5.829164 -0.191342
v 19.788282 5.764132 -0.353553
v 19.853313 5.829164 -0.191342
v 21.245314 5.829164 -0.191342
v 21.245314 5.829164 -0.191342
v 19.853313 5.829164 -0.191342
v 21.268150 5.852000 0.000000
v 19.853313 5.829164 -0.191342
v 19.876150 5.852000 0.000000
v 21.268150 5.852000 0.000000
v 21.268150 5.852000 0.000000
v 19.876150 5.852000 0.000000
v 21.268150 5.852000 3.000000
v 19.876150 5.852000 0.000000
v 19.876150 5.852000 3.000000
v 21.268150 5.852000 3.000000
v 21.268150 5.852000 3.000000
v 19.876150 5.852000 3.000000
v 21.245314 5.829164 3.191342
v 19.876150 5.852000 3.000000
v 19.853313 5.829164 3.191342
v 21.245314 5.829164 3.191342
v 21.245314 5.829164 3.191342
v 19.853313 5.829164 3.191342
v 21.180283 5.764132 3.353553
v 19.853313 5.829164 3.191342
v 19.788282 5.764132 3.353553
v 21.180283 5.764132 3.353553
v 21.180283 5.764132 3.353553
v 19.788282 5.764132 3.353553
v 21.082954 5.666805 3.461940
v 19.788282 5.764132 3.353553
v 19.690956 5.666805 3.461940
v 21.082954 5.666805 3.461940
v 21.082954 5.666805 3.461940
v 19.690956 5.666805 3.461940
v 20.968149 5.552000 3.500000
v 19.690956 5.666805 3.461940
v 19.576149 5.552000 3.500000
v 20.968149 5.552000 3.500000
v 19.576149 5.552000 -0.500000
v 19.576149 6.944000 -0.500000
v 19.690956 5.666805 -0.461940
v 19.576149 6.944000 -0.500000
v 19.690956 7.058805 -0.461940
v 19.690956 5.666805 -0.461940
v 19.690956 5.666805 -0.461940
v 19.690956 7.058805 -0.461940
v 19.788282 5.764132 -0.353553
v 19.690956 7.058805 -0.461940
v 19.788282 7.156132 -0.353553
v 19.788282 5.764132 -0.353553
v 19.788282 5.764132 -0.353553
v 19.788282 7.156132 -0.353553
v 19.853313 5.829164 -0.191342
v 19.788282 7.156132 -0.353553
v 19.853313 7.221164 -0.191342
v 19.853313 5.829164 -0.191342
v 19.853313 5.829164 -0.191342
v 19.853313 7.221164 -0.191342
v 19.876150 5.852000 0.000000
v 19.853313 7.221164 -0.191342
v 19.876150 7.244000 0.000000
v 19.876150 5.852000 0.000000
v 19.876150 5.852000 0.000000
v 19.876150 7.244000 0.000000
v 19.876150 5.852000 3.000000
v 19.876150 7.244000 0.000000
v 19.876150 7.244000 3.000000
v 19.876150 5.852000 3.000000
v 19.876150 5.852000 3.000000
v 19.876150 7.244000 3.000000
v 19.853313 5.829164 3.191342
v 19.876150 7.244000 3.000000
v 19.853313 7.221164 3.191342
v 19.853313 5.829164 3.191342
v 19.853313 5.829164 3.191342
v 19.853313 7.221164 3.191342
v 19.788282 5.764132 3.353553
v 19.853313 7.221164 3.191342
v 19.788282 7.156132 3.353553
v 19.788282 5.764132 3.353553
v 19.788282 5.764132 3.353553
v 19.788282 7.156132 3.353553
v 19.690956 5.666805 3.461940
v 19.788282 7.156132 3.353553
v 19.690956 7.058805 3.461940
v 19.690956 5.666805 3.461940
v 19.690956 5.666805 3.461940
v 19.690956 7.058805 3.461940
v 19.576149 5.552000 3.500000
v 19.690956 7.058805 3.461940
v 19.576149 6.944000 3.500000
v 19.576149 5.552000 3.500000
v 19.576149 6.944000 -0.500000
v 16.800150 6.944000 -0.500000
v 19.690956 7.058805 -0.461940
v 16.800150 6.944000 -0.500000
v 16.685345 7.058805 -0.461940
v 19.690956 7.058805 -0.461940
v 19.690956 7.058805 -0.461940
v 16.685345 7.058805 -0.461940
v 19.788282 7.156132 -0.353553
v 16.685345 7.058805 -0.461940
v 16.588018 7.156132 -0.353553
v 19.788282 7.156132 -0.353553
v 19.788282 7.156132 -0.353553
v 16.588018 7.156132 -0.353553
v 19.853313 7.221164 -0.191342
v 16.588018 7.156132 -0.353553
v 16.522985 7.221164 -0.191342
v 19.853313 7.221164 -0.191342
v 19.853313 7.221164 -0.191342
v 16.522985 7.221164 -0.191342
v 19.876150 7.244000 0.000000
v 16.522985 7.221164 -0.191342
v 16.500151 7.244000 0.000000
v 19.876150 7.244000 0.000000
v 19.876150 7.244000 0.000000
v 16.500151 7.244000 0.000000
v 19.876150 7.244000 3.000000
v 16.500151 7.244000 0.000000
v 16.500151 7.244000 3.000000
v 19.876150 7.244000 3.000000
v 19.876150 7.244000 3.000000
v 16.500151 7.244000 3.000000
v 19.853313 7.221164 3.191342
v 16.500151 7.244000 3.000000
v 16.522985 7.221164 3.191342
v 19.853313 7.221164 3.191342
v 19.853313 7.221164 3.191342
v 16.522985 7.221164 3.191342
v 19.788282 7.156132 3.353553
v 16.522985 7.221164 3.191342
v 16.588018 7.156132 3.353553
v 19.788282 7.156132 3.353553
v 19.788282 7.156132 3.353553
v 16.588018 7.156132 3.353553
v 19.690956 7.058805 3.461940
v 16.588018 7.156132 3.353553
v 16.685345 7.058805 3.461940
v 19.690956 7.058805 3.461940
v 19.690956 7.058805 3.461940
v 16.685345 7.058805 3.461940
v 19.576149 6.944000 3.500000
v 16.685345 7.058805 3.461940
v 16.800150 6.944000 3.500000
v 19.576149 6.944000 3.500000
v 16.800150 6.944000 -0.500000
v 16.800150 5.552000 -0.500000
v 16.685345 7.058805 -0.461940
v 16.800150 5.552000 -0.500000
v 16.685345 5.666805 -0.461940
v 16.685345 7.058805 -0.461940
v 16.685345 7.058805 -0.461940
v 16.685345 5.666805 -0.461940
v 16.588018 7.156132 -0.353553
v 16.685345 5.666805 -0.461940
v 16.588018 5.764132 -0.353553
v 16.588018 7.156132 -0.353553
v 16.588018 7.156132 -0.353553
v 16.588018 5.764132 -0.353553
v 16.522985 7.221164 -0.191342
v 16.588018 5.764132 -0.353553
v 16.522985 5.829164 -0.191342
v 16.522985 7.221164 -0.191342
v 16.522985 7.221164 -0.191342
v 16.522985 5.829164 -0.191342
v 16.500151 7.244000 0.000000
v 16.522985 5.829164 -0.191342
v 16.500151 5.852000 0.000000
v 16.500151 7.244000 0.000000
v 16.500151 7.244000 0.000000
v 16.500151 5.852000 0.000000
v 16.500151 7.244000 3.000000
v 16.500151 5.852000 0.000000
v 16.500151 5.852000 3.000000
v 16.500151 7.244000 3.000000
v 16.500151 7.244000 3.000000
v 16.500151 5.852000 3.000000
v 16.522985 7.221164 3.191342
v 16.500151 5.852000 3.000000
v 16.522985 5.829164 3.191342
v 16.522985 7.221164 3.191342
v 16.522985 7.221164 3.191342
v 16.522985 5.829164 3.191342
v 16.588018 7.156132 3.353553
v 16.522985 5.829164 3.191342
v 16.588018 5.764132 3.353553
v 16.588018 7.156132 3.353553
v 16.588018 7.156132 3.353553
v 16.588018 5.764132 3.353553
v 16.685345 7.058805 3.461940
v 16.588018 5.764132 3.353553
v 16.685345 5.666805 3.461940
v 16.685345 7.058805 3.461940
v 16.685345 7.058805 3.461940
v 16.685345 5.666805 3.461940
v 16.800150 6.944000 3.500000
v 16.685345 5.666805 3.461940
v 16.800150 5.552000 3.500000
v 16.800150 6.944000 3.500000
v 16.800150 5.552000 -0.500000
v 15.416150 5.552000 -0.500000
v 16.685345 5.666805 -0.461940
v 15.416150 5.552000 -0.500000
v 15.301345 5.666805 -0.461940
v 16.685345 5.666805 -0.461940
v 16.685345 5.666805 -0.461940
v 15.301345 5.666805 -0.461940
v 16.588018 5.764132 -0.353553
v 15.301345 5.666805 -0.461940
v 15.204018 5.764132 -0.353553
v 16.588018 5.764132 -0.353553
v 16.588018 5.764132 -0.353553
v 15.204018 5.764132 -0.353553
v 16.522985 5.829164 -0.191342
v 15.204018 5.764132 -0.353553
v 15.138986 5.829164 -0.191342
v 16.522985 5.829164 -0.191342
v 16.522985 5.829164 -0.191342
v 15.138986 5.829164 -0.191342
v 16.500151 5.852000 0.000000
v 15.138986 5.829164 -0.191342
v 15.116150 5.852000 0.000000
v 16.500151 5.852000 0.000000
v 16.500151 5.852000 0.000000
v 15.116150 5.852000 0.000000
v 16.500151 5.852000 3.000000
v 15.116150 5.852000 0.000000
v 15.116150 5.852000 3.000000
v 16.500151 5.852000 3.000000
v 16.500151 5.852000 3.000000
v 15.116150 5.852000 3.000000
v 16.522985 5.829164 3.191342
v 15.116150 5.852000 3.000000
v 15.138986 5.829164 3.191342
v 16.522985 5.829164 3.191342
v 16.522985 5.829164 3.191342
v 15.138986 5.829164 3.191342
v 16.588018 5.764132 3.353553
v 15.138986 5.829164 3.191342
v 15.204018 5.764132 3.353553
v 16.588018 5.764132 3.353553
v 16.588018 5.764132 3.353553
v 15.204018 5.764132 3.353553
v 16.685345 5.666805 3.461940
v 15.204018 5.764132 3.353553
v 15.301345 5.666805 3.461940
v 16.685345 5.666805 3.461940
v 16.685345 5.666805 3.461940
v 15.301345 5.666805 3.461940
v 16.800150 5.552000 3.500000
v 15.301345 5.666805 3.461940
v 15.416150 5.552000 3.500000
v 16.800150 5.552000 3.500000
v 15.416150 5.552000 -0.500000
v 15.416150 0.000000 -0.500000
v 15.301345 5.666805 -0.461940
v 15.416150 0.000000 -0.500000
v 15.301345 -0.114805 -0.461940
v 15.301345 5.666805 -0.461940
v 15.301345 5.666805 -0.461940
v 15.301345 -0.114805 -0.461940
v 15.204018 5.764132 -0.353553
v 15.301345 -0.114805 -0.461940
v 15.204018 -0.212132 -0.353553
v 15.204018 5.764132 -0.353553
v 15.204018 5.764132 -0.353553
v 15.204018 -0.212132 -0.353553
v 15.138986 5.829164 -0.191342
v 15.204018 -0.212132 -0.353553
v 15.138986 -0.277164 -0.191342
v 15.138986 5.829164 -0.191342
v 15.138986 5.829164 -0.191342
v 15.138986 -0.277164 -0.191342
v 15.116150 5.852000 0.000000
v 15.138986 -0.277164 -0.191342
v 15.116150 -0.300000 0.000000
v 15.116150 5.852000 0.000000
v 15.116150 5.852000 0.000000
v 15.116150 -0.300000 0.000000
v 15.116150 5.852000 3.000000
v 15.116150 -0.300000 0.000000
v 15.116150 -0.300000 3.000000
v 15.116150 5.852000 3.000000
v 15.116150 5.852000 3.000000
v 15.116150 -0.300000 3.000000
v 15.138986 5.829164 3.191342
v 15.116150 -0.300000 3.000000
v 15.138986 -0.277164 3.191342
v 15.138986 5.829164 3.191342
v 15.138986 5.829164 3.191342
v 15.138986 -0.277164 3.191342
v 15.204018 5.764132 3.353553
v 15.138986 -0.277164 3.191342
v 15.204018 -0.212132 3.353553
v 15.204018 5.764132 3.353553
v 15.204018 5.764132 3.353553
v 15.204018 -0.212132 3.353553
v 15.301345 5.666805 3.461940
v 15.204018 -0.212132 3.353553
v 15.301345 -0.114805 3.461940
v 15.301345 5.666805 3.461940
v 15.301345 5.666805 3.461940
v 15.301345 -0.114805 3.461940
v 15.416150 5.552000 3.500000
v 15.301345 -0.114805 3.461940
v 15.416150 0.000000 3.500000
v 15.416150 5.552000 3.500000
v 15.416150 0.000000 -0.500000
v 16.800150 0.000000 -0.500000
v 15.301345 -0.114805 -0.461940
v 16.800150 0.000000 -0.500000
v 16.914955 -0.114805 -0.461940
v 15.301345 -0.114805 -0.461940
v 15.301345 -0.114805 -0.461940
v 16.914955 -0.114805 -0.461940
v 15.204018 -0.212132 -0.353553
v 16.914955 -0.114805 -0.461940
v 17.012281 -0.212132 -0.353553
v 15.204018 -0.212132 -0.353553
v 15.204018 -0.212132 -0.353553
v 17.012281 -0.212132 -0.353553
v 15.138986 -0.277164 -0.191342
v 17.012281 -0.212132 -0.353553
v 17.077314 -0.277164 -0.191342
v 15.138986 -0.277164 -0.191342
v 15.138986 -0.277164 -0.191342
v 17.077314 -0.277164 -0.191342
v 15.116150 -0.300000 0.000000
v 17.077314 -0.277164 -0.191342
v 17.100149 -0.300000 0.000000
v 15.116150 -0.300000 0.000000
v 15.116150 -0.300000 0.000000
v 17.100149 -0.300000 0.000000
v 15.116150 -0.300000 3.000000
v 17.100149 -0.300000 0.000000
v 17.100149 -0.300000 3.000000
v 15.116150 -0.300000 3.000000
v 15.116150 -0.300000 3.000000
v 17.100149 -0.300000 3.000000
v 15.138986 -0.277164 3.191342
v 17.100149 -0.300000 3.000000
v 17.077314 -0.277164 3.191342
v 15.138986 -0.277164 3.191342
v 15.138986 -0.277164 3.191342
v 17.077314 -0.277164 3.191342
v 15.204018 -0.212132 3.353553
v 17.077314 -0.277164 3.191342
v 17.012281 -0.212132 3.353553
v 15.204018 -0.212132 3.353553
v 15.204018 -0.212132 3.353553
v 17.012281 -0.212132 3.353553
v 15.301345 -0.114805 3.461940
v 17.012281 -0.212132 3.353553
v 16.914955 -0.114805 3.461940
v 15.301345 -0.114805 3.461940
v 15.301345 -0.114805 3.461940
v 16.914955 -0.114805 3.461940
v 15.416150 0.000000 3.500000
v 16.914955 -0.114805 3.461940
v 16.800150 0.000000 3.500000
v 15.416150 0.000000 3.500000
v 16.800150 5.504000 -0.500000
v 19.576149 5.504000 -0.500000
v 16.914955 5.389195 -0.461940
v 19.576149 5.504000 -0.500000
v 19.461346 5.389195 -0.461940
v 16.914955 5.389195 -0.461940
v 16.914955 5.389195 -0.461940
v 19.461346 5.389195 -0.461940
v 17.012281 5.291868 -0.353553
v 19.461346 5.389195 -0.461940
v 19.364017 5.291868 -0.353553
v 17.012281 5.291868 -0.353553
v 17.012281 5.291868 -0.353553
v 19.364017 5.291868 -0.353553
v 17.077314 5.226836 -0.191342
v 19.364017 5.291868 -0.353553
v 19.298986 5.226836 -0.191342
v 17.077314 5.226836 -0.191342
v 17.077314 5.226836 -0.191342
v 19.298986 5.226836 -0.191342
v 17.100149 5.204000 0.000000
v 19.298986 5.226836 -0.191342
v 19.276150 5.204000 0.000000
v 17.100149 5.204000 0.000000
v 17.100149 5.204000 0.000000
v 19.276150 5.204000 0.000000
v 17.100149 5.204000 3.000000
v 19.276150 5.204000 0.000000
v 19.276150 5.204000 3.000000
v 17.100149 5.204000 3.000000
v 17.100149 5.204000 3.000000
v 19.276150 5.204000 3.000000
v 17.077314 5.226836 3.191342
v 19.276150 5.204000 3.000000
v 19.298986 5.226836 3.191342
v 17.077314 5.226836 3.191342
v 17.077314 5.226836 3.191342
v 19.298986 5.226836 3.191342
v 17.012281 5.291868 3.353553
v 19.298986 5.226836 3.191342
v 19.364017 5.291868 3.353553
v 17.012281 5.291868 3.353553
v 17.012281 5.291868 3.353553
v 19.364017 5.291868 3.353553
v 16.914955 5.389195 3.461940
v 19.364017 5.291868 3.353553
v 19.461346 5.389195 3.461940
v 16.914955 5.389195 3.461940
v 16.914955 5.389195 3.461940
v 19.461346 5.389195 3.461940
v 16.800150 5.504000 3.500000
v 19.461346 5.389195 3.461940
v 19.576149 5.504000 3.500000
v 16.800150 5.504000 3.500000
v 19.576149 5.504000 -0.500000
v 19.576149 4.168000 -0.500000
v 19.461346 5.389195 -0.461940
v 19.576149 4.168000 -0.500000
v 19.461346 4.282805 -0.461940
v 19.461346 5.389195 -0.461940
v 19.461346 5.389195 -0.461940
v 19.461346 4.282805 -0.461940
v 19.364017 5.291868 -0.353553
v 19.461346 4.282805 -0.461940
v 19.364017 4.380132 -0.353553
v 19.364017 5.291868 -0.353553
v 19.364017 5.291868 -0.353553
v 19.364017 4.380132 -0.353553
v 19.298986 5.226836 -0.191342
v 19.364017 4.380132 -0.353553
v 19.298986 4.445164 -0.191342
v 19.298986 5.226836 -0.191342
v 19.298986 5.226836 -0.191342
v 19.298986 4.445164 -0.191342
v 19.276150 5.204000 0.000000
v 19.298986 4.445164 -0.191342
v 19.276150 4.468000 0.000000
v 19.276150 5.204000 0.000000
v 19.276150 5.204000 0.000000
v 19.276150 4.468000 0.000000
v 19.276150 5.204000 3.000000
v 19.276150 4.468000 0.000000
v 19.276150 4.468000 3.000000
v 19.276150 5.204000 3.000000
v 19.276150 5.204000 3.000000
v 19.276150 4.468000 3.000000
v 19.298986 5.226836 3.191342
v 19.276150 4.468000 3.000000
v 19.298986 4.445164 3.191342
v 19.298986 5.226836 3.191342
v 19.298986 5.226836 3.191342
v 19.298986 4.445164 3.191342
v 19.364017 5.291868 3.353553
v 19.298986 4.445164 3.191342
v 19.364017 4.380132 3.353553
v 19.364017 5.291868 3.353553
v 19.364017 5.291868 3.353553
v 19.364017 4.380132 3.353553
v 19.461346 5.389195 3.461940
v 19.364017 4.380132 3.353553
v 19.461346 4.282805 3.461940
v 19.461346 5.389195 3.461940
v 19.461346 5.389195 3.461940
v 19.461346 4.282805 3.461940
v 19.576149 5.504000 3.500000
v 19.461346 4.282805 3.461940
v 19.576149 4.168000 3.500000
v 19.576149 5.504000 3.500000
v 19.576149 4.168000 -0.500000
v 16.800150 4.168000 -0.500000
v 19.461346 4.282805 -0.461940
v 16.800150 4.168000 -0.500000
v 16.914955 4.282805 -0.461940
v 19.461346 4.282805 -0.461940
v 19.461346 4.282805 -0.461940
v 16.914955 4.282805 -0.461940
v 19.364017 4.380132 -0.353553
v 16.914955 4.282805 -0.461940
v 17.012281 4.380132 -0.353553
v 19.364017 4.380132 -0.353553
v 19.364017 4.380132 -0.353553
v 17.012281 4.380132 -0.353553
v 19.298986 4.445164 -0.191342
v 17.012281 4.380132 -0.353553
v 17.077314 4.445164 -0.191342
v 19.298986 4.445164 -0.191342
v 19.298986 4.445164 -0.191342
v 17.077314 4.445164 -0.191342
v 19.276150 4.468000 0.000000
v 17.077314 4.445164 -0.191342
v 17.100149 4.468000 0.000000
v 19.276150 4.468000 0.000000
v 19.276150 4.468000 0.000000
v 17.100149 4.468000 0.000000
v 19.276150 4.468000 3.000000
v 17.100149 4.468000 0.000000
v 17.100149 4.468000 3.000000
v 19.276150 4.468000 3.000000
v 19.276150 4.468000 3.000000
v 17.100149 4.468000 3.000000
v 19.298986 4.445164 3.191342
v 17.100149 4.468000 3.000000
v 17.077314 4.445164 3.191342
v 19.298986 4.445164 3.191342
v 19.298986 4.445164 3.191342
v 17.077314 4.445164 3.191342
v 19.364017 4.380132 3.353553
v 17.077314 4.445164 3.191342
v 17.012281 4.380132 3.353553
v 19.364017 4.380132 3.353553
v 19.364017 4.380132 3.353553
v 17.012281 4.380132 3.353553
v 19.461346 4.282805 3.461940
v 17.012281 4.380132 3.353553
v 16.914955 4.282805 3.461940
v 19.461346 4.282805 3.461940
v 19.461346 4.282805 3.461940
v 16.914955 4.282805 3.461940
v 19.576149 4.168000 3.500000
v 16.914955 4.282805 3.461940
v 16.800150 4.168000 3.500000
v 19.576149 4.168000 3.500000
v 16.800150 4.168000 -0.500000
v 16.800150 5.504000 -0.500000
v 16.914955 4.282805 -0.461940
v 16.800150 5.504000 -0.500000
v 16.914955 5.389195 -0.461940
v 16.914955 4.282805 -0.461940
v 16.914955 4.282805 -0.461940
v 16.914955 5.389195 -0.461940
v 17.012281 4.380132 -0.353553
v 16.914955 5.389195 -0.461940
v 17.012281 5.291868 -0.353553
v 17.012281 4.380132 -0.353553
v 17.012281 4.380132 -0.353553
v 17.012281 5.291868 -0.353553
v 17.077314 4.445164 -0.191342
v 17.012281 5.291868 -0.353553
v 17.077314 5.226836 -0.191342
v 17.077314 4.445164 -0.191342
v 17.077314 4.445164 -0.191342
v 17.077314 5.226836 -0.191342
v 17.100149 4.468000 0.000000
v 17.077314 5.226836 -0.191342
v 17.100149 5.204000 0.000000
v 17.100149 4.468000 0.000000
v 17.100149 4.468000 0.000000
v 17.100149 5.204000 0.000000
v 17.100149 4.468000 3.000000
v 17.100149 5.204000 0.000000
v 17.100149 5.204000 3.000000
v 17.100149 4.468000 3.000000
v 17.100149 4.468000 3.000000
v 17.100149 5.204000 3.000000
v 17.077314 4.445164 3.191342
v 17.100149 5.204000 3.000000
v 17.077314 5.226836 3.191342
v 17.077314 4.445164 3.191342
v 17.077314 4.445164 3.191342
v 17.077314 5.226836 3.191342
v 17.012281 4.380132 3.353553
v 17.077314 5.226836 3.191342
v 17.012281 5.291868 3.353553
v 17.012281 4.380132 3.353553
v 17.012281 4.380132 3.353553
v 17.012281 5.291868 3.353553
v 16.914955 4.282805 3.461940
v 17.012281 5.291868 3.353553
v 16.914955 5.389195 3.461940
v 16.914955 4.282805 3.461940
v 16.914955 4.282805 3.461940
v 16.914955 5.389195 3.461940
v 16.800150 4.168000 3.500000
v 16.914955 5.389195 3.461940
v 16.800150 5.504000 3.500000
v 16.800150 4.168000 3.500000
vn -0.0000 -0.0000 -1.0000
vn -0.0000 -0.0000 1.0000
vn 0.3147 -0.0000 -0.9492
vn 0.7440 -0.0000 -0.6681
vn 0.9282 -0.0000 -0.3721
vn 0.9930 -0.0000 -0.1185
vn 1.0000 -0.0000 -0.0000
vn 0.9930 -0.0000 0.1185
vn 0.9282 -0.0000 0.3721
vn 0.7440 -0.0000 0.6681
vn 0.3147 -0.0000 0.9492
vn -0.0000 -0.3147 -0.9492
vn -0.0000 -0.7440 -0.6681
vn -0.0000 -0.9282 -0.3721
vn -0.0000 -0.9930 -0.1185
vn -0.0000 -1.0000 -0.0000
vn -0.0000 -0.9930 0.1185
vn -0.0000 -0.9282 0.3721
vn -0.0000 -0.7440 0.6681
vn -0.0000 -0.3147 0.9492
vn -0.3147 -0.0000 -0.9492
vn -0.7440 -0.0000 -0.6681
vn -0.9282 -0.0000 -0.3721
vn -0.9930 -0.0000 -0.1185
vn -1.0000 -0.0000 -0.0000
vn -0.9930 -0.0000 0.1185
vn -0.9282 -0.0000 0.3721
vn -0.7440 -0.0000 0.6681
vn -0.7441 -0.0000 0.6681
vn -0.3147 -0.0000 0.9492
vn -0.0000 0.3147 -0.9492
vn -0.0000 0.7440 -0.6681
vn -0.0000 0.9282 -0.3721
vn -0.0000 0.9930 -0.1185
vn -0.0000 1.0000 -0.0000
vn -0.0000 0.9930 0.1185
vn -0.0000 0.9282 0.3721
vn -0.0000 0.7440 0.6681
vn -0.0000 0.3147 0.9492
vt 2.776000 -4.504000
vt 2.776000 -3.168000
vt 1.392000 1.000000
vt 2.776000 -1.776000
vt 2.776000 1.000000
vt 6.944000 1.000000
vt 5.552000 1.000000
vt 5.552000 -1.776000
vt 5.552000 -4.552000
vt 6.944000 -4.552000
vt 2.776000 -5.944000
vt 5.552000 -5.944000
vt 1.392000 -4.552000
vt 2.776000 -4.552000
vt 5.552000 -3.168000
vt 5.552000 -4.504000
vt 0.000000 -0.500000
vt 2.776000 -0.500000
vt -0.114805 -0.461940
vt 2.661195 -0.461940
vt -0.212132 -0.353553
vt 2.563868 -0.353553
vt -0.277164 -0.191342
vt 2.498836 -0.191342
vt -0.300000 0.000000
vt 2.476000 0.000000
vt -0.300000 3.000000
vt 2.476000 3.000000
vt -0.277164 3.191342
vt 2.498836 3.191342
vt -0.212132 3.353553
vt 2.563868 3.353553
vt -0.114805 3.461940
vt 2.661195 3.461940
vt 0.000000 3.500000
vt 2.776000 3.500000
vt 5.552000 -0.500000
vt 2.890805 -0.461940
vt 5.437195 -0.461940
vt 2.988132 -0.353553
vt 5.339868 -0.353553
vt 3.053164 -0.191342
vt 5.274836 -0.191342
vt 3.076000 0.000000
vt 5.252000 0.000000
vt 3.076000 3.000000
vt 5.252000 3.000000
vt 3.053164 3.191342
vt 5.274836 3.191342
vt 2.988132 3.353553
vt 5.339868 3.353553
vt 2.890805 3.461940
vt 5.437195 3.461940
vt 5.552000 3.500000
vt 6.944000 -0.500000
vt 7.058805 -0.461940
vt 7.156132 -0.353553
vt 7.221164 -0.191342
vt 7.244000 0.000000
vt 7.244000 3.000000
vt 7.221164 3.191342
vt 7.156132 3.353553
vt 7.058805 3.461940
vt 6.944000 3.500000
vt 5.666805 -0.461940
vt 5.764132 -0.353553
vt 5.829164 -0.191342
vt 5.852000 0.000000
vt 5.852000 3.000000
vt 5.829164 3.191342
vt 5.764132 3.353553
vt 5.666805 3.461940
vt 1.392000 -0.500000
vt 1.277195 -0.461940
vt 1.179868 -0.353553
vt 1.114836 -0.191342
vt 1.092000 0.000000
vt 1.092000 3.000000
vt 1.114836 3.191342
vt 1.179868 3.353553
vt 1.277195 3.461940
vt 1.392000 3.500000
vt 5.504000 -0.500000
vt 4.168000 -0.500000
vt 5.389195 -0.461940
vt 4.282805 -0.461940
vt 5.291868 -0.353553
vt 4.380132 -0.353553
vt 5.226836 -0.191342
vt 4.445164 -0.191342
vt 5.204000 0.000000
vt 4.468000 0.000000
vt 5.204000 3.000000
vt 4.468000 3.000000
vt 5.226836 3.191342
vt 4.445164 3.191342
vt 5.291868 3.353553
vt 4.380132 3.353553
vt 5.389195 3.461940
vt 4.282805 3.461940
vt 5.504000 3.500000
vt 4.168000 3.500000
s 0
usemtl Material_6
f 5809/619/242 5810/620/242 5811/621/242
f 5812/622/242 5813/623/242 5814/621/242
f 5815/624/242 5816/625/242 5817/626/242
f 5818/627/242 5819/628/242 5820/624/242
f 5821/629/242 5822/630/242 5823/627/242
f 5824/621/242 5825/631/242 5826/632/242
f 5827/622/242 5828/621/242 5829/620/242
f 5830/632/242 5831/629/242 5832/627/242
f 5833/619/242 5834/621/242 5835/632/242
f 5836/622/242 5837/620/242 5838/633/242
f 5839/619/242 5840/632/242 5841/627/242
f 5842/626/242 5843/622/242 5844/633/242
f 5845/634/242 5846/619/242 5847/627/242
f 5848/624/242 5849/626/242 5850/633/242
f 5851/634/242 5852/627/242 5853/624/242
f 5854/624/242 5855/633/242 5856/634/242
f 5857/621/243 5858/620/243 5859/619/243
f 5860/621/243 5861/623/243 5862/622/243
f 5863/626/243 5864/625/243 5865/624/243
f 5866/624/243 5867/628/243 5868/627/243
f 5869/627/243 5870/630/243 5871/629/243
f 5872/632/243 5873/631/243 5874/621/243
f 5875/620/243 5876/621/243 5877/622/243
f 5878/627/243 5879/629/243 5880/632/243
f 5881/632/243 5882/621/243 5883/619/243
f 5884/633/243 5885/620/243 5886/622/243
f 5887/627/243 5888/632/243 5889/619/243
f 5890/633/243 5891/622/243 5892/626/243
f 5893/627/243 5894/619/243 5895/634/243
f 5896/633/243 5897/626/243 5898/624/243
f 5899/624/243 5900/627/243 5901/634/243
f 5902/634/243 5903/633/243 5904/624/243
f 5905/635/244 5906/636/244 5907/637/244
f 5908/636/244 5909/638/244 5910/637/244
f 5911/637/245 5912/638/245 5913/639/245
f 5914/638/245 5915/640/245 5916/639/245
f 5917/639/246 5918/640/246 5919/641/246
f 5920/640/246 5921/642/246 5922/641/246
f 5923/641/247 5924/642/247 5925/643/247
f 5926/642/247 5927/644/247 5928/643/247
f 5929/643/248 5930/644/248 5931/645/248
f 5932/644/248 5933/646/248 5934/645/248
f 5935/645/249 5936/646/249 5937/647/249
f 5938/646/249 5939/648/249 5940/647/249
f 5941/647/250 5942/648/250 5943/649/250
f 5944/648/250 5945/650/250 5946/649/250
f 5947/649/251 5948/650/251 5949/651/251
f 5950/650/251 5951/652/251 5952/651/251
f 5953/651/252 5954/652/252 5955/653/252
f 5956/652/252 5957/654/252 5958/653/252
s 1
f 5959/636/253 5960/655/253 5961/656/253
s 0
f 5962/655/253 5963/657/253 5964/656/253
f 5965/656/254 5966/657/254 5967/658/254
f 5968/657/254 5969/659/254 5970/658/254
f 5971/658/255 5972/659/255 5973/660/255
f 5974/659/255 5975/661/255 5976/660/255
f 5977/660/256 5978/661/256 5979/662/256
f 5980/661/256 5981/663/256 5982/662/256
f 5983/662/257 5984/663/257 5985/664/257
f 5986/663/257 5987/665/257 5988/664/257
f 5989/664/258 5990/665/258 5991/666/258
f 5992/665/258 5993/667/258 5994/666/258
f 5995/666/259 5996/667/259 5997/668/259
f 5998/667/259 5999/669/259 6000/668/259
f 6001/668/260 6002/669/260 6003/670/260
f 6004/669/260 6005/671/260 6006/670/260
f 6007/670/261 6008/671/261 6009/654/261
f 6010/671/261 6011/672/261 6012/654/261
f 6013/636/262 6014/635/262 6015/638/262
f 6016/635/262 6017/637/262 6018/638/262
f 6019/638/263 6020/637/263 6021/640/263
f 6022/637/263 6023/639/263 6024/640/263
f 6025/640/264 6026/639/264 6027/642/264
f 6028/639/264 6029/641/264 6030/642/264
f 6031/642/265 6032/641/265 6033/644/265
f 6034/641/265 6035/643/265 6036/644/265
f 6037/644/266 6038/643/266 6039/646/266
f 6040/643/266 6041/645/266 6042/646/266
f 6043/646/267 6044/645/267 6045/648/267
f 6046/645/267 6047/647/267 6048/648/267
f 6049/648/268 6050/647/268 6051/650/268
f 6052/647/268 6053/649/268 6054/650/268
f 6055/650/269 6056/649/269 6057/652/269
f 6058/649/270 6059/651/270 6060/652/270
f 6061/652/271 6062/651/271 6063/654/271
f 6064/651/271 6065/653/271 6066/654/271
f 6067/655/253 6068/673/253 6069/657/253
f 6070/673/253 6071/674/253 6072/657/253
f 6073/657/254 6074/674/254 6075/659/254
f 6076/674/254 6077/675/254 6078/659/254
f 6079/659/255 6080/675/255 6081/661/255
f 6082/675/255 6083/676/255 6084/661/255
f 6085/661/256 6086/676/256 6087/663/256
f 6088/676/256 6089/677/256 6090/663/256
f 6091/663/257 6092/677/257 6093/665/257
f 6094/677/257 6095/678/257 6096/665/257
f 6097/665/258 6098/678/258 6099/667/258
f 6100/678/258 6101/679/258 6102/667/258
f 6103/667/259 6104/679/259 6105/669/259
f 6106/679/259 6107/680/259 6108/669/259
f 6109/669/260 6110/680/260 6111/671/260
f 6112/680/260 6113/681/260 6114/671/260
s 1
f 6115/671/261 6116/681/261 6117/672/261
s 0
f 6118/681/261 6119/682/261 6120/672/261
f 6121/635/244 6122/655/244 6123/637/244
f 6124/655/244 6125/683/244 6126/637/244
f 6127/637/245 6128/683/245 6129/639/245
f 6130/683/245 6131/684/245 6132/639/245
f 6133/639/246 6134/684/246 6135/641/246
f 6136/684/246 6137/685/246 6138/641/246
f 6139/641/247 6140/685/247 6141/643/247
f 6142/685/247 6143/686/247 6144/643/247
f 6145/643/248 6146/686/248 6147/645/248
f 6148/686/248 6149/687/248 6150/645/248
f 6151/645/249 6152/687/249 6153/647/249
f 6154/687/249 6155/688/249 6156/647/249
s 1
f 6157/647/250 6158/688/250 6159/649/250
s 0
f 6160/688/250 6161/689/250 6162/649/250
f 6163/649/251 6164/689/251 6165/651/251
f 6166/689/251 6167/690/251 6168/651/251
f 6169/651/252 6170/690/252 6171/653/252
f 6172/690/252 6173/672/252 6174/653/252
f 6175/673/272 6176/655/272 6177/674/272
f 6178/655/272 6179/683/272 6180/674/272
f 6181/674/273 6182/683/273 6183/675/273
f 6184/683/273 6185/684/273 6186/675/273
f 6187/675/274 6188/684/274 6189/676/274
f 6190/684/274 6191/685/274 6192/676/274
f 6193/676/275 6194/685/275 6195/677/275
f 6196/685/275 6197/686/275 6198/677/275
f 6199/677/276 6200/686/276 6201/678/276
f 6202/686/276 6203/687/276 6204/678/276
f 6205/678/277 6206/687/277 6207/679/277
f 6208/687/277 6209/688/277 6210/679/277
f 6211/679/278 6212/688/278 6213/680/278
f 6214/688/278 6215/689/278 6216/680/278
f 6217/680/279 6218/689/279 6219/681/279
f 6220/689/279 6221/690/279 6222/681/279
f 6223/681/280 6224/690/280 6225/682/280
f 6226/690/280 6227/672/280 6228/682/280
f 6229/655/244 6230/673/244 6231/683/244
f 6232/673/244 6233/674/244 6234/683/244
f 6235/683/245 6236/674/245 6237/684/245
f 6238/674/245 6239/675/245 6240/684/245
f 6241/684/246 6242/675/246 6243/685/246
s 1
f 6244/675/246 6245/676/246 6246/685/246
s 0
f 6247/685/247 6248/676/247 6249/686/247
f 6250/676/247 6251/677/247 6252/686/247
f 6253/686/248 6254/677/248 6255/687/248
f 6256/677/248 6257/678/248 6258/687/248
f 6259/687/249 6260/678/249 6261/688/249
f 6262/678/249 6263/679/249 6264/688/249
s 1
f 6265/688/250 6266/679/250 6267/689/250
f 6268/679/250 6269/680/250 6270/689/250
s 0
f 6271/689/251 6272/680/251 6273/690/251
f 6274/680/251 6275/681/251 6276/690/251
f 6277/690/252 6278/681/252 6279/672/252
f 6280/681/252 6281/682/252 6282/672/252
f 6283/655/272 6284/636/272 6285/683/272
f 6286/636/272 6287/638/272 6288/683/272
f 6289/683/273 6290/638/273 6291/684/273
f 6292/638/273 6293/640/273 6294/684/273
f 6295/684/274 6296/640/274 6297/685/274
f 6298/640/274 6299/642/274 6300/685/274
f 6301/685/275 6302/642/275 6303/686/275
f 6304/642/275 6305/644/275 6306/686/275
f 6307/686/276 6308/644/276 6309/687/276
f 6310/644/276 6311/646/276 6312/687/276
f 6313/687/277 6314/646/277 6315/688/277
f 6316/646/277 6317/648/277 6318/688/277
f 6319/688/278 6320/648/278 6321/689/278
f 6322/648/278 6323/650/278 6324/689/278
f 6325/689/279 6326/650/279 6327/690/279
f 6328/650/279 6329/652/279 6330/690/279
f 6331/690/280 6332/652/280 6333/672/280
f 6334/652/280 6335/654/280 6336/672/280
f 6337/673/262 6338/655/262 6339/674/262
f 6340/655/262 6341/683/262 6342/674/262
f 6343/674/263 6344/683/263 6345/675/263
s 1
f 6346/683/263 6347/684/263 6348/675/263
f 6349/675/264 6350/684/264 6351/676/264
s 0
f 6352/684/264 6353/685/264 6354/676/264
f 6355/676/265 6356/685/265 6357/677/265
f 6358/685/265 6359/686/265 6360/677/265
f 6361/677/266 6362/686/266 6363/678/266
f 6364/686/266 6365/687/266 6366/678/266
f 6367/678/267 6368/687/267 6369/679/267
f 6370/687/267 6371/688/267 6372/679/267
s 1
f 6373/679/268 6374/688/268 6375/680/268
f 6376/688/268 6377/689/268 6378/680/268
s 0
f 6379/680/269 6380/689/269 6381/681/269
f 6382/689/269 6383/690/269 6384/681/269
f 6385/681/271 6386/690/271 6387/682/271
f 6388/690/271 6389/672/271 6390/682/271
f 6391/636/272 6392/691/272 6393/638/272
f 6394/691/272 6395/692/272 6396/638/272
f 6397/638/273 6398/692/273 6399/640/273
f 6400/692/273 6401/693/273 6402/640/273
s 1
f 6403/640/274 6404/693/274 6405/642/274
s 0
f 6406/693/274 6407/694/274 6408/642/274
f 6409/642/275 6410/694/275 6411/644/275
f 6412/694/275 6413/695/275 6414/644/275
f 6415/644/276 6416/695/276 6417/646/276
f 6418/695/276 6419/696/276 6420/646/276
f 6421/646/277 6422/696/277 6423/648/277
f 6424/696/277 6425/697/277 6426/648/277
f 6427/648/278 6428/697/278 6429/650/278
f 6430/697/278 6431/698/278 6432/650/278
s 1
f 6433/650/279 6434/698/279 6435/652/279
s 0
f 6436/698/279 6437/699/279 6438/652/279
f 6439/652/280 6440/699/280 6441/654/280
f 6442/699/280 6443/700/280 6444/654/280
f 6445/655/262 6446/635/262 6447/683/262
f 6448/635/262 6449/637/262 6450/683/262
f 6451/683/263 6452/637/263 6453/684/263
f 6454/637/263 6455/639/263 6456/684/263
f 6457/684/264 6458/639/264 6459/685/264
f 6460/639/264 6461/641/264 6462/685/264
f 6463/685/265 6464/641/265 6465/686/265
f 6466/641/265 6467/643/265 6468/686/265
f 6469/686/266 6470/643/266 6471/687/266
f 6472/643/266 6473/645/266 6474/687/266
f 6475/687/267 6476/645/267 6477/688/267
f 6478/645/267 6479/647/267 6480/688/267
f 6481/688/268 6482/647/268 6483/689/268
f 6484/647/268 6485/649/268 6486/689/268
f 6487/689/269 6488/649/269 6489/690/269
f 6490/649/269 6491/651/269 6492/690/269
f 6493/690/271 6494/651/271 6495/672/271
f 6496/651/271 6497/653/271 6498/672/271
f 6499/691/253 6500/636/253 6501/692/253
f 6502/636/253 6503/656/253 6504/692/253
f 6505/692/254 6506/656/254 6507/693/254
f 6508/656/254 6509/658/254 6510/693/254
f 6511/693/255 6512/658/255 6513/694/255
f 6514/658/255 6515/660/255 6516/694/255
f 6517/694/256 6518/660/256 6519/695/256
f 6520/660/256 6521/662/256 6522/695/256
f 6523/695/257 6524/662/257 6525/696/257
f 6526/662/257 6527/664/257 6528/696/257
f 6529/696/258 6530/664/258 6531/697/258
f 6532/664/258 6533/666/258 6534/697/258
f 6535/697/259 6536/666/259 6537/698/259
f 6538/666/259 6539/668/259 6540/698/259
f 6541/698/260 6542/668/260 6543/699/260
f 6544/668/260 6545/670/260 6546/699/260
f 6547/699/261 6548/670/261 6549/700/261
f 6550/670/261 6551/654/261 6552/700/261
f 6553/636/253 6554/655/253 6555/656/253
f 6556/655/253 6557/657/253 6558/656/253
f 6559/656/254 6560/657/254 6561/658/254
f 6562/657/254 6563/659/254 6564/658/254
f 6565/658/255 6566/659/255 6567/660/255
f 6568/659/255 6569/661/255 6570/660/255
f 6571/660/256 6572/661/256 6573/662/256
f 6574/661/256 6575/663/256 6576/662/256
f 6577/662/257 6578/663/257 6579/664/257
f 6580/663/257 6581/665/257 6582/664/257
f 6583/664/258 6584/665/258 6585/666/258
f 6586/665/258 6587/667/258 6588/666/258
f 6589/666/259 6590/667/259 6591/668/259
f 6592/667/259 6593/669/259 6594/668/259
f 6595/668/260 6596/669/260 6597/670/260
f 6598/669/260 6599/671/260 6600/670/260
f 6601/670/261 6602/671/261 6603/654/261
f 6604/671/261 6605/672/261 6606/654/261
f 6607/701/262 6608/702/262 6609/703/262
f 6610/702/262 6611/704/262 6612/703/262
f 6613/703/263 6614/704/263 6615/705/263
f 6616/704/263 6617/706/263 6618/705/263
f 6619/705/264 6620/706/264 6621/707/264
f 6622/706/264 6623/708/264 6624/707/264
f 6625/707/265 6626/708/265 6627/709/265
f 6628/708/265 6629/710/265 6630/709/265
f 6631/709/266 6632/710/266 6633/711/266
f 6634/710/266 6635/712/266 6636/711/266
f 6637/711/267 6638/712/267 6639/713/267
f 6640/712/267 6641/714/267 6642/713/267
f 6643/713/268 6644/714/268 6645/715/268
f 6646/714/268 6647/716/268 6648/715/268
f 6649/715/269 6650/716/269 6651/717/269
f 6652/716/269 6653/718/269 6654/717/269
f 6655/717/271 6656/718/271 6657/719/271
f 6658/718/271 6659/720/271 6660/719/271
f 6661/655/272 6662/636/272 6663/657/272
f 6664/636/272 6665/656/272 6666/657/272
f 6667/657/273 6668/656/273 6669/659/273
f 6670/656/273 6671/658/273 6672/659/273
f 6673/659/274 6674/658/274 6675/661/274
f 6676/658/274 6677/660/274 6678/661/274
f 6679/661/275 6680/660/275 6681/663/275
f 6682/660/275 6683/662/275 6684/663/275
f 6685/663/276 6686/662/276 6687/665/276
f 6688/662/276 6689/664/276 6690/665/276
f 6691/665/277 6692/664/277 6693/667/277
f 6694/664/277 6695/666/277 6696/667/277
f 6697/667/278 6698/666/278 6699/669/278
f 6700/666/278 6701/668/278 6702/669/278
f 6703/669/279 6704/668/279 6705/671/279
f 6706/668/279 6707/670/279 6708/671/279
f 6709/671/280 6710/670/280 6711/672/280
f 6712/670/280 6713/654/280 6714/672/280
f 6715/702/244 6716/701/244 6717/704/244
f 6718/701/244 6719/703/244 6720/704/244
f 6721/704/245 6722/703/245 6723/706/245
f 6724/703/245 6725/705/245 6726/706/245
f 6727/706/246 6728/705/246 6729/708/246
f 6730/705/246 6731/707/246 6732/708/246
f 6733/708/247 6734/707/247 6735/710/247
f 6736/707/247 6737/709/247 6738/710/247
f 6739/710/248 6740/709/248 6741/712/248
f 6742/709/248 6743/711/248 6744/712/248
f 6745/712/249 6746/711/249 6747/714/249
f 6748/711/249 6749/713/249 6750/714/249
f 6751/714/250 6752/713/250 6753/716/250
f 6754/713/250 6755/715/250 6756/716/250
f 6757/716/251 6758/715/251 6759/718/251
f 6760/715/251 6761/717/251 6762/718/251
f 6763/718/252 6764/717/252 6765/720/252
f 6766/717/252 6767/719/252 6768/720/252
o Mesh_7
v 23.952251 0.000000 -0.500000
v 22.568251 0.000000 -0.500000
v 22.568251 6.944000 -0.500000
v 28.120251 0.000000 -0.500000
v 26.728251 0.000000 -0.500000
v 26.728251 1.392000 -0.500000
v 23.952251 4.168000 -0.500000
v 25.344250 4.168000 -0.500000
v 25.344250 2.776000 -0.500000
v 22.568251 6.944000 -0.500000
v 23.952251 6.944000 -0.500000
v 23.952251 4.168000 -0.500000
v 23.952251 2.776000 -0.500000
v 23.952251 0.000000 -0.500000
v 22.568251 6.944000 -0.500000
v 28.120251 1.392000 -0.500000
v 28.120251 0.000000 -0.500000
v 26.728251 1.392000 -0.500000
v 23.952251 2.776000 -0.500000
v 22.568251 6.944000 -0.500000
v 23.952251 4.168000 -0.500000
v 23.952251 2.776000 -0.500000
v 23.952251 4.168000 -0.500000
v 25.344250 2.776000 -0.500000
v 25.344250 2.776000 -0.500000
v 26.728251 2.776000 -0.500000
v 26.728251 1.392000 -0.500000
v 26.728251 1.392000 -0.500000
v 25.344250 1.392000 -0.500000
v 25.344250 2.776000 -0.500000
v 22.568251 6.944000 3.500000
v 22.568251 0.000000 3.500000
v 23.952251 0.000000 3.500000
v 26.728251 1.392000 3.500000
v 26.728251 0.000000 3.500000
v 28.120251 0.000000 3.500000
v 25.344250 2.776000 3.500000
v 25.344250 4.168000 3.500000
v 23.952251 4.168000 3.500000
v 23.952251 4.168000 3.500000
v 23.952251 6.944000 3.500000
v 22.568251 6.944000 3.500000
v 22.568251 6.944000 3.500000
v 23.952251 0.000000 3.500000
v 23.952251 2.776000 3.500000
v 26.728251 1.392000 3.500000
v 28.120251 0.000000 3.500000
v 28.120251 1.392000 3.500000
v 23.952251 4.168000 3.500000
v 22.568251 6.944000 3.500000
v 23.952251 2.776000 3.500000
v 25.344250 2.776000 3.500000
v 23.952251 4.168000 3.500000
v 23.952251 2.776000 3.500000
v 26.728251 1.392000 3.500000
v 26.728251 2.776000 3.500000
v 25.344250 2.776000 3.500000
v 25.344250 2.776000 3.500000
v 25.344250 1.392000 3.500000
v 26.728251 1.392000 3.500000
v 23.952251 0.000000 -0.500000
v 23.952251 2.776000 -0.500000
v 24.067055 -0.114805 -0.461940
v 23.952251 2.776000 -0.500000
v 24.067055 2.661195 -0.461940
v 24.067055 -0.114805 -0.461940
v 24.067055 -0.114805 -0.461940
v 24.067055 2.661195 -0.461940
v 24.164383 -0.212132 -0.353553
v 24.067055 2.661195 -0.461940
v 24.164383 2.563868 -0.353553
v 24.164383 -0.212132 -0.353553
v 24.164383 -0.212132 -0.353553
v 24.164383 2.563868 -0.353553
v 24.229414 -0.277164 -0.191342
v 24.164383 2.563868 -0.353553
v 24.229414 2.498836 -0.191342
v 24.229414 -0.277164 -0.191342
v 24.229414 -0.277164 -0.191342
v 24.229414 2.498836 -0.191342
v 24.252251 -0.300000 0.000000
v 24.229414 2.498836 -0.191342
v 24.252251 2.476000 0.000000
v 24.252251 -0.300000 0.000000
v 24.252251 -0.300000 0.000000
v 24.252251 2.476000 0.000000
v 24.252251 -0.300000 3.000000
v 24.252251 2.476000 0.000000
v 24.252251 2.476000 3.000000
v 24.252251 -0.300000 3.000000
v 24.252251 -0.300000 3.000000
v 24.252251 2.476000 3.000000
v 24.229414 -0.277164 3.191342
v 24.252251 2.476000 3.000000
v 24.229414 2.498836 3.191342
v 24.229414 -0.277164 3.191342
v 24.229414 -0.277164 3.191342
v 24.229414 2.498836 3.191342
v 24.164383 -0.212132 3.353553
v 24.229414 2.498836 3.191342
v 24.164383 2.563868 3.353553
v 24.164383 -0.212132 3.353553
v 24.164383 -0.212132 3.353553
v 24.164383 2.563868 3.353553
v 24.067055 -0.114805 3.461940
v 24.164383 2.563868 3.353553
v 24.067055 2.661195 3.461940
v 24.067055 -0.114805 3.461940
v 24.067055 -0.114805 3.461940
v 24.067055 2.661195 3.461940
v 23.952251 0.000000 3.500000
v 24.067055 2.661195 3.461940
v 23.952251 2.776000 3.500000
v 23.952251 0.000000 3.500000
v 23.952251 2.776000 -0.500000
v 25.344250 2.776000 -0.500000
v 24.067055 2.661195 -0.461940
v 25.344250 2.776000 -0.500000
v 25.229446 2.661195 -0.461940
v 24.067055 2.661195 -0.461940
v 24.067055 2.661195 -0.461940
v 25.229446 2.661195 -0.461940
v 24.164383 2.563868 -0.353553
v 25.229446 2.661195 -0.461940
v 25.132118 2.563868 -0.353553
v 24.164383 2.563868 -0.353553
v 24.164383 2.563868 -0.353553
v 25.132118 2.563868 -0.353553
v 24.229414 2.498836 -0.191342
v 25.132118 2.563868 -0.353553
v 25.067087 2.498836 -0.191342
v 24.229414 2.498836 -0.191342
v 24.229414 2.498836 -0.191342
v 25.067087 2.498836 -0.191342
v 24.252251 2.476000 0.000000
v 25.067087 2.498836 -0.191342
v 25.044250 2.476000 0.000000
v 24.252251 2.476000 0.000000
v 24.252251 2.476000 0.000000
v 25.044250 2.476000 0.000000
v 24.252251 2.476000 3.000000
v 25.044250 2.476000 0.000000
v 25.044250 2.476000 3.000000
v 24.252251 2.476000 3.000000
v 24.252251 2.476000 3.000000
v 25.044250 2.476000 3.000000
v 24.229414 2.498836 3.191342
v 25.044250 2.476000 3.000000
v 25.067087 2.498836 3.191342
v 24.229414 2.498836 3.191342
v 24.229414 2.498836 3.191342
v 25.067087 2.498836 3.191342
v 24.164383 2.563868 3.353553
v 25.067087 2.498836 3.191342
v 25.132118 2.563868 3.353553
v 24.164383 2.563868 3.353553
v 24.164383 2.563868 3.353553
v 25.132118 2.563868 3.353553
v 24.067055 2.661195 3.461940
v 25.132118 2.563868 3.353553
v 25.229446 2.661195 3.461940
v 24.067055 2.661195 3.461940
v 24.067055 2.661195 3.461940
v 25.229446 2.661195 3.461940
v 23.952251 2.776000 3.500000
v 25.229446 2.661195 3.461940
v 25.344250 2.776000 3.500000
v 23.952251 2.776000 3.500000
v 25.344250 2.776000 -0.500000
v 25.344250 1.392000 -0.500000
v 25.229446 2.661195 -0.461940
v 25.344250 1.392000 -0.500000
v 25.229446 1.277195 -0.461940
v 25.229446 2.661195 -0.461940
v 25.229446 2.661195 -0.461940
v 25.229446 1.277195 -0.461940
v 25.132118 2.563868 -0.353553
v 25.229446 1.277195 -0.461940
v 25.132118 1.179868 -0.353553
v 25.132118 2.563868 -0.353553
v 25.132118 2.563868 -0.353553
v 25.132118 1.179868 -0.353553
v 25.067087 2.498836 -0.191342
v 25.132118 1.179868 -0.353553
v 25.067087 1.114836 -0.191342
v 25.067087 2.498836 -0.191342
v 25.067087 2.498836 -0.191342
v 25.067087 1.114836 -0.191342
v 25.044250 2.476000 0.000000
v 25.067087 1.114836 -0.191342
v 25.044250 1.092000 0.000000
v 25.044250 2.476000 0.000000
v 25.044250 2.476000 0.000000
v 25.044250 1.092000 0.000000
v 25.044250 2.476000 3.000000
v 25.044250 1.092000 0.000000
v 25.044250 1.092000 3.000000
v 25.044250 2.476000 3.000000
v 25.044250 2.476000 3.000000
v 25.044250 1.092000 3.000000
v 25.067087 2.498836 3.191342
v 25.044250 1.092000 3.000000
v 25.067087 1.114836 3.191342
v 25.067087 2.498836 3.191342
v 25.067087 2.498836 3.191342
v 25.067087 1.114836 3.191342
v 25.132118 2.563868 3.353553
v 25.067087 1.114836 3.191342
v 25.132118 1.179868 3.353553
v 25.132118 2.563868 3.353553
v 25.132118 2.563868 3.353553
v 25.132118 1.179868 3.353553
v 25.229446 2.661195 3.461940
v 25.132118 1.179868 3.353553
v 25.229446 1.277195 3.461940
v 25.229446 2.661195 3.461940
v 25.229446 2.661195 3.461940
v 25.229446 1.277195 3.461940
v 25.344250 2.776000 3.500000
v 25.229446 1.277195 3.461940
v 25.344250 1.392000 3.500000
v 25.344250 2.776000 3.500000
v 25.344250 1.392000 -0.500000
v 26.728251 1.392000 -0.500000
v 25.229446 1.277195 -0.461940
v 26.728251 1.392000 -0.500000
v 26.613445 1.277195 -0.461940
v 25.229446 1.277195 -0.461940
v 25.229446 1.277195 -0.461940
v 26.613445 1.277195 -0.461940
v 25.132118 1.179868 -0.353553
v 26.613445 1.277195 -0.461940
v 26.516119 1.179868 -0.353553
v 25.132118 1.179868 -0.353553
v 25.132118 1.179868 -0.353553
v 26.516119 1.179868 -0.353553
v 25.067087 1.114836 -0.191342
v 26.516119 1.179868 -0.353553
v 26.451086 1.114836 -0.191342
v 25.067087 1.114836 -0.191342
v 25.067087 1.114836 -0.191342
v 26.451086 1.114836 -0.191342
v 25.044250 1.092000 0.000000
v 26.451086 1.114836 -0.191342
v 26.428249 1.092000 0.000000
v 25.044250 1.092000 0.000000
v 25.044250 1.092000 0.000000
v 26.428249 1.092000 0.000000
v 25.044250 1.092000 3.000000
v 26.428249 1.092000 0.000000
v 26.428249 1.092000 3.000000
v 25.044250 1.092000 3.000000
v 25.044250 1.092000 3.000000
v 26.428249 1.092000 3.000000
v 25.067087 1.114836 3.191342
v 26.428249 1.092000 3.000000
v 26.451086 1.114836 3.191342
v 25.067087 1.114836 3.191342
v 25.067087 1.114836 3.191342
v 26.451086 1.114836 3.191342
v 25.132118 1.179868 3.353553
v 26.451086 1.114836 3.191342
v 26.516119 1.179868 3.353553
v 25.132118 1.179868 3.353553
v 25.132118 1.179868 3.353553
v 26.516119 1.179868 3.353553
v 25.229446 1.277195 3.461940
v 26.516119 1.179868 3.353553
v 26.613445 1.277195 3.461940
v 25.229446 1.277195 3.461940
v 25.229446 1.277195 3.461940
v 26.613445 1.277195 3.461940
v 25.344250 1.392000 3.500000
v 26.613445 1.277195 3.461940
v 26.728251 1.392000 3.500000
v 25.344250 1.392000 3.500000
v 26.728251 1.392000 -0.500000
v 26.728251 0.000000 -0.500000
v 26.613445 1.277195 -0.461940
v 26.728251 0.000000 -0.500000
v 26.613445 -0.114805 -0.461940
v 26.613445 1.277195 -0.461940
v 26.613445 1.277195 -0.461940
v 26.613445 -0.114805 -0.461940
v 26.516119 1.179868 -0.353553
v 26.613445 -0.114805 -0.461940
v 26.516119 -0.212132 -0.353553
v 26.516119 1.179868 -0.353553
v 26.516119 1.179868 -0.353553
v 26.516119 -0.212132 -0.353553
v 26.451086 1.114836 -0.191342
v 26.516119 -0.212132 -0.353553
v 26.451086 -0.277164 -0.191342
v 26.451086 1.114836 -0.191342
v 26.451086 1.114836 -0.191342
v 26.451086 -0.277164 -0.191342
v 26.428249 1.092000 0.000000
v 26.451086 -0.277164 -0.191342
v 26.428249 -0.300000 0.000000
v 26.428249 1.092000 0.000000
v 26.428249 1.092000 0.000000
v 26.428249 -0.300000 0.000000
v 26.428249 1.092000 3.000000
v 26.428249 -0.300000 0.000000
v 26.428249 -0.300000 3.000000
v 26.428249 1.092000 3.000000
v 26.428249 1.092000 3.000000
v 26.428249 -0.300000 3.000000
v 26.451086 1.114836 3.191342
v 26.428249 -0.300000 3.000000
v 26.451086 -0.277164 3.191342
v 26.451086 1.114836 3.191342
v 26.451086 1.114836 3.191342
v 26.451086 -0.277164 3.191342
v 26.516119 1.179868 3.353553
v 26.451086 -0.277164 3.191342
v 26.516119 -0.212132 3.353553
v 26.516119 1.179868 3.353553
v 26.516119 1.179868 3.353553
v 26.516119 -0.212132 3.353553
v 26.613445 1.277195 3.461940
v 26.516119 -0.212132 3.353553
v 26.613445 -0.114805 3.461940
v 26.613445 1.277195 3.461940
v 26.613445 1.277195 3.461940
v 26.613445 -0.114805 3.461940
v 26.728251 1.392000 3.500000
v 26.613445 -0.114805 3.461940
v 26.728251 0.000000 3.500000
v 26.728251 1.392000 3.500000
v 26.728251 0.000000 -0.500000
v 28.120251 0.000000 -0.500000
v 26.613445 -0.114805 -0.461940
v 28.120251 0.000000 -0.500000
v 28.235056 -0.114805 -0.461940
v 26.613445 -0.114805 -0.461940
v 26.613445 -0.114805 -0.461940
v 28.235056 -0.114805 -0.461940
v 26.516119 -0.212132 -0.353553
v 28.235056 -0.114805 -0.461940
v 28.332382 -0.212132 -0.353553
v 26.516119 -0.212132 -0.353553
v 26.516119 -0.212132 -0.353553
v 28.332382 -0.212132 -0.353553
v 26.451086 -0.277164 -0.191342
v 28.332382 -0.212132 -0.353553
v 28.397415 -0.277164 -0.191342
v 26.451086 -0.277164 -0.191342
v 26.451086 -0.277164 -0.191342
v 28.397415 -0.277164 -0.191342
v 26.428249 -0.300000 0.000000
v 28.397415 -0.277164 -0.191342
v 28.420250 -0.300000 0.000000
v 26.428249 -0.300000 0.000000
v 26.428249 -0.300000 0.000000
v 28.420250 -0.300000 0.000000
v 26.428249 -0.300000 3.000000
v 28.420250 -0.300000 0.000000
v 28.420250 -0.300000 3.000000
v 26.428249 -0.300000 3.000000
v 26.428249 -0.300000 3.000000
v 28.420250 -0.300000 3.000000
v 26.451086 -0.277164 3.191342
v 28.420250 -0.300000 3.000000
v 28.397415 -0.277164 3.191342
v 26.451086 -0.277164 3.191342
v 26.451086 -0.277164 3.191342
v 28.397415 -0.277164 3.191342
v 26.516119 -0.212132 3.353553
v 28.397415 -0.277164 3.191342
v 28.332382 -0.212132 3.353553
v 26.516119 -0.212132 3.353553
v 26.516119 -0.212132 3.353553
v 28.332382 -0.212132 3.353553
v 26.613445 -0.114805 3.461940
v 28.332382 -0.212132 3.353553
v 28.235056 -0.114805 3.461940
v 26.613445 -0.114805 3.461940
v 26.613445 -0.114805 3.461940
v 28.235056 -0.114805 3.461940
v 26.728251 0.000000 3.500000
v 28.235056 -0.114805 3.461940
v 28.120251 0.000000 3.500000
v 26.728251 0.000000 3.500000
v 28.120251 0.000000 -0.500000
v 28.120251 1.392000 -0.500000
v 28.235056 -0.114805 -0.461940
v 28.120251 1.392000 -0.500000
v 28.235056 1.506805 -0.461940
v 28.235056 -0.114805 -0.461940
v 28.235056 -0.114805 -0.461940
v 28.235056 1.506805 -0.461940
v 28.332382 -0.212132 -0.353553
v 28.235056 1.506805 -0.461940
v 28.332382 1.604132 -0.353553
v 28.332382 -0.212132 -0.353553
v 28.332382 -0.212132 -0.353553
v 28.332382 1.604132 -0.353553
v 28.397415 -0.277164 -0.191342
v 28.332382 1.604132 -0.353553
v 28.397415 1.669164 -0.191342
v 28.397415 -0.277164 -0.191342
v 28.397415 -0.277164 -0.191342
v 28.397415 1.669164 -0.191342
v 28.420250 -0.300000 0.000000
v 28.397415 1.669164 -0.191342
v 28.420250 1.692000 0.000000
v 28.420250 -0.300000 0.000000
v 28.420250 -0.300000 0.000000
v 28.420250 1.692000 0.000000
v 28.420250 -0.300000 3.000000
v 28.420250 1.692000 0.000000
v 28.420250 1.692000 3.000000
v 28.420250 -0.300000 3.000000
v 28.420250 -0.300000 3.000000
v 28.420250 1.692000 3.000000
v 28.397415 -0.277164 3.191342
v 28.420250 1.692000 3.000000
v 28.397415 1.669164 3.191342
v 28.397415 -0.277164 3.191342
v 28.397415 -0.277164 3.191342
v 28.397415 1.669164 3.191342
v 28.332382 -0.212132 3.353553
v 28.397415 1.669164 3.191342
v 28.332382 1.604132 3.353553
v 28.332382 -0.212132 3.353553
v 28.332382 -0.212132 3.353553
v 28.332382 1.604132 3.353553
v 28.235056 -0.114805 3.461940
v 28.332382 1.604132 3.353553
v 28.235056 1.506805 3.461940
v 28.235056 -0.114805 3.461940
v 28.235056 -0.114805 3.461940
v 28.235056 1.506805 3.461940
v 28.120251 0.000000 3.500000
v 28.235056 1.506805 3.461940
v 28.120251 1.392000 3.500000
v 28.120251 0.000000 3.500000
v 28.120251 1.392000 -0.500000
v 26.728251 1.392000 -0.500000
v 28.235056 1.506805 -0.461940
v 26.728251 1.392000 -0.500000
v 26.843056 1.506805 -0.461940
v 28.235056 1.506805 -0.461940
v 28.235056 1.506805 -0.461940
v 26.843056 1.506805 -0.461940
v 28.332382 1.604132 -0.353553
v 26.843056 1.506805 -0.461940
v 26.940382 1.604132 -0.353553
v 28.332382 1.604132 -0.353553
v 28.332382 1.604132 -0.353553
v 26.940382 1.604132 -0.353553
v 28.397415 1.669164 -0.191342
v 26.940382 1.604132 -0.353553
v 27.005415 1.669164 -0.191342
v 28.397415 1.669164 -0.191342
v 28.397415 1.669164 -0.191342
v 27.005415 1.669164 -0.191342
v 28.420250 1.692000 0.000000
v 27.005415 1.669164 -0.191342
v 27.028252 1.692000 0.000000
v 28.420250 1.692000 0.000000
v 28.420250 1.692000 0.000000
v 27.028252 1.692000 0.000000
v 28.420250 1.692000 3.000000
v 27.028252 1.692000 0.000000
v 27.028252 1.692000 3.000000
v 28.420250 1.692000 3.000000
v 28.420250 1.692000 3.000000
v 27.028252 1.692000 3.000000
v 28.397415 1.669164 3.191342
v 27.028252 1.692000 3.000000
v 27.005415 1.669164 3.191342
v 28.397415 1.669164 3.191342
v 28.397415 1.669164 3.191342
v 27.005415 1.669164 3.191342
v 28.332382 1.604132 3.353553
v 27.005415 1.669164 3.191342
v 26.940382 1.604132 3.353553
v 28.332382 1.604132 3.353553
v 28.332382 1.604132 3.353553
v 26.940382 1.604132 3.353553
v 28.235056 1.506805 3.461940
v 26.940382 1.604132 3.353553
v 26.843056 1.506805 3.461940
v 28.235056 1.506805 3.461940
v 28.235056 1.506805 3.461940
v 26.843056 1.506805 3.461940
v 28.120251 1.392000 3.500000
v 26.843056 1.506805 3.461940
v 26.728251 1.392000 3.500000
v 28.120251 1.392000 3.500000
v 26.728251 1.392000 -0.500000
v 26.728251 2.776000 -0.500000
v 26.843056 1.506805 -0.461940
v 26.728251 2.776000 -0.500000
v 26.843056 2.890805 -0.461940
v 26.843056 1.506805 -0.461940
v 26.843056 1.506805 -0.461940
v 26.843056 2.890805 -0.461940
v 26.940382 1.604132 -0.353553
v 26.843056 2.890805 -0.461940
v 26.940382 2.988132 -0.353553
v 26.940382 1.604132 -0.353553
v 26.940382 1.604132 -0.353553
v 26.940382 2.988132 -0.353553
v 27.005415 1.669164 -0.191342
v 26.940382 2.988132 -0.353553
v 27.005415 3.053164 -0.191342
v 27.005415 1.669164 -0.191342
v 27.005415 1.669164 -0.191342
v 27.005415 3.053164 -0.191342
v 27.028252 1.692000 0.000000
v 27.005415 3.053164 -0.191342
v 27.028252 3.076000 0.000000
v 27.028252 1.692000 0.000000
v 27.028252 1.692000 0.000000
v 27.028252 3.076000 0.000000
v 27.028252 1.692000 3.000000
v 27.028252 3.076000 0.000000
v 27.028252 3.076000 3.000000
v 27.028252 1.692000 3.000000
v 27.028252 1.692000 3.000000
v 27.028252 3.076000 3.000000
v 27.005415 1.669164 3.191342
v 27.028252 3.076000 3.000000
v 27.005415 3.053164 3.191342
v 27.005415 1.669164 3.191342
v 27.005415 1.669164 3.191342
v 27.005415 3.053164 3.191342
v 26.940382 1.604132 3.353553
v 27.005415 3.053164 3.191342
v 26.940382 2.988132 3.353553
v 26.940382 1.604132 3.353553
v 26.940382 1.604132 3.353553
v 26.940382 2.988132 3.353553
v 26.843056 1.506805 3.461940
v 26.940382 2.988132 3.353553
v 26.843056 2.890805 3.461940
v 26.843056 1.506805 3.461940
v 26.843056 1.506805 3.461940
v 26.843056 2.890805 3.461940
v 26.728251 1.392000 3.500000
v 26.843056 2.890805 3.461940
v 26.728251 2.776000 3.500000
v 26.728251 1.392000 3.500000
v 26.728251 2.776000 -0.500000
v 25.344250 2.776000 -0.500000
v 26.843056 2.890805 -0.461940
v 25.344250 2.776000 -0.500000
v 25.459055 2.890805 -0.461940
v 26.843056 2.890805 -0.461940
v 26.843056 2.890805 -0.461940
v 25.459055 2.890805 -0.461940
v 26.940382 2.988132 -0.353553
v 25.459055 2.890805 -0.461940
v 25.556383 2.988132 -0.353553
v 26.940382 2.988132 -0.353553
v 26.940382 2.988132 -0.353553
v 25.556383 2.988132 -0.353553
v 27.005415 3.053164 -0.191342
v 25.556383 2.988132 -0.353553
v 25.621414 3.053164 -0.191342
v 27.005415 3.053164 -0.191342
v 27.005415 3.053164 -0.191342
v 25.621414 3.053164 -0.191342
v 27.028252 3.076000 0.000000
v 25.621414 3.053164 -0.191342
v 25.644251 3.076000 0.000000
v 27.028252 3.076000 0.000000
v 27.028252 3.076000 0.000000
v 25.644251 3.076000 0.000000
v 27.028252 3.076000 3.000000
v 25.644251 3.076000 0.000000
v 25.644251 3.076000 3.000000
v 27.028252 3.076000 3.000000
v 27.028252 3.076000 3.000000
v 25.644251 3.076000 3.000000
v 27.005415 3.053164 3.191342
v 25.644251 3.076000 3.000000
v 25.621414 3.053164 3.191342
v 27.005415 3.053164 3.191342
v 27.005415 3.053164 3.191342
v 25.621414 3.053164 3.191342
v 26.940382 2.988132 3.353553
v 25.621414 3.053164 3.191342
v 25.556383 2.988132 3.353553
v 26.940382 2.988132 3.353553
v 26.940382 2.988132 3.353553
v 25.556383 2.988132 3.353553
v 26.843056 2.890805 3.461940
v 25.556383 2.988132 3.353553
v 25.459055 2.890805 3.461940
v 26.843056 2.890805 3.461940
v 26.843056 2.890805 3.461940
v 25.459055 2.890805 3.461940
v 26.728251 2.776000 3.500000
v 25.459055 2.890805 3.461940
v 25.344250 2.776000 3.500000
v 26.728251 2.776000 3.500000
v 25.344250 2.776000 -0.500000
v 25.344250 4.168000 -0.500000
v 25.459055 2.890805 -0.461940
v 25.344250 4.168000 -0.500000
v 25.459055 4.282805 -0.461940
v 25.459055 2.890805 -0.461940
v 25.459055 2.890805 -0.461940
v 25.459055 4.282805 -0.461940
v 25.556383 2.988132 -0.353553
v 25.459055 4.282805 -0.461940
v 25.556383 4.380132 -0.353553
v 25.556383 2.988132 -0.353553
v 25.556383 2.988132 -0.353553
v 25.556383 4.380132 -0.353553
v 25.621414 3.053164 -0.191342
v 25.556383 4.380132 -0.353553
v 25.621414 4.445164 -0.191342
v 25.621414 3.053164 -0.191342
v 25.621414 3.053164 -0.191342
v 25.621414 4.445164 -0.191342
v 25.644251 3.076000 0.000000
v 25.621414 4.445164 -0.191342
v 25.644251 4.468000 0.000000
v 25.644251 3.076000 0.000000
v 25.644251 3.076000 0.000000
v 25.644251 4.468000 0.000000
v 25.644251 3.076000 3.000000
v 25.644251 4.468000 0.000000
v 25.644251 4.468000 3.000000
v 25.644251 3.076000 3.000000
v 25.644251 3.076000 3.000000
v 25.644251 4.468000 3.000000
v 25.621414 3.053164 3.191342
v 25.644251 4.468000 3.000000
v 25.621414 4.445164 3.191342
v 25.621414 3.053164 3.191342
v 25.621414 3.053164 3.191342
v 25.621414 4.445164 3.191342
v 25.556383 2.988132 3.353553
v 25.621414 4.445164 3.191342
v 25.556383 4.380132 3.353553
v 25.556383 2.988132 3.353553
v 25.556383 2.988132 3.353553
v 25.556383 4.380132 3.353553
v 25.459055 2.890805 3.461940
v 25.556383 4.380132 3.353553
v 25.459055 4.282805 3.461940
v 25.459055 2.890805 3.461940
v 25.459055 2.890805 3.461940
v 25.459055 4.282805 3.461940
v 25.344250 2.776000 3.500000
v 25.459055 4.282805 3.461940
v 25.344250 4.168000 3.500000
v 25.344250 2.776000 3.500000
v 25.344250 4.168000 -0.500000
v 23.952251 4.168000 -0.500000
v 25.459055 4.282805 -0.461940
v 23.952251 4.168000 -0.500000
v 24.067055 4.282805 -0.461940
v 25.459055 4.282805 -0.461940
v 25.459055 4.282805 -0.461940
v 24.067055 4.282805 -0.461940
v 25.556383 4.380132 -0.353553
v 24.067055 4.282805 -0.461940
v 24.164383 4.380132 -0.353553
v 25.556383 4.380132 -0.353553
v 25.556383 4.380132 -0.353553
v 24.164383 4.380132 -0.353553
v 25.621414 4.445164 -0.191342
v 24.164383 4.380132 -0.353553
v 24.229414 4.445164 -0.191342
v 25.621414 4.445164 -0.191342
v 25.621414 4.445164 -0.191342
v 24.229414 4.445164 -0.191342
v 25.644251 4.468000 0.000000
v 24.229414 4.445164 -0.191342
v 24.252251 4.468000 0.000000
v 25.644251 4.468000 0.000000
v 25.644251 4.468000 0.000000
v 24.252251 4.468000 0.000000
v 25.644251 4.468000 3.000000
v 24.252251 4.468000 0.000000
v 24.252251 4.468000 3.000000
v 25.644251 4.468000 3.000000
v 25.644251 4.468000 3.000000
v 24.252251 4.468000 3.000000
v 25.621414 4.445164 3.191342
v 24.252251 4.468000 3.000000
v 24.229414 4.445164 3.191342
v 25.621414 4.445164 3.191342
v 25.621414 4.445164 3.191342
v 24.229414 4.445164 3.191342
v 25.556383 4.380132 3.353553
v 24.229414 4.445164 3.191342
v 24.164383 4.380132 3.353553
v 25.556383 4.380132 3.353553
v 25.556383 4.380132 3.353553
v 24.164383 4.380132 3.353553
v 25.459055 4.282805 3.461940
v 24.164383 4.380132 3.353553
v 24.067055 4.282805 3.461940
v 25.459055 4.282805 3.461940
v 25.459055 4.282805 3.461940
v 24.067055 4.282805 3.461940
v 25.344250 4.168000 3.500000
v 24.067055 4.282805 3.461940
v 23.952251 4.168000 3.500000
v 25.344250 4.168000 3.500000
v 23.952251 4.168000 -0.500000
v 23.952251 6.944000 -0.500000
v 24.067055 4.282805 -0.461940
v 23.952251 6.944000 -0.500000
v 24.067055 7.058805 -0.461940
v 24.067055 4.282805 -0.461940
v 24.067055 4.282805 -0.461940
v 24.067055 7.058805 -0.461940
v 24.164383 4.380132 -0.353553
v 24.067055 7.058805 -0.461940
v 24.164383 7.156132 -0.353553
v 24.164383 4.380132 -0.353553
v 24.164383 4.380132 -0.353553
v 24.164383 7.156132 -0.353553
v 24.229414 4.445164 -0.191342
v 24.164383 7.156132 -0.353553
v 24.229414 7.221164 -0.191342
v 24.229414 4.445164 -0.191342
v 24.229414 4.445164 -0.191342
v 24.229414 7.221164 -0.191342
v 24.252251 4.468000 0.000000
v 24.229414 7.221164 -0.191342
v 24.252251 7.244000 0.000000
v 24.252251 4.468000 0.000000
v 24.252251 4.468000 0.000000
v 24.252251 7.244000 0.000000
v 24.252251 4.468000 3.000000
v 24.252251 7.244000 0.000000
v 24.252251 7.244000 3.000000
v 24.252251 4.468000 3.000000
v 24.252251 4.468000 3.000000
v 24.252251 7.244000 3.000000
v 24.229414 4.445164 3.191342
v 24.252251 7.244000 3.000000
v 24.229414 7.221164 3.191342
v 24.229414 4.445164 3.191342
v 24.229414 4.445164 3.191342
v 24.229414 7.221164 3.191342
v 24.164383 4.380132 3.353553
v 24.229414 7.221164 3.191342
v 24.164383 7.156132 3.353553
v 24.164383 4.380132 3.353553
v 24.164383 4.380132 3.353553
v 24.164383 7.156132 3.353553
v 24.067055 4.282805 3.461940
v 24.164383 7.156132 3.353553
v 24.067055 7.058805 3.461940
v 24.067055 4.282805 3.461940
v 24.067055 4.282805 3.461940
v 24.067055 7.058805 3.461940
v 23.952251 4.168000 3.500000
v 24.067055 7.058805 3.461940
v 23.952251 6.944000 3.500000
v 23.952251 4.168000 3.500000
v 23.952251 6.944000 -0.500000
v 22.568251 6.944000 -0.500000
v 24.067055 7.058805 -0.461940
v 22.568251 6.944000 -0.500000
v 22.453445 7.058805 -0.461940
v 24.067055 7.058805 -0.461940
v 24.067055 7.058805 -0.461940
v 22.453445 7.058805 -0.461940
v 24.164383 7.156132 -0.353553
v 22.453445 7.058805 -0.461940
v 22.356119 7.156132 -0.353553
v 24.164383 7.156132 -0.353553
v 24.164383 7.156132 -0.353553
v 22.356119 7.156132 -0.353553
v 24.229414 7.221164 -0.191342
v 22.356119 7.156132 -0.353553
v 22.291086 7.221164 -0.191342
v 24.229414 7.221164 -0.191342
v 24.229414 7.221164 -0.191342
v 22.291086 7.221164 -0.191342
v 24.252251 7.244000 0.000000
v 22.291086 7.221164 -0.191342
v 22.268250 7.244000 0.000000
v 24.252251 7.244000 0.000000
v 24.252251 7.244000 0.000000
v 22.268250 7.244000 0.000000
v 24.252251 7.244000 3.000000
v 22.268250 7.244000 0.000000
v 22.268250 7.244000 3.000000
v 24.252251 7.244000 3.000000
v 24.252251 7.244000 3.000000
v 22.268250 7.244000 3.000000
v 24.229414 7.221164 3.191342
v 22.268250 7.244000 3.000000
v 22.291086 7.221164 3.191342
v 24.229414 7.221164 3.191342
v 24.229414 7.221164 3.191342
v 22.291086 7.221164 3.191342
v 24.164383 7.156132 3.353553
v 22.291086 7.221164 3.191342
v 22.356119 7.156132 3.353553
v 24.164383 7.156132 3.353553
v 24.164383 7.156132 3.353553
v 22.356119 7.156132 3.353553
v 24.067055 7.058805 3.461940
v 22.356119 7.156132 3.353553
v 22.453445 7.058805 3.461940
v 24.067055 7.058805 3.461940
v 24.067055 7.058805 3.461940
v 22.453445 7.058805 3.461940
v 23.952251 6.944000 3.500000
v 22.453445 7.058805 3.461940
v 22.568251 6.944000 3.500000
v 23.952251 6.944000 3.500000
v 22.568251 6.944000 -0.500000
v 22.568251 0.000000 -0.500000
v 22.453445 7.058805 -0.461940
v 22.568251 0.000000 -0.500000
v 22.453445 -0.114805 -0.461940
v 22.453445 7.058805 -0.461940
v 22.453445 7.058805 -0.461940
v 22.453445 -0.114805 -0.461940
v 22.356119 7.156132 -0.353553
v 22.453445 -0.114805 -0.461940
v 22.356119 -0.212132 -0.353553
v 22.356119 7.156132 -0.353553
v 22.356119 7.156132 -0.353553
v 22.356119 -0.212132 -0.353553
v 22.291086 7.221164 -0.191342
v 22.356119 -0.212132 -0.353553
v 22.291086 -0.277164 -0.191342
v 22.291086 7.221164 -0.191342
v 22.291086 7.221164 -0.191342
v 22.291086 -0.277164 -0.191342
v 22.268250 7.244000 0.000000
v 22.291086 -0.277164 -0.191342
v 22.268250 -0.300000 0.000000
v 22.268250 7.244000 0.000000
v 22.268250 7.244000 0.000000
v 22.268250 -0.300000 0.000000
v 22.268250 7.244000 3.000000
v 22.268250 -0.300000 0.000000
v 22.268250 -0.300000 3.000000
v 22.268250 7.244000 3.000000
v 22.268250 7.244000 3.000000
v 22.268250 -0.300000 3.000000
v 22.291086 7.221164 3.191342
v 22.268250 -0.300000 3.000000
v 22.291086 -0.277164 3.191342
v 22.291086 7.221164 3.191342
v 22.291086 7.221164 3.191342
v 22.291086 -0.277164 3.191342
v 22.356119 7.156132 3.353553
v 22.291086 -0.277164 3.191342
v 22.356119 -0.212132 3.353553
v 22.356119 7.156132 3.353553
v 22.356119 7.156132 3.353553
v 22.356119 -0.212132 3.353553
v 22.453445 7.058805 3.461940
v 22.356119 -0.212132 3.353553
v 22.453445 -0.114805 3.461940
v 22.453445 7.058805 3.461940
v 22.453445 7.058805 3.461940
v 22.453445 -0.114805 3.461940
v 22.568251 6.944000 3.500000
v 22.453445 -0.114805 3.461940
v 22.568251 0.000000 3.500000
v 22.568251 6.944000 3.500000
v 22.568251 0.000000 -0.500000
v 23.952251 0.000000 -0.500000
v 22.453445 -0.114805 -0.461940
v 23.952251 0.000000 -0.500000
v 24.067055 -0.114805 -0.461940
v 22.453445 -0.114805 -0.461940
v 22.453445 -0.114805 -0.461940
v 24.067055 -0.114805 -0.461940
v 22.356119 -0.212132 -0.353553
v 24.067055 -0.114805 -0.461940
v 24.164383 -0.212132 -0.353553
v 22.356119 -0.212132 -0.353553
v 22.356119 -0.212132 -0.353553
v 24.164383 -0.212132 -0.353553
v 22.291086 -0.277164 -0.191342
v 24.164383 -0.212132 -0.353553
v 24.229414 -0.277164 -0.191342
v 22.291086 -0.277164 -0.191342
v 22.291086 -0.277164 -0.191342
v 24.229414 -0.277164 -0.191342
v 22.268250 -0.300000 0.000000
v 24.229414 -0.277164 -0.191342
v 24.252251 -0.300000 0.000000
v 22.268250 -0.300000 0.000000
v 22.268250 -0.300000 0.000000
v 24.252251 -0.300000 0.000000
v 22.268250 -0.300000 3.000000
v 24.252251 -0.300000 0.000000
v 24.252251 -0.300000 3.000000
v 22.268250 -0.300000 3.000000
v 22.268250 -0.300000 3.000000
v 24.252251 -0.300000 3.000000
v 22.291086 -0.277164 3.191342
v 24.252251 -0.300000 3.000000
v 24.229414 -0.277164 3.191342
v 22.291086 -0.277164 3.191342
v 22.291086 -0.277164 3.191342
v 24.229414 -0.277164 3.191342
v 22.356119 -0.212132 3.353553
v 24.229414 -0.277164 3.191342
v 24.164383 -0.212132 3.353553
v 22.356119 -0.212132 3.353553
v 22.356119 -0.212132 3.353553
v 24.164383 -0.212132 3.353553
v 22.453445 -0.114805 3.461940
v 24.164383 -0.212132 3.353553
v 24.067055 -0.114805 3.461940
v 22.453445 -0.114805 3.461940
v 22.453445 -0.114805 3.461940
v 24.067055 -0.114805 3.461940
v 22.568251 0.000000 3.500000
v 24.067055 -0.114805 3.461940
v 23.952251 0.000000 3.500000
v 22.568251 0.000000 3.500000
v 28.120251 5.552000 -0.500000
v 26.728251 5.552000 -0.500000
v 26.728251 6.944000 -0.500000
v 26.728251 6.944000 -0.500000
v 28.120251 6.944000 -0.500000
v 28.120251 5.552000 -0.500000
v 26.728251 6.944000 3.500000
v 26.728251 5.552000 3.500000
v 28.120251 5.552000 3.500000
v 28.120251 5.552000 3.500000
v 28.120251 6.944000 3.500000
v 26.728251 6.944000 3.500000
v 28.120251 5.552000 -0.500000
v 28.120251 6.944000 -0.500000
v 28.235056 5.437195 -0.461940
v 28.120251 6.944000 -0.500000
v 28.235056 7.058805 -0.461940
v 28.235056 5.437195 -0.461940
v 28.235056 5.437195 -0.461940
v 28.235056 7.058805 -0.461940
v 28.332382 5.339868 -0.353553
v 28.235056 7.058805 -0.461940
v 28.332382 7.156132 -0.353553
v 28.332382 5.339868 -0.353553
v 28.332382 5.339868 -0.353553
v 28.332382 7.156132 -0.353553
v 28.397415 5.274836 -0.191342
v 28.332382 7.156132 -0.353553
v 28.397415 7.221164 -0.191342
v 28.397415 5.274836 -0.191342
v 28.397415 5.274836 -0.191342
v 28.397415 7.221164 -0.191342
v 28.420250 5.252000 0.000000
v 28.397415 7.221164 -0.191342
v 28.420250 7.244000 0.000000
v 28.420250 5.252000 0.000000
v 28.420250 5.252000 0.000000
v 28.420250 7.244000 0.000000
v 28.420250 5.252000 3.000000
v 28.420250 7.244000 0.000000
v 28.420250 7.244000 3.000000
v 28.420250 5.252000 3.000000
v 28.420250 5.252000 3.000000
v 28.420250 7.244000 3.000000
v 28.397415 5.274836 3.191342
v 28.420250 7.244000 3.000000
v 28.397415 7.221164 3.191342
v 28.397415 5.274836 3.191342
v 28.397415 5.274836 3.191342
v 28.397415 7.221164 3.191342
v 28.332382 5.339868 3.353553
v 28.397415 7.221164 3.191342
v 28.332382 7.156132 3.353553
v 28.332382 5.339868 3.353553
v 28.332382 5.339868 3.353553
v 28.332382 7.156132 3.353553
v 28.235056 5.437195 3.461940
v 28.332382 7.156132 3.353553
v 28.235056 7.058805 3.461940
v 28.235056 5.437195 3.461940
v 28.235056 5.437195 3.461940
v 28.235056 7.058805 3.461940
v 28.120251 5.552000 3.500000
v 28.235056 7.058805 3.461940
v 28.120251 6.944000 3.500000
v 28.120251 5.552000 3.500000
v 28.120251 6.944000 -0.500000
v 26.728251 6.944000 -0.500000
v 28.235056 7.058805 -0.461940
v 26.728251 6.944000 -0.500000
v 26.613445 7.058805 -0.461940
v 28.235056 7.058805 -0.461940
v 28.235056 7.058805 -0.461940
v 26.613445 7.058805 -0.461940
v 28.332382 7.156132 -0.353553
v 26.613445 7.058805 -0.461940
v 26.516119 7.156132 -0.353553
v 28.332382 7.156132 -0.353553
v 28.332382 7.156132 -0.353553
v 26.516119 7.156132 -0.353553
v 28.397415 7.221164 -0.191342
v 26.516119 7.156132 -0.353553
v 26.451086 7.221164 -0.191342
v 28.397415 7.221164 -0.191342
v 28.397415 7.221164 -0.191342
v 26.451086 7.221164 -0.191342
v 28.420250 7.244000 0.000000
v 26.451086 7.221164 -0.191342
v 26.428249 7.244000 0.000000
v 28.420250 7.244000 0.000000
v 28.420250 7.244000 0.000000
v 26.428249 7.244000 0.000000
v 28.420250 7.244000 3.000000
v 26.428249 7.244000 0.000000
v 26.428249 7.244000 3.000000
v 28.420250 7.244000 3.000000
v 28.420250 7.244000 3.000000
v 26.428249 7.244000 3.000000
v 28.397415 7.221164 3.191342
v 26.428249 7.244000 3.000000
v 26.451086 7.221164 3.191342
v 28.397415 7.221164 3.191342
v 28.397415 7.221164 3.191342
v 26.451086 7.221164 3.191342
v 28.332382 7.156132 3.353553
v 26.451086 7.221164 3.191342
v 26.516119 7.156132 3.353553
v 28.332382 7.156132 3.353553
v 28.332382 7.156132 3.353553
v 26.516119 7.156132 3.353553
v 28.235056 7.058805 3.461940
v 26.516119 7.156132 3.353553
v 26.613445 7.058805 3.461940
v 28.235056 7.058805 3.461940
v 28.235056 7.058805 3.461940
v 26.613445 7.058805 3.461940
v 28.120251 6.944000 3.500000
v 26.613445 7.058805 3.461940
v 26.728251 6.944000 3.500000
v 28.120251 6.944000 3.500000
v 26.728251 6.944000 -0.500000
v 26.728251 5.552000 -0.500000
v 26.613445 7.058805 -0.461940
v 26.728251 5.552000 -0.500000
v 26.613445 5.437195 -0.461940
v 26.613445 7.058805 -0.461940
v 26.613445 7.058805 -0.461940
v 26.613445 5.437195 -0.461940
v 26.516119 7.156132 -0.353553
v 26.613445 5.437195 -0.461940
v 26.516119 5.339868 -0.353553
v 26.516119 7.156132 -0.353553
v 26.516119 7.156132 -0.353553
v 26.516119 5.339868 -0.353553
v 26.451086 7.221164 -0.191342
v 26.516119 5.339868 -0.353553
v 26.451086 5.274836 -0.191342
v 26.451086 7.221164 -0.191342
v 26.451086 7.221164 -0.191342
v 26.451086 5.274836 -0.191342
v 26.428249 7.244000 0.000000
v 26.451086 5.274836 -0.191342
v 26.428249 5.252000 0.000000
v 26.428249 7.244000 0.000000
v 26.428249 7.244000 0.000000
v 26.428249 5.252000 0.000000
v 26.428249 7.244000 3.000000
v 26.428249 5.252000 0.000000
v 26.428249 5.252000 3.000000
v 26.428249 7.244000 3.000000
v 26.428249 7.244000 3.000000
v 26.428249 5.252000 3.000000
v 26.451086 7.221164 3.191342
v 26.428249 5.252000 3.000000
v 26.451086 5.274836 3.191342
v 26.451086 7.221164 3.191342
v 26.451086 7.221164 3.191342
v 26.451086 5.274836 3.191342
v 26.516119 7.156132 3.353553
v 26.451086 5.274836 3.191342
v 26.516119 5.339868 3.353553
v 26.516119 7.156132 3.353553
v 26.516119 7.156132 3.353553
v 26.516119 5.339868 3.353553
v 26.613445 7.058805 3.461940
v 26.516119 5.339868 3.353553
v 26.613445 5.437195 3.461940
v 26.613445 7.058805 3.461940
v 26.613445 7.058805 3.461940
v 26.613445 5.437195 3.461940
v 26.728251 6.944000 3.500000
v 26.613445 5.437195 3.461940
v 26.728251 5.552000 3.500000
v 26.728251 6.944000 3.500000
v 26.728251 5.552000 -0.500000
v 28.120251 5.552000 -0.500000
v 26.613445 5.437195 -0.461940
v 28.120251 5.552000 -0.500000
v 28.235056 5.437195 -0.461940
v 26.613445 5.437195 -0.461940
v 26.613445 5.437195 -0.461940
v 28.235056 5.437195 -0.461940
v 26.516119 5.339868 -0.353553
v 28.235056 5.437195 -0.461940
v 28.332382 5.339868 -0.353553
v 26.516119 5.339868 -0.353553
v 26.516119 5.339868 -0.353553
v 28.332382 5.339868 -0.353553
v 26.451086 5.274836 -0.191342
v 28.332382 5.339868 -0.353553
v 28.397415 5.274836 -0.191342
v 26.451086 5.274836 -0.191342
v 26.451086 5.274836 -0.191342
v 28.397415 5.274836 -0.191342
v 26.428249 5.252000 0.000000
v 28.397415 5.274836 -0.191342
v 28.420250 5.252000 0.000000
v 26.428249 5.252000 0.000000
v 26.428249 5.252000 0.000000
v 28.420250 5.252000 0.000000
v 26.428249 5.252000 3.000000
v 28.420250 5.252000 0.000000
v 28.420250 5.252000 3.000000
v 26.428249 5.252000 3.000000
v 26.428249 5.252000 3.000000
v 28.420250 5.252000 3.000000
v 26.451086 5.274836 3.191342
v 28.420250 5.252000 3.000000
v 28.397415 5.274836 3.191342
v 26.451086 5.274836 3.191342
v 26.451086 5.274836 3.191342
v 28.397415 5.274836 3.191342
v 26.516119 5.339868 3.353553
v 28.397415 5.274836 3.191342
v 28.332382 5.339868 3.353553
v 26.516119 5.339868 3.353553
v 26.516119 5.339868 3.353553
v 28.332382 5.339868 3.353553
v 26.613445 5.437195 3.461940
v 28.332382 5.339868 3.353553
v 28.235056 5.437195 3.461940
v 26.613445 5.437195 3.461940
v 26.613445 5.437195 3.461940
v 28.235056 5.437195 3.461940
v 26.728251 5.552000 3.500000
v 28.235056 5.437195 3.461940
v 28.120251 5.552000 3.500000
v 26.728251 5.552000 3.500000
v 26.728251 4.168000 -0.500000
v 25.344250 4.168000 -0.500000
v 25.344250 5.552000 -0.500000
v 25.344250 5.552000 -0.500000
v 26.728251 5.552000 -0.500000
v 26.728251 4.168000 -0.500000
v 25.344250 5.552000 3.500000
v 25.344250 4.168000 3.500000
v 26.728251 4.168000 3.500000
v 26.728251 4.168000 3.500000
v 26.728251 5.552000 3.500000
v 25.344250 5.552000 3.500000
v 26.728251 4.168000 -0.500000
v 26.728251 5.552000 -0.500000
v 26.843056 4.053195 -0.461940
v 26.728251 5.552000 -0.500000
v 26.843056 5.666805 -0.461940
v 26.843056 4.053195 -0.461940
v 26.843056 4.053195 -0.461940
v 26.843056 5.666805 -0.461940
v 26.940382 3.955868 -0.353553
v 26.843056 5.666805 -0.461940
v 26.940382 5.764132 -0.353553
v 26.940382 3.955868 -0.353553
v 26.940382 3.955868 -0.353553
v 26.940382 5.764132 -0.353553
v 27.005415 3.890836 -0.191342
v 26.940382 5.764132 -0.353553
v 27.005415 5.829164 -0.191342
v 27.005415 3.890836 -0.191342
v 27.005415 3.890836 -0.191342
v 27.005415 5.829164 -0.191342
v 27.028252 3.868000 0.000000
v 27.005415 5.829164 -0.191342
v 27.028252 5.852000 0.000000
v 27.028252 3.868000 0.000000
v 27.028252 3.868000 0.000000
v 27.028252 5.852000 0.000000
v 27.028252 3.868000 3.000000
v 27.028252 5.852000 0.000000
v 27.028252 5.852000 3.000000
v 27.028252 3.868000 3.000000
v 27.028252 3.868000 3.000000
v 27.028252 5.852000 3.000000
v 27.005415 3.890836 3.191342
v 27.028252 5.852000 3.000000
v 27.005415 5.829164 3.191342
v 27.005415 3.890836 3.191342
v 27.005415 3.890836 3.191342
v 27.005415 5.829164 3.191342
v 26.940382 3.955868 3.353553
v 27.005415 5.829164 3.191342
v 26.940382 5.764132 3.353553
v 26.940382 3.955868 3.353553
v 26.940382 3.955868 3.353553
v 26.940382 5.764132 3.353553
v 26.843056 4.053195 3.461940
v 26.940382 5.764132 3.353553
v 26.843056 5.666805 3.461940
v 26.843056 4.053195 3.461940
v 26.843056 4.053195 3.461940
v 26.843056 5.666805 3.461940
v 26.728251 4.168000 3.500000
v 26.843056 5.666805 3.461940
v 26.728251 5.552000 3.500000
v 26.728251 4.168000 3.500000
v 26.728251 5.552000 -0.500000
v 25.344250 5.552000 -0.500000
v 26.843056 5.666805 -0.461940
v 25.344250 5.552000 -0.500000
v 25.229446 5.666805 -0.461940
v 26.843056 5.666805 -0.461940
v 26.843056 5.666805 -0.461940
v 25.229446 5.666805 -0.461940
v 26.940382 5.764132 -0.353553
v 25.229446 5.666805 -0.461940
v 25.132118 5.764132 -0.353553
v 26.940382 5.764132 -0.353553
v 26.940382 5.764132 -0.353553
v 25.132118 5.764132 -0.353553
v 27.005415 5.829164 -0.191342
v 25.132118 5.764132 -0.353553
v 25.067087 5.829164 -0.191342
v 27.005415 5.829164 -0.191342
v 27.005415 5.829164 -0.191342
v 25.067087 5.829164 -0.191342
v 27.028252 5.852000 0.000000
v 25.067087 5.829164 -0.191342
v 25.044250 5.852000 0.000000
v 27.028252 5.852000 0.000000
v 27.028252 5.852000 0.000000
v 25.044250 5.852000 0.000000
v 27.028252 5.852000 3.000000
v 25.044250 5.852000 0.000000
v 25.044250 5.852000 3.000000
v 27.028252 5.852000 3.000000
v 27.028252 5.852000 3.000000
v 25.044250 5.852000 3.000000
v 27.005415 5.829164 3.191342
v 25.044250 5.852000 3.000000
v 25.067087 5.829164 3.191342
v 27.005415 5.829164 3.191342
v 27.005415 5.829164 3.191342
v 25.067087 5.829164 3.191342
v 26.940382 5.764132 3.353553
v 25.067087 5.829164 3.191342
v 25.132118 5.764132 3.353553
v 26.940382 5.764132 3.353553
v 26.940382 5.764132 3.353553
v 25.132118 5.764132 3.353553
v 26.843056 5.666805 3.461940
v 25.132118 5.764132 3.353553
v 25.229446 5.666805 3.461940
v 26.843056 5.666805 3.461940
v 26.843056 5.666805 3.461940
v 25.229446 5.666805 3.461940
v 26.728251 5.552000 3.500000
v 25.229446 5.666805 3.461940
v 25.344250 5.552000 3.500000
v 26.728251 5.552000 3.500000
v 25.344250 5.552000 -0.500000
v 25.344250 4.168000 -0.500000
v 25.229446 5.666805 -0.461940
v 25.344250 4.168000 -0.500000
v 25.229446 4.053195 -0.461940
v 25.229446 5.666805 -0.461940
v 25.229446 5.666805 -0.461940
v 25.229446 4.053195 -0.461940
v 25.132118 5.764132 -0.353553
v 25.229446 4.053195 -0.461940
v 25.132118 3.955868 -0.353553
v 25.132118 5.764132 -0.353553
v 25.132118 5.764132 -0.353553
v 25.132118 3.955868 -0.353553
v 25.067087 5.829164 -0.191342
v 25.132118 3.955868 -0.353553
v 25.067087 3.890836 -0.191342
v 25.067087 5.829164 -0.191342
v 25.067087 5.829164 -0.191342
v 25.067087 3.890836 -0.191342
v 25.044250 5.852000 0.000000
v 25.067087 3.890836 -0.191342
v 25.044250 3.868000 0.000000
v 25.044250 5.852000 0.000000
v 25.044250 5.852000 0.000000
v 25.044250 3.868000 0.000000
v 25.044250 5.852000 3.000000
v 25.044250 3.868000 0.000000
v 25.044250 3.868000 3.000000
v 25.044250 5.852000 3.000000
v 25.044250 5.852000 3.000000
v 25.044250 3.868000 3.000000
v 25.067087 5.829164 3.191342
v 25.044250 3.868000 3.000000
v 25.067087 3.890836 3.191342
v 25.067087 5.829164 3.191342
v 25.067087 5.829164 3.191342
v 25.067087 3.890836 3.191342
v 25.132118 5.764132 3.353553
v 25.067087 3.890836 3.191342
v 25.132118 3.955868 3.353553
v 25.132118 5.764132 3.353553
v 25.132118 5.764132 3.353553
v 25.132118 3.955868 3.353553
v 25.229446 5.666805 3.461940
v 25.132118 3.955868 3.353553
v 25.229446 4.053195 3.461940
v 25.229446 5.666805 3.461940
v 25.229446 5.666805 3.461940
v 25.229446 4.053195 3.461940
v 25.344250 5.552000 3.500000
v 25.229446 4.053195 3.461940
v 25.344250 4.168000 3.500000
v 25.344250 5.552000 3.500000
v 25.344250 4.168000 -0.500000
v 26.728251 4.168000 -0.500000
v 25.229446 4.053195 -0.461940
v 26.728251 4.168000 -0.500000
v 26.843056 4.053195 -0.461940
v 25.229446 4.053195 -0.461940
v 25.229446 4.053195 -0.461940
v 26.843056 4.053195 -0.461940
v 25.132118 3.955868 -0.353553
v 26.843056 4.053195 -0.461940
v 26.940382 3.955868 -0.353553
v 25.132118 3.955868 -0.353553
v 25.132118 3.955868 -0.353553
v 26.940382 3.955868 -0.353553
v 25.067087 3.890836 -0.191342
v 26.940382 3.955868 -0.353553
v 27.005415 3.890836 -0.191342
v 25.067087 3.890836 -0.191342
v 25.067087 3.890836 -0.191342
v 27.005415 3.890836 -0.191342
v 25.044250 3.868000 0.000000
v 27.005415 3.890836 -0.191342
v 27.028252 3.868000 0.000000
v 25.044250 3.868000 0.000000
v 25.044250 3.868000 0.000000
v 27.028252 3.868000 0.000000
v 25.044250 3.868000 3.000000
v 27.028252 3.868000 0.000000
v 27.028252 3.868000 3.000000
v 25.044250 3.868000 3.000000
v 25.044250 3.868000 3.000000
v 27.028252 3.868000 3.000000
v 25.067087 3.890836 3.191342
v 27.028252 3.868000 3.000000
v 27.005415 3.890836 3.191342
v 25.067087 3.890836 3.191342
v 25.067087 3.890836 3.191342
v 27.005415 3.890836 3.191342
v 25.132118 3.955868 3.353553
v 27.005415 3.890836 3.191342
v 26.940382 3.955868 3.353553
v 25.132118 3.955868 3.353553
v 25.132118 3.955868 3.353553
v 26.940382 3.955868 3.353553
v 25.229446 4.053195 3.461940
v 26.940382 3.955868 3.353553
v 26.843056 4.053195 3.461940
v 25.229446 4.053195 3.461940
v 25.229446 4.053195 3.461940
v 26.843056 4.053195 3.461940
v 25.344250 4.168000 3.500000
v 26.843056 4.053195 3.461940
v 26.728251 4.168000 3.500000
v 25.344250 4.168000 3.500000
vn -0.0000 -0.0000 -1.0000
vn -0.0000 -0.0000 1.0000
vn 0.3147 -0.0000 -0.9492
vn 0.7440 -0.0000 -0.6681
vn 0.9282 -0.0000 -0.3721
vn 0.9930 -0.0000 -0.1185
vn 1.0000 -0.0000 -0.0000
vn 0.9930 -0.0000 0.1185
vn 0.9282 -0.0000 0.3721
vn 0.7440 -0.0000 0.6681
vn 0.3147 -0.0000 0.9492
vn -0.0000 -0.3147 -0.9492
vn -0.0000 -0.7440 -0.6681
vn -0.0000 -0.9282 -0.3721
vn -0.0000 -0.9930 -0.1185
vn -0.0000 -1.0000 -0.0000
vn -0.0000 -0.9930 0.1185
vn -0.0000 -0.9282 0.3721
vn -0.0000 -0.7440 0.6681
vn -0.0000 -0.3147 0.9492
vn -0.3147 -0.0000 -0.9492
vn -0.7440 -0.0000 -0.6681
vn -0.9282 -0.0000 -0.3721
vn -0.9930 -0.0000 -0.1185
vn -1.0000 -0.0000 -0.0000
vn -0.9930 -0.0000 0.1185
vn -0.9282 -0.0000 0.3721
vn -0.7440 -0.0000 0.6681
vn -0.3147 -0.0000 0.9492
vn -0.7441 -0.0000 0.6681
vn -0.0000 0.3147 -0.9492
vn -0.0000 0.7440 -0.6681
vn -0.0000 0.9282 -0.3721
vn -0.0000 0.9930 -0.1185
vn -0.0000 1.0000 -0.0000
vn -0.0000 0.9930 0.1185
vn -0.0000 0.9282 0.3721
vn -0.0000 0.7440 0.6681
vn -0.0000 0.3147 0.9492
vn 0.7441 -0.0000 -0.6681
vn -0.0000 -0.7441 0.6681
vt 2.776000 1.000000
vt 1.392000 1.000000
vt 1.392000 -5.944000
vt 6.944000 1.000000
vt 5.552000 1.000000
vt 5.552000 -0.392000
vt 2.776000 -3.168000
vt 4.168000 -3.168000
vt 4.168000 -1.776000
vt 2.776000 -5.944000
vt 2.776000 -1.776000
vt 6.944000 -0.392000
vt 5.552000 -1.776000
vt 4.168000 -0.392000
vt 0.000000 -0.500000
vt 2.776000 -0.500000
vt -0.114805 -0.461940
vt 2.661195 -0.461940
vt -0.212132 -0.353553
vt 2.563868 -0.353553
vt -0.277164 -0.191342
vt 2.498836 -0.191342
vt -0.300000 0.000000
vt 2.476000 0.000000
vt -0.300000 3.000000
vt 2.476000 3.000000
vt -0.277164 3.191342
vt 2.498836 3.191342
vt -0.212132 3.353553
vt 2.563868 3.353553
vt -0.114805 3.461940
vt 2.661195 3.461940
vt 0.000000 3.500000
vt 2.776000 3.500000
vt 4.168000 -0.500000
vt 2.890805 -0.461940
vt 4.053195 -0.461940
vt 2.988132 -0.353553
vt 3.955868 -0.353553
vt 3.053164 -0.191342
vt 3.890836 -0.191342
vt 3.076000 0.000000
vt 3.868000 0.000000
vt 3.076000 3.000000
vt 3.868000 3.000000
vt 3.053164 3.191342
vt 3.890836 3.191342
vt 2.988132 3.353553
vt 3.955868 3.353553
vt 2.890805 3.461940
vt 4.053195 3.461940
vt 4.168000 3.500000
vt 1.392000 -0.500000
vt 1.277195 -0.461940
vt 1.179868 -0.353553
vt 1.114836 -0.191342
vt 1.092000 0.000000
vt 1.092000 3.000000
vt 1.114836 3.191342
vt 1.179868 3.353553
vt 1.277195 3.461940
vt 1.392000 3.500000
vt 5.552000 -0.500000
vt 5.437195 -0.461940
vt 5.339868 -0.353553
vt 5.274836 -0.191342
vt 5.252000 0.000000
vt 5.252000 3.000000
vt 5.274836 3.191342
vt 5.339868 3.353553
vt 5.437195 3.461940
vt 5.552000 3.500000
vt 6.944000 -0.500000
vt 7.058805 -0.461940
vt 7.156132 -0.353553
vt 7.221164 -0.191342
vt 7.244000 0.000000
vt 7.244000 3.000000
vt 7.221164 3.191342
vt 7.156132 3.353553
vt 7.058805 3.461940
vt 6.944000 3.500000
vt 1.506805 -0.461940
vt 1.604132 -0.353553
vt 1.669164 -0.191342
vt 1.692000 0.000000
vt 1.692000 3.000000
vt 1.669164 3.191342
vt 1.604132 3.353553
vt 1.506805 3.461940
vt 5.666805 -0.461940
vt 5.764132 -0.353553
vt 5.829164 -0.191342
vt 5.852000 0.000000
vt 5.852000 3.000000
vt 5.829164 3.191342
vt 5.764132 3.353553
vt 5.666805 3.461940
vt 4.282805 -0.461940
vt 4.380132 -0.353553
vt 4.445164 -0.191342
vt 4.468000 0.000000
vt 4.468000 3.000000
vt 4.445164 3.191342
vt 4.380132 3.353553
vt 4.282805 3.461940
vt 6.944000 -4.552000
vt 5.552000 -4.552000
vt 5.552000 -5.944000
vt 6.944000 -5.944000
vt 5.552000 -3.168000
vt 4.168000 -4.552000
s 0
usemtl Material_7
f 6769/721/281 6770/722/281 6771/723/281
f 6772/724/281 6773/725/281 6774/726/281
f 6775/727/281 6776/728/281 6777/729/281
f 6778/723/281 6779/730/281 6780/727/281
f 6781/731/281 6782/721/281 6783/723/281
f 6784/732/281 6785/724/281 6786/726/281
f 6787/731/281 6788/723/281 6789/727/281
f 6790/731/281 6791/727/281 6792/729/281
f 6793/729/281 6794/733/281 6795/726/281
f 6796/726/281 6797/734/281 6798/729/281
f 6799/723/282 6800/722/282 6801/721/282
f 6802/726/282 6803/725/282 6804/724/282
f 6805/729/282 6806/728/282 6807/727/282
f 6808/727/282 6809/730/282 6810/723/282
f 6811/723/282 6812/721/282 6813/731/282
f 6814/726/282 6815/724/282 6816/732/282
f 6817/727/282 6818/723/282 6819/731/282
f 6820/729/282 6821/727/282 6822/731/282
f 6823/726/282 6824/733/282 6825/729/282
f 6826/729/282 6827/734/282 6828/726/282
f 6829/735/283 6830/736/283 6831/737/283
f 6832/736/283 6833/738/283 6834/737/283
f 6835/737/284 6836/738/284 6837/739/284
f 6838/738/284 6839/740/284 6840/739/284
f 6841/739/285 6842/740/285 6843/741/285
f 6844/740/285 6845/742/285 6846/741/285
f 6847/741/286 6848/742/286 6849/743/286
f 6850/742/286 6851/744/286 6852/743/286
f 6853/743/287 6854/744/287 6855/745/287
f 6856/744/287 6857/746/287 6858/745/287
f 6859/745/288 6860/746/288 6861/747/288
f 6862/746/288 6863/748/288 6864/747/288
f 6865/747/289 6866/748/289 6867/749/289
f 6868/748/289 6869/750/289 6870/749/289
f 6871/749/290 6872/750/290 6873/751/290
f 6874/750/290 6875/752/290 6876/751/290
f 6877/751/291 6878/752/291 6879/753/291
f 6880/752/291 6881/754/291 6882/753/291
s 1
f 6883/736/292 6884/755/292 6885/756/292
s 0
f 6886/755/292 6887/757/292 6888/756/292
f 6889/756/293 6890/757/293 6891/758/293
f 6892/757/293 6893/759/293 6894/758/293
f 6895/758/294 6896/759/294 6897/760/294
f 6898/759/294 6899/761/294 6900/760/294
f 6901/760/295 6902/761/295 6903/762/295
f 6904/761/295 6905/763/295 6906/762/295
f 6907/762/296 6908/763/296 6909/764/296
f 6910/763/296 6911/765/296 6912/764/296
f 6913/764/297 6914/765/297 6915/766/297
s 1
f 6916/765/297 6917/767/297 6918/766/297
f 6919/766/298 6920/767/298 6921/768/298
s 0
f 6922/767/298 6923/769/298 6924/768/298
f 6925/768/299 6926/769/299 6927/770/299
f 6928/769/299 6929/771/299 6930/770/299
f 6931/770/300 6932/771/300 6933/754/300
f 6934/771/300 6935/772/300 6936/754/300
f 6937/736/301 6938/773/301 6939/738/301
f 6940/773/301 6941/774/301 6942/738/301
f 6943/738/302 6944/774/302 6945/740/302
f 6946/774/302 6947/775/302 6948/740/302
f 6949/740/303 6950/775/303 6951/742/303
f 6952/775/303 6953/776/303 6954/742/303
f 6955/742/304 6956/776/304 6957/744/304
f 6958/776/304 6959/777/304 6960/744/304
f 6961/744/305 6962/777/305 6963/746/305
f 6964/777/305 6965/778/305 6966/746/305
f 6967/746/306 6968/778/306 6969/748/306
f 6970/778/306 6971/779/306 6972/748/306
f 6973/748/307 6974/779/307 6975/750/307
f 6976/779/307 6977/780/307 6978/750/307
f 6979/750/308 6980/780/308 6981/752/308
s 1
f 6982/780/308 6983/781/308 6984/752/308
s 0
f 6985/752/309 6986/781/309 6987/754/309
f 6988/781/309 6989/782/309 6990/754/309
f 6991/755/292 6992/783/292 6993/757/292
s 1
f 6994/783/292 6995/784/292 6996/757/292
s 0
f 6997/757/293 6998/784/293 6999/759/293
f 7000/784/293 7001/785/293 7002/759/293
f 7003/759/294 7004/785/294 7005/761/294
f 7006/785/294 7007/786/294 7008/761/294
f 7009/761/295 7010/786/295 7011/763/295
f 7012/786/295 7013/787/295 7014/763/295
f 7015/763/296 7016/787/296 7017/765/296
f 7018/787/296 7019/788/296 7020/765/296
f 7021/765/297 7022/788/297 7023/767/297
s 1
f 7024/788/297 7025/789/297 7026/767/297
s 0
f 7027/767/298 7028/789/298 7029/769/298
f 7030/789/298 7031/790/298 7032/769/298
f 7033/769/299 7034/790/299 7035/771/299
f 7036/790/299 7037/791/299 7038/771/299
f 7039/771/300 7040/791/300 7041/772/300
f 7042/791/300 7043/792/300 7044/772/300
f 7045/773/301 7046/735/301 7047/774/301
f 7048/735/301 7049/737/301 7050/774/301
f 7051/774/302 7052/737/302 7053/775/302
f 7054/737/302 7055/739/302 7056/775/302
f 7057/775/303 7058/739/303 7059/776/303
f 7060/739/303 7061/741/303 7062/776/303
f 7063/776/304 7064/741/304 7065/777/304
f 7066/741/304 7067/743/304 7068/777/304
f 7069/777/305 7070/743/305 7071/778/305
f 7072/743/305 7073/745/305 7074/778/305
f 7075/778/306 7076/745/306 7077/779/306
f 7078/745/306 7079/747/306 7080/779/306
f 7081/779/307 7082/747/307 7083/780/307
f 7084/747/307 7085/749/307 7086/780/307
f 7087/780/308 7088/749/308 7089/781/308
f 7090/749/310 7091/751/310 7092/781/310
f 7093/781/309 7094/751/309 7095/782/309
f 7096/751/309 7097/753/309 7098/782/309
f 7099/783/292 7100/793/292 7101/784/292
f 7102/793/292 7103/794/292 7104/784/292
f 7105/784/293 7106/794/293 7107/785/293
f 7108/794/293 7109/795/293 7110/785/293
f 7111/785/294 7112/795/294 7113/786/294
f 7114/795/294 7115/796/294 7116/786/294
f 7117/786/295 7118/796/295 7119/787/295
f 7120/796/295 7121/797/295 7122/787/295
f 7123/787/296 7124/797/296 7125/788/296
f 7126/797/296 7127/798/296 7128/788/296
f 7129/788/297 7130/798/297 7131/789/297
f 7132/798/297 7133/799/297 7134/789/297
f 7135/789/298 7136/799/298 7137/790/298
f 7138/799/298 7139/800/298 7140/790/298
f 7141/790/299 7142/800/299 7143/791/299
f 7144/800/299 7145/801/299 7146/791/299
s 1
f 7147/791/300 7148/801/300 7149/792/300
s 0
f 7150/801/300 7151/802/300 7152/792/300
f 7153/735/283 7154/773/283 7155/737/283
f 7156/773/283 7157/803/283 7158/737/283
f 7159/737/284 7160/803/284 7161/739/284
f 7162/803/284 7163/804/284 7164/739/284
f 7165/739/285 7166/804/285 7167/741/285
f 7168/804/285 7169/805/285 7170/741/285
f 7171/741/286 7172/805/286 7173/743/286
f 7174/805/286 7175/806/286 7176/743/286
f 7177/743/287 7178/806/287 7179/745/287
f 7180/806/287 7181/807/287 7182/745/287
f 7183/745/288 7184/807/288 7185/747/288
f 7186/807/288 7187/808/288 7188/747/288
f 7189/747/289 7190/808/289 7191/749/289
f 7192/808/289 7193/809/289 7194/749/289
f 7195/749/290 7196/809/290 7197/751/290
f 7198/809/290 7199/810/290 7200/751/290
f 7201/751/291 7202/810/291 7203/753/291
f 7204/810/291 7205/782/291 7206/753/291
f 7207/793/311 7208/783/311 7209/794/311
f 7210/783/311 7211/811/311 7212/794/311
f 7213/794/312 7214/811/312 7215/795/312
f 7216/811/312 7217/812/312 7218/795/312
f 7219/795/313 7220/812/313 7221/796/313
f 7222/812/313 7223/813/313 7224/796/313
f 7225/796/314 7226/813/314 7227/797/314
f 7228/813/314 7229/814/314 7230/797/314
f 7231/797/315 7232/814/315 7233/798/315
f 7234/814/315 7235/815/315 7236/798/315
f 7237/798/316 7238/815/316 7239/799/316
f 7240/815/316 7241/816/316 7242/799/316
f 7243/799/317 7244/816/317 7245/800/317
f 7246/816/317 7247/817/317 7248/800/317
f 7249/800/318 7250/817/318 7251/801/318
f 7252/817/318 7253/818/318 7254/801/318
f 7255/801/319 7256/818/319 7257/802/319
f 7258/818/319 7259/792/319 7260/802/319
f 7261/773/283 7262/736/283 7263/803/283
f 7264/736/283 7265/756/283 7266/803/283
f 7267/803/320 7268/756/320 7269/804/320
f 7270/756/284 7271/758/284 7272/804/284
f 7273/804/285 7274/758/285 7275/805/285
f 7276/758/285 7277/760/285 7278/805/285
f 7279/805/286 7280/760/286 7281/806/286
f 7282/760/286 7283/762/286 7284/806/286
f 7285/806/287 7286/762/287 7287/807/287
f 7288/762/287 7289/764/287 7290/807/287
f 7291/807/288 7292/764/288 7293/808/288
f 7294/764/288 7295/766/288 7296/808/288
f 7297/808/289 7298/766/289 7299/809/289
f 7300/766/289 7301/768/289 7302/809/289
f 7303/809/290 7304/768/290 7305/810/290
f 7306/768/290 7307/770/290 7308/810/290
f 7309/810/291 7310/770/291 7311/782/291
f 7312/770/291 7313/754/291 7314/782/291
s 1
f 7315/783/311 7316/755/311 7317/811/311
s 0
f 7318/755/311 7319/819/311 7320/811/311
f 7321/811/312 7322/819/312 7323/812/312
f 7324/819/312 7325/820/312 7326/812/312
f 7327/812/313 7328/820/313 7329/813/313
f 7330/820/313 7331/821/313 7332/813/313
f 7333/813/314 7334/821/314 7335/814/314
f 7336/821/314 7337/822/314 7338/814/314
f 7339/814/315 7340/822/315 7341/815/315
f 7342/822/315 7343/823/315 7344/815/315
f 7345/815/316 7346/823/316 7347/816/316
f 7348/823/316 7349/824/316 7350/816/316
f 7351/816/317 7352/824/317 7353/817/317
f 7354/824/317 7355/825/317 7356/817/317
f 7357/817/318 7358/825/318 7359/818/318
f 7360/825/318 7361/826/318 7362/818/318
f 7363/818/319 7364/826/319 7365/792/319
f 7366/826/319 7367/772/319 7368/792/319
f 7369/736/283 7370/755/283 7371/756/283
f 7372/755/283 7373/819/283 7374/756/283
f 7375/756/284 7376/819/284 7377/758/284
f 7378/819/284 7379/820/284 7380/758/284
f 7381/758/285 7382/820/285 7383/760/285
f 7384/820/285 7385/821/285 7386/760/285
f 7387/760/286 7388/821/286 7389/762/286
f 7390/821/286 7391/822/286 7392/762/286
f 7393/762/287 7394/822/287 7395/764/287
f 7396/822/287 7397/823/287 7398/764/287
f 7399/764/288 7400/823/288 7401/766/288
f 7402/823/288 7403/824/288 7404/766/288
f 7405/766/289 7406/824/289 7407/768/289
f 7408/824/289 7409/825/289 7410/768/289
f 7411/768/290 7412/825/290 7413/770/290
f 7414/825/290 7415/826/290 7416/770/290
f 7417/770/291 7418/826/291 7419/754/291
f 7420/826/291 7421/772/291 7422/754/291
s 1
f 7423/755/311 7424/736/311 7425/819/311
s 0
f 7426/736/311 7427/756/311 7428/819/311
f 7429/819/312 7430/756/312 7431/820/312
s 1
f 7432/756/312 7433/758/312 7434/820/312
s 0
f 7435/820/313 7436/758/313 7437/821/313
f 7438/758/313 7439/760/313 7440/821/313
f 7441/821/314 7442/760/314 7443/822/314
f 7444/760/314 7445/762/314 7446/822/314
f 7447/822/315 7448/762/315 7449/823/315
f 7450/762/315 7451/764/315 7452/823/315
f 7453/823/316 7454/764/316 7455/824/316
f 7456/764/316 7457/766/316 7458/824/316
f 7459/824/317 7460/766/317 7461/825/317
f 7462/766/317 7463/768/317 7464/825/317
f 7465/825/318 7466/768/318 7467/826/318
f 7468/768/318 7469/770/318 7470/826/318
f 7471/826/319 7472/770/319 7473/772/319
s 1
f 7474/770/319 7475/754/319 7476/772/319
s 0
f 7477/755/283 7478/793/283 7479/819/283
s 1
f 7480/793/283 7481/794/283 7482/819/283
s 0
f 7483/819/284 7484/794/284 7485/820/284
s 1
f 7486/794/284 7487/795/284 7488/820/284
s 0
f 7489/820/285 7490/795/285 7491/821/285
f 7492/795/285 7493/796/285 7494/821/285
f 7495/821/286 7496/796/286 7497/822/286
f 7498/796/286 7499/797/286 7500/822/286
f 7501/822/287 7502/797/287 7503/823/287
f 7504/797/287 7505/798/287 7506/823/287
f 7507/823/288 7508/798/288 7509/824/288
f 7510/798/288 7511/799/288 7512/824/288
f 7513/824/289 7514/799/289 7515/825/289
f 7516/799/289 7517/800/289 7518/825/289
f 7519/825/290 7520/800/290 7521/826/290
f 7522/800/290 7523/801/290 7524/826/290
f 7525/826/291 7526/801/291 7527/772/291
f 7528/801/291 7529/802/291 7530/772/291
f 7531/736/311 7532/773/311 7533/756/311
f 7534/773/311 7535/774/311 7536/756/311
f 7537/756/312 7538/774/312 7539/758/312
f 7540/774/312 7541/775/312 7542/758/312
f 7543/758/313 7544/775/313 7545/760/313
f 7546/775/313 7547/776/313 7548/760/313
f 7549/760/314 7550/776/314 7551/762/314
f 7552/776/314 7553/777/314 7554/762/314
f 7555/762/315 7556/777/315 7557/764/315
f 7558/777/315 7559/778/315 7560/764/315
f 7561/764/316 7562/778/316 7563/766/316
f 7564/778/316 7565/779/316 7566/766/316
s 1
f 7567/766/317 7568/779/317 7569/768/317
s 0
f 7570/779/317 7571/780/317 7572/768/317
f 7573/768/318 7574/780/318 7575/770/318
f 7576/780/318 7577/781/318 7578/770/318
f 7579/770/319 7580/781/319 7581/754/319
f 7582/781/319 7583/782/319 7584/754/319
f 7585/793/301 7586/735/301 7587/794/301
f 7588/735/301 7589/737/301 7590/794/301
f 7591/794/302 7592/737/302 7593/795/302
f 7594/737/302 7595/739/302 7596/795/302
f 7597/795/303 7598/739/303 7599/796/303
f 7600/739/303 7601/741/303 7602/796/303
f 7603/796/304 7604/741/304 7605/797/304
f 7606/741/304 7607/743/304 7608/797/304
f 7609/797/305 7610/743/305 7611/798/305
f 7612/743/305 7613/745/305 7614/798/305
f 7615/798/306 7616/745/306 7617/799/306
f 7618/745/306 7619/747/306 7620/799/306
f 7621/799/307 7622/747/307 7623/800/307
f 7624/747/307 7625/749/307 7626/800/307
s 1
f 7627/800/308 7628/749/308 7629/801/308
f 7630/749/308 7631/751/308 7632/801/308
s 0
f 7633/801/309 7634/751/309 7635/802/309
f 7636/751/309 7637/753/309 7638/802/309
f 7639/773/292 7640/736/292 7641/774/292
f 7642/736/292 7643/756/292 7644/774/292
f 7645/774/293 7646/756/293 7647/775/293
f 7648/756/293 7649/758/293 7650/775/293
f 7651/775/294 7652/758/294 7653/776/294
f 7654/758/294 7655/760/294 7656/776/294
f 7657/776/295 7658/760/295 7659/777/295
f 7660/760/295 7661/762/295 7662/777/295
f 7663/777/296 7664/762/296 7665/778/296
f 7666/762/296 7667/764/296 7668/778/296
f 7669/778/297 7670/764/297 7671/779/297
f 7672/764/297 7673/766/297 7674/779/297
f 7675/779/298 7676/766/298 7677/780/298
f 7678/766/298 7679/768/298 7680/780/298
f 7681/780/299 7682/768/299 7683/781/299
f 7684/768/299 7685/770/299 7686/781/299
f 7687/781/300 7688/770/300 7689/782/300
f 7690/770/300 7691/754/300 7692/782/300
f 7693/827/281 7694/828/281 7695/829/281
f 7696/829/281 7697/830/281 7698/827/281
f 7699/829/282 7700/828/282 7701/827/282
f 7702/827/282 7703/830/282 7704/829/282
f 7705/783/283 7706/793/283 7707/784/283
f 7708/793/283 7709/794/283 7710/784/283
f 7711/784/284 7712/794/284 7713/785/284
f 7714/794/284 7715/795/284 7716/785/284
f 7717/785/285 7718/795/285 7719/786/285
f 7720/795/285 7721/796/285 7722/786/285
f 7723/786/286 7724/796/286 7725/787/286
f 7726/796/286 7727/797/286 7728/787/286
f 7729/787/287 7730/797/287 7731/788/287
f 7732/797/287 7733/798/287 7734/788/287
f 7735/788/288 7736/798/288 7737/789/288
f 7738/798/288 7739/799/288 7740/789/288
f 7741/789/289 7742/799/289 7743/790/289
f 7744/799/289 7745/800/289 7746/790/289
f 7747/790/290 7748/800/290 7749/791/290
f 7750/800/290 7751/801/290 7752/791/290
f 7753/791/291 7754/801/291 7755/792/291
f 7756/801/291 7757/802/291 7758/792/291
f 7759/793/311 7760/783/311 7761/794/311
f 7762/783/311 7763/784/311 7764/794/311
f 7765/794/312 7766/784/312 7767/795/312
f 7768/784/312 7769/785/312 7770/795/312
f 7771/795/313 7772/785/313 7773/796/313
f 7774/785/313 7775/786/313 7776/796/313
f 7777/796/314 7778/786/314 7779/797/314
f 7780/786/314 7781/787/314 7782/797/314
f 7783/797/315 7784/787/315 7785/798/315
f 7786/787/315 7787/788/315 7788/798/315
f 7789/798/316 7790/788/316 7791/799/316
f 7792/788/316 7793/789/316 7794/799/316
f 7795/799/317 7796/789/317 7797/800/317
f 7798/789/317 7799/790/317 7800/800/317
f 7801/800/318 7802/790/318 7803/801/318
f 7804/790/318 7805/791/318 7806/801/318
f 7807/801/319 7808/791/319 7809/802/319
f 7810/791/319 7811/792/319 7812/802/319
f 7813/793/301 7814/783/301 7815/794/301
f 7816/783/301 7817/784/301 7818/794/301
f 7819/794/302 7820/784/302 7821/795/302
f 7822/784/302 7823/785/302 7824/795/302
f 7825/795/303 7826/785/303 7827/796/303
f 7828/785/303 7829/786/303 7830/796/303
f 7831/796/304 7832/786/304 7833/797/304
f 7834/786/304 7835/787/304 7836/797/304
f 7837/797/305 7838/787/305 7839/798/305
f 7840/787/305 7841/788/305 7842/798/305
f 7843/798/306 7844/788/306 7845/799/306
f 7846/788/306 7847/789/306 7848/799/306
f 7849/799/307 7850/789/307 7851/800/307
f 7852/789/307 7853/790/307 7854/800/307
f 7855/800/308 7856/790/308 7857/801/308
s 1
f 7858/790/308 7859/791/308 7860/801/308
s 0
f 7861/801/309 7862/791/309 7863/802/309
f 7864/791/309 7865/792/309 7866/802/309
f 7867/783/292 7868/793/292 7869/784/292
f 7870/793/292 7871/794/292 7872/784/292
f 7873/784/293 7874/794/293 7875/785/293
s 1
f 7876/794/293 7877/795/293 7878/785/293
s 0
f 7879/785/294 7880/795/294 7881/786/294
f 7882/795/294 7883/796/294 7884/786/294
f 7885/786/295 7886/796/295 7887/787/295
f 7888/796/295 7889/797/295 7890/787/295
f 7891/787/296 7892/797/296 7893/788/296
f 7894/797/296 7895/798/296 7896/788/296
f 7897/788/297 7898/798/297 7899/789/297
s 1
f 7900/798/297 7901/799/297 7902/789/297
s 0
f 7903/789/298 7904/799/298 7905/790/298
f 7906/799/298 7907/800/298 7908/790/298
f 7909/790/321 7910/800/321 7911/791/321
s 1
f 7912/800/299 7913/801/299 7914/791/299
s 0
f 7915/791/300 7916/801/300 7917/792/300
f 7918/801/300 7919/802/300 7920/792/300
f 7921/831/281 7922/728/281 7923/832/281
f 7924/832/281 7925/828/281 7926/831/281
f 7927/832/282 7928/728/282 7929/831/282
f 7930/831/282 7931/828/282 7932/832/282
f 7933/755/283 7934/783/283 7935/757/283
f 7936/783/283 7937/811/283 7938/757/283
f 7939/757/320 7940/811/320 7941/759/320
f 7942/811/284 7943/812/284 7944/759/284
f 7945/759/285 7946/812/285 7947/761/285
f 7948/812/285 7949/813/285 7950/761/285
f 7951/761/286 7952/813/286 7953/763/286
f 7954/813/286 7955/814/286 7956/763/286
f 7957/763/287 7958/814/287 7959/765/287
f 7960/814/287 7961/815/287 7962/765/287
f 7963/765/288 7964/815/288 7965/767/288
f 7966/815/288 7967/816/288 7968/767/288
f 7969/767/289 7970/816/289 7971/769/289
f 7972/816/289 7973/817/289 7974/769/289
f 7975/769/290 7976/817/290 7977/771/290
f 7978/817/290 7979/818/290 7980/771/290
f 7981/771/291 7982/818/291 7983/772/291
f 7984/818/291 7985/792/291 7986/772/291
f 7987/783/311 7988/755/311 7989/811/311
f 7990/755/311 7991/757/311 7992/811/311
f 7993/811/312 7994/757/312 7995/812/312
f 7996/757/312 7997/759/312 7998/812/312
f 7999/812/313 8000/759/313 8001/813/313
f 8002/759/313 8003/761/313 8004/813/313
f 8005/813/314 8006/761/314 8007/814/314
f 8008/761/314 8009/763/314 8010/814/314
f 8011/814/315 8012/763/315 8013/815/315
f 8014/763/315 8015/765/315 8016/815/315
f 8017/815/316 8018/765/316 8019/816/316
f 8020/765/316 8021/767/316 8022/816/316
f 8023/816/317 8024/767/317 8025/817/317
f 8026/767/317 8027/769/317 8028/817/317
f 8029/817/318 8030/769/318 8031/818/318
f 8032/769/318 8033/771/318 8034/818/318
f 8035/818/319 8036/771/319 8037/792/319
f 8038/771/319 8039/772/319 8040/792/319
f 8041/783/301 8042/755/301 8043/811/301
f 8044/755/301 8045/757/301 8046/811/301
f 8047/811/302 8048/757/302 8049/812/302
f 8050/757/302 8051/759/302 8052/812/302
f 8053/812/303 8054/759/303 8055/813/303
f 8056/759/303 8057/761/303 8058/813/303
f 8059/813/304 8060/761/304 8061/814/304
f 8062/761/304 8063/763/304 8064/814/304
f 8065/814/305 8066/763/305 8067/815/305
f 8068/763/305 8069/765/305 8070/815/305
f 8071/815/306 8072/765/306 8073/816/306
f 8074/765/306 8075/767/306 8076/816/306
f 8077/816/307 8078/767/307 8079/817/307
f 8080/767/307 8081/769/307 8082/817/307
f 8083/817/308 8084/769/308 8085/818/308
s 1
f 8086/769/308 8087/771/308 8088/818/308
s 0
f 8089/818/309 8090/771/309 8091/792/309
s 1
f 8092/771/309 8093/772/309 8094/792/309
s 0
f 8095/755/292 8096/783/292 8097/757/292
f 8098/783/292 8099/811/292 8100/757/292
f 8101/757/293 8102/811/293 8103/759/293
f 8104/811/293 8105/812/293 8106/759/293
f 8107/759/294 8108/812/294 8109/761/294
f 8110/812/294 8111/813/294 8112/761/294
f 8113/761/295 8114/813/295 8115/763/295
f 8116/813/295 8117/814/295 8118/763/295
f 8119/763/296 8120/814/296 8121/765/296
f 8122/814/296 8123/815/296 8124/765/296
f 8125/765/297 8126/815/297 8127/767/297
f 8128/815/297 8129/816/297 8130/767/297
f 8131/767/298 8132/816/298 8133/769/298
f 8134/816/298 8135/817/298 8136/769/298
s 1
f 8137/769/299 8138/817/299 8139/771/299
s 0
f 8140/817/299 8141/818/299 8142/771/299
f 8143/771/300 8144/818/300 8145/772/300
f 8146/818/300 8147/792/300 8148/772/300
o Mesh_8
v 33.880348 1.392000 -0.500000
v 33.880348 0.000000 -0.500000
v 29.720350 0.000000 -0.500000
v 33.880348 4.168000 -0.500000
v 33.880348 2.776000 -0.500000
v 31.104351 2.776000 -0.500000
v 33.880348 6.944000 -0.500000
v 33.880348 5.552000 -0.500000
v 31.104351 5.552000 -0.500000
v 31.104351 1.392000 -0.500000
v 33.880348 1.392000 -0.500000
v 29.720350 0.000000 -0.500000
v 31.104351 4.168000 -0.500000
v 33.880348 4.168000 -0.500000
v 31.104351 2.776000 -0.500000
v 29.720350 6.944000 -0.500000
v 33.880348 6.944000 -0.500000
v 31.104351 5.552000 -0.500000
v 31.104351 1.392000 -0.500000
v 29.720350 0.000000 -0.500000
v 29.720350 6.944000 -0.500000
v 29.720350 6.944000 -0.500000
v 31.104351 5.552000 -0.500000
v 31.104351 4.168000 -0.500000
v 31.104351 2.776000 -0.500000
v 31.104351 1.392000 -0.500000
v 29.720350 6.944000 -0.500000
v 29.720350 6.944000 -0.500000
v 31.104351 4.168000 -0.500000
v 31.104351 2.776000 -0.500000
v 29.720350 0.000000 3.500000
v 33.880348 0.000000 3.500000
v 33.880348 1.392000 3.500000
v 31.104351 2.776000 3.500000
v 33.880348 2.776000 3.500000
v 33.880348 4.168000 3.500000
v 31.104351 5.552000 3.500000
v 33.880348 5.552000 3.500000
v 33.880348 6.944000 3.500000
v 29.720350 0.000000 3.500000
v 33.880348 1.392000 3.500000
v 31.104351 1.392000 3.500000
v 31.104351 2.776000 3.500000
v 33.880348 4.168000 3.500000
v 31.104351 4.168000 3.500000
v 31.104351 5.552000 3.500000
v 33.880348 6.944000 3.500000
v 29.720350 6.944000 3.500000
v 29.720350 6.944000 3.500000
v 29.720350 0.000000 3.500000
v 31.104351 1.392000 3.500000
v 31.104351 4.168000 3.500000
v 31.104351 5.552000 3.500000
v 29.720350 6.944000 3.500000
v 29.720350 6.944000 3.500000
v 31.104351 1.392000 3.500000
v 31.104351 2.776000 3.500000
v 31.104351 2.776000 3.500000
v 31.104351 4.168000 3.500000
v 29.720350 6.944000 3.500000
v 33.880348 0.000000 -0.500000
v 33.880348 1.392000 -0.500000
v 33.995155 -0.114805 -0.461940
v 33.880348 1.392000 -0.500000
v 33.995155 1.506805 -0.461940
v 33.995155 -0.114805 -0.461940
v 33.995155 -0.114805 -0.461940
v 33.995155 1.506805 -0.461940
v 34.092484 -0.212132 -0.353553
v 33.995155 1.506805 -0.461940
v 34.092484 1.604132 -0.353553
v 34.092484 -0.212132 -0.353553
v 34.092484 -0.212132 -0.353553
v 34.092484 1.604132 -0.353553
v 34.157513 -0.277164 -0.191342
v 34.092484 1.604132 -0.353553
v 34.157513 1.669164 -0.191342
v 34.157513 -0.277164 -0.191342
v 34.157513 -0.277164 -0.191342
v 34.157513 1.669164 -0.191342
v 34.180351 -0.300000 0.000000
v 34.157513 1.669164 -0.191342
v 34.180351 1.692000 0.000000
v 34.180351 -0.300000 0.000000
v 34.180351 -0.300000 0.000000
v 34.180351 1.692000 0.000000
v 34.180351 -0.300000 3.000000
v 34.180351 1.692000 0.000000
v 34.180351 1.692000 3.000000
v 34.180351 -0.300000 3.000000
v 34.180351 -0.300000 3.000000
v 34.180351 1.692000 3.000000
v 34.157513 -0.277164 3.191342
v 34.180351 1.692000 3.000000
v 34.157513 1.669164 3.191342
v 34.157513 -0.277164 3.191342
v 34.157513 -0.277164 3.191342
v 34.157513 1.669164 3.191342
v 34.092484 -0.212132 3.353553
v 34.157513 1.669164 3.191342
v 34.092484 1.604132 3.353553
v 34.092484 -0.212132 3.353553
v 34.092484 -0.212132 3.353553
v 34.092484 1.604132 3.353553
v 33.995155 -0.114805 3.461940
v 34.092484 1.604132 3.353553
v 33.995155 1.506805 3.461940
v 33.995155 -0.114805 3.461940
v 33.995155 -0.114805 3.461940
v 33.995155 1.506805 3.461940
v 33.880348 0.000000 3.500000
v 33.995155 1.506805 3.461940
v 33.880348 1.392000 3.500000
v 33.880348 0.000000 3.500000
v 33.880348 1.392000 -0.500000
v 31.104351 1.392000 -0.500000
v 33.995155 1.506805 -0.461940
v 31.104351 1.392000 -0.500000
v 31.219154 1.506805 -0.461940
v 33.995155 1.506805 -0.461940
v 33.995155 1.506805 -0.461940
v 31.219154 1.506805 -0.461940
v 34.092484 1.604132 -0.353553
v 31.219154 1.506805 -0.461940
v 31.316483 1.604132 -0.353553
v 34.092484 1.604132 -0.353553
v 34.092484 1.604132 -0.353553
v 31.316483 1.604132 -0.353553
v 34.157513 1.669164 -0.191342
v 31.316483 1.604132 -0.353553
v 31.381514 1.669164 -0.191342
v 34.157513 1.669164 -0.191342
v 34.157513 1.669164 -0.191342
v 31.381514 1.669164 -0.191342
v 34.180351 1.692000 0.000000
v 31.381514 1.669164 -0.191342
v 31.404350 1.692000 0.000000
v 34.180351 1.692000 0.000000
v 34.180351 1.692000 0.000000
v 31.404350 1.692000 0.000000
v 34.180351 1.692000 3.000000
v 31.404350 1.692000 0.000000
v 31.404350 1.692000 3.000000
v 34.180351 1.692000 3.000000
v 34.180351 1.692000 3.000000
v 31.404350 1.692000 3.000000
v 34.157513 1.669164 3.191342
v 31.404350 1.692000 3.000000
v 31.381514 1.669164 3.191342
v 34.157513 1.669164 3.191342
v 34.157513 1.669164 3.191342
v 31.381514 1.669164 3.191342
v 34.092484 1.604132 3.353553
v 31.381514 1.669164 3.191342
v 31.316483 1.604132 3.353553
v 34.092484 1.604132 3.353553
v 34.092484 1.604132 3.353553
v 31.316483 1.604132 3.353553
v 33.995155 1.506805 3.461940
v 31.316483 1.604132 3.353553
v 31.219154 1.506805 3.461940
v 33.995155 1.506805 3.461940
v 33.995155 1.506805 3.461940
v 31.219154 1.506805 3.461940
v 33.880348 1.392000 3.500000
v 31.219154 1.506805 3.461940
v 31.104351 1.392000 3.500000
v 33.880348 1.392000 3.500000
v 31.104351 1.392000 -0.500000
v 31.104351 2.776000 -0.500000
v 31.219154 1.506805 -0.461940
v 31.104351 2.776000 -0.500000
v 31.219154 2.661195 -0.461940
v 31.219154 1.506805 -0.461940
v 31.219154 1.506805 -0.461940
v 31.219154 2.661195 -0.461940
v 31.316483 1.604132 -0.353553
v 31.219154 2.661195 -0.461940
v 31.316483 2.563868 -0.353553
v 31.316483 1.604132 -0.353553
v 31.316483 1.604132 -0.353553
v 31.316483 2.563868 -0.353553
v 31.381514 1.669164 -0.191342
v 31.316483 2.563868 -0.353553
v 31.381514 2.498836 -0.191342
v 31.381514 1.669164 -0.191342
v 31.381514 1.669164 -0.191342
v 31.381514 2.498836 -0.191342
v 31.404350 1.692000 0.000000
v 31.381514 2.498836 -0.191342
v 31.404350 2.476000 0.000000
v 31.404350 1.692000 0.000000
v 31.404350 1.692000 0.000000
v 31.404350 2.476000 0.000000
v 31.404350 1.692000 3.000000
v 31.404350 2.476000 0.000000
v 31.404350 2.476000 3.000000
v 31.404350 1.692000 3.000000
v 31.404350 1.692000 3.000000
v 31.404350 2.476000 3.000000
v 31.381514 1.669164 3.191342
v 31.404350 2.476000 3.000000
v 31.381514 2.498836 3.191342
v 31.381514 1.669164 3.191342
v 31.381514 1.669164 3.191342
v 31.381514 2.498836 3.191342
v 31.316483 1.604132 3.353553
v 31.381514 2.498836 3.191342
v 31.316483 2.563868 3.353553
v 31.316483 1.604132 3.353553
v 31.316483 1.604132 3.353553
v 31.316483 2.563868 3.353553
v 31.219154 1.506805 3.461940
v 31.316483 2.563868 3.353553
v 31.219154 2.661195 3.461940
v 31.219154 1.506805 3.461940
v 31.219154 1.506805 3.461940
v 31.219154 2.661195 3.461940
v 31.104351 1.392000 3.500000
v 31.219154 2.661195 3.461940
v 31.104351 2.776000 3.500000
v 31.104351 1.392000 3.500000
v 31.104351 2.776000 -0.500000
v 33.880348 2.776000 -0.500000
v 31.219154 2.661195 -0.461940
v 33.880348 2.776000 -0.500000
v 33.995155 2.661195 -0.461940
v 31.219154 2.661195 -0.461940
v 31.219154 2.661195 -0.461940
v 33.995155 2.661195 -0.461940
v 31.316483 2.563868 -0.353553
v 33.995155 2.661195 -0.461940
v 34.092484 2.563868 -0.353553
v 31.316483 2.563868 -0.353553
v 31.316483 2.563868 -0.353553
v 34.092484 2.563868 -0.353553
v 31.381514 2.498836 -0.191342
v 34.092484 2.563868 -0.353553
v 34.157513 2.498836 -0.191342
v 31.381514 2.498836 -0.191342
v 31.381514 2.498836 -0.191342
v 34.157513 2.498836 -0.191342
v 31.404350 2.476000 0.000000
v 34.157513 2.498836 -0.191342
v 34.180351 2.476000 0.000000
v 31.404350 2.476000 0.000000
v 31.404350 2.476000 0.000000
v 34.180351 2.476000 0.000000
v 31.404350 2.476000 3.000000
v 34.180351 2.476000 0.000000
v 34.180351 2.476000 3.000000
v 31.404350 2.476000 3.000000
v 31.404350 2.476000 3.000000
v 34.180351 2.476000 3.000000
v 31.381514 2.498836 3.191342
v 34.180351 2.476000 3.000000
v 34.157513 2.498836 3.191342
v 31.381514 2.498836 3.191342
v 31.381514 2.498836 3.191342
v 34.157513 2.498836 3.191342
v 31.316483 2.563868 3.353553
v 34.157513 2.498836 3.191342
v 34.092484 2.563868 3.353553
v 31.316483 2.563868 3.353553
v 31.316483 2.563868 3.353553
v 34.092484 2.563868 3.353553
v 31.219154 2.661195 3.461940
v 34.092484 2.563868 3.353553
v 33.995155 2.661195 3.461940
v 31.219154 2.661195 3.461940
v 31.219154 2.661195 3.461940
v 33.995155 2.661195 3.461940
v 31.104351 2.776000 3.500000
v 33.995155 2.661195 3.461940
v 33.880348 2.776000 3.500000
v 31.104351 2.776000 3.500000
v 33.880348 2.776000 -0.500000
v 33.880348 4.168000 -0.500000
v 33.995155 2.661195 -0.461940
v 33.880348 4.168000 -0.500000
v 33.995155 4.282805 -0.461940
v 33.995155 2.661195 -0.461940
v 33.995155 2.661195 -0.461940
v 33.995155 4.282805 -0.461940
v 34.092484 2.563868 -0.353553
v 33.995155 4.282805 -0.461940
v 34.092484 4.380132 -0.353553
v 34.092484 2.563868 -0.353553
v 34.092484 2.563868 -0.353553
v 34.092484 4.380132 -0.353553
v 34.157513 2.498836 -0.191342
v 34.092484 4.380132 -0.353553
v 34.157513 4.445164 -0.191342
v 34.157513 2.498836 -0.191342
v 34.157513 2.498836 -0.191342
v 34.157513 4.445164 -0.191342
v 34.180351 2.476000 0.000000
v 34.157513 4.445164 -0.191342
v 34.180351 4.468000 0.000000
v 34.180351 2.476000 0.000000
v 34.180351 2.476000 0.000000
v 34.180351 4.468000 0.000000
v 34.180351 2.476000 3.000000
v 34.180351 4.468000 0.000000
v 34.180351 4.468000 3.000000
v 34.180351 2.476000 3.000000
v 34.180351 2.476000 3.000000
v 34.180351 4.468000 3.000000
v 34.157513 2.498836 3.191342
v 34.180351 4.468000 3.000000
v 34.157513 4.445164 3.191342
v 34.157513 2.498836 3.191342
v 34.157513 2.498836 3.191342
v 34.157513 4.445164 3.191342
v 34.092484 2.563868 3.353553
v 34.157513 4.445164 3.191342
v 34.092484 4.380132 3.353553
v 34.092484 2.563868 3.353553
v 34.092484 2.563868 3.353553
v 34.092484 4.380132 3.353553
v 33.995155 2.661195 3.461940
v 34.092484 4.380132 3.353553
v 33.995155 4.282805 3.461940
v 33.995155 2.661195 3.461940
v 33.995155 2.661195 3.461940
v 33.995155 4.282805 3.461940
v 33.880348 2.776000 3.500000
v 33.995155 4.282805 3.461940
v 33.880348 4.168000 3.500000
v 33.880348 2.776000 3.500000
v 33.880348 4.168000 -0.500000
v 31.104351 4.168000 -0.500000
v 33.995155 4.282805 -0.461940
v 31.104351 4.168000 -0.500000
v 31.219154 4.282805 -0.461940
v 33.995155 4.282805 -0.461940
v 33.995155 4.282805 -0.461940
v 31.219154 4.282805 -0.461940
v 34.092484 4.380132 -0.353553
v 31.219154 4.282805 -0.461940
v 31.316483 4.380132 -0.353553
v 34.092484 4.380132 -0.353553
v 34.092484 4.380132 -0.353553
v 31.316483 4.380132 -0.353553
v 34.157513 4.445164 -0.191342
v 31.316483 4.380132 -0.353553
v 31.381514 4.445164 -0.191342
v 34.157513 4.445164 -0.191342
v 34.157513 4.445164 -0.191342
v 31.381514 4.445164 -0.191342
v 34.180351 4.468000 0.000000
v 31.381514 4.445164 -0.191342
v 31.404350 4.468000 0.000000
v 34.180351 4.468000 0.000000
v 34.180351 4.468000 0.000000
v 31.404350 4.468000 0.000000
v 34.180351 4.468000 3.000000
v 31.404350 4.468000 0.000000
v 31.404350 4.468000 3.000000
v 34.180351 4.468000 3.000000
v 34.180351 4.468000 3.000000
v 31.404350 4.468000 3.000000
v 34.157513 4.445164 3.191342
v 31.404350 4.468000 3.000000
v 31.381514 4.445164 3.191342
v 34.157513 4.445164 3.191342
v 34.157513 4.445164 3.191342
v 31.381514 4.445164 3.191342
v 34.092484 4.380132 3.353553
v 31.381514 4.445164 3.191342
v 31.316483 4.380132 3.353553
v 34.092484 4.380132 3.353553
v 34.092484 4.380132 3.353553
v 31.316483 4.380132 3.353553
v 33.995155 4.282805 3.461940
v 31.316483 4.380132 3.353553
v 31.219154 4.282805 3.461940
v 33.995155 4.282805 3.461940
v 33.995155 4.282805 3.461940
v 31.219154 4.282805 3.461940
v 33.880348 4.168000 3.500000
v 31.219154 4.282805 3.461940
v 31.104351 4.168000 3.500000
v 33.880348 4.168000 3.500000
v 31.104351 4.168000 -0.500000
v 31.104351 5.552000 -0.500000
v 31.219154 4.282805 -0.461940
v 31.104351 5.552000 -0.500000
v 31.219154 5.437195 -0.461940
v 31.219154 4.282805 -0.461940
v 31.219154 4.282805 -0.461940
v 31.219154 5.437195 -0.461940
v 31.316483 4.380132 -0.353553
v 31.219154 5.437195 -0.461940
v 31.316483 5.339868 -0.353553
v 31.316483 4.380132 -0.353553
v 31.316483 4.380132 -0.353553
v 31.316483 5.339868 -0.353553
v 31.381514 4.445164 -0.191342
v 31.316483 5.339868 -0.353553
v 31.381514 5.274836 -0.191342
v 31.381514 4.445164 -0.191342
v 31.381514 4.445164 -0.191342
v 31.381514 5.274836 -0.191342
v 31.404350 4.468000 0.000000
v 31.381514 5.274836 -0.191342
v 31.404350 5.252000 0.000000
v 31.404350 4.468000 0.000000
v 31.404350 4.468000 0.000000
v 31.404350 5.252000 0.000000
v 31.404350 4.468000 3.000000
v 31.404350 5.252000 0.000000
v 31.404350 5.252000 3.000000
v 31.404350 4.468000 3.000000
v 31.404350 4.468000 3.000000
v 31.404350 5.252000 3.000000
v 31.381514 4.445164 3.191342
v 31.404350 5.252000 3.000000
v 31.381514 5.274836 3.191342
v 31.381514 4.445164 3.191342
v 31.381514 4.445164 3.191342
v 31.381514 5.274836 3.191342
v 31.316483 4.380132 3.353553
v 31.381514 5.274836 3.191342
v 31.316483 5.339868 3.353553
v 31.316483 4.380132 3.353553
v 31.316483 4.380132 3.353553
v 31.316483 5.339868 3.353553
v 31.219154 4.282805 3.461940
v 31.316483 5.339868 3.353553
v 31.219154 5.437195 3.461940
v 31.219154 4.282805 3.461940
v 31.219154 4.282805 3.461940
v 31.219154 5.437195 3.461940
v 31.104351 4.168000 3.500000
v 31.219154 5.437195 3.461940
v 31.104351 5.552000 3.500000
v 31.104351 4.168000 3.500000
v 31.104351 5.552000 -0.500000
v 33.880348 5.552000 -0.500000
v 31.219154 5.437195 -0.461940
v 33.880348 5.552000 -0.500000
v 33.995155 5.437195 -0.461940
v 31.219154 5.437195 -0.461940
v 31.219154 5.437195 -0.461940
v 33.995155 5.437195 -0.461940
v 31.316483 5.339868 -0.353553
v 33.995155 5.437195 -0.461940
v 34.092484 5.339868 -0.353553
v 31.316483 5.339868 -0.353553
v 31.316483 5.339868 -0.353553
v 34.092484 5.339868 -0.353553
v 31.381514 5.274836 -0.191342
v 34.092484 5.339868 -0.353553
v 34.157513 5.274836 -0.191342
v 31.381514 5.274836 -0.191342
v 31.381514 5.274836 -0.191342
v 34.157513 5.274836 -0.191342
v 31.404350 5.252000 0.000000
v 34.157513 5.274836 -0.191342
v 34.180351 5.252000 0.000000
v 31.404350 5.252000 0.000000
v 31.404350 5.252000 0.000000
v 34.180351 5.252000 0.000000
v 31.404350 5.252000 3.000000
v 34.180351 5.252000 0.000000
v 34.180351 5.252000 3.000000
v 31.404350 5.252000 3.000000
v 31.404350 5.252000 3.000000
v 34.180351 5.252000 3.000000
v 31.381514 5.274836 3.191342
v 34.180351 5.252000 3.000000
v 34.157513 5.274836 3.191342
v 31.381514 5.274836 3.191342
v 31.381514 5.274836 3.191342
v 34.157513 5.274836 3.191342
v 31.316483 5.339868 3.353553
v 34.157513 5.274836 3.191342
v 34.092484 5.339868 3.353553
v 31.316483 5.339868 3.353553
v 31.316483 5.339868 3.353553
v 34.092484 5.339868 3.353553
v 31.219154 5.437195 3.461940
v 34.092484 5.339868 3.353553
v 33.995155 5.437195 3.461940
v 31.219154 5.437195 3.461940
v 31.219154 5.437195 3.461940
v 33.995155 5.437195 3.461940
v 31.104351 5.552000 3.500000
v 33.995155 5.437195 3.461940
v 33.880348 5.552000 3.500000
v 31.104351 5.552000 3.500000
v 33.880348 5.552000 -0.500000
v 33.880348 6.944000 -0.500000
v 33.995155 5.437195 -0.461940
v 33.880348 6.944000 -0.500000
v 33.995155 7.058805 -0.461940
v 33.995155 5.437195 -0.461940
v 33.995155 5.437195 -0.461940
v 33.995155 7.058805 -0.461940
v 34.092484 5.339868 -0.353553
v 33.995155 7.058805 -0.461940
v 34.092484 7.156132 -0.353553
v 34.092484 5.339868 -0.353553
v 34.092484 5.339868 -0.353553
v 34.092484 7.156132 -0.353553
v 34.157513 5.274836 -0.191342
v 34.092484 7.156132 -0.353553
v 34.157513 7.221164 -0.191342
v 34.157513 5.274836 -0.191342
v 34.157513 5.274836 -0.191342
v 34.157513 7.221164 -0.191342
v 34.180351 5.252000 0.000000
v 34.157513 7.221164 -0.191342
v 34.180351 7.244000 0.000000
v 34.180351 5.252000 0.000000
v 34.180351 5.252000 0.000000
v 34.180351 7.244000 0.000000
v 34.180351 5.252000 3.000000
v 34.180351 7.244000 0.000000
v 34.180351 7.244000 3.000000
v 34.180351 5.252000 3.000000
v 34.180351 5.252000 3.000000
v 34.180351 7.244000 3.000000
v 34.157513 5.274836 3.191342
v 34.180351 7.244000 3.000000
v 34.157513 7.221164 3.191342
v 34.157513 5.274836 3.191342
v 34.157513 5.274836 3.191342
v 34.157513 7.221164 3.191342
v 34.092484 5.339868 3.353553
v 34.157513 7.221164 3.191342
v 34.092484 7.156132 3.353553
v 34.092484 5.339868 3.353553
v 34.092484 5.339868 3.353553
v 34.092484 7.156132 3.353553
v 33.995155 5.437195 3.461940
v 34.092484 7.156132 3.353553
v 33.995155 7.058805 3.461940
v 33.995155 5.437195 3.461940
v 33.995155 5.437195 3.461940
v 33.995155 7.058805 3.461940
v 33.880348 5.552000 3.500000
v 33.995155 7.058805 3.461940
v 33.880348 6.944000 3.500000
v 33.880348 5.552000 3.500000
v 33.880348 6.944000 -0.500000
v 29.720350 6.944000 -0.500000
v 33.995155 7.058805 -0.461940
v 29.720350 6.944000 -0.500000
v 29.605545 7.058805 -0.461940
v 33.995155 7.058805 -0.461940
v 33.995155 7.058805 -0.461940
v 29.605545 7.058805 -0.461940
v 34.092484 7.156132 -0.353553
v 29.605545 7.058805 -0.461940
v 29.508219 7.156132 -0.353553
v 34.092484 7.156132 -0.353553
v 34.092484 7.156132 -0.353553
v 29.508219 7.156132 -0.353553
v 34.157513 7.221164 -0.191342
v 29.508219 7.156132 -0.353553
v 29.443186 7.221164 -0.191342
v 34.157513 7.221164 -0.191342
v 34.157513 7.221164 -0.191342
v 29.443186 7.221164 -0.191342
v 34.180351 7.244000 0.000000
v 29.443186 7.221164 -0.191342
v 29.420349 7.244000 0.000000
v 34.180351 7.244000 0.000000
v 34.180351 7.244000 0.000000
v 29.420349 7.244000 0.000000
v 34.180351 7.244000 3.000000
v 29.420349 7.244000 0.000000
v 29.420349 7.244000 3.000000
v 34.180351 7.244000 3.000000
v 34.180351 7.244000 3.000000
v 29.420349 7.244000 3.000000
v 34.157513 7.221164 3.191342
v 29.420349 7.244000 3.000000
v 29.443186 7.221164 3.191342
v 34.157513 7.221164 3.191342
v 34.157513 7.221164 3.191342
v 29.443186 7.221164 3.191342
v 34.092484 7.156132 3.353553
v 29.443186 7.221164 3.191342
v 29.508219 7.156132 3.353553
v 34.092484 7.156132 3.353553
v 34.092484 7.156132 3.353553
v 29.508219 7.156132 3.353553
v 33.995155 7.058805 3.461940
v 29.508219 7.156132 3.353553
v 29.605545 7.058805 3.461940
v 33.995155 7.058805 3.461940
v 33.995155 7.058805 3.461940
v 29.605545 7.058805 3.461940
v 33.880348 6.944000 3.500000
v 29.605545 7.058805 3.461940
v 29.720350 6.944000 3.500000
v 33.880348 6.944000 3.500000
v 29.720350 6.944000 -0.500000
v 29.720350 0.000000 -0.500000
v 29.605545 7.058805 -0.461940
v 29.720350 0.000000 -0.500000
v 29.605545 -0.114805 -0.461940
v 29.605545 7.058805 -0.461940
v 29.605545 7.058805 -0.461940
v 29.605545 -0.114805 -0.461940
v 29.508219 7.156132 -0.353553
v 29.605545 -0.114805 -0.461940
v 29.508219 -0.212132 -0.353553
v 29.508219 7.156132 -0.353553
v 29.508219 7.156132 -0.353553
v 29.508219 -0.212132 -0.353553
v 29.443186 7.221164 -0.191342
v 29.508219 -0.212132 -0.353553
v 29.443186 -0.277164 -0.191342
v 29.443186 7.221164 -0.191342
v 29.443186 7.221164 -0.191342
v 29.443186 -0.277164 -0.191342
v 29.420349 7.244000 0.000000
v 29.443186 -0.277164 -0.191342
v 29.420349 -0.300000 0.000000
v 29.420349 7.244000 0.000000
v 29.420349 7.244000 0.000000
v 29.420349 -0.300000 0.000000
v 29.420349 7.244000 3.000000
v 29.420349 -0.300000 0.000000
v 29.420349 -0.300000 3.000000
v 29.420349 7.244000 3.000000
v 29.420349 7.244000 3.000000
v 29.420349 -0.300000 3.000000
v 29.443186 7.221164 3.191342
v 29.420349 -0.300000 3.000000
v 29.443186 -0.277164 3.191342
v 29.443186 7.221164 3.191342
v 29.443186 7.221164 3.191342
v 29.443186 -0.277164 3.191342
v 29.508219 7.156132 3.353553
v 29.443186 -0.277164 3.191342
v 29.508219 -0.212132 3.353553
v 29.508219 7.156132 3.353553
v 29.508219 7.156132 3.353553
v 29.508219 -0.212132 3.353553
v 29.605545 7.058805 3.461940
v 29.508219 -0.212132 3.353553
v 29.605545 -0.114805 3.461940
v 29.605545 7.058805 3.461940
v 29.605545 7.058805 3.461940
v 29.605545 -0.114805 3.461940
v 29.720350 6.944000 3.500000
v 29.605545 -0.114805 3.461940
v 29.720350 0.000000 3.500000
v 29.720350 6.944000 3.500000
v 29.720350 0.000000 -0.500000
v 33.880348 0.000000 -0.500000
v 29.605545 -0.114805 -0.461940
v 33.880348 0.000000 -0.500000
v 33.995155 -0.114805 -0.461940
v 29.605545 -0.114805 -0.461940
v 29.605545 -0.114805 -0.461940
v 33.995155 -0.114805 -0.461940
v 29.508219 -0.212132 -0.353553
v 33.995155 -0.114805 -0.461940
v 34.092484 -0.212132 -0.353553
v 29.508219 -0.212132 -0.353553
v 29.508219 -0.212132 -0.353553
v 34.092484 -0.212132 -0.353553
v 29.443186 -0.277164 -0.191342
v 34.092484 -0.212132 -0.353553
v 34.157513 -0.277164 -0.191342
v 29.443186 -0.277164 -0.191342
v 29.443186 -0.277164 -0.191342
v 34.157513 -0.277164 -0.191342
v 29.420349 -0.300000 0.000000
v 34.157513 -0.277164 -0.191342
v 34.180351 -0.300000 0.000000
v 29.420349 -0.300000 0.000000
v 29.420349 -0.300000 0.000000
v 34.180351 -0.300000 0.000000
v 29.420349 -0.300000 3.000000
v 34.180351 -0.300000 0.000000
v 34.180351 -0.300000 3.000000
v 29.420349 -0.300000 3.000000
v 29.420349 -0.300000 3.000000
v 34.180351 -0.300000 3.000000
v 29.443186 -0.277164 3.191342
v 34.180351 -0.300000 3.000000
v 34.157513 -0.277164 3.191342
v 29.443186 -0.277164 3.191342
v 29.443186 -0.277164 3.191342
v 34.157513 -0.277164 3.191342
v 29.508219 -0.212132 3.353553
v 34.157513 -0.277164 3.191342
v 34.092484 -0.212132 3.353553
v 29.508219 -0.212132 3.353553
v 29.508219 -0.212132 3.353553
v 34.092484 -0.212132 3.353553
v 29.605545 -0.114805 3.461940
v 34.092484 -0.212132 3.353553
v 33.995155 -0.114805 3.461940
v 29.605545 -0.114805 3.461940
v 29.605545 -0.114805 3.461940
v 33.995155 -0.114805 3.461940
v 29.720350 0.000000 3.500000
v 33.995155 -0.114805 3.461940
v 33.880348 0.000000 3.500000
v 29.720350 0.000000 3.500000
vn -0.0000 -0.0000 -1.0000
vn -0.0000 -0.0000 1.0000
vn 0.3147 -0.0000 -0.9492
vn 0.7440 -0.0000 -0.6681
vn 0.9282 -0.0000 -0.3721
vn 0.9930 -0.0000 -0.1185
vn 1.0000 -0.0000 -0.0000
vn 0.9930 -0.0000 0.1185
vn 0.9282 -0.0000 0.3721
vn 0.7440 -0.0000 0.6681
vn 0.3147 -0.0000 0.9492
vn -0.0000 0.3147 -0.9492
vn -0.0000 0.7440 -0.6681
vn -0.0000 0.9282 -0.3721
vn -0.0000 0.9930 -0.1185
vn -0.0000 1.0000 -0.0000
vn -0.0000 0.9930 0.1185
vn -0.0000 0.9282 0.3721
vn -0.0000 0.7440 0.6681
vn -0.0000 0.3147 0.9492
vn -0.0000 -0.3147 -0.9492
vn -0.0000 -0.7440 -0.6681
vn -0.0000 -0.9282 -0.3721
vn -0.0000 -0.9930 -0.1185
vn -0.0000 -1.0000 -0.0000
vn -0.0000 -0.9930 0.1185
vn -0.0000 -0.9282 0.3721
vn -0.0000 -0.7440 0.6681
vn -0.0000 -0.3147 0.9492
vn -0.3147 -0.0000 -0.9492
vn -0.7440 -0.0000 -0.6681
vn -0.9282 -0.0000 -0.3721
vn -0.9930 -0.0000 -0.1185
vn -1.0000 -0.0000 -0.0000
vn -0.9930 -0.0000 0.1185
vn -0.9282 -0.0000 0.3721
vn -0.7440 -0.0000 0.6681
vn -0.3147 -0.0000 0.9492
vt 5.552000 -0.392000
vt 5.552000 1.000000
vt 1.392000 1.000000
vt 5.552000 -3.168000
vt 5.552000 -1.776000
vt 2.776000 -1.776000
vt 5.552000 -5.944000
vt 5.552000 -4.552000
vt 2.776000 -4.552000
vt 2.776000 -0.392000
vt 2.776000 -3.168000
vt 1.392000 -5.944000
vt 0.000000 -0.500000
vt 1.392000 -0.500000
vt -0.114805 -0.461940
vt 1.506805 -0.461940
vt -0.212132 -0.353553
vt 1.604132 -0.353553
vt -0.277164 -0.191342
vt 1.669164 -0.191342
vt -0.300000 0.000000
vt 1.692000 0.000000
vt -0.300000 3.000000
vt 1.692000 3.000000
vt -0.277164 3.191342
vt 1.669164 3.191342
vt -0.212132 3.353553
vt 1.604132 3.353553
vt -0.114805 3.461940
vt 1.506805 3.461940
vt 0.000000 3.500000
vt 1.392000 3.500000
vt 5.552000 -0.500000
vt 2.776000 -0.500000
vt 5.666805 -0.461940
vt 2.890805 -0.461940
vt 5.764132 -0.353553
vt 2.988132 -0.353553
vt 5.829164 -0.191342
vt 3.053164 -0.191342
vt 5.852000 0.000000
vt 3.076000 0.000000
vt 5.852000 3.000000
vt 3.076000 3.000000
vt 5.829164 3.191342
vt 3.053164 3.191342
vt 5.764132 3.353553
vt 2.988132 3.353553
vt 5.666805 3.461940
vt 2.890805 3.461940
vt 5.552000 3.500000
vt 2.776000 3.500000
vt 2.661195 -0.461940
vt 2.563868 -0.353553
vt 2.498836 -0.191342
vt 2.476000 0.000000
vt 2.476000 3.000000
vt 2.498836 3.191342
vt 2.563868 3.353553
vt 2.661195 3.461940
vt 4.168000 -0.500000
vt 4.282805 -0.461940
vt 4.380132 -0.353553
vt 4.445164 -0.191342
vt 4.468000 0.000000
vt 4.468000 3.000000
vt 4.445164 3.191342
vt 4.380132 3.353553
vt 4.282805 3.461940
vt 4.168000 3.500000
vt 5.437195 -0.461940
vt 5.339868 -0.353553
vt 5.274836 -0.191342
vt 5.252000 0.000000
vt 5.252000 3.000000
vt 5.274836 3.191342
vt 5.339868 3.353553
vt 5.437195 3.461940
vt 6.944000 -0.500000
vt 7.058805 -0.461940
vt 7.156132 -0.353553
vt 7.221164 -0.191342
vt 7.244000 0.000000
vt 7.244000 3.000000
vt 7.221164 3.191342
vt 7.156132 3.353553
vt 7.058805 3.461940
vt 6.944000 3.500000
vt 1.277195 -0.461940
vt 1.179868 -0.353553
vt 1.114836 -0.191342
vt 1.092000 0.000000
vt 1.092000 3.000000
vt 1.114836 3.191342
vt 1.179868 3.353553
vt 1.277195 3.461940
s 0
usemtl Material_8
f 8149/833/322 8150/834/322 8151/835/322
f 8152/836/322 8153/837/322 8154/838/322
f 8155/839/322 8156/840/322 8157/841/322
f 8158/842/322 8159/833/322 8160/835/322
f 8161/843/322 8162/836/322 8163/838/322
f 8164/844/322 8165/839/322 8166/841/322
f 8167/842/322 8168/835/322 8169/844/322
f 8170/844/322 8171/841/322 8172/843/322
f 8173/838/322 8174/842/322 8175/844/322
f 8176/844/322 8177/843/322 8178/838/322
f 8179/835/323 8180/834/323 8181/833/323
f 8182/838/323 8183/837/323 8184/836/323
f 8185/841/323 8186/840/323 8187/839/323
f 8188/835/323 8189/833/323 8190/842/323
f 8191/838/323 8192/836/323 8193/843/323
f 8194/841/323 8195/839/323 8196/844/323
f 8197/844/323 8198/835/323 8199/842/323
f 8200/843/323 8201/841/323 8202/844/323
f 8203/844/323 8204/842/323 8205/838/323
f 8206/838/323 8207/843/323 8208/844/323
f 8209/845/324 8210/846/324 8211/847/324
f 8212/846/324 8213/848/324 8214/847/324
f 8215/847/325 8216/848/325 8217/849/325
s 1
f 8218/848/325 8219/850/325 8220/849/325
s 0
f 8221/849/326 8222/850/326 8223/851/326
f 8224/850/326 8225/852/326 8226/851/326
f 8227/851/327 8228/852/327 8229/853/327
f 8230/852/327 8231/854/327 8232/853/327
f 8233/853/328 8234/854/328 8235/855/328
f 8236/854/328 8237/856/328 8238/855/328
f 8239/855/329 8240/856/329 8241/857/329
f 8242/856/329 8243/858/329 8244/857/329
f 8245/857/330 8246/858/330 8247/859/330
f 8248/858/330 8249/860/330 8250/859/330
f 8251/859/331 8252/860/331 8253/861/331
f 8254/860/331 8255/862/331 8256/861/331
f 8257/861/332 8258/862/332 8259/863/332
f 8260/862/332 8261/864/332 8262/863/332
f 8263/865/333 8264/866/333 8265/867/333
f 8266/866/333 8267/868/333 8268/867/333
f 8269/867/334 8270/868/334 8271/869/334
f 8272/868/334 8273/870/334 8274/869/334
f 8275/869/335 8276/870/335 8277/871/335
f 8278/870/335 8279/872/335 8280/871/335
f 8281/871/336 8282/872/336 8283/873/336
f 8284/872/336 8285/874/336 8286/873/336
f 8287/873/337 8288/874/337 8289/875/337
f 8290/874/337 8291/876/337 8292/875/337
f 8293/875/338 8294/876/338 8295/877/338
f 8296/876/338 8297/878/338 8298/877/338
f 8299/877/339 8300/878/339 8301/879/339
s 1
f 8302/878/339 8303/880/339 8304/879/339
s 0
f 8305/879/340 8306/880/340 8307/881/340
f 8308/880/340 8309/882/340 8310/881/340
f 8311/881/341 8312/882/341 8313/883/341
f 8314/882/341 8315/884/341 8316/883/341
f 8317/846/324 8318/866/324 8319/848/324
f 8320/866/324 8321/885/324 8322/848/324
s 1
f 8323/848/325 8324/885/325 8325/850/325
s 0
f 8326/885/325 8327/886/325 8328/850/325
f 8329/850/326 8330/886/326 8331/852/326
f 8332/886/326 8333/887/326 8334/852/326
f 8335/852/327 8336/887/327 8337/854/327
s 1
f 8338/887/327 8339/888/327 8340/854/327
s 0
f 8341/854/328 8342/888/328 8343/856/328
f 8344/888/328 8345/889/328 8346/856/328
f 8347/856/329 8348/889/329 8349/858/329
f 8350/889/329 8351/890/329 8352/858/329
f 8353/858/330 8354/890/330 8355/860/330
s 1
f 8356/890/330 8357/891/330 8358/860/330
s 0
f 8359/860/331 8360/891/331 8361/862/331
f 8362/891/331 8363/892/331 8364/862/331
f 8365/862/332 8366/892/332 8367/864/332
f 8368/892/332 8369/884/332 8370/864/332
s 1
f 8371/866/342 8372/865/342 8373/868/342
s 0
f 8374/865/342 8375/867/342 8376/868/342
f 8377/868/343 8378/867/343 8379/870/343
f 8380/867/343 8381/869/343 8382/870/343
f 8383/870/344 8384/869/344 8385/872/344
f 8386/869/344 8387/871/344 8388/872/344
f 8389/872/345 8390/871/345 8391/874/345
f 8392/871/345 8393/873/345 8394/874/345
f 8395/874/346 8396/873/346 8397/876/346
f 8398/873/346 8399/875/346 8400/876/346
f 8401/876/347 8402/875/347 8403/878/347
f 8404/875/347 8405/877/347 8406/878/347
f 8407/878/348 8408/877/348 8409/880/348
f 8410/877/348 8411/879/348 8412/880/348
f 8413/880/349 8414/879/349 8415/882/349
f 8416/879/349 8417/881/349 8418/882/349
f 8419/882/350 8420/881/350 8421/884/350
f 8422/881/350 8423/883/350 8424/884/350
f 8425/866/324 8426/893/324 8427/885/324
f 8428/893/324 8429/894/324 8430/885/324
f 8431/885/325 8432/894/325 8433/886/325
f 8434/894/325 8435/895/325 8436/886/325
f 8437/886/326 8438/895/326 8439/887/326
f 8440/895/326 8441/896/326 8442/887/326
f 8443/887/327 8444/896/327 8445/888/327
f 8446/896/327 8447/897/327 8448/888/327
f 8449/888/328 8450/897/328 8451/889/328
f 8452/897/328 8453/898/328 8454/889/328
f 8455/889/329 8456/898/329 8457/890/329
f 8458/898/329 8459/899/329 8460/890/329
f 8461/890/330 8462/899/330 8463/891/330
f 8464/899/330 8465/900/330 8466/891/330
f 8467/891/331 8468/900/331 8469/892/331
s 1
f 8470/900/331 8471/901/331 8472/892/331
s 0
f 8473/892/332 8474/901/332 8475/884/332
f 8476/901/332 8477/902/332 8478/884/332
f 8479/865/333 8480/866/333 8481/867/333
f 8482/866/333 8483/868/333 8484/867/333
f 8485/867/334 8486/868/334 8487/869/334
f 8488/868/334 8489/870/334 8490/869/334
f 8491/869/335 8492/870/335 8493/871/335
f 8494/870/335 8495/872/335 8496/871/335
f 8497/871/336 8498/872/336 8499/873/336
f 8500/872/336 8501/874/336 8502/873/336
f 8503/873/337 8504/874/337 8505/875/337
f 8506/874/337 8507/876/337 8508/875/337
f 8509/875/338 8510/876/338 8511/877/338
f 8512/876/338 8513/878/338 8514/877/338
f 8515/877/339 8516/878/339 8517/879/339
f 8518/878/339 8519/880/339 8520/879/339
f 8521/879/340 8522/880/340 8523/881/340
f 8524/880/340 8525/882/340 8526/881/340
f 8527/881/341 8528/882/341 8529/883/341
f 8530/882/341 8531/884/341 8532/883/341
f 8533/893/324 8534/865/324 8535/894/324
f 8536/865/324 8537/903/324 8538/894/324
s 1
f 8539/894/325 8540/903/325 8541/895/325
s 0
f 8542/903/325 8543/904/325 8544/895/325
f 8545/895/326 8546/904/326 8547/896/326
f 8548/904/326 8549/905/326 8550/896/326
f 8551/896/327 8552/905/327 8553/897/327
f 8554/905/327 8555/906/327 8556/897/327
f 8557/897/328 8558/906/328 8559/898/328
f 8560/906/328 8561/907/328 8562/898/328
f 8563/898/329 8564/907/329 8565/899/329
f 8566/907/329 8567/908/329 8568/899/329
f 8569/899/330 8570/908/330 8571/900/330
f 8572/908/330 8573/909/330 8574/900/330
f 8575/900/331 8576/909/331 8577/901/331
f 8578/909/331 8579/910/331 8580/901/331
f 8581/901/332 8582/910/332 8583/902/332
f 8584/910/332 8585/883/332 8586/902/332
f 8587/866/342 8588/865/342 8589/868/342
f 8590/865/342 8591/867/342 8592/868/342
f 8593/868/343 8594/867/343 8595/870/343
f 8596/867/343 8597/869/343 8598/870/343
f 8599/870/344 8600/869/344 8601/872/344
f 8602/869/344 8603/871/344 8604/872/344
f 8605/872/345 8606/871/345 8607/874/345
f 8608/871/345 8609/873/345 8610/874/345
f 8611/874/346 8612/873/346 8613/876/346
f 8614/873/346 8615/875/346 8616/876/346
f 8617/876/347 8618/875/347 8619/878/347
f 8620/875/347 8621/877/347 8622/878/347
f 8623/878/348 8624/877/348 8625/880/348
f 8626/877/348 8627/879/348 8628/880/348
f 8629/880/349 8630/879/349 8631/882/349
f 8632/879/349 8633/881/349 8634/882/349
f 8635/882/350 8636/881/350 8637/884/350
f 8638/881/350 8639/883/350 8640/884/350
f 8641/865/324 8642/911/324 8643/903/324
f 8644/911/324 8645/912/324 8646/903/324
f 8647/903/325 8648/912/325 8649/904/325
f 8650/912/325 8651/913/325 8652/904/325
f 8653/904/326 8654/913/326 8655/905/326
f 8656/913/326 8657/914/326 8658/905/326
f 8659/905/327 8660/914/327 8661/906/327
f 8662/914/327 8663/915/327 8664/906/327
f 8665/906/328 8666/915/328 8667/907/328
f 8668/915/328 8669/916/328 8670/907/328
f 8671/907/329 8672/916/329 8673/908/329
f 8674/916/329 8675/917/329 8676/908/329
f 8677/908/330 8678/917/330 8679/909/330
f 8680/917/330 8681/918/330 8682/909/330
f 8683/909/331 8684/918/331 8685/910/331
s 1
f 8686/918/331 8687/919/331 8688/910/331
s 0
f 8689/910/332 8690/919/332 8691/883/332
f 8692/919/332 8693/920/332 8694/883/332
f 8695/865/333 8696/846/333 8697/867/333
f 8698/846/333 8699/921/333 8700/867/333
f 8701/867/334 8702/921/334 8703/869/334
f 8704/921/334 8705/922/334 8706/869/334
f 8707/869/335 8708/922/335 8709/871/335
f 8710/922/335 8711/923/335 8712/871/335
f 8713/871/336 8714/923/336 8715/873/336
f 8716/923/336 8717/924/336 8718/873/336
f 8719/873/337 8720/924/337 8721/875/337
f 8722/924/337 8723/925/337 8724/875/337
f 8725/875/338 8726/925/338 8727/877/338
f 8728/925/338 8729/926/338 8730/877/338
f 8731/877/339 8732/926/339 8733/879/339
f 8734/926/339 8735/927/339 8736/879/339
f 8737/879/340 8738/927/340 8739/881/340
f 8740/927/340 8741/928/340 8742/881/340
f 8743/881/341 8744/928/341 8745/883/341
f 8746/928/341 8747/864/341 8748/883/341
f 8749/911/351 8750/845/351 8751/912/351
f 8752/845/351 8753/847/351 8754/912/351
f 8755/912/352 8756/847/352 8757/913/352
f 8758/847/352 8759/849/352 8760/913/352
f 8761/913/353 8762/849/353 8763/914/353
f 8764/849/353 8765/851/353 8766/914/353
f 8767/914/354 8768/851/354 8769/915/354
f 8770/851/354 8771/853/354 8772/915/354
f 8773/915/355 8774/853/355 8775/916/355
f 8776/853/355 8777/855/355 8778/916/355
f 8779/916/356 8780/855/356 8781/917/356
f 8782/855/356 8783/857/356 8784/917/356
f 8785/917/357 8786/857/357 8787/918/357
f 8788/857/357 8789/859/357 8790/918/357
s 1
f 8791/918/358 8792/859/358 8793/919/358
f 8794/859/358 8795/861/358 8796/919/358
s 0
f 8797/919/359 8798/861/359 8799/920/359
f 8800/861/359 8801/863/359 8802/920/359
f 8803/846/342 8804/865/342 8805/921/342
f 8806/865/342 8807/867/342 8808/921/342
f 8809/921/343 8810/867/343 8811/922/343
f 8812/867/343 8813/869/343 8814/922/343
f 8815/922/344 8816/869/344 8817/923/344
f 8818/869/344 8819/871/344 8820/923/344
f 8821/923/345 8822/871/345 8823/924/345
f 8824/871/345 8825/873/345 8826/924/345
f 8827/924/346 8828/873/346 8829/925/346
f 8830/873/346 8831/875/346 8832/925/346
f 8833/925/347 8834/875/347 8835/926/347
f 8836/875/347 8837/877/347 8838/926/347
f 8839/926/348 8840/877/348 8841/927/348
f 8842/877/348 8843/879/348 8844/927/348
f 8845/927/349 8846/879/349 8847/928/349
f 8848/879/349 8849/881/349 8850/928/349
f 8851/928/350 8852/881/350 8853/864/350
f 8854/881/350 8855/883/350 8856/864/350
