# Blender 5.1.1
# www.blender.org
mtllib apple3.mtl
o Object_5
v -0.193738 -0.843444 0.131115
v -0.170254 -0.843444 0.127202
v -0.170254 -0.843444 0.127202
v -0.135029 -0.843444 0.178082
v -0.135029 -0.843444 0.178082
v -0.154599 -0.843444 0.189824
v -0.154599 -0.843444 0.189824
v -0.213307 -0.843444 0.154599
v -0.213307 -0.843444 0.154599
v -0.248532 -0.835616 0.103718
v -0.272016 -0.831703 0.052838
v -0.272016 -0.831703 0.052838
v -0.217221 -0.839530 0.084149
v -0.166341 -0.835616 0.111546
v -0.209393 -0.831703 0.068493
v -0.193738 -0.819961 0.056751
v -0.154599 -0.816047 0.095890
v -0.119374 -0.835616 0.158513
v -0.119374 -0.835616 0.158513
v -0.107632 -0.816047 0.138943
v -0.107632 -0.816047 0.138943
v -0.060665 -0.819961 0.170254
v -0.068493 -0.835616 0.189824
v -0.174168 -0.843444 0.213307
v -0.174168 -0.843444 0.213307
v -0.174168 -0.843444 0.213307
v -0.174168 -0.843444 0.213307
v -0.107632 -0.843444 0.232877
v -0.127202 -0.843444 0.260274
v -0.127202 -0.843444 0.260274
v -0.201566 -0.843444 0.240705
v -0.201566 -0.843444 0.240705
v -0.275930 -0.835616 0.213307
v -0.225049 -0.835616 0.268102
v -0.225049 -0.835616 0.268102
v -0.299413 -0.823875 0.240705
v -0.346380 -0.819961 0.181996
v -0.326810 -0.827789 0.158513
v -0.299413 -0.831703 0.135029
v -0.299413 -0.831703 0.135029
v -0.369863 -0.819961 0.099804
v -0.369863 -0.819961 0.099804
v -0.326810 -0.823875 0.060665
v -0.326810 -0.823875 0.060665
v -0.326810 -0.823875 0.060665
v -0.326810 -0.823875 0.060665
v 0.119374 -0.843444 0.158513
v 0.123288 -0.843444 0.181996
v 0.052838 -0.843444 0.189824
v 0.052838 -0.843444 0.189824
v -0.702544 0.045010 0.459883
v -0.702544 0.045010 0.459883
v 0.052838 -0.835616 0.170254
v 0.052838 -0.835616 0.170254
v -0.706458 0.103718 0.467710
v -0.706458 0.103718 0.467710
v -0.757339 0.048924 0.412916
v 0.107632 -0.835616 0.142857
v -0.753425 -0.009785 0.405088
v -0.753425 -0.009785 0.405088
v 0.181996 -0.839530 0.123288
v 0.181996 -0.839530 0.123288
v -0.698630 -0.013699 0.455969
v 0.189824 -0.839530 0.142857
v 0.189824 -0.839530 0.142857
v 0.052838 0.045010 -0.894325
v 0.045010 -0.009785 -0.898239
v -0.084149 -0.843444 0.209393
v -0.017613 0.052838 -0.890411
v -0.017613 0.052838 -0.890411
v -0.017613 0.052838 -0.890411
v -0.025440 -0.843444 0.221135
v -0.025440 -0.843444 0.221135
v -0.009785 0.107632 -0.882583
v -0.009785 0.107632 -0.882583
v -0.009785 0.107632 -0.882583
v 0.060665 0.099804 -0.886497
v 0.060665 0.099804 -0.886497
v -0.048924 -0.843444 0.260274
v 0.131115 0.091977 -0.882583
v 0.131115 0.091977 -0.882583
v 0.052838 -0.843444 0.213307
v 0.123288 0.037182 -0.890411
v 0.127202 -0.839530 0.209393
v 0.127202 -0.839530 0.209393
v -0.405088 0.045010 -0.784736
v 0.052838 -0.843444 0.248532
v 0.052838 -0.843444 0.248532
v -0.350294 -0.009785 -0.812133
v -0.405088 -0.005871 -0.788650
v 0.248532 -0.827789 0.103718
v -0.459883 0.048924 -0.757339
v -0.459883 0.048924 -0.757339
v 0.264188 -0.827789 0.127202
v -0.459883 0.099804 -0.753425
v -0.459883 0.099804 -0.753425
v 0.201566 -0.835616 0.170254
v 0.201566 -0.835616 0.170254
v -0.405088 0.099804 -0.780822
v -0.405088 0.099804 -0.780822
v -0.009785 -0.835616 0.193738
v -0.009785 -0.835616 0.193738
v -0.346380 0.041096 -0.812133
v -0.005871 -0.819961 0.170254
v -0.005871 -0.819961 0.170254
v 0.495108 0.052838 -0.757339
v 0.444227 0.060666 -0.792564
v 0.444227 0.060666 -0.792564
v 0.455969 0.115460 -0.776908
v 0.138943 -0.827789 0.252446
v 0.138943 -0.827789 0.252446
v 0.506849 0.107632 -0.741683
v 0.056752 -0.835616 0.283757
v 0.056752 -0.835616 0.283757
v 0.056752 -0.835616 0.283757
v 0.542074 0.041096 -0.722113
v -0.056752 -0.839530 0.295499
v -0.056752 -0.839530 0.295499
v 0.530333 -0.009785 -0.741683
v -0.800391 0.056751 0.354207
v -0.800391 0.119374 0.362035
v 0.017613 -0.831703 0.318982
v 0.017613 -0.831703 0.318982
v -0.064579 -0.835616 0.318982
v -0.064579 -0.835616 0.318982
v -0.839530 0.131115 0.299413
v -0.843444 0.068493 0.287671
v -0.142857 -0.839530 0.287671
v -0.142857 -0.839530 0.287671
v -0.804305 -0.001957 0.346380
v 0.898239 0.068493 -0.236791
v 0.898239 0.068493 -0.236791
v 0.902153 -0.005871 -0.225049
v 0.902153 -0.005871 -0.225049
v -0.158513 -0.831703 0.311155
v -0.158513 -0.831703 0.311155
v 0.886497 0.021527 -0.268102
v 0.886497 0.021527 -0.268102
v 0.886497 0.021527 -0.268102
v 0.874755 0.095890 -0.275930
v 0.874755 0.095890 -0.275930
v -0.385519 -0.812133 -0.017613
v -0.385519 -0.812133 -0.017613
v 0.874755 0.142857 -0.244618
v 0.874755 0.142857 -0.244618
v 0.898239 0.115460 -0.205479
v 0.898239 0.115460 -0.205479
v -0.342466 -0.816047 -0.017613
v -0.342466 -0.816047 -0.017613
v 0.909980 0.041096 -0.193738
v -0.937378 0.048924 -0.162427
v -0.937378 0.048924 -0.162427
v -0.949119 0.029354 -0.095890
v -0.949119 0.029354 -0.095890
v -0.949119 0.029354 -0.095890
v -0.933464 0.111546 -0.138943
v -0.933464 0.111546 -0.138943
v -0.933464 0.111546 -0.138943
v -0.260274 -0.827789 0.033268
v -0.917808 0.127202 -0.197652
v -0.917808 0.127202 -0.197652
v -0.248532 -0.819961 0.021526
v -0.248532 -0.819961 0.021526
v -0.921722 0.072407 -0.221135
v -0.929550 -0.005871 -0.185910
v -0.929550 -0.005871 -0.185910
v -0.757339 0.064579 -0.534247
v -0.757339 0.064579 -0.534247
v 0.174168 -0.831703 0.103718
v 0.174168 -0.831703 0.103718
v -0.776908 -0.001957 -0.514677
v -0.792564 0.048924 -0.495108
v -0.792564 0.048924 -0.495108
v -0.792564 0.048924 -0.495108
v -0.792564 0.048924 -0.495108
v 0.099804 -0.819961 0.123288
v -0.765166 0.119374 -0.518591
v -0.765166 0.119374 -0.518591
v 0.162427 -0.816047 0.088063
v -0.726027 0.131115 -0.557730
v -0.718200 0.076321 -0.577299
v -0.718200 0.076321 -0.577299
v 0.225049 -0.816047 0.068493
v 0.225049 -0.816047 0.068493
v -0.745597 0.013699 -0.553816
v -0.745597 0.013699 -0.553816
v -0.745597 0.013699 -0.553816
v 0.236791 -0.823875 0.084149
v 0.236791 -0.823875 0.084149
v -0.878669 0.052838 -0.346380
v -0.898239 0.033268 -0.299413
v 0.287671 -0.812133 0.045010
v 0.287671 -0.812133 0.045010
v 0.287671 -0.812133 0.045010
v 0.287671 -0.812133 0.045010
v -0.882583 0.107632 -0.322896
v 0.303327 -0.816047 0.064579
v 0.303327 -0.816047 0.064579
v 0.303327 -0.816047 0.064579
v -0.863014 0.127202 -0.369863
v -0.855186 0.068493 -0.389432
v 0.217221 -0.823875 0.209393
v 0.217221 -0.823875 0.209393
v -0.870842 -0.001957 -0.369863
v 0.808219 0.080235 0.452055
v 0.765166 0.001957 0.502935
v 0.816047 0.013699 0.436399
v 0.816047 0.013699 0.436399
v 0.283757 -0.816047 0.162427
v 0.847358 0.091976 0.385519
v 0.847358 0.091976 0.385519
v 0.831703 0.154599 0.397260
v 0.831703 0.154599 0.397260
v 0.831703 0.154599 0.397260
v 0.831703 0.154599 0.397260
v 0.303327 -0.804305 0.197652
v 0.232877 -0.812133 0.244618
v 0.800391 0.142857 0.467710
v 0.800391 0.142857 0.467710
v 0.757339 0.064579 0.514677
v 0.048924 -0.819961 0.150685
v 0.048924 -0.819961 0.150685
v 0.389432 0.068493 -0.819961
v 0.389432 0.068493 -0.819961
v 0.330724 0.072407 -0.839530
v 0.338552 0.131115 -0.827789
v 0.338552 0.131115 -0.827789
v -0.005871 -0.792564 0.135029
v -0.005871 -0.792564 0.135029
v 0.401174 0.123288 -0.808219
v 0.401174 0.123288 -0.808219
v 0.033268 -0.769080 0.088063
v 0.033268 -0.769080 0.088063
v 0.432485 0.005871 -0.804305
v 0.432485 0.005871 -0.804305
v 0.917808 0.084149 0.158513
v 0.909980 0.005871 0.201566
v -0.244618 -0.823875 0.295499
v -0.244618 -0.823875 0.295499
v 0.925636 0.025440 0.135029
v 0.925636 0.025440 0.135029
v 0.925636 0.103718 0.095890
v -0.178082 -0.816047 0.342466
v -0.178082 -0.816047 0.342466
v 0.913894 0.158513 0.115460
v -0.287671 -0.792564 0.350294
v 0.917808 0.142857 0.181996
v -0.350294 -0.788650 0.299413
v 0.902153 0.064579 0.225049
v 0.150685 -0.819961 0.283757
v 0.150685 -0.819961 0.283757
v 0.150685 -0.819961 0.283757
v -0.154599 0.072407 -0.870842
v -0.095890 0.009785 -0.886497
v 0.252446 -0.796477 0.279843
v 0.252446 -0.796477 0.279843
v -0.162427 0.017613 -0.870842
v -0.221135 0.080235 -0.851272
v -0.221135 0.080235 -0.851272
v 0.170254 -0.804305 0.322896
v -0.217221 0.135029 -0.843444
v -0.217221 0.135029 -0.843444
v -0.217221 0.135029 -0.843444
v 0.095890 -0.812133 0.342466
v -0.150685 0.127202 -0.863014
v -0.150685 0.127202 -0.863014
v -0.088063 0.064579 -0.886497
v 0.561644 0.088063 0.702544
v 0.561644 0.088063 0.702544
v 0.632094 0.103718 0.643836
v 0.632094 0.103718 0.643836
v 0.632094 0.103718 0.643836
v 0.632094 0.103718 0.643836
v 0.616438 0.162427 0.647750
v 0.616438 0.162427 0.647750
v 0.549902 0.150685 0.706458
v 0.549902 0.150685 0.706458
v 0.479452 0.072407 0.753425
v 0.080235 -0.827789 0.311155
v 0.487280 0.009785 0.745597
v 0.487280 0.009785 0.745597
v 0.268102 0.080235 -0.859100
v 0.318982 0.017613 -0.847358
v 0.256360 0.021527 -0.866928
v 0.201566 0.084149 -0.874755
v 0.017613 -0.819961 0.346380
v 0.017613 -0.819961 0.346380
v 0.017613 -0.819961 0.346380
v 0.209393 0.142857 -0.859100
v 0.209393 0.142857 -0.859100
v -0.076321 -0.823875 0.346380
v 0.275930 0.135029 -0.847358
v 0.275930 0.135029 -0.847358
v 0.013699 -0.800391 0.385519
v 0.013699 -0.800391 0.385519
v 0.909980 0.091977 -0.162427
v -0.095890 -0.804305 0.381605
v 0.921722 0.017613 -0.146771
v 0.898239 0.162427 -0.174168
v 0.898239 0.162427 -0.174168
v 0.898239 0.162427 -0.174168
v -0.315068 -0.812133 -0.025440
v -0.315068 -0.812133 -0.025440
v 0.909980 0.138943 -0.131115
v 0.909980 0.138943 -0.131115
v 0.909980 0.138943 -0.131115
v 0.921722 0.064579 -0.115460
v -0.295499 -0.800391 -0.033268
v -0.295499 -0.800391 -0.033268
v -0.906067 0.099804 0.150685
v -0.225049 -0.800391 0.005871
v -0.886497 0.021526 0.209393
v -0.886497 0.021526 0.209393
v -0.882583 0.084149 0.221135
v -0.882583 0.084149 0.221135
v -0.898239 0.158513 0.166340
v 0.318982 -0.812133 0.084149
v 0.318982 -0.812133 0.084149
v -0.909980 0.174168 0.095890
v 0.346380 -0.804305 0.013699
v 0.346380 -0.804305 0.013699
v 0.389432 -0.792564 0.060665
v 0.389432 -0.792564 0.060665
v -0.921722 0.115460 0.080235
v -0.909980 0.037182 0.138943
v -0.909980 0.037182 0.138943
v 0.342466 -0.808219 0.115460
v -0.405088 0.080235 0.761252
v -0.393346 0.021526 0.765166
v -0.393346 0.021526 0.765166
v -0.311155 0.084149 0.823875
v -0.311155 0.084149 0.823875
v 0.416830 -0.780822 0.088063
v 0.416830 -0.780822 0.088063
v -0.322896 0.138943 0.808219
v -0.322896 0.138943 0.808219
v 0.365949 -0.796477 0.146771
v -0.412916 0.138943 0.749511
v -0.393346 -0.812133 0.119374
v -0.393346 -0.812133 0.119374
v -0.487280 0.084149 0.698630
v -0.487280 0.084149 0.698630
v -0.452055 -0.780822 0.170254
v -0.452055 -0.780822 0.170254
v -0.479452 0.025440 0.702544
v -0.479452 0.025440 0.702544
v -0.479452 0.025440 0.702544
v -0.491194 -0.769080 0.103718
v 0.557730 0.091977 -0.706458
v 0.592955 0.025440 -0.686888
v 0.592955 0.025440 -0.686888
v 0.592955 0.025440 -0.686888
v -0.436399 -0.800391 0.056751
v 0.518591 0.162427 -0.722113
v -0.409002 -0.808219 0.037182
v -0.409002 -0.808219 0.037182
v 0.569472 0.146771 -0.682975
v -0.475538 -0.788650 -0.005871
v 0.608611 0.076321 -0.667319
v 0.608611 0.076321 -0.667319
v 0.667319 0.103718 -0.596869
v 0.667319 0.103718 -0.596869
v -0.448141 -0.800391 -0.025440
v -0.448141 -0.800391 -0.025440
v 0.620352 0.127202 -0.643836
v 0.620352 0.127202 -0.643836
v 0.620352 0.127202 -0.643836
v 0.632094 0.178082 -0.612524
v 0.632094 0.178082 -0.612524
v -0.405088 -0.784736 0.236791
v -0.405088 -0.784736 0.236791
v 0.679061 0.150685 -0.569472
v 0.679061 0.150685 -0.569472
v -0.428571 -0.769080 0.260274
v -0.428571 -0.769080 0.260274
v 0.710372 0.076321 -0.549902
v -0.479452 -0.765166 0.197652
v -0.479452 -0.765166 0.197652
v 0.694716 0.029354 -0.577299
v -0.941292 0.091977 -0.076321
v -0.941292 0.091977 -0.076321
v -0.941292 0.091977 -0.076321
v -0.933464 0.072407 -0.005871
v -0.933464 0.072407 -0.005871
v -0.174168 -0.796477 0.045010
v -0.921722 0.150685 -0.056752
v -0.921722 0.150685 -0.056752
v -0.174168 -0.757339 -0.013699
v -0.174168 -0.757339 -0.013699
v -0.917808 0.166340 -0.119374
v -0.917808 0.166340 -0.119374
v -0.146771 -0.761252 0.025440
v -0.119374 -0.765166 0.064579
v -0.346380 0.091977 -0.808219
v -0.287671 0.033268 -0.831703
v -0.287671 0.033268 -0.831703
v 0.091977 -0.792564 0.091976
v -0.405088 0.150685 -0.776908
v -0.405088 0.150685 -0.776908
v 0.080235 -0.765166 0.060665
v -0.342466 0.146771 -0.800391
v 0.142857 -0.792564 0.060665
v -0.283757 0.088063 -0.831703
v -0.283757 0.088063 -0.831703
v -0.052838 -0.792564 0.138943
v -0.800391 0.103718 -0.475538
v -0.800391 0.103718 -0.475538
v -0.800391 0.103718 -0.475538
v -0.819961 0.033268 -0.452055
v -0.819961 0.033268 -0.452055
v -0.088063 -0.765166 0.091976
v -0.088063 -0.765166 0.091976
v -0.831703 0.088063 -0.436399
v -0.808219 0.158513 -0.455969
v -0.808219 0.158513 -0.455969
v -0.045010 -0.761252 0.099804
v -0.772994 0.170254 -0.499022
v -0.902153 0.088063 -0.275930
v 0.107632 -0.792564 0.381605
v -0.902153 0.146771 -0.252446
v -0.902153 0.146771 -0.252446
v 0.009785 -0.776908 0.432485
v 0.009785 -0.776908 0.432485
v -0.389432 -0.808219 -0.064579
v -0.440313 -0.796477 -0.111546
v -0.416830 -0.800391 -0.123288
v -0.369863 -0.804305 -0.072407
v -0.393346 -0.792564 -0.131115
v -0.350294 -0.796477 -0.080235
v 0.326810 -0.800391 -0.001957
v 0.326810 -0.800391 -0.001957
v 0.377691 -0.792564 -0.045010
v 0.405088 -0.788650 -0.025440
v 0.213307 -0.804305 0.048924
v 0.213307 -0.804305 0.048924
v 0.213307 -0.804305 0.048924
v 0.189824 -0.780822 0.025440
v 0.189824 -0.780822 0.025440
v 0.252446 -0.788650 0.013699
v 0.252446 -0.788650 0.013699
v 0.272016 -0.804305 0.029354
v 0.272016 -0.804305 0.029354
v -0.882583 0.162427 -0.299413
v -0.882583 0.162427 -0.299413
v 0.307241 -0.792564 -0.013699
v 0.307241 -0.792564 -0.013699
v -0.616438 0.091976 0.581213
v -0.608611 0.033268 0.577299
v -0.127202 -0.733855 0.013699
v -0.127202 -0.733855 0.013699
v -0.557730 0.088063 0.639922
v -0.557730 0.088063 0.639922
v -0.099804 -0.733855 0.045010
v -0.557730 0.142857 0.628180
v -0.557730 0.142857 0.628180
v 0.444227 -0.769080 0.119374
v 0.444227 -0.769080 0.119374
v 0.444227 -0.769080 0.119374
v -0.616438 0.150685 0.577299
v 0.389432 -0.776908 0.178082
v 0.389432 -0.776908 0.178082
v -0.663405 0.095890 0.522505
v -0.663405 0.095890 0.522505
v -0.663405 0.095890 0.522505
v -0.213307 -0.788650 0.393346
v -0.213307 -0.788650 0.393346
v -0.663405 0.037182 0.522505
v -0.127202 -0.776908 0.432485
v -0.624266 0.095891 -0.651663
v -0.663405 0.037182 -0.628180
v -0.228963 -0.765166 0.420744
v -0.228963 -0.765166 0.420744
v -0.675147 0.088063 -0.616438
v -0.675147 0.088063 -0.616438
v -0.303327 -0.772994 0.373777
v -0.632094 0.150685 -0.639922
v -0.632094 0.150685 -0.639922
v -0.365949 -0.780822 -0.135029
v -0.573385 0.099804 -0.686888
v -0.311155 -0.772994 -0.084149
v -0.565558 0.048924 -0.698630
v -0.616438 0.045010 -0.663405
v -0.475538 -0.792564 -0.095891
v -0.483366 -0.769080 -0.162427
v -0.483366 -0.769080 -0.162427
v 0.279843 0.095890 0.843444
v -0.448141 -0.772994 -0.174168
v -0.448141 -0.772994 -0.174168
v 0.291585 0.037182 0.847358
v 0.381605 0.115460 0.808219
v 0.381605 0.115460 0.808219
v 0.326810 -0.788650 0.232877
v 0.362035 0.170254 0.800391
v 0.362035 0.170254 0.800391
v 0.264188 0.150685 0.839530
v 0.412916 -0.761252 0.209393
v 0.412916 -0.761252 0.209393
v 0.412916 -0.761252 0.209393
v 0.412916 -0.761252 0.209393
v 0.350294 -0.769080 0.268102
v 0.350294 -0.769080 0.268102
v 0.154599 0.135029 0.878669
v 0.166340 0.076321 0.874755
v 0.275930 -0.776908 0.318982
v 0.275930 -0.776908 0.318982
v 0.275930 -0.776908 0.318982
v 0.917808 0.115460 -0.088063
v 0.917808 0.115460 -0.088063
v 0.933464 0.041096 -0.068493
v 0.193738 -0.784736 0.362035
v 0.902153 0.185910 -0.103718
v 0.902153 0.185910 -0.103718
v 0.115460 -0.772994 0.420744
v 0.913894 0.166340 -0.060665
v 0.033268 -0.753425 0.463796
v 0.033268 -0.753425 0.463796
v 0.929550 0.091977 -0.041096
v 0.929550 0.091977 -0.041096
v 0.929550 0.091977 -0.041096
v -0.037182 -0.761252 0.459883
v 0.722113 0.123288 -0.522505
v 0.722113 0.123288 -0.522505
v 0.745597 0.045010 -0.502935
v -0.491194 -0.745597 -0.228963
v -0.448141 -0.749511 -0.232877
v -0.448141 -0.749511 -0.232877
v -0.448141 -0.749511 -0.232877
v 0.690802 0.201566 -0.534247
v 0.690802 0.201566 -0.534247
v 0.690802 0.201566 -0.534247
v -0.412916 -0.769080 -0.181996
v -0.412916 -0.769080 -0.181996
v 0.733855 0.170254 -0.487280
v -0.248532 -0.772994 -0.041096
v -0.248532 -0.772994 -0.041096
v -0.248532 -0.772994 -0.041096
v 0.761252 0.091977 -0.471624
v 0.761252 0.091977 -0.471624
v -0.260274 -0.749511 -0.084149
v -0.260274 -0.749511 -0.084149
v -0.260274 -0.749511 -0.084149
v 0.037182 0.115460 0.898239
v -0.201566 -0.745597 -0.048924
v -0.201566 -0.745597 -0.048924
v -0.072407 0.045010 0.898239
v -0.072407 0.045010 0.898239
v -0.072407 0.045010 0.898239
v 0.048924 0.060665 0.894325
v -0.502935 -0.784736 -0.080235
v -0.502935 -0.784736 -0.080235
v -0.502935 -0.784736 -0.080235
v 0.080235 0.154599 0.902153
v -0.561644 -0.761252 -0.045010
v -0.561644 -0.761252 -0.045010
v 0.021527 0.142857 0.906067
v -0.592955 -0.753425 -0.115460
v -0.592955 -0.753425 -0.115460
v -0.045010 0.119374 0.898239
v -0.045010 0.119374 0.898239
v -0.045010 0.119374 0.898239
v -0.549902 -0.761252 -0.135029
v -0.549902 -0.761252 -0.135029
v -0.549902 -0.761252 -0.135029
v -0.205479 0.091976 0.866928
v 0.354207 -0.792564 -0.056752
v -0.115460 0.158513 0.878669
v -0.115460 0.158513 0.878669
v 0.326810 -0.784736 -0.068493
v 0.326810 -0.784736 -0.068493
v -0.221135 0.146771 0.855186
v -0.518591 0.103718 -0.722113
v 0.377691 -0.780822 -0.119374
v -0.514677 0.048924 -0.729941
v -0.514677 0.048924 -0.729941
v 0.405088 -0.780822 -0.107632
v -0.577299 0.154599 -0.679061
v -0.530333 -0.757339 0.033268
v -0.518591 0.154599 -0.710372
v -0.561644 -0.745597 0.052838
v -0.600783 -0.745597 -0.021526
v -0.600783 -0.745597 -0.021526
v 0.894325 0.127202 0.244618
v 0.882583 0.048924 0.295499
v 0.436399 -0.741683 0.240705
v 0.436399 -0.741683 0.240705
v 0.369863 -0.749511 0.299413
v 0.890411 0.197652 0.197652
v 0.878669 0.185910 0.264188
v 0.870842 0.107632 0.315068
v -0.412916 -0.749511 -0.232877
v -0.412916 -0.749511 -0.232877
v -0.761252 0.107632 0.420744
v -0.761252 0.107632 0.420744
v -0.373777 -0.761252 -0.181996
v -0.373777 -0.761252 -0.181996
v -0.698630 0.158513 0.463796
v -0.514677 -0.765166 -0.150685
v -0.514677 -0.765166 -0.150685
v -0.745597 0.166340 0.416830
v -0.745597 0.166340 0.416830
v -0.565558 -0.737769 -0.209393
v -0.080235 0.119374 -0.878669
v -0.080235 0.119374 -0.878669
v -0.530333 -0.741683 -0.221135
v -0.142857 0.181996 -0.851272
v 0.436399 -0.776908 -0.088063
v -0.072407 0.174168 -0.866928
v -0.072407 0.174168 -0.866928
v 0.463796 -0.761252 -0.154599
v 0.463796 -0.761252 -0.154599
v 0.463796 -0.761252 -0.154599
v 0.745597 0.127202 0.522505
v 0.745597 0.127202 0.522505
v 0.702544 0.052838 0.577299
v 0.499022 -0.753425 -0.135029
v 0.499022 -0.753425 -0.135029
v 0.776908 0.201566 0.471624
v 0.467710 -0.769080 -0.068493
v 0.729941 0.189824 0.534247
v 0.279843 -0.776908 -0.029354
v 0.690802 0.115460 0.585127
v 0.690802 0.115460 0.585127
v 0.225049 -0.765166 -0.009785
v 0.248532 -0.757339 -0.048924
v 0.350294 0.185910 -0.808219
v 0.350294 0.185910 -0.808219
v 0.350294 0.185910 -0.808219
v 0.295499 -0.772994 -0.080235
v 0.295499 -0.772994 -0.080235
v 0.409002 0.181996 -0.788650
v 0.772994 0.138943 -0.440313
v 0.123288 -0.761252 0.029354
v 0.796477 0.060665 -0.428571
v 0.068493 -0.737769 0.029354
v 0.741683 0.217221 -0.452055
v 0.107632 -0.733855 0.001957
v 0.107632 -0.733855 0.001957
v 0.780822 0.185910 -0.405088
v 0.166340 -0.749511 -0.001957
v 0.166340 -0.749511 -0.001957
v 0.808219 0.107632 -0.393346
v 0.432485 -0.780822 -0.001957
v -0.839530 0.142857 -0.412916
v -0.839530 0.142857 -0.412916
v 0.499022 -0.757339 -0.045010
v -0.839530 0.197652 -0.389432
v -0.839530 0.197652 -0.389432
v 0.463796 -0.769080 0.025440
v -0.808219 0.213307 -0.432485
v -0.808219 0.213307 -0.432485
v 0.534247 -0.741683 -0.017613
v 0.534247 -0.741683 -0.017613
v 0.921722 0.142857 -0.013699
v 0.921722 0.142857 -0.013699
v 0.495108 -0.757339 0.052838
v 0.495108 -0.757339 0.052838
v 0.933464 0.068493 0.009785
v 0.933464 0.068493 0.009785
v -0.005871 -0.765166 0.095890
v 0.909980 0.213307 -0.037182
v -0.037182 -0.733855 0.064579
v -0.037182 -0.733855 0.064579
v 0.921722 0.197652 0.009785
v 0.921722 0.197652 0.009785
v -0.001957 -0.733855 0.060665
v -0.001957 -0.733855 0.060665
v 0.921722 0.123288 0.037182
v -0.369863 -0.772994 0.322896
v -0.878669 0.142857 0.232877
v -0.878669 0.142857 0.232877
v -0.389432 -0.745597 0.346380
v -0.448141 -0.745597 0.283757
v -0.448141 -0.745597 0.283757
v -0.827789 0.189824 0.303327
v -0.827789 0.189824 0.303327
v -0.859100 0.205480 0.240705
v -0.859100 0.205480 0.240705
v 0.295499 -0.757339 0.350294
v 0.295499 -0.757339 0.350294
v 0.209393 -0.769080 0.397260
v 0.209393 -0.769080 0.397260
v 0.217221 0.197652 -0.843444
v 0.283757 0.193738 -0.827789
v 0.283757 0.193738 -0.827789
v 0.283757 0.193738 -0.827789
v 0.193738 -0.737769 -0.033268
v 0.342466 -0.776908 -0.131115
v -0.906067 0.185910 -0.174168
v 0.303327 -0.765166 -0.142857
v 0.303327 -0.765166 -0.142857
v 0.303327 -0.765166 -0.142857
v -0.890411 0.201566 -0.228963
v -0.890411 0.201566 -0.228963
v 0.350294 -0.765166 -0.197652
v 0.350294 -0.765166 -0.197652
v 0.393346 -0.765166 -0.185910
v 0.393346 -0.765166 -0.185910
v -0.921722 0.131115 0.009785
v -0.909980 0.189824 0.025440
v -0.322896 -0.757339 -0.135029
v -0.322896 -0.757339 -0.135029
v -0.906067 0.205480 -0.037182
v -0.906067 0.205480 -0.037182
v -0.326810 -0.745597 -0.178082
v 0.604697 0.221135 0.655577
v 0.604697 0.221135 0.655577
v 0.604697 0.221135 0.655577
v -0.272016 -0.737769 -0.127202
v -0.272016 -0.737769 -0.127202
v 0.534247 0.205480 0.706458
v 0.467710 0.131115 0.757339
v 0.467710 0.131115 0.757339
v 0.432485 -0.761252 -0.170254
v 0.432485 -0.761252 -0.170254
v 0.530333 0.217221 -0.702544
v 0.530333 0.217221 -0.702544
v 0.448141 -0.741683 -0.236791
v 0.581213 0.197652 -0.659491
v 0.581213 0.197652 -0.659491
v 0.487280 -0.737769 -0.221135
v 0.487280 -0.737769 -0.221135
v -0.682975 0.142857 -0.600783
v -0.682975 0.142857 -0.600783
v -0.686888 0.193738 -0.585127
v 0.565558 -0.726027 0.009785
v -0.636008 0.201566 -0.624266
v -0.636008 0.201566 -0.624266
v 0.522505 -0.741683 0.080235
v 0.816047 0.154599 -0.362035
v 0.835616 0.076321 -0.350294
v 0.788650 0.232877 -0.369863
v 0.823875 0.201566 -0.326810
v -0.522505 -0.753425 0.127202
v 0.847358 0.123288 -0.318982
v -0.545988 -0.729941 0.150685
v -0.545988 -0.729941 0.150685
v -0.279843 0.142857 -0.823875
v -0.279843 0.142857 -0.823875
v -0.279843 0.142857 -0.823875
v -0.279843 0.142857 -0.823875
v -0.589041 -0.726027 0.076321
v -0.338552 0.201566 -0.792564
v -0.338552 0.201566 -0.792564
v -0.338552 0.201566 -0.792564
v 0.471624 -0.753425 0.146771
v 0.471624 -0.753425 0.146771
v 0.471624 -0.753425 0.146771
v -0.275930 0.197652 -0.816047
v -0.275930 0.197652 -0.816047
v 0.545988 -0.722113 0.107632
v 0.495108 -0.733855 0.174168
v 0.495108 -0.733855 0.174168
v 0.138943 0.146771 -0.870842
v 0.138943 0.146771 -0.870842
v 0.138943 0.146771 -0.870842
v 0.455969 -0.722113 0.268102
v 0.455969 -0.722113 0.268102
v 0.389432 -0.729941 0.326810
v 0.068493 0.158513 -0.874755
v -0.142857 -0.753425 0.463796
v 0.150685 0.205480 -0.855186
v -0.052838 -0.741683 0.487280
v -0.158513 -0.726027 0.491194
v -0.487280 0.138943 0.686888
v -0.420744 0.193738 0.737769
v -0.244618 -0.737769 0.448141
v -0.244618 -0.737769 0.448141
v -0.495108 0.193738 0.679061
v 0.264188 -0.753425 -0.095891
v 0.855186 0.170254 0.330724
v 0.855186 0.170254 0.330724
v 0.213307 -0.729941 -0.068493
v 0.228963 -0.726027 -0.111546
v 0.268102 -0.745597 -0.150685
v 0.268102 -0.745597 -0.150685
v 0.863014 0.244618 0.279843
v 0.863014 0.244618 0.279843
v 0.839530 0.228963 0.342466
v 0.839530 0.228963 0.342466
v -0.322896 -0.745597 0.401174
v 0.851272 0.170254 -0.283757
v -0.342466 -0.714286 0.428571
v 0.827789 0.244618 -0.291585
v 0.827789 0.244618 -0.291585
v -0.412916 -0.714286 0.373777
v 0.127202 -0.749511 0.452055
v 0.855186 0.217221 -0.252446
v 0.855186 0.217221 -0.252446
v 0.221135 -0.749511 0.424658
v 0.221135 -0.749511 0.424658
v -0.655577 0.154599 0.514677
v -0.655577 0.154599 0.514677
v 0.135029 -0.722113 0.483366
v 0.135029 -0.722113 0.483366
v 0.135029 -0.722113 0.483366
v -0.612524 0.205480 0.569472
v -0.612524 0.205480 0.569472
v -0.612524 0.205480 0.569472
v 0.037182 -0.729941 0.495108
v 0.037182 -0.729941 0.495108
v -0.647750 0.209393 0.510763
v -0.557730 -0.706458 -0.287671
v -0.522505 -0.710372 -0.291585
v -0.001957 0.166340 -0.870842
v -0.001957 0.166340 -0.870842
v 0.530333 -0.741683 -0.115460
v 0.530333 -0.741683 -0.115460
v -0.064579 0.228963 -0.851272
v -0.064579 0.228963 -0.851272
v 0.005871 0.221135 -0.859100
v 0.005871 0.221135 -0.859100
v 0.005871 0.221135 -0.859100
v 0.553816 -0.718200 -0.185910
v -0.463796 0.154599 -0.745597
v -0.463796 0.154599 -0.745597
v -0.463796 0.154599 -0.745597
v 0.589041 -0.702544 -0.162427
v 0.565558 -0.726027 -0.088063
v 0.565558 -0.726027 -0.088063
v -0.522505 0.209393 -0.698630
v -0.522505 0.209393 -0.698630
v -0.522505 0.209393 -0.698630
v 0.029354 -0.737769 0.048924
v 0.029354 -0.737769 0.048924
v -0.463796 0.209393 -0.733855
v -0.001957 -0.706458 0.033268
v -0.001957 -0.706458 0.033268
v -0.001957 -0.706458 0.033268
v 0.029354 -0.710372 0.021526
v 0.029354 -0.710372 0.021526
v -0.581213 0.205480 -0.663405
v -0.581213 0.205480 -0.663405
v -0.502935 -0.741683 0.221135
v -0.502935 -0.741683 0.221135
v -0.502935 -0.741683 0.221135
v 0.917808 0.178082 0.060665
v -0.526419 -0.706458 0.244618
v -0.526419 -0.706458 0.244618
v -0.526419 -0.706458 0.244618
v 0.902153 0.228963 0.080235
v 0.902153 0.228963 0.080235
v -0.569472 -0.698630 0.174168
v 0.675147 0.178082 0.592955
v 0.307241 -0.737769 0.377691
v 0.710372 0.248532 0.538160
v 0.405088 -0.698630 0.354207
v 0.659491 0.236791 0.596869
v 0.322896 -0.710372 0.409002
v 0.467710 0.174168 -0.757339
v 0.303327 -0.753425 -0.205479
v 0.303327 -0.753425 -0.205479
v 0.303327 -0.753425 -0.205479
v 0.420744 0.236791 -0.769080
v 0.264188 -0.733855 -0.209393
v 0.264188 -0.733855 -0.209393
v 0.475538 0.228963 -0.737769
v 0.475538 0.228963 -0.737769
v 0.299413 -0.733855 -0.264188
v 0.299413 -0.733855 -0.264188
v 0.354207 -0.745597 -0.260274
v 0.354207 -0.745597 -0.260274
v -0.863014 0.181996 -0.346380
v 0.405088 -0.745597 -0.248532
v -0.855186 0.232877 -0.318982
v -0.855186 0.232877 -0.318982
v 0.416830 -0.722113 -0.311155
v -0.831703 0.248532 -0.365949
v -0.831703 0.248532 -0.365949
v -0.831703 0.248532 -0.365949
v 0.463796 -0.718200 -0.299413
v -0.072407 -0.733855 0.060665
v -0.072407 -0.733855 0.060665
v -0.898239 0.225049 -0.095890
v -0.898239 0.225049 -0.095890
v -0.084149 -0.706458 0.025440
v -0.084149 -0.706458 0.025440
v -0.890411 0.240705 -0.150685
v -0.060665 -0.706458 0.037182
v -0.060665 -0.706458 0.037182
v 0.878669 0.189824 -0.213307
v 0.878669 0.189824 -0.213307
v -0.369863 -0.745597 -0.225049
v 0.855186 0.260274 -0.217221
v -0.397260 -0.733855 -0.283757
v -0.397260 -0.733855 -0.283757
v 0.878669 0.232877 -0.181996
v -0.358121 -0.737769 -0.272016
v -0.358121 -0.737769 -0.272016
v -0.322896 -0.733855 -0.217221
v -0.874755 0.217221 0.174168
v 0.518591 -0.729941 -0.205479
v -0.886497 0.232877 0.107632
v 0.534247 -0.702544 -0.272016
v 0.569472 -0.686888 -0.256360
v -0.600783 -0.729941 -0.197652
v -0.600783 -0.729941 -0.197652
v -0.636008 -0.722113 -0.185910
v -0.636008 -0.722113 -0.185910
v -0.628180 -0.686888 -0.268102
v -0.592955 -0.698630 -0.279843
v -0.624266 -0.737769 -0.099804
v -0.651663 -0.714286 -0.080235
v -0.663405 -0.698630 -0.170254
v -0.154599 -0.733855 -0.017613
v -0.154599 -0.733855 -0.017613
v -0.178082 -0.726027 -0.048924
v -0.154599 -0.698630 -0.045010
v -0.135029 -0.702544 -0.017613
v 0.565558 -0.698630 0.131115
v 0.514677 -0.710372 0.201566
v 0.514677 -0.710372 0.201566
v -0.064579 -0.710372 0.522505
v -0.064579 -0.710372 0.522505
v 0.142857 -0.722113 -0.025440
v 0.170254 -0.710372 -0.052838
v 0.628180 -0.686888 -0.138943
v 0.628180 -0.686888 -0.138943
v 0.600783 -0.710372 -0.064579
v 0.600783 -0.710372 -0.064579
v 0.600783 -0.710372 -0.064579
v 0.600783 -0.710372 -0.064579
v -0.221135 -0.729941 -0.084149
v -0.221135 -0.729941 -0.084149
v -0.193738 -0.710372 -0.080235
v 0.455969 0.189824 0.757339
v -0.170254 -0.686888 -0.072407
v 0.514677 0.256360 0.702544
v -0.479452 -0.718200 -0.295499
v 0.436399 0.240705 0.749511
v -0.733855 0.185910 -0.542074
v -0.499022 -0.686888 -0.362035
v -0.499022 -0.686888 -0.362035
v -0.737769 0.240705 -0.526419
v -0.452055 -0.698630 -0.358121
v -0.452055 -0.698630 -0.358121
v -0.690802 0.248532 -0.565558
v -0.436399 -0.726027 -0.291585
v -0.409002 -0.710372 -0.346380
v -0.784736 0.178082 0.358121
v -0.784736 0.178082 0.358121
v -0.733855 0.225049 0.412916
v -0.275930 -0.729941 -0.166341
v -0.769080 0.232877 0.358121
v -0.232877 -0.718200 -0.119374
v -0.232877 -0.718200 -0.119374
v -0.037182 0.170254 0.894325
v -0.037182 0.170254 0.894325
v 0.060665 -0.710372 0.005871
v 0.060665 -0.710372 0.005871
v 0.060665 -0.710372 0.005871
v 0.037182 0.189824 0.886497
v 0.037182 0.189824 0.886497
v 0.095890 -0.702544 -0.017613
v 0.095890 -0.702544 -0.017613
v 0.009785 0.236791 0.866928
v -0.068493 0.221135 0.878669
v -0.068493 0.221135 0.878669
v 0.232877 -0.718200 0.452055
v 0.232877 -0.718200 0.452055
v -0.209393 0.189824 -0.835616
v 0.342466 -0.675147 0.444227
v 0.248532 -0.682975 0.487280
v 0.248532 -0.682975 0.487280
v -0.268102 0.252446 -0.800391
v 0.146771 -0.690802 0.518591
v 0.146771 -0.690802 0.518591
v 0.146771 -0.690802 0.518591
v 0.146771 -0.690802 0.518591
v -0.201566 0.244618 -0.819961
v 0.358121 -0.726027 -0.322896
v 0.287671 -0.722113 -0.334638
v 0.287671 -0.722113 -0.334638
v 0.373777 -0.710372 -0.389432
v 0.428571 -0.702544 -0.373777
v 0.542074 0.272016 -0.675147
v 0.592955 0.252446 -0.628180
v -0.311155 -0.729941 -0.252446
v -0.275930 -0.722113 -0.201566
v 0.225049 0.256360 -0.823875
v 0.225049 0.256360 -0.823875
v 0.225049 0.256360 -0.823875
v 0.291585 0.248532 -0.808219
v 0.291585 0.248532 -0.808219
v 0.291585 0.248532 -0.808219
v 0.291585 0.248532 -0.808219
v 0.232877 -0.722113 -0.158513
v 0.232877 -0.722113 -0.158513
v 0.197652 -0.698630 -0.123288
v 0.248532 0.205480 0.839530
v 0.201566 -0.698630 -0.166341
v 0.201566 -0.698630 -0.166341
v 0.225049 -0.714286 -0.209393
v 0.225049 -0.714286 -0.209393
v 0.346380 0.221135 0.796477
v 0.346380 0.221135 0.796477
v -0.632094 -0.726027 -0.001957
v -0.632094 -0.726027 -0.001957
v 0.209393 0.252446 0.839530
v 0.209393 0.252446 0.839530
v 0.146771 0.181996 0.878669
v -0.655577 -0.690802 0.021526
v -0.655577 -0.690802 0.021526
v -0.655577 -0.690802 0.021526
v 0.115460 0.217221 0.870842
v 0.115460 0.217221 0.870842
v -0.682975 -0.682975 -0.060666
v 0.894325 0.209393 -0.142857
v 0.894325 0.209393 -0.142857
v -0.471624 -0.714286 0.311155
v -0.471624 -0.714286 0.311155
v 0.866928 0.275930 -0.150685
v -0.499022 -0.675147 0.338552
v -0.499022 -0.675147 0.338552
v 0.882583 0.252446 -0.115460
v 0.882583 0.252446 -0.115460
v -0.549902 -0.671233 0.272016
v 0.499022 -0.710372 -0.287671
v 0.499022 -0.710372 -0.287671
v -0.334638 0.193738 0.792564
v -0.334638 0.193738 0.792564
v -0.244618 0.201566 0.835616
v 0.510763 -0.682975 -0.350294
v 0.510763 -0.682975 -0.350294
v -0.264188 0.252446 0.816047
v 0.545988 -0.671233 -0.338552
v -0.346380 0.248532 0.772994
v -0.346380 0.248532 0.772994
v 0.659491 -0.667319 -0.115460
v 0.632094 -0.694716 -0.041096
v 0.632094 -0.694716 -0.041096
v -0.150685 0.209393 0.863014
v 0.592955 -0.710372 0.033268
v 0.655577 -0.671233 -0.017613
v 0.655577 -0.671233 -0.017613
v 0.080235 0.213307 -0.863014
v 0.080235 0.213307 -0.863014
v 0.616438 -0.686888 0.056751
v 0.158513 0.264188 -0.839530
v 0.158513 0.264188 -0.839530
v 0.589041 -0.671233 0.158513
v 0.898239 0.213307 0.138943
v 0.534247 -0.682975 0.228963
v 0.534247 -0.682975 0.228963
v 0.882583 0.279843 0.099804
v 0.882583 0.279843 0.099804
v -0.369863 -0.722113 -0.330724
v -0.369863 -0.722113 -0.330724
v 0.878669 0.268102 0.154599
v -0.373777 -0.690802 -0.393346
v -0.373777 -0.690802 -0.393346
v -0.373777 -0.690802 -0.393346
v 0.812133 0.217221 0.409002
v 0.812133 0.217221 0.409002
v -0.334638 -0.706458 -0.373777
v -0.334638 -0.706458 -0.373777
v -0.334638 -0.706458 -0.373777
v -0.330724 -0.729941 -0.311155
v -0.330724 -0.729941 -0.311155
v -0.330724 -0.729941 -0.311155
v -0.330724 -0.729941 -0.311155
v 0.823875 0.287671 0.358121
v -0.299413 -0.718200 -0.350294
v -0.299413 -0.718200 -0.350294
v 0.788650 0.272016 0.416830
v 0.788650 0.272016 0.416830
v -0.268102 -0.726027 -0.326810
v -0.268102 -0.726027 -0.326810
v -0.291585 -0.729941 -0.291585
v -0.291585 -0.729941 -0.291585
v -0.557730 0.201566 0.624266
v -0.557730 0.201566 0.624266
v -0.557730 0.201566 0.624266
v -0.600783 -0.647750 -0.346380
v -0.600783 -0.647750 -0.346380
v -0.495108 0.248532 0.667319
v -0.495108 0.248532 0.667319
v -0.569472 -0.663405 -0.358121
v -0.569472 -0.663405 -0.358121
v -0.557730 0.256360 0.612525
v -0.401174 0.205480 -0.765166
v -0.401174 0.205480 -0.765166
v 0.001957 -0.675147 0.009785
v 0.001957 -0.675147 0.009785
v 0.029354 -0.675147 -0.001957
v 0.029354 -0.675147 -0.001957
v 0.029354 -0.675147 -0.001957
v 0.029354 -0.675147 -0.001957
v -0.459883 0.264188 -0.722113
v -0.264188 -0.706458 0.479452
v -0.264188 -0.706458 0.479452
v -0.264188 -0.706458 0.479452
v -0.397260 0.260274 -0.753425
v -0.397260 0.260274 -0.753425
v -0.397260 0.260274 -0.753425
v -0.178082 -0.694716 0.522505
v -0.178082 -0.694716 0.522505
v -0.874755 0.217221 -0.275930
v -0.874755 0.217221 -0.275930
v -0.874755 0.217221 -0.275930
v -0.283757 -0.671233 0.506849
v -0.283757 -0.671233 0.506849
v -0.283757 -0.671233 0.506849
v -0.863014 0.272016 -0.252446
v -0.863014 0.272016 -0.252446
v -0.863014 0.272016 -0.252446
v -0.365949 -0.679061 0.459883
v -0.365949 -0.679061 0.459883
v -0.843444 0.287671 -0.295499
v 0.166340 -0.733855 -0.491194
v 0.166340 -0.733855 -0.491194
v 0.107632 -0.729941 -0.518591
v 0.639922 0.228963 -0.581213
v 0.181996 -0.726027 -0.526419
v 0.181996 -0.726027 -0.526419
v 0.240705 -0.722113 -0.499022
v 0.240705 -0.722113 -0.499022
v 0.600783 0.303327 -0.596869
v 0.225049 -0.729941 -0.459883
v 0.225049 -0.729941 -0.459883
v 0.225049 -0.729941 -0.459883
v 0.225049 -0.729941 -0.459883
v 0.651663 0.279843 -0.549902
v 0.146771 -0.729941 -0.455969
v 0.146771 -0.729941 -0.455969
v 0.091977 -0.729941 -0.483366
v -0.890411 0.248532 0.041096
v 0.252446 -0.718200 -0.264188
v -0.886497 0.264188 -0.021526
v -0.886497 0.264188 -0.021526
v 0.213307 -0.706458 -0.256360
v 0.232877 -0.710372 -0.315068
v 0.412916 0.287671 0.737769
v -0.111546 -0.706458 0.005871
v -0.111546 -0.706458 0.005871
v -0.111546 -0.706458 0.005871
v 0.322896 0.272016 0.784736
v 0.322896 0.272016 0.784736
v 0.322896 0.272016 0.784736
v -0.115460 -0.667319 -0.017613
v -0.115460 -0.667319 -0.017613
v -0.095890 -0.671233 -0.001957
v -0.033268 -0.706458 0.037182
v -0.033268 -0.706458 0.037182
v -0.033268 -0.706458 0.037182
v -0.033268 -0.706458 0.037182
v -0.636008 0.256360 -0.604697
v -0.577299 0.260274 -0.643836
v -0.577299 0.260274 -0.643836
v -0.048924 -0.675147 0.013699
v -0.025440 -0.675147 0.013699
v -0.025440 -0.675147 0.013699
v -0.056752 0.287671 -0.835616
v -0.056752 0.287671 -0.835616
v 0.017613 0.279843 -0.843444
v 0.048924 -0.729941 -0.542074
v -0.776908 0.225049 -0.479452
v 0.037182 -0.726027 -0.506849
v 0.037182 -0.726027 -0.506849
v -0.772994 0.279843 -0.455969
v -0.772994 0.279843 -0.455969
v -0.733855 0.291585 -0.502935
v -0.733855 0.291585 -0.502935
v -0.017613 -0.726027 -0.522505
v -0.017613 -0.726027 -0.522505
v -0.017613 -0.726027 -0.522505
v -0.009785 -0.726027 -0.557730
v -0.009785 -0.726027 -0.557730
v -0.808219 0.248532 0.303327
v -0.808219 0.248532 0.303327
v -0.808219 0.248532 0.303327
v -0.808219 0.248532 0.303327
v -0.839530 0.260274 0.244618
v -0.839530 0.260274 0.244618
v 0.056752 -0.722113 -0.573385
v -0.686888 0.217221 0.459883
v 0.119374 -0.726027 -0.553816
v -0.639922 0.264188 0.502935
v 0.072407 -0.722113 -0.444227
v 0.072407 -0.722113 -0.444227
v -0.679061 0.272016 0.455969
v 0.021527 -0.722113 -0.467710
v 0.021527 -0.722113 -0.467710
v 0.021527 -0.722113 -0.467710
v 0.131115 -0.718200 -0.585127
v -0.013699 0.283757 0.847358
v 0.193738 -0.718200 -0.561644
v 0.193738 -0.718200 -0.561644
v -0.091977 0.272016 0.855186
v -0.091977 0.272016 0.855186
v 0.197652 -0.726027 -0.420744
v 0.197652 -0.726027 -0.420744
v 0.279843 -0.726027 -0.420744
v 0.279843 -0.726027 -0.420744
v 0.279843 -0.726027 -0.420744
v 0.248532 -0.722113 -0.381605
v 0.428571 0.295499 -0.745597
v 0.428571 0.295499 -0.745597
v 0.205480 -0.714286 -0.354207
v 0.205480 -0.714286 -0.354207
v 0.487280 0.283757 -0.710372
v 0.166340 -0.718200 -0.389432
v 0.690802 0.299413 0.542074
v 0.123288 -0.722113 -0.420744
v 0.643836 0.291585 0.600783
v 0.299413 -0.714286 -0.463796
v 0.898239 0.232877 -0.076321
v 0.311155 -0.698630 -0.506849
v 0.870842 0.295499 -0.088063
v 0.369863 -0.686888 -0.483366
v 0.369863 -0.686888 -0.483366
v 0.358121 -0.706458 -0.436399
v 0.358121 -0.706458 -0.436399
v 0.358121 -0.706458 -0.436399
v 0.886497 0.275930 -0.052838
v 0.095890 -0.710372 -0.385519
v 0.698630 0.248532 -0.502935
v 0.698630 0.248532 -0.502935
v 0.052838 -0.710372 -0.409002
v 0.659491 0.326810 -0.514677
v 0.659491 0.326810 -0.514677
v -0.252446 -0.718200 -0.272016
v 0.706458 0.295499 -0.463796
v 0.706458 0.295499 -0.463796
v 0.706458 0.295499 -0.463796
v -0.232877 -0.718200 -0.307241
v -0.217221 -0.694716 -0.252446
v -0.135029 0.236791 -0.839530
v -0.228963 -0.694716 -0.221135
v -0.193738 0.299413 -0.804305
v -0.268102 -0.718200 -0.236791
v -0.268102 -0.718200 -0.236791
v -0.123288 0.295499 -0.823875
v -0.236791 -0.702544 -0.189824
v -0.236791 -0.702544 -0.189824
v 0.358121 0.244618 -0.788650
v 0.358121 0.244618 -0.788650
v -0.236791 -0.710372 -0.154599
v 0.299413 0.307241 -0.784736
v -0.205479 -0.686888 -0.146771
v -0.205479 -0.686888 -0.146771
v -0.205479 -0.686888 -0.146771
v 0.365949 0.303327 -0.769080
v 0.365949 0.303327 -0.769080
v 0.365949 0.303327 -0.769080
v -0.205479 -0.694716 -0.111546
v -0.205479 -0.694716 -0.111546
v 0.221135 0.303327 0.816047
v 0.221135 0.303327 0.816047
v 0.221135 0.303327 0.816047
v 0.221135 0.303327 0.816047
v 0.154599 0.283757 0.835616
v 0.154599 0.283757 0.835616
v 0.185910 -0.702544 -0.084149
v 0.749511 0.264188 -0.416830
v 0.150685 -0.682975 -0.068493
v 0.150685 -0.682975 -0.068493
v 0.710372 0.342466 -0.424658
v 0.710372 0.342466 -0.424658
v 0.710372 0.342466 -0.424658
v 0.753425 0.311155 -0.377691
v 0.753425 0.311155 -0.377691
v 0.753425 0.311155 -0.377691
v 0.166340 -0.675147 -0.095891
v 0.166340 -0.675147 -0.095891
v -0.878669 0.256360 -0.201566
v -0.612524 -0.690802 0.099804
v -0.612524 -0.690802 0.099804
v -0.874755 0.295499 -0.131115
v -0.863014 0.311155 -0.181996
v -0.863014 0.311155 -0.181996
v -0.863014 0.311155 -0.181996
v -0.639922 -0.655577 0.123288
v -0.639922 -0.655577 0.123288
v 0.874755 0.256360 0.217221
v -0.679061 -0.651663 0.045010
v -0.679061 -0.651663 0.045010
v -0.679061 -0.651663 0.045010
v 0.859100 0.318982 0.170254
v 0.859100 0.318982 0.170254
v 0.855186 0.307241 0.228963
v 0.855186 0.307241 0.228963
v 0.475538 -0.694716 0.295499
v 0.475538 -0.694716 0.295499
v -0.855186 0.275930 0.178082
v -0.855186 0.275930 0.178082
v 0.557730 -0.651663 0.256360
v 0.557730 -0.651663 0.256360
v 0.557730 -0.651663 0.256360
v -0.863014 0.287671 0.115460
v -0.863014 0.287671 0.115460
v 0.499022 -0.659491 0.326810
v 0.499022 -0.659491 0.326810
v -0.718200 0.279843 0.409002
v 0.037182 -0.698630 0.530333
v 0.037182 -0.698630 0.530333
v 0.037182 -0.698630 0.530333
v -0.753425 0.291585 0.358121
v 0.753425 0.260274 0.475538
v 0.037182 -0.667319 0.565558
v 0.037182 -0.667319 0.565558
v 0.037182 -0.667319 0.565558
v -0.076321 -0.682975 0.557730
v 0.765166 0.322896 0.420744
v 0.765166 0.322896 0.420744
v -0.072407 -0.726027 -0.534247
v 0.729941 0.311155 0.479452
v -0.076321 -0.726027 -0.499022
v -0.076321 -0.726027 -0.499022
v 0.084149 0.256360 0.851272
v 0.084149 0.256360 0.851272
v -0.127202 -0.726027 -0.502935
v -0.127202 -0.726027 -0.502935
v 0.131115 0.322896 0.819961
v 0.060665 0.303327 0.831703
v -0.127202 -0.722113 -0.538160
v -0.068493 -0.722113 -0.569472
v -0.686888 0.303327 -0.545988
v -0.001957 -0.718200 -0.589041
v -0.001957 -0.718200 -0.589041
v -0.632094 0.307241 -0.585127
v -0.064579 -0.714286 -0.600783
v 0.001957 -0.706458 -0.616438
v 0.001957 -0.706458 -0.616438
v -0.424658 0.248532 0.722113
v 0.064579 -0.714286 -0.604697
v -0.354207 0.295499 0.745597
v -0.354207 0.295499 0.745597
v 0.256360 -0.710372 -0.534247
v -0.424658 0.295499 0.698630
v -0.424658 0.295499 0.698630
v -0.424658 0.295499 0.698630
v 0.264188 -0.698630 -0.569472
v 0.088063 0.272016 -0.847358
v 0.088063 0.272016 -0.847358
v 0.322896 -0.682975 -0.545988
v 0.166340 0.322896 -0.819961
v 0.166340 0.322896 -0.819961
v -0.334638 0.256360 -0.780822
v -0.334638 0.256360 -0.780822
v -0.029354 -0.726027 -0.483366
v -0.029354 -0.726027 -0.483366
v -0.389432 0.315068 -0.733855
v -0.326810 0.311155 -0.765166
v -0.326810 0.311155 -0.765166
v -0.041096 -0.718200 -0.444227
v -0.084149 -0.726027 -0.459883
v -0.804305 0.264188 -0.409002
v -0.804305 0.264188 -0.409002
v -0.804305 0.264188 -0.409002
v -0.796477 0.318982 -0.385519
v -0.796477 0.318982 -0.385519
v -0.127202 -0.726027 -0.467710
v -0.131115 -0.726027 -0.432485
v -0.761252 0.330724 -0.428571
v -0.162427 -0.726027 -0.436399
v -0.170254 -0.726027 -0.463796
v -0.170254 -0.726027 -0.463796
v 0.898239 0.260274 -0.013699
v -0.178082 -0.722113 -0.499022
v 0.870842 0.318982 -0.029354
v 0.882583 0.307241 0.009785
v -0.225049 -0.714286 -0.475538
v -0.225049 -0.714286 -0.475538
v -0.225049 -0.714286 -0.475538
v 0.906067 0.244618 0.033268
v -0.240704 -0.702544 -0.510763
v -0.240704 -0.702544 -0.510763
v 0.882583 0.291585 0.052838
v -0.185910 -0.714286 -0.530333
v 0.792564 0.275930 -0.334638
v 0.792564 0.275930 -0.334638
v -0.209393 -0.722113 -0.444227
v 0.757339 0.354207 -0.342466
v 0.757339 0.354207 -0.342466
v 0.757339 0.354207 -0.342466
v -0.185910 -0.726027 -0.416830
v 0.796477 0.322896 -0.299413
v 0.796477 0.322896 -0.299413
v -0.244618 -0.718200 -0.412916
v -0.244618 -0.718200 -0.412916
v -0.268102 -0.706458 -0.444227
v -0.268102 -0.706458 -0.444227
v -0.268102 -0.706458 -0.444227
v -0.604697 0.260274 0.561644
v -0.604697 0.260274 0.561644
v -0.095890 -0.718200 -0.420744
v -0.545988 0.307241 0.596869
v -0.592955 0.311155 0.545988
v -0.592955 0.311155 0.545988
v -0.056752 -0.710372 -0.405088
v 0.585127 0.275930 0.651663
v 0.585127 0.275930 0.651663
v -0.115460 -0.710372 -0.381605
v 0.616438 0.334638 0.592955
v -0.150685 -0.718200 -0.397260
v 0.557730 0.318982 0.643836
v 0.557730 0.318982 0.643836
v -0.181996 -0.714286 -0.365949
v -0.181996 -0.714286 -0.365949
v -0.217221 -0.722113 -0.385519
v -0.217221 -0.722113 -0.385519
v -0.518591 0.260274 -0.682975
v -0.518591 0.260274 -0.682975
v -0.573385 0.311155 -0.624266
v -0.573385 0.311155 -0.624266
v 0.326810 -0.718200 -0.389432
v -0.514677 0.315068 -0.667319
v 0.420744 -0.675147 -0.467710
v 0.420744 -0.675147 -0.467710
v -0.178082 0.260274 0.843444
v 0.409002 -0.694716 -0.420744
v 0.409002 -0.694716 -0.420744
v 0.409002 -0.694716 -0.420744
v -0.111546 0.315068 0.823875
v -0.111546 0.315068 0.823875
v -0.244618 -0.722113 -0.354207
v -0.193738 0.307241 0.812133
v -0.272016 -0.714286 -0.381605
v -0.045010 0.342466 -0.816047
v -0.045010 0.342466 -0.816047
v -0.209393 -0.714286 -0.334638
v 0.025440 0.334638 -0.819961
v -0.142857 -0.698630 -0.346380
v -0.142857 -0.698630 -0.346380
v -0.174168 -0.694716 -0.315068
v 0.432485 0.350294 -0.710372
v 0.432485 0.350294 -0.710372
v -0.197652 -0.694716 -0.283757
v 0.487280 0.338552 -0.675147
v 0.831703 0.291585 -0.260274
v 0.796477 0.362035 -0.260274
v 0.796477 0.362035 -0.260274
v 0.827789 0.330724 -0.225049
v 0.827789 0.330724 -0.225049
v -0.193738 -0.663405 0.553816
v 0.072407 -0.698630 -0.628180
v 0.138943 -0.706458 -0.612524
v -0.788650 0.303327 0.303327
v -0.788650 0.303327 0.303327
v -0.788650 0.303327 0.303327
v -0.819961 0.318982 0.248532
v -0.819961 0.318982 0.248532
v -0.131115 -0.714286 -0.569472
v -0.882583 0.279843 -0.080235
v -0.193738 -0.706458 -0.561644
v -0.866928 0.318982 -0.005871
v -0.866928 0.318982 -0.005871
v -0.866928 0.318982 -0.005871
v -0.866928 0.318982 -0.005871
v -0.131115 -0.706458 -0.600783
v -0.863014 0.334638 -0.060665
v -0.863014 0.334638 -0.060665
v 0.005871 -0.714286 -0.428571
v 0.005871 -0.714286 -0.428571
v -0.632094 0.318982 0.495108
v -0.632094 0.318982 0.495108
v -0.013699 -0.702544 -0.389432
v -0.013699 -0.702544 -0.389432
v -0.667319 0.322896 0.448141
v -0.185910 0.354207 -0.788650
v 0.189824 -0.702544 -0.295499
v -0.115460 0.350294 -0.804305
v 0.162427 -0.706458 -0.330724
v 0.162427 -0.706458 -0.330724
v 0.863014 0.350294 0.025440
v 0.863014 0.350294 0.025440
v 0.471624 -0.694716 -0.362035
v 0.866928 0.338552 0.068493
v 0.866928 0.338552 0.068493
v 0.467710 -0.675147 -0.416830
v 0.467710 -0.675147 -0.416830
v 0.843444 0.299413 0.291585
v 0.843444 0.299413 0.291585
v 0.510763 -0.655577 -0.409002
v 0.510763 -0.655577 -0.409002
v 0.510763 -0.655577 -0.409002
v -0.659491 -0.667319 -0.252446
v -0.659491 -0.667319 -0.252446
v 0.831703 0.358121 0.240705
v 0.831703 0.358121 0.240705
v -0.694716 -0.639922 -0.232877
v -0.694716 -0.639922 -0.232877
v -0.694716 -0.639922 -0.232877
v -0.682975 -0.608611 -0.315068
v -0.682975 -0.608611 -0.315068
v -0.682975 -0.608611 -0.315068
v 0.819961 0.350294 0.303327
v -0.639922 -0.632094 -0.330724
v -0.639922 -0.632094 -0.330724
v -0.823875 0.303327 -0.338552
v 0.127202 -0.690802 -0.041096
v 0.127202 -0.690802 -0.041096
v -0.835616 0.342466 -0.272016
v -0.835616 0.342466 -0.272016
v 0.088063 -0.663405 -0.033268
v -0.812133 0.354207 -0.315068
v -0.812133 0.354207 -0.315068
v 0.111546 -0.655577 -0.052838
v 0.847358 0.303327 -0.185910
v 0.679061 -0.643836 0.005871
v 0.679061 -0.643836 0.005871
v 0.819961 0.369863 -0.189824
v 0.819961 0.369863 -0.189824
v 0.636008 -0.659491 0.084149
v 0.843444 0.342466 -0.154599
v 0.205480 -0.710372 -0.592955
v 0.205480 -0.710372 -0.592955
v 0.307241 0.365949 -0.761252
v 0.209393 -0.686888 -0.620352
v 0.209393 -0.686888 -0.620352
v 0.373777 0.358121 -0.741683
v 0.373777 0.358121 -0.741683
v 0.272016 -0.679061 -0.600783
v 0.111546 0.362035 0.804305
v -0.303327 -0.702544 -0.409002
v -0.303327 -0.702544 -0.409002
v 0.041096 0.342466 0.812133
v -0.334638 -0.686888 -0.436399
v -0.334638 -0.686888 -0.436399
v -0.726027 0.346380 -0.475538
v -0.726027 0.346380 -0.475538
v 0.131115 -0.710372 -0.358121
v -0.682975 0.354207 -0.522505
v -0.682975 0.354207 -0.522505
v 0.127202 -0.702544 -0.307241
v 0.491194 0.303327 0.690802
v 0.099804 -0.702544 -0.330724
v 0.530333 0.362035 0.632094
v 0.530333 0.362035 0.632094
v 0.471624 -0.655577 -0.459883
v 0.471624 -0.655577 -0.459883
v 0.463796 0.346380 0.679061
v -0.260274 0.307241 -0.784736
v -0.162427 -0.667319 -0.264188
v -0.318982 0.365949 -0.745597
v -0.318982 0.365949 -0.745597
v -0.318982 0.365949 -0.745597
v -0.181996 -0.667319 -0.236791
v -0.252446 0.362035 -0.769080
v -0.252446 0.362035 -0.769080
v 0.604697 -0.671233 -0.236791
v 0.232877 0.315068 -0.804305
v 0.232877 0.315068 -0.804305
v 0.616438 -0.639922 -0.307241
v 0.651663 -0.624266 -0.287671
v 0.174168 0.377691 -0.792564
v 0.174168 0.377691 -0.792564
v 0.643836 -0.655577 -0.213307
v 0.643836 -0.655577 -0.213307
v 0.244618 0.373777 -0.780822
v -0.060665 -0.702544 -0.628180
v -0.870842 0.307241 0.052838
v -0.870842 0.307241 0.052838
v -0.839530 0.342466 0.123288
v -0.839530 0.342466 0.123288
v -0.131115 -0.690802 -0.628180
v -0.851272 0.362035 0.064579
v -0.851272 0.362035 0.064579
v -0.056752 -0.682975 -0.651663
v -0.056752 -0.682975 -0.651663
v 0.009785 -0.690802 -0.639922
v 0.009785 -0.690802 -0.639922
v 0.009785 -0.690802 -0.639922
v -0.702544 0.330724 0.401174
v -0.252446 -0.694716 -0.542074
v -0.252446 -0.694716 -0.542074
v -0.733855 0.342466 0.354207
v -0.733855 0.342466 0.354207
v -0.311155 -0.682975 -0.510763
v -0.311155 -0.682975 -0.510763
v -0.311155 -0.682975 -0.510763
v -0.322896 -0.671233 -0.542074
v -0.322896 -0.671233 -0.542074
v -0.322896 -0.671233 -0.542074
v 0.745597 0.369863 0.424658
v 0.745597 0.369863 0.424658
v 0.706458 0.358121 0.483366
v -0.260274 -0.686888 -0.573385
v -0.260274 -0.686888 -0.573385
v -0.291585 -0.694716 -0.475538
v -0.291585 -0.694716 -0.475538
v -0.491194 0.299413 0.647750
v -0.362035 -0.671233 -0.467710
v -0.424658 0.342466 0.671233
v -0.424658 0.342466 0.671233
v -0.483366 0.346380 0.620352
v -0.076321 -0.698630 -0.365949
v -0.103718 -0.682975 -0.330724
v -0.103718 -0.682975 -0.330724
v -0.275930 0.299413 0.784736
v 0.193738 -0.694716 -0.205479
v 0.193738 -0.694716 -0.205479
v 0.193738 -0.694716 -0.205479
v -0.205479 0.346380 0.776908
v 0.174168 -0.671233 -0.166341
v 0.166340 -0.671233 -0.201566
v 0.166340 -0.671233 -0.201566
v 0.166340 -0.671233 -0.201566
v -0.283757 0.342466 0.753425
v -0.283757 0.342466 0.753425
v -0.283757 0.342466 0.753425
v 0.178082 -0.694716 -0.244618
v 0.545988 0.322896 -0.639922
v -0.694716 -0.663405 -0.146771
v 0.495108 0.389432 -0.639922
v 0.495108 0.389432 -0.639922
v -0.722113 -0.628180 -0.123288
v 0.553816 0.373777 -0.604697
v 0.553816 0.373777 -0.604697
v -0.733855 -0.608611 -0.209393
v -0.733855 -0.608611 -0.209393
v 0.859100 0.315068 -0.123288
v 0.859100 0.315068 -0.123288
v -0.436399 -0.679061 0.401174
v 0.835616 0.377691 -0.127202
v 0.835616 0.377691 -0.127202
v 0.835616 0.377691 -0.127202
v 0.835616 0.377691 -0.127202
v 0.851272 0.354207 -0.095890
v 0.851272 0.354207 -0.095890
v -0.459883 -0.643836 0.428571
v -0.459883 -0.643836 0.428571
v -0.522505 -0.639922 0.365949
v -0.522505 -0.639922 0.365949
v -0.624266 0.362035 -0.561644
v -0.624266 0.362035 -0.561644
v -0.624266 0.362035 -0.561644
v 0.029354 -0.698630 -0.373777
v 0.029354 -0.698630 -0.373777
v -0.455969 0.318982 -0.706458
v -0.455969 0.318982 -0.706458
v 0.064579 -0.698630 -0.354207
v -0.510763 0.369863 -0.647750
v -0.510763 0.369863 -0.647750
v 0.005871 -0.686888 -0.338552
v 0.005871 -0.686888 -0.338552
v -0.452055 0.373777 -0.686888
v -0.452055 0.373777 -0.686888
v -0.033268 -0.690802 -0.354207
v -0.534247 0.350294 0.573385
v -0.577299 0.358121 0.526419
v 0.863014 0.326810 0.115460
v 0.863014 0.326810 0.115460
v 0.095890 -0.690802 -0.283757
v 0.851272 0.381605 0.084149
v 0.851272 0.381605 0.084149
v 0.068493 -0.690802 -0.303327
v 0.847358 0.373777 0.131115
v 0.847358 0.373777 0.131115
v -0.416830 -0.675147 -0.412916
v -0.416830 -0.675147 -0.412916
v -0.416830 -0.675147 -0.412916
v 0.095890 0.330724 -0.823875
v -0.455969 -0.663405 -0.428571
v -0.455969 -0.663405 -0.428571
v 0.033268 0.389432 -0.796477
v -0.389432 -0.659491 -0.495108
v -0.389432 -0.659491 -0.495108
v -0.389432 -0.659491 -0.495108
v 0.103718 0.385519 -0.796477
v 0.103718 0.385519 -0.796477
v -0.851272 0.326810 -0.228963
v -0.851272 0.326810 -0.228963
v -0.851272 0.326810 -0.228963
v -0.843444 0.362035 -0.162427
v -0.843444 0.362035 -0.162427
v -0.831703 0.377691 -0.205479
v -0.831703 0.377691 -0.205479
v 0.154599 -0.698630 -0.275930
v 0.154599 -0.698630 -0.275930
v 0.804305 0.338552 0.365949
v -0.534247 -0.675147 -0.362035
v -0.534247 -0.675147 -0.362035
v -0.534247 -0.675147 -0.362035
v 0.796477 0.393346 0.307241
v -0.534247 -0.639922 -0.440313
v -0.534247 -0.639922 -0.440313
v 0.776908 0.385519 0.369863
v -0.491194 -0.651663 -0.440313
v -0.491194 -0.651663 -0.440313
v 0.389432 0.330724 0.726027
v 0.389432 0.330724 0.726027
v 0.056752 -0.671233 -0.013699
v 0.056752 -0.671233 -0.013699
v 0.029354 -0.636008 -0.017613
v 0.029354 -0.636008 -0.017613
v 0.029354 -0.636008 -0.017613
v 0.440313 0.385519 0.667319
v 0.440313 0.385519 0.667319
v 0.440313 0.385519 0.667319
v 0.052838 -0.632094 -0.029354
v 0.052838 -0.632094 -0.029354
v 0.365949 0.369863 0.710372
v 0.365949 0.369863 0.710372
v 0.424658 -0.667319 0.389432
v 0.303327 0.315068 0.769080
v 0.303327 0.315068 0.769080
v 0.518591 -0.628180 0.358121
v 0.518591 -0.628180 0.358121
v 0.283757 0.358121 0.753425
v 0.448141 -0.632094 0.420744
v 0.205480 0.346380 0.804305
v 0.205480 0.346380 0.804305
v -0.033268 0.330724 0.827789
v 0.013699 -0.667319 -0.667319
v 0.013699 -0.667319 -0.667319
v 0.080235 -0.675147 -0.655577
v 0.021527 0.381605 0.792564
v 0.142857 -0.682975 -0.639922
v -0.052838 0.365949 0.796477
v -0.052838 0.365949 0.796477
v 0.863014 0.334638 -0.064579
v 0.150685 -0.655577 -0.667319
v 0.150685 -0.655577 -0.667319
v 0.213307 -0.659491 -0.651663
v 0.213307 -0.659491 -0.651663
v 0.839530 0.389432 -0.072407
v 0.839530 0.389432 -0.072407
v -0.197652 -0.698630 -0.592955
v 0.851272 0.373777 -0.045010
v 0.851272 0.373777 -0.045010
v 0.851272 0.373777 -0.045010
v -0.831703 0.330724 0.185910
v -0.264188 -0.667319 -0.596869
v -0.264188 -0.667319 -0.596869
v -0.788650 0.365949 0.244618
v -0.788650 0.365949 0.244618
v -0.197652 -0.682975 -0.620352
v -0.804305 0.381605 0.185910
v -0.804305 0.381605 0.185910
v 0.146771 -0.679061 -0.232877
v 0.146771 -0.679061 -0.232877
v 0.146771 -0.679061 -0.232877
v 0.612525 0.354207 -0.561644
v 0.612525 0.354207 -0.561644
v 0.123288 -0.682975 -0.260274
v 0.557730 0.424658 -0.565558
v 0.557730 0.424658 -0.565558
v -0.072407 -0.675147 0.009785
v 0.616438 0.405088 -0.522505
v 0.616438 0.405088 -0.522505
v -0.080235 -0.636008 -0.009785
v -0.080235 -0.636008 -0.009785
v -0.060665 -0.636008 -0.001957
v -0.060665 -0.636008 -0.001957
v -0.784736 0.369863 -0.358121
v -0.784736 0.369863 -0.358121
v -0.784736 0.369863 -0.358121
v -0.784736 0.369863 -0.358121
v -0.753425 0.385519 -0.405088
v -0.041096 -0.639922 -0.001957
v -0.616438 0.365949 0.483366
v -0.616438 0.365949 0.483366
v -0.647750 0.369863 0.436399
v -0.647750 0.369863 0.436399
v -0.017613 -0.639922 -0.005871
v -0.017613 -0.639922 -0.005871
v -0.017613 -0.639922 -0.005871
v 0.225049 0.397260 0.769080
v -0.596869 -0.663405 0.201566
v -0.596869 -0.663405 0.201566
v 0.178082 0.381605 0.792564
v 0.178082 0.381605 0.792564
v -0.624266 -0.624266 0.225049
v -0.174168 0.412916 -0.769080
v -0.663405 -0.616438 0.146771
v -0.107632 0.405088 -0.784736
v 0.667319 0.346380 0.538160
v 0.123288 -0.651663 -0.225049
v 0.123288 -0.651663 -0.225049
v 0.099804 -0.659491 -0.248532
v 0.099804 -0.659491 -0.248532
v 0.679061 0.397260 0.475538
v 0.581213 -0.655577 -0.322896
v 0.636008 0.385519 0.530333
v 0.585127 -0.624266 -0.385519
v 0.585127 -0.624266 -0.385519
v 0.315068 0.420744 -0.733855
v 0.620352 -0.608611 -0.373777
v 0.620352 -0.608611 -0.373777
v 0.377691 0.412916 -0.706458
v 0.377691 0.412916 -0.706458
v 0.663405 0.373777 -0.475538
v 0.663405 0.373777 -0.475538
v -0.201566 -0.675147 -0.178082
v 0.620352 0.452055 -0.483366
v 0.671233 0.420744 -0.436399
v -0.193738 -0.667319 -0.205479
v -0.855186 0.350294 -0.115460
v -0.855186 0.350294 -0.115460
v -0.843444 0.385519 -0.048924
v -0.843444 0.385519 -0.048924
v -0.174168 -0.647750 -0.162427
v -0.174168 -0.647750 -0.162427
v -0.174168 -0.647750 -0.162427
v -0.835616 0.401174 -0.095890
v -0.178082 -0.659491 -0.135029
v -0.178082 -0.659491 -0.135029
v -0.358121 0.342466 0.718200
v -0.358121 0.342466 0.718200
v -0.358121 0.342466 0.718200
v -0.291585 0.385519 0.726027
v -0.291585 0.385519 0.726027
v -0.362035 0.385519 0.690802
v 0.679061 -0.604697 -0.272016
v 0.679061 -0.604697 -0.272016
v 0.675147 -0.636008 -0.193738
v 0.675147 -0.636008 -0.193738
v -0.307241 0.420744 -0.722113
v -0.307241 0.420744 -0.722113
v -0.307241 0.420744 -0.722113
v -0.244618 0.416830 -0.749511
v -0.244618 0.416830 -0.749511
v -0.131115 -0.659491 -0.041096
v -0.131115 -0.659491 -0.041096
v -0.131115 -0.659491 -0.041096
v -0.146771 -0.651663 -0.064579
v -0.675147 0.409002 -0.499022
v -0.616438 0.412916 -0.538160
v -0.123288 -0.612524 -0.056752
v -0.123288 -0.612524 -0.056752
v -0.565558 0.365949 -0.604697
v -0.565558 0.365949 -0.604697
v -0.111546 -0.620352 -0.037182
v -0.111546 -0.620352 -0.037182
v -0.111546 -0.620352 -0.037182
v -0.761252 0.354207 0.299413
v -0.761252 0.354207 0.299413
v 0.326810 -0.659491 -0.581213
v -0.714286 0.389432 0.346380
v -0.714286 0.389432 0.346380
v -0.737769 0.401174 0.295499
v 0.330724 -0.636008 -0.616438
v 0.385519 -0.616438 -0.600783
v 0.385519 -0.616438 -0.600783
v 0.181996 0.432485 -0.757339
v 0.381605 -0.639922 -0.565558
v 0.381605 -0.639922 -0.565558
v 0.248532 0.428571 -0.749511
v 0.377691 -0.663405 -0.526419
v 0.377691 -0.663405 -0.526419
v 0.859100 0.358121 -0.009785
v 0.859100 0.358121 -0.009785
v 0.839530 0.405088 -0.025440
v 0.839530 0.405088 -0.025440
v 0.432485 -0.624266 -0.549902
v 0.847358 0.397260 0.005871
v 0.847358 0.397260 0.005871
v 0.428571 -0.647750 -0.510763
v 0.843444 0.365949 0.181996
v 0.843444 0.365949 0.181996
v 0.843444 0.365949 0.181996
v 0.843444 0.365949 0.181996
v -0.409002 -0.643836 -0.514677
v 0.831703 0.416830 0.138943
v 0.831703 0.416830 0.138943
v 0.037182 -0.686888 -0.322896
v 0.823875 0.412916 0.193738
v 0.823875 0.412916 0.193738
v 0.045010 -0.663405 -0.283757
v -0.420744 0.385519 0.643836
v -0.420744 0.385519 0.643836
v 0.013699 -0.663405 -0.295499
v 0.013699 -0.663405 -0.295499
v -0.471624 0.389432 0.596869
v -0.021526 -0.663405 -0.307241
v -0.021526 -0.663405 -0.307241
v -0.021526 -0.663405 -0.307241
v -0.021526 -0.663405 -0.307241
v -0.127202 0.354207 0.788650
v -0.127202 0.354207 0.788650
v 0.174168 -0.671233 -0.131115
v 0.174168 -0.671233 -0.131115
v 0.174168 -0.671233 -0.131115
v -0.068493 0.401174 0.765166
v -0.068493 0.401174 0.765166
v -0.068493 0.401174 0.765166
v -0.142857 0.393346 0.757339
v -0.142857 0.393346 0.757339
v 0.146771 -0.639922 -0.103718
v 0.146771 -0.639922 -0.103718
v 0.150685 -0.639922 -0.135029
v 0.150685 -0.639922 -0.135029
v -0.381605 0.369863 -0.714286
v -0.440313 0.424658 -0.663405
v -0.440313 0.424658 -0.663405
v -0.440313 0.424658 -0.663405
v -0.178082 -0.671233 -0.103718
v -0.373777 0.420744 -0.690802
v -0.373777 0.420744 -0.690802
v -0.154599 -0.636008 -0.091977
v -0.154599 -0.636008 -0.091977
v -0.557730 0.416830 -0.581213
v -0.557730 0.416830 -0.581213
v 0.702544 -0.612524 0.033268
v 0.702544 -0.612524 0.033268
v 0.702544 -0.612524 0.033268
v 0.718200 0.389432 -0.389432
v 0.718200 0.389432 -0.389432
v 0.659491 -0.628180 0.107632
v 0.671233 0.463796 -0.393346
v 0.671233 0.463796 -0.393346
v 0.718200 0.432485 -0.346380
v 0.718200 0.432485 -0.346380
v 0.718200 0.432485 -0.346380
v -0.135029 -0.671233 -0.295499
v -0.060665 -0.671233 -0.318982
v -0.060665 -0.671233 -0.318982
v 0.412916 0.416830 0.647750
v 0.342466 0.405088 0.690802
v -0.095890 -0.651663 -0.279843
v -0.123288 -0.639922 -0.248532
v -0.816047 0.389432 -0.248532
v -0.146771 -0.636008 -0.217221
v -0.146771 -0.636008 -0.217221
v -0.792564 0.405088 -0.287671
v -0.792564 0.405088 -0.287671
v -0.162427 -0.639922 -0.189824
v -0.162427 -0.639922 -0.189824
v -0.847358 0.373777 0.005871
v -0.847358 0.373777 0.005871
v -0.847358 0.373777 0.005871
v -0.819961 0.409002 0.072407
v -0.819961 0.409002 0.072407
v 0.150685 -0.639922 -0.166341
v -0.823875 0.420744 0.017613
v 0.142857 -0.643836 -0.197652
v 0.142857 -0.643836 -0.197652
v -0.518591 0.393346 0.549902
v 0.682975 -0.643836 -0.095891
v -0.561644 0.401174 0.510763
v 0.589041 0.373777 0.581213
v 0.702544 -0.616438 -0.174168
v 0.726027 -0.589041 -0.150685
v 0.608611 0.420744 0.522505
v 0.608611 0.420744 0.522505
v 0.710372 -0.620352 -0.072407
v 0.561644 0.409002 0.569472
v 0.561644 0.409002 0.569472
v -0.127202 -0.671233 -0.651663
v 0.757339 0.397260 -0.303327
v 0.757339 0.397260 -0.303327
v -0.197652 -0.663405 -0.647750
v 0.718200 0.471624 -0.307241
v 0.718200 0.471624 -0.307241
v 0.718200 0.471624 -0.307241
v -0.123288 -0.651663 -0.679061
v -0.123288 -0.651663 -0.679061
v 0.757339 0.436399 -0.264188
v -0.052838 -0.663405 -0.679061
v -0.052838 -0.663405 -0.679061
v 0.765166 0.432485 0.311155
v 0.745597 0.420744 0.365949
v 0.072407 -0.663405 -0.268102
v 0.158513 0.405088 0.769080
v 0.158513 0.405088 0.769080
v 0.091977 0.397260 0.784736
v 0.084149 -0.624266 -0.240704
v 0.084149 -0.624266 -0.240704
v 0.084149 -0.624266 -0.240704
v 0.792564 0.401174 -0.225049
v 0.792564 0.401174 -0.225049
v 0.792564 0.401174 -0.225049
v 0.056752 -0.628180 -0.256360
v 0.056752 -0.628180 -0.256360
v 0.757339 0.471624 -0.225049
v -0.710372 -0.643836 -0.037182
v 0.792564 0.440313 -0.189824
v 0.792564 0.440313 -0.189824
v -0.737769 -0.604697 -0.013699
v -0.682975 0.381605 0.393346
v -0.753425 -0.589041 -0.099804
v -0.632094 0.416830 0.428571
v -0.632094 0.416830 0.428571
v 0.154599 -0.655577 0.553816
v -0.663405 0.428571 0.385519
v -0.663405 0.428571 0.385519
v -0.663405 0.428571 0.385519
v -0.663405 0.428571 0.385519
v 0.264188 -0.647750 0.522505
v 0.264188 -0.647750 0.522505
v -0.037182 0.397260 -0.792564
v -0.037182 0.397260 -0.792564
v 0.166340 -0.620352 0.585127
v 0.037182 -0.636008 0.596869
v 0.037182 -0.636008 0.596869
v -0.095890 0.459883 -0.761252
v -0.095890 0.459883 -0.761252
v 0.272016 -0.651663 -0.632094
v -0.025440 0.452055 -0.765166
v -0.025440 0.452055 -0.765166
v -0.025440 0.452055 -0.765166
v 0.275930 -0.620352 -0.663405
v 0.436399 0.401174 -0.675147
v 0.436399 0.401174 -0.675147
v 0.330724 -0.608611 -0.647750
v -0.330724 -0.655577 -0.565558
v -0.330724 -0.655577 -0.565558
v -0.330724 -0.655577 -0.565558
v 0.381605 0.463796 -0.671233
v 0.381605 0.463796 -0.671233
v 0.381605 0.463796 -0.671233
v 0.440313 0.455969 -0.639922
v 0.440313 0.455969 -0.639922
v 0.440313 0.455969 -0.639922
v -0.416830 -0.624266 -0.542074
v -0.416830 -0.624266 -0.542074
v -0.334638 -0.632094 -0.592955
v -0.334638 -0.632094 -0.592955
v -0.334638 -0.632094 -0.592955
v 0.851272 0.389432 0.041096
v 0.851272 0.389432 0.041096
v 0.475538 -0.604697 -0.542074
v 0.475538 -0.628180 -0.499022
v 0.475538 -0.628180 -0.499022
v 0.835616 0.432485 0.013699
v -0.663405 -0.573385 -0.393346
v -0.663405 -0.573385 -0.393346
v 0.835616 0.428571 0.048924
v -0.620352 -0.600783 -0.412916
v -0.827789 0.412916 -0.142857
v -0.812133 0.424658 -0.181996
v 0.710372 -0.581213 -0.252446
v 0.816047 0.409002 -0.158513
v 0.816047 0.409002 -0.158513
v 0.792564 0.471624 -0.154599
v 0.792564 0.471624 -0.154599
v -0.048924 -0.636008 -0.706458
v -0.048924 -0.636008 -0.706458
v 0.017613 -0.639922 -0.694716
v 0.017613 -0.639922 -0.694716
v 0.816047 0.440313 -0.127202
v 0.816047 0.440313 -0.127202
v 0.816047 0.440313 -0.127202
v -0.264188 -0.647750 -0.624266
v -0.264188 -0.647750 -0.624266
v -0.812133 0.393346 0.127202
v -0.334638 -0.604697 -0.620352
v -0.334638 -0.604697 -0.620352
v -0.334638 -0.604697 -0.620352
v -0.776908 0.428571 0.189824
v -0.776908 0.428571 0.189824
v -0.264188 -0.624266 -0.651663
v -0.264188 -0.624266 -0.651663
v -0.784736 0.440313 0.131115
v -0.784736 0.440313 0.131115
v 0.549902 -0.639922 -0.397260
v 0.549902 -0.639922 -0.397260
v -0.299413 0.424658 0.694716
v -0.299413 0.424658 0.694716
v 0.549902 -0.612524 -0.448141
v -0.365949 0.428571 0.667319
v 0.585127 -0.596869 -0.440313
v -0.217221 0.385519 0.745597
v -0.217221 0.385519 0.745597
v 0.131115 -0.647750 -0.076321
v 0.099804 -0.616438 -0.060665
v 0.099804 -0.616438 -0.060665
v -0.154599 0.428571 0.726027
v -0.228963 0.424658 0.714286
v -0.228963 0.424658 0.714286
v 0.115460 -0.612524 -0.084149
v 0.115460 -0.612524 -0.084149
v 0.138943 0.428571 0.737769
v 0.138943 0.428571 0.737769
v 0.612525 -0.639922 0.185910
v 0.612525 -0.639922 0.185910
v 0.072407 0.424658 0.757339
v 0.682975 -0.596869 0.135029
v 0.682975 -0.596869 0.135029
v -0.718200 0.397260 -0.452055
v 0.636008 -0.608611 0.213307
v -0.733855 0.432485 -0.377691
v -0.733855 0.432485 -0.377691
v 0.362035 -0.639922 0.475538
v -0.698630 0.444227 -0.424658
v -0.698630 0.444227 -0.424658
v 0.467710 -0.600783 0.452055
v 0.381605 -0.608611 0.510763
v 0.506849 0.397260 0.620352
v 0.506849 0.397260 0.620352
v 0.506849 0.397260 0.620352
v 0.506849 0.397260 0.620352
v -0.088063 -0.651663 0.589041
v 0.534247 0.444227 0.557730
v -0.099804 -0.620352 0.616438
v 0.475538 0.428571 0.604697
v 0.475538 0.428571 0.604697
v -0.209393 -0.628180 0.577299
v 0.812133 0.401174 0.248532
v 0.131115 -0.608611 -0.166341
v 0.796477 0.448141 0.197652
v 0.796477 0.448141 0.197652
v 0.123288 -0.612524 -0.193738
v 0.123288 -0.612524 -0.193738
v 0.123288 -0.612524 -0.193738
v 0.784736 0.440313 0.252446
v 0.784736 0.440313 0.252446
v -0.389432 -0.643836 0.487280
v -0.416830 0.424658 0.620352
v -0.416830 0.424658 0.620352
v -0.303327 -0.639922 0.534247
v -0.303327 -0.639922 0.534247
v -0.463796 0.428571 0.573385
v -0.405088 -0.604697 0.506849
v -0.299413 0.471624 -0.698630
v -0.299413 0.471624 -0.698630
v -0.479452 -0.604697 0.452055
v -0.232877 0.467710 -0.722113
v -0.232877 0.467710 -0.722113
v -0.232877 0.467710 -0.722113
v 0.084149 -0.647750 -0.682975
v 0.827789 0.412916 -0.099804
v 0.808219 0.467710 -0.095890
v 0.088063 -0.620352 -0.714286
v 0.823875 0.440313 -0.072407
v 0.154599 -0.628180 -0.698630
v 0.154599 -0.628180 -0.698630
v 0.714286 0.409002 0.424658
v 0.714286 0.409002 0.424658
v 0.514677 -0.585127 -0.534247
v 0.514677 -0.585127 -0.534247
v 0.714286 0.455969 0.365949
v 0.714286 0.455969 0.365949
v 0.514677 -0.608611 -0.491194
v 0.514677 -0.608611 -0.491194
v 0.514677 -0.632094 -0.452055
v 0.686888 0.444227 0.420744
v 0.686888 0.444227 0.420744
v 0.686888 0.444227 0.420744
v 0.272016 0.393346 0.729941
v 0.549902 -0.589041 -0.487280
v 0.318982 0.428571 0.663405
v 0.252446 0.420744 0.702544
v 0.005871 -0.636008 -0.009785
v 0.005871 -0.636008 -0.009785
v 0.005871 -0.636008 -0.009785
v 0.005871 -0.636008 -0.009785
v 0.197652 0.416830 0.737769
v -0.013699 -0.604697 -0.021526
v -0.013699 -0.604697 -0.021526
v 0.009785 -0.604697 -0.025440
v 0.009785 -0.604697 -0.025440
v -0.819961 0.436399 -0.033268
v -0.819961 0.436399 -0.033268
v -0.816047 0.448141 -0.080235
v -0.816047 0.448141 -0.080235
v -0.064579 -0.600783 -0.017613
v -0.064579 -0.600783 -0.017613
v 0.189824 0.487280 -0.726027
v 0.189824 0.487280 -0.726027
v -0.048924 -0.604697 -0.013699
v -0.048924 -0.604697 -0.013699
v 0.256360 0.483366 -0.718200
v 0.256360 0.483366 -0.718200
v -0.577299 -0.632094 0.299413
v -0.424658 0.471624 -0.636008
v -0.424658 0.471624 -0.636008
v -0.600783 -0.596869 0.322896
v -0.600783 -0.596869 0.322896
v -0.362035 0.471624 -0.667319
v -0.362035 0.471624 -0.667319
v -0.647750 -0.589041 0.248532
v -0.761252 0.412916 0.244618
v -0.761252 0.412916 0.244618
v -0.714286 0.448141 0.291585
v 0.127202 -0.608611 -0.111546
v 0.127202 -0.608611 -0.111546
v 0.127202 -0.608611 -0.111546
v -0.733855 0.459883 0.240705
v 0.131115 -0.608611 -0.138943
v 0.753425 -0.557730 -0.127202
v -0.600783 0.412916 0.471624
v 0.733855 -0.589041 -0.045010
v 0.733855 -0.589041 -0.045010
v -0.549902 0.444227 0.491194
v -0.581213 0.452055 0.452055
v -0.581213 0.452055 0.452055
v -0.095890 -0.628180 -0.021526
v -0.095890 -0.628180 -0.021526
v -0.088063 -0.589041 -0.037182
v 0.001957 0.412916 0.761252
v -0.076321 -0.596869 -0.025440
v 0.052838 0.444227 0.722113
v -0.013699 0.444227 0.733855
v -0.013699 0.444227 0.733855
v -0.322896 -0.600783 0.557730
v -0.322896 -0.600783 0.557730
v -0.502935 0.420744 -0.624266
v -0.502935 0.420744 -0.624266
v -0.502935 0.420744 -0.624266
v -0.088063 -0.616438 -0.232877
v -0.088063 -0.616438 -0.232877
v -0.549902 0.467710 -0.557730
v -0.115460 -0.608611 -0.201566
v -0.115460 -0.608611 -0.201566
v -0.115460 -0.608611 -0.201566
v -0.115460 -0.608611 -0.201566
v -0.487280 0.471624 -0.596869
v -0.487280 0.471624 -0.596869
v -0.487280 0.471624 -0.596869
v -0.135029 -0.608611 -0.174168
v -0.135029 -0.608611 -0.174168
v -0.135029 -0.608611 -0.174168
v -0.765166 0.416830 -0.330724
v -0.765166 0.416830 -0.330724
v -0.150685 -0.616438 -0.146771
v -0.150685 -0.616438 -0.146771
v -0.769080 0.448141 -0.264188
v -0.769080 0.448141 -0.264188
v -0.045010 -0.667319 -0.135029
v -0.045010 -0.667319 -0.135029
v -0.745597 0.463796 -0.307241
v -0.021526 -0.667319 -0.127202
v -0.033268 -0.667319 -0.115460
v -0.033268 -0.667319 -0.115460
v 0.499022 0.440313 -0.604697
v 0.499022 0.440313 -0.604697
v -0.052838 -0.667319 -0.123288
v -0.052838 -0.667319 -0.123288
v -0.064579 -0.655577 -0.142857
v 0.448141 0.506849 -0.604697
v 0.506849 0.491194 -0.565558
v -0.052838 -0.651663 -0.158513
v -0.052838 -0.651663 -0.158513
v 0.831703 0.420744 -0.052838
v 0.831703 0.420744 -0.052838
v -0.033268 -0.663405 -0.150685
v -0.013699 -0.663405 -0.138943
v 0.816047 0.455969 -0.048924
v -0.025440 -0.643836 -0.158513
v -0.025440 -0.643836 -0.158513
v 0.827789 0.436399 -0.041096
v -0.001957 -0.643836 -0.146771
v 0.001957 -0.659491 -0.127202
v 0.835616 0.424658 0.091977
v 0.816047 0.463796 0.056752
v -0.001957 -0.659491 -0.115460
v 0.812133 0.459883 0.099804
v 0.812133 0.459883 0.099804
v -0.013699 -0.659491 -0.107632
v -0.013699 -0.659491 -0.107632
v 0.045010 0.444227 -0.769080
v 0.045010 0.444227 -0.769080
v 0.009785 -0.639922 -0.111546
v 0.009785 -0.639922 -0.111546
v 0.115460 0.440313 -0.769080
v -0.001957 -0.639922 -0.099804
v -0.001957 -0.639922 -0.099804
v -0.021526 -0.651663 -0.103718
v -0.792564 0.452055 0.076321
v -0.792564 0.452055 0.076321
v -0.037182 -0.651663 -0.107632
v -0.792564 0.463796 0.025440
v -0.017613 -0.636008 -0.095891
v -0.017613 -0.636008 -0.095891
v 0.647750 0.432485 0.471624
v 0.647750 0.432485 0.471624
v -0.037182 -0.632094 -0.099804
v -0.037182 -0.632094 -0.099804
v 0.655577 0.479452 0.412916
v 0.655577 0.479452 0.412916
v 0.655577 0.479452 0.412916
v -0.056752 -0.651663 -0.115460
v 0.620352 0.467710 0.463796
v -0.072407 -0.655577 -0.131115
v -0.072407 -0.655577 -0.131115
v -0.068493 -0.647750 -0.123288
v -0.068493 -0.647750 -0.123288
v -0.080235 -0.632094 -0.131115
v -0.080235 -0.632094 -0.131115
v -0.299413 0.455969 0.659491
v -0.193738 -0.639922 -0.675147
v -0.193738 -0.639922 -0.675147
v -0.362035 0.459883 0.636008
v -0.264188 -0.596869 -0.679061
v -0.264188 -0.596869 -0.679061
v 0.502935 0.471624 0.542074
v -0.189824 -0.612524 -0.698630
v -0.189824 -0.612524 -0.698630
v 0.448141 0.455969 0.581213
v 0.448141 0.455969 0.581213
v -0.119374 -0.624266 -0.706458
v -0.166341 0.459883 0.694716
v -0.577299 -0.620352 -0.428571
v -0.232877 0.455969 0.682975
v -0.232877 0.455969 0.682975
v -0.596869 -0.569472 -0.479452
v -0.084149 0.510763 -0.729941
v -0.084149 0.510763 -0.729941
v -0.545988 -0.589041 -0.491194
v -0.013699 0.502935 -0.737769
v -0.013699 0.502935 -0.737769
v -0.013699 0.502935 -0.737769
v -0.013699 0.502935 -0.737769
v -0.052838 -0.636008 -0.272016
v -0.052838 -0.636008 -0.272016
v -0.792564 0.436399 -0.225049
v -0.013699 -0.632094 -0.264188
v -0.013699 -0.632094 -0.264188
v -0.788650 0.467710 -0.162427
v -0.045010 -0.596869 -0.225049
v -0.769080 0.479452 -0.201566
v -0.769080 0.479452 -0.201566
v 0.025440 -0.628180 -0.264188
v 0.025440 -0.628180 -0.264188
v 0.025440 -0.628180 -0.264188
v -0.690802 0.436399 0.342466
v 0.041096 -0.592955 -0.240704
v -0.639922 0.467710 0.373777
v -0.639922 0.467710 0.373777
v 0.005871 -0.596869 -0.236791
v 0.005871 -0.596869 -0.236791
v 0.005871 -0.596869 -0.236791
v -0.667319 0.475538 0.330724
v -0.667319 0.475538 0.330724
v -0.072407 -0.632094 -0.146771
v -0.072407 -0.632094 -0.146771
v 0.769080 0.483366 0.201566
v 0.769080 0.483366 0.201566
v -0.064579 -0.628180 -0.162427
v -0.064579 -0.628180 -0.162427
v 0.757339 0.475538 0.256360
v 0.757339 0.475538 0.256360
v -0.048924 -0.624266 -0.174168
v -0.048924 -0.624266 -0.174168
v -0.048924 -0.624266 -0.174168
v -0.510763 0.436399 0.530333
v -0.045010 -0.643836 -0.166341
v -0.045010 -0.643836 -0.166341
v -0.455969 0.463796 0.549902
v -0.499022 0.471624 0.510763
v -0.021526 -0.620352 -0.166341
v -0.021526 -0.620352 -0.166341
v -0.084149 0.436399 0.733855
v -0.084149 0.436399 0.733855
v -0.084149 0.436399 0.733855
v 0.080235 -0.624266 -0.045010
v 0.080235 -0.624266 -0.045010
v -0.033268 0.471624 0.706458
v -0.033268 0.471624 0.706458
v -0.033268 0.471624 0.706458
v 0.052838 -0.596869 -0.041096
v -0.099804 0.467710 0.706458
v -0.099804 0.467710 0.706458
v 0.072407 -0.592955 -0.052838
v 0.072407 -0.592955 -0.052838
v 0.072407 -0.592955 -0.052838
v 0.827789 0.436399 -0.017612
v 0.827789 0.436399 -0.017612
v 0.217221 -0.628180 -0.682975
v 0.217221 -0.628180 -0.682975
v 0.221135 -0.596869 -0.710372
v 0.816047 0.463796 -0.017612
v 0.816047 0.463796 -0.017612
v 0.279843 -0.592955 -0.694716
v -0.162427 0.463796 -0.741683
v -0.162427 0.463796 -0.741683
v 0.103718 -0.620352 -0.217221
v 0.103718 -0.620352 -0.217221
v -0.221135 0.518591 -0.694716
v -0.150685 0.514677 -0.714286
v 0.103718 -0.585127 -0.189824
v 0.103718 -0.585127 -0.189824
v 0.103718 -0.585127 -0.189824
v 0.561644 0.471624 -0.526419
v 0.088063 -0.589041 -0.209393
v 0.088063 -0.589041 -0.209393
v 0.510763 0.542074 -0.526419
v -0.154599 -0.624266 -0.119374
v -0.154599 -0.624266 -0.119374
v 0.565558 0.518591 -0.483366
v -0.135029 -0.592955 -0.107632
v -0.135029 -0.592955 -0.107632
v -0.135029 -0.592955 -0.107632
v 0.385519 0.440313 0.624266
v -0.131115 -0.604697 -0.080235
v -0.131115 -0.604697 -0.080235
v 0.416830 0.479452 0.561644
v 0.416830 0.479452 0.561644
v 0.013699 -0.643836 -0.131115
v 0.013699 -0.643836 -0.131115
v 0.013699 -0.643836 -0.131115
v 0.358121 0.467710 0.600783
v 0.358121 0.467710 0.600783
v 0.005871 -0.620352 -0.150685
v 0.005871 -0.620352 -0.150685
v 0.025440 -0.620352 -0.131115
v 0.025440 -0.620352 -0.131115
v -0.659491 0.455969 -0.471624
v -0.679061 0.491194 -0.397260
v -0.679061 0.491194 -0.397260
v -0.639922 0.502935 -0.444227
v -0.639922 0.502935 -0.444227
v -0.604697 0.463796 -0.514677
v 0.581213 -0.616438 0.287671
v 0.581213 -0.616438 0.287671
v -0.749511 0.471624 0.189824
v 0.659491 -0.573385 0.240705
v -0.761252 0.483366 0.135029
v -0.761252 0.483366 0.135029
v 0.604697 -0.585127 0.318982
v 0.604697 -0.585127 0.318982
v 0.581213 0.455969 0.510763
v 0.581213 0.455969 0.510763
v 0.589041 0.495108 0.452055
v -0.072407 -0.628180 -0.119374
v -0.072407 -0.628180 -0.119374
v 0.549902 0.487280 0.499022
v -0.084149 -0.604697 -0.127202
v 0.318982 0.475538 -0.698630
v 0.318982 0.475538 -0.698630
v -0.702544 -0.608611 0.068493
v -0.702544 -0.608611 0.068493
v 0.260274 0.534247 -0.682975
v 0.322896 0.526419 -0.659491
v -0.722113 -0.569472 0.088063
v -0.722113 -0.569472 0.088063
v -0.592955 0.510763 -0.487280
v -0.765166 -0.565558 0.009785
v -0.804305 0.459883 -0.123288
v -0.115460 -0.596869 -0.729941
v -0.792564 0.491194 -0.068493
v -0.792564 0.491194 -0.068493
v -0.045010 -0.604697 -0.733855
v -0.045010 -0.604697 -0.733855
v -0.780822 0.499022 -0.107632
v -0.780822 0.499022 -0.107632
v -0.495108 -0.612524 -0.499022
v -0.495108 -0.612524 -0.499022
v -0.526419 -0.557730 -0.538160
v 0.804305 0.455969 0.146771
v 0.804305 0.455969 0.146771
v 0.804305 0.455969 0.146771
v -0.471624 -0.577299 -0.553816
v -0.471624 -0.577299 -0.553816
v -0.471624 -0.577299 -0.553816
v -0.471624 -0.577299 -0.553816
v 0.784736 0.495108 0.099804
v 0.784736 0.495108 0.099804
v 0.776908 0.491194 0.150685
v -0.612524 0.455969 0.412916
v -0.612524 0.455969 0.412916
v -0.056752 -0.628180 -0.107632
v -0.056752 -0.628180 -0.107632
v -0.056752 -0.628180 -0.107632
v -0.056752 -0.628180 -0.107632
v -0.056752 -0.628180 -0.107632
v -0.561644 0.483366 0.432485
v -0.561644 0.483366 0.432485
v -0.033268 -0.608611 -0.091977
v -0.033268 -0.608611 -0.091977
v -0.589041 0.491194 0.397260
v -0.056752 -0.604697 -0.099804
v -0.056752 -0.604697 -0.099804
v 0.228963 0.444227 0.679061
v -0.076321 -0.604697 -0.111546
v -0.076321 -0.604697 -0.111546
v 0.295499 0.455969 0.639922
v 0.021527 -0.616438 -0.107632
v 0.021527 -0.616438 -0.107632
v 0.272016 0.479452 0.616438
v 0.005871 -0.612524 -0.091977
v 0.005871 -0.612524 -0.091977
v 0.005871 -0.612524 -0.091977
v 0.205480 0.471624 0.651663
v 0.279843 -0.612524 0.553816
v 0.279843 -0.612524 0.553816
v 0.397260 -0.577299 0.538160
v 0.397260 -0.577299 0.538160
v 0.295499 -0.581213 0.581213
v -0.412916 0.522505 -0.608611
v -0.412916 0.522505 -0.608611
v -0.350294 0.518591 -0.639922
v 0.174168 -0.589041 0.612525
v 0.620352 0.495108 -0.440313
v 0.565558 0.561644 -0.440313
v 0.565558 0.561644 -0.440313
v -0.052838 -0.600783 -0.185910
v -0.052838 -0.600783 -0.185910
v 0.620352 0.534247 -0.393346
v 0.620352 0.534247 -0.393346
v -0.021526 -0.592955 -0.174168
v -0.021526 -0.592955 -0.174168
v 0.780822 -0.526419 -0.099804
v 0.780822 -0.526419 -0.099804
v 0.737769 0.467710 0.311155
v 0.737769 0.467710 0.311155
v 0.737769 0.467710 0.311155
v 0.761252 -0.557730 -0.021526
v 0.761252 -0.557730 -0.021526
v -0.542074 -0.600783 0.389432
v -0.542074 -0.600783 0.389432
v -0.542074 -0.600783 0.389432
v -0.542074 -0.600783 0.389432
v 0.729941 0.514677 0.256360
v 0.729941 0.514677 0.256360
v -0.557730 -0.557730 0.409002
v -0.557730 -0.557730 0.409002
v 0.706458 0.502935 0.311155
v 0.706458 0.502935 0.311155
v -0.620352 -0.557730 0.342466
v 0.330724 0.491194 0.577299
v 0.330724 0.491194 0.577299
v 0.021527 -0.612524 -0.722113
v 0.021527 -0.612524 -0.722113
v -0.534247 0.518591 -0.534247
v -0.534247 0.518591 -0.534247
v -0.479452 0.522505 -0.577299
v -0.479452 0.522505 -0.577299
v 0.029354 -0.581213 -0.753425
v 0.029354 -0.581213 -0.753425
v 0.029354 -0.581213 -0.753425
v 0.029354 -0.581213 -0.753425
v 0.095890 -0.589041 -0.741683
v 0.095890 -0.589041 -0.741683
v -0.412916 0.459883 0.592955
v -0.412916 0.459883 0.592955
v 0.432485 -0.596869 -0.589041
v -0.358121 0.487280 0.600783
v 0.432485 -0.573385 -0.624266
v -0.405088 0.491194 0.565558
v -0.405088 0.491194 0.565558
v 0.475538 -0.557730 -0.612524
v 0.475538 -0.557730 -0.612524
v -0.174168 0.483366 0.663405
v 0.475538 -0.581213 -0.581213
v -0.236791 0.479452 0.647750
v -0.236791 0.479452 0.647750
v 0.651663 -0.592955 -0.358121
v 0.651663 -0.592955 -0.358121
v 0.119374 0.452055 0.702544
v 0.119374 0.452055 0.702544
v 0.643836 -0.561644 -0.416830
v 0.643836 -0.561644 -0.416830
v 0.185910 0.491194 0.624266
v 0.671233 -0.538160 -0.401174
v 0.671233 -0.538160 -0.401174
v 0.099804 0.471624 0.667319
v 0.099804 0.471624 0.667319
v 0.679061 -0.569472 -0.342466
v 0.679061 -0.569472 -0.342466
v 0.816047 0.467710 0.017613
v 0.816047 0.467710 0.017613
v -0.726027 -0.577299 -0.291585
v -0.726027 -0.577299 -0.291585
v 0.796477 0.495108 -0.025440
v -0.761252 -0.542074 -0.268102
v -0.761252 -0.542074 -0.268102
v 0.792564 0.499022 0.013699
v 0.792564 0.499022 0.013699
v -0.745597 -0.510763 -0.350294
v -0.706458 -0.545988 -0.373777
v -0.686888 0.483366 0.283757
v 0.111546 -0.581213 -0.115460
v 0.111546 -0.581213 -0.115460
v 0.111546 -0.581213 -0.115460
v -0.706458 0.495108 0.236791
v 0.111546 -0.581213 -0.138943
v 0.111546 -0.581213 -0.138943
v -0.048924 0.491194 0.671233
v -0.048924 0.491194 0.671233
v -0.048924 0.491194 0.671233
v 0.013699 -0.592955 -0.154599
v 0.013699 -0.592955 -0.154599
v -0.111546 0.491194 0.675147
v 0.037182 -0.596869 -0.131115
v 0.037182 -0.596869 -0.131115
v 0.052838 0.499022 -0.737769
v 0.052838 0.499022 -0.737769
v 0.088063 -0.589041 -0.068493
v 0.088063 -0.589041 -0.068493
v 0.103718 -0.585127 -0.091977
v 0.103718 -0.585127 -0.091977
v 0.123288 0.491194 -0.737769
v 0.123288 0.491194 -0.737769
v 0.123288 0.491194 -0.737769
v -0.033268 -0.604697 -0.013699
v -0.033268 -0.604697 -0.013699
v -0.714286 0.475538 -0.350294
v -0.041096 -0.577299 -0.025440
v -0.722113 0.506849 -0.279843
v -0.025440 -0.577299 -0.029354
v -0.694716 0.518591 -0.322896
v 0.385519 -0.589041 -0.632094
v 0.385519 -0.589041 -0.632094
v 0.671233 0.506849 -0.350294
v 0.385519 -0.565558 -0.663405
v 0.385519 -0.565558 -0.663405
v 0.432485 -0.549902 -0.651663
v 0.432485 -0.549902 -0.651663
v 0.616438 0.573385 -0.350294
v 0.667319 0.542074 -0.307241
v -0.088063 -0.585127 -0.189824
v -0.088063 -0.585127 -0.189824
v -0.111546 -0.585127 -0.162427
v -0.111546 -0.585127 -0.162427
v -0.111546 -0.585127 -0.162427
v 0.714286 0.506849 -0.264188
v 0.714286 0.506849 -0.264188
v -0.013699 -0.608611 -0.088063
v -0.013699 -0.608611 -0.088063
v 0.663405 0.577299 -0.260274
v 0.009785 -0.589041 -0.084149
v 0.009785 -0.589041 -0.084149
v 0.009785 -0.589041 -0.084149
v 0.710372 0.538160 -0.221135
v 0.710372 0.538160 -0.221135
v -0.009785 -0.585127 -0.076321
v -0.796477 0.479452 -0.021526
v -0.111546 -0.577299 -0.076321
v -0.111546 -0.577299 -0.076321
v -0.765166 0.502935 0.033268
v -0.099804 -0.585127 -0.056752
v -0.099804 -0.585127 -0.056752
v -0.765166 0.514677 -0.013699
v 0.029354 -0.600783 -0.033268
v 0.753425 0.506849 -0.185910
v 0.009785 -0.577299 -0.037182
v 0.009785 -0.577299 -0.037182
v 0.706458 0.569472 -0.174168
v 0.706458 0.569472 -0.174168
v 0.706458 0.569472 -0.174168
v 0.029354 -0.573385 -0.041096
v 0.749511 0.534247 -0.142857
v 0.784736 0.499022 -0.119374
v 0.784736 0.499022 -0.119374
v -0.068493 -0.569472 -0.045010
v 0.741683 0.553816 -0.099804
v 0.741683 0.553816 -0.099804
v -0.060665 -0.573385 -0.033268
v 0.776908 0.514677 -0.080235
v 0.033268 -0.604697 0.624266
v 0.033268 -0.604697 0.624266
v 0.029354 -0.573385 0.651663
v 0.029354 -0.573385 0.651663
v 0.029354 -0.573385 0.651663
v -0.111546 -0.589041 0.639922
v -0.111546 -0.589041 0.639922
v 0.800391 0.483366 -0.060665
v -0.409002 -0.592955 -0.581213
v -0.409002 -0.592955 -0.581213
v -0.409002 -0.592955 -0.581213
v -0.459883 -0.545988 -0.596869
v -0.459883 -0.545988 -0.596869
v -0.401174 -0.561644 -0.620352
v -0.401174 -0.561644 -0.620352
v -0.401174 -0.561644 -0.620352
v 0.017613 0.440313 0.256360
v 0.013699 0.444227 0.244618
v -0.001957 0.448141 0.244618
v -0.001957 -0.565558 -0.217221
v -0.001957 -0.565558 -0.217221
v 0.001957 0.444227 0.252446
v -0.041096 -0.561644 -0.201566
v -0.041096 -0.561644 -0.201566
v -0.072407 -0.561644 -0.178082
v -0.072407 -0.561644 -0.178082
v 0.017613 0.452055 0.268102
v 0.017613 0.452055 0.268102
v -0.080235 -0.604697 -0.146771
v 0.029354 0.455969 0.268102
v 0.029354 0.455969 0.268102
v -0.091977 -0.585127 -0.123288
v -0.091977 -0.585127 -0.123288
v 0.029354 0.448141 0.256360
v -0.084149 -0.581213 -0.146771
v -0.068493 -0.604697 -0.166341
v -0.068493 -0.604697 -0.166341
v -0.072407 0.561644 -0.702544
v -0.005871 0.553816 -0.706458
v -0.005871 0.553816 -0.706458
v 0.542074 -0.592955 0.389432
v 0.542074 -0.592955 0.389432
v 0.001957 0.452055 0.236791
v 0.624266 -0.553816 0.342466
v 0.624266 -0.553816 0.342466
v 0.021527 0.448141 0.248532
v 0.557730 -0.561644 0.412916
v 0.557730 -0.561644 0.412916
v 0.557730 -0.561644 0.412916
v 0.013699 0.455969 0.240705
v 0.158513 -0.596869 -0.726027
v 0.158513 -0.596869 -0.726027
v -0.005871 0.467710 0.232877
v -0.005871 0.467710 0.232877
v -0.017613 0.467710 0.232877
v -0.017613 0.467710 0.232877
v 0.162427 -0.565558 -0.753425
v 0.162427 -0.565558 -0.753425
v 0.162427 -0.565558 -0.753425
v 0.162427 -0.565558 -0.753425
v -0.005871 0.452055 0.236791
v 0.225049 -0.569472 -0.741683
v 0.225049 -0.569472 -0.741683
v 0.033268 0.463796 0.256360
v 0.033268 0.463796 0.256360
v 0.068493 -0.592955 -0.228963
v 0.072407 -0.565558 -0.201566
v 0.072407 -0.565558 -0.201566
v -0.017613 0.463796 0.244618
v -0.017613 0.463796 0.244618
v 0.052838 -0.565558 -0.213307
v 0.052838 -0.565558 -0.213307
v -0.001957 0.455969 0.260274
v -0.001957 0.455969 0.260274
v -0.072407 -0.581213 -0.170254
v -0.072407 -0.581213 -0.170254
v -0.037182 0.487280 0.252446
v -0.037182 0.487280 0.252446
v -0.013699 0.475538 0.275930
v -0.013699 0.475538 0.275930
v -0.013699 0.475538 0.275930
v -0.769080 -0.573385 -0.185910
v -0.769080 -0.573385 -0.185910
v 0.009785 0.471624 0.287671
v -0.796477 -0.534247 -0.162427
v -0.796477 -0.534247 -0.162427
v 0.682975 0.491194 0.362035
v 0.682975 0.491194 0.362035
v -0.796477 -0.506849 -0.248532
v -0.796477 -0.506849 -0.248532
v -0.796477 -0.506849 -0.248532
v 0.679061 0.538160 0.307241
v -0.080235 -0.581213 -0.103718
v 0.651663 0.522505 0.358121
v 0.726027 -0.577299 0.056751
v 0.726027 -0.577299 0.056751
v 0.726027 -0.577299 0.056751
v -0.530333 0.475538 0.471624
v -0.530333 0.475538 0.471624
v -0.530333 0.475538 0.471624
v -0.483366 0.502935 0.487280
v -0.483366 0.502935 0.487280
v 0.784736 -0.522505 0.005871
v 0.745597 -0.542074 0.084149
v 0.745597 -0.542074 0.084149
v -0.510763 0.506849 0.452055
v -0.510763 0.506849 0.452055
v -0.221135 -0.592955 0.600783
v -0.221135 -0.592955 0.600783
v -0.221135 -0.592955 0.600783
v 0.557730 0.522505 0.440313
v -0.236791 -0.553816 0.624266
v -0.236791 -0.553816 0.624266
v 0.518591 0.510763 0.483366
v -0.338552 -0.561644 0.581213
v -0.338552 -0.561644 0.581213
v 0.033268 0.463796 0.686888
v 0.033268 0.463796 0.686888
v 0.033268 0.463796 0.686888
v -0.334638 -0.577299 -0.651663
v -0.334638 -0.577299 -0.651663
v 0.080235 0.491194 0.632094
v 0.080235 0.491194 0.632094
v 0.013699 0.483366 0.651663
v 0.013699 0.483366 0.651663
v -0.393346 -0.534247 -0.655577
v -0.393346 -0.534247 -0.655577
v -0.326810 -0.549902 -0.679061
v -0.326810 -0.549902 -0.679061
v -0.749511 0.491194 -0.240704
v -0.745597 0.518591 -0.181996
v -0.745597 0.518591 -0.181996
v 0.506849 -0.542074 -0.604697
v 0.506849 -0.542074 -0.604697
v -0.726027 0.530333 -0.217221
v 0.510763 -0.565558 -0.573385
v 0.510763 -0.565558 -0.573385
v 0.757339 0.534247 0.099804
v 0.616438 -0.581213 -0.428571
v 0.749511 0.530333 0.150685
v 0.608611 -0.557730 -0.475538
v 0.608611 -0.557730 -0.475538
v -0.612524 0.499022 0.358121
v 0.636008 -0.534247 -0.463796
v 0.636008 -0.534247 -0.463796
v -0.636008 0.510763 0.318982
v -0.636008 0.510763 0.318982
v -0.765166 0.495108 0.080235
v -0.765166 0.495108 0.080235
v -0.765166 0.495108 0.080235
v 0.702544 -0.514677 -0.385519
v 0.702544 -0.514677 -0.385519
v 0.702544 -0.514677 -0.385519
v 0.706458 -0.545988 -0.322896
v 0.706458 -0.545988 -0.322896
v 0.706458 -0.545988 -0.322896
v 0.706458 -0.545988 -0.322896
v -0.733855 0.522505 0.135029
v -0.733855 0.522505 0.135029
v -0.686888 -0.577299 0.170254
v -0.686888 -0.577299 0.170254
v -0.737769 0.530333 0.084149
v -0.706458 -0.538160 0.193738
v -0.706458 -0.538160 0.193738
v -0.706458 -0.538160 0.193738
v 0.037182 0.471624 0.279843
v -0.745597 -0.526419 0.111546
v -0.745597 -0.526419 0.111546
v -0.745597 -0.526419 0.111546
v 0.005871 0.491194 0.315068
v 0.005871 0.491194 0.315068
v 0.052838 0.495108 0.299413
v 0.330724 -0.577299 -0.675147
v 0.330724 -0.577299 -0.675147
v 0.385519 0.518591 -0.632094
v 0.385519 0.518591 -0.632094
v 0.334638 -0.549902 -0.706458
v 0.334638 -0.549902 -0.706458
v 0.334638 -0.549902 -0.706458
v 0.385519 -0.538160 -0.690802
v 0.385519 -0.538160 -0.690802
v 0.385519 -0.538160 -0.690802
v 0.385519 -0.538160 -0.690802
v 0.326810 0.573385 -0.616438
v 0.389432 0.565558 -0.592955
v 0.389432 0.565558 -0.592955
v -0.052838 -0.577299 -0.193738
v -0.052838 -0.577299 -0.193738
v 0.009785 0.471624 0.236791
v -0.017613 -0.569472 -0.178082
v -0.017613 -0.569472 -0.178082
v -0.017613 -0.569472 -0.178082
v 0.033268 0.483366 0.256360
v 0.033268 0.483366 0.256360
v -0.080235 -0.561644 -0.060665
v 0.001957 0.491194 0.228963
v 0.737769 -0.553816 -0.228963
v -0.017613 0.487280 0.221135
v -0.017613 0.487280 0.221135
v -0.017613 0.487280 0.221135
v 0.737769 -0.518591 -0.303327
v 0.737769 -0.518591 -0.303327
v 0.471624 0.495108 0.522505
v 0.765166 -0.487280 -0.275930
v 0.765166 -0.487280 -0.275930
v 0.765166 -0.487280 -0.275930
v 0.487280 0.538160 0.467710
v 0.761252 -0.522505 -0.205479
v 0.440313 0.518591 0.502935
v 0.440313 0.518591 0.502935
v -0.127202 -0.589041 -0.135029
v -0.299413 0.479452 0.624266
v -0.111546 -0.565558 -0.123288
v -0.111546 -0.565558 -0.123288
v -0.240704 0.502935 0.612525
v -0.240704 0.502935 0.612525
v -0.115460 -0.569472 -0.099804
v -0.115460 -0.569472 -0.099804
v -0.115460 -0.569472 -0.099804
v -0.115460 -0.569472 -0.099804
v -0.299413 0.502935 0.592955
v 0.029354 -0.592955 -0.103718
v 0.029354 -0.592955 -0.103718
v -0.205479 0.565558 -0.667319
v 0.048924 -0.577299 -0.131115
v 0.048924 -0.577299 -0.131115
v -0.138943 0.565558 -0.686888
v 0.037182 -0.573385 -0.099804
v 0.788650 0.499022 0.056752
v 0.788650 0.499022 0.056752
v 0.788650 0.499022 0.056752
v 0.048924 -0.569472 -0.048924
v 0.048924 -0.569472 -0.048924
v 0.064579 -0.565558 -0.060665
v 0.765166 0.534247 0.005871
v 0.765166 0.534247 0.005871
v -0.260274 -0.569472 -0.702544
v -0.260274 -0.569472 -0.702544
v -0.260274 -0.569472 -0.702544
v 0.761252 0.534247 0.052838
v 0.761252 0.534247 0.052838
v -0.322896 -0.522505 -0.706458
v -0.322896 -0.522505 -0.706458
v -0.322896 -0.522505 -0.706458
v -0.064579 0.510763 0.639922
v -0.064579 0.510763 0.639922
v -0.256360 -0.538160 -0.729941
v -0.123288 0.510763 0.643836
v -0.185910 -0.585127 -0.722113
v -0.037182 0.499022 0.225049
v -0.037182 0.499022 0.225049
v -0.037182 0.499022 0.225049
v -0.037182 0.499022 0.225049
v -0.181996 -0.553816 -0.745597
v -0.111546 -0.565558 -0.753425
v -0.045010 0.518591 0.201566
v -0.072407 0.549902 0.197652
v 0.581213 -0.573385 -0.483366
v -0.072407 0.538160 0.228963
v -0.072407 0.538160 0.228963
v 0.573385 -0.549902 -0.522505
v 0.573385 -0.549902 -0.522505
v 0.596869 -0.530333 -0.514677
v 0.596869 -0.530333 -0.514677
v 0.041096 0.510763 0.358121
v 0.041096 0.510763 0.358121
v 0.041096 0.510763 0.358121
v 0.084149 0.522505 0.362035
v 0.084149 0.522505 0.362035
v 0.091977 0.526419 0.311155
v 0.091977 0.526419 0.311155
v 0.091977 0.526419 0.311155
v 0.091977 0.526419 0.311155
v 0.111546 -0.585127 -0.166341
v 0.111546 -0.585127 -0.166341
v 0.048924 0.522505 0.264188
v 0.048924 0.522505 0.264188
v 0.048924 0.522505 0.264188
v 0.025440 0.502935 0.244618
v 0.025440 0.502935 0.244618
v 0.025440 0.502935 0.244618
v 0.095890 -0.565558 -0.142857
v 0.095890 -0.565558 -0.162427
v -0.448141 0.495108 0.526419
v 0.545988 -0.569472 -0.530333
v 0.545988 -0.569472 -0.530333
v 0.545988 -0.569472 -0.530333
v -0.397260 0.514677 0.538160
v -0.397260 0.514677 0.538160
v -0.397260 0.514677 0.538160
v -0.436399 0.522505 0.502935
v -0.436399 0.522505 0.502935
v 0.542074 -0.545988 -0.565558
v 0.542074 -0.545988 -0.565558
v 0.565558 -0.526419 -0.557730
v 0.565558 -0.526419 -0.557730
v 0.565558 -0.526419 -0.557730
v -0.287671 0.522505 -0.671233
v -0.726027 -0.479452 -0.420744
v -0.682975 -0.510763 -0.440313
v -0.682975 -0.510763 -0.440313
v -0.334638 0.569472 -0.612524
v -0.272016 0.569472 -0.643836
v 0.080235 -0.565558 -0.076321
v 0.088063 -0.565558 -0.095891
v -0.620352 0.545988 -0.416830
v -0.620352 0.545988 -0.416830
v -0.033268 -0.585127 -0.080235
v -0.033268 -0.585127 -0.080235
v -0.573385 0.553816 -0.459883
v -0.573385 0.553816 -0.459883
v -0.009785 -0.565558 -0.068493
v -0.009785 -0.565558 -0.068493
v -0.765166 0.506849 -0.146771
v -0.033268 -0.561644 -0.072407
v -0.033268 -0.561644 -0.072407
v -0.056752 -0.581213 -0.091977
v -0.757339 0.534247 -0.095890
v -0.757339 0.534247 -0.095890
v 0.702544 -0.557730 0.162427
v -0.741683 0.542074 -0.131115
v -0.741683 0.542074 -0.131115
v -0.741683 0.542074 -0.131115
v -0.741683 0.542074 -0.131115
v 0.761252 -0.502935 0.107632
v 0.761252 -0.502935 0.107632
v -0.538160 0.514677 0.416830
v -0.538160 0.514677 0.416830
v 0.722113 -0.522505 0.185910
v -0.565558 0.522505 0.381605
v 0.487280 -0.569472 0.483366
v 0.487280 -0.569472 0.483366
v 0.624266 0.510763 0.405088
v 0.624266 0.510763 0.405088
v 0.573385 -0.522505 0.436399
v 0.573385 -0.522505 0.436399
v 0.620352 0.553816 0.350294
v 0.499022 -0.534247 0.506849
v 0.499022 -0.534247 0.506849
v 0.499022 -0.534247 0.506849
v 0.589041 0.538160 0.397260
v 0.589041 0.538160 0.397260
v -0.041096 -0.573385 -0.757339
v -0.041096 -0.573385 -0.757339
v 0.389432 0.502935 0.542074
v 0.389432 0.502935 0.542074
v 0.389432 0.502935 0.542074
v -0.107632 -0.534247 -0.772994
v 0.412916 0.542074 0.487280
v -0.037182 -0.545988 -0.780822
v -0.037182 -0.545988 -0.780822
v 0.362035 0.526419 0.522505
v 0.033268 -0.553816 -0.776908
v 0.033268 -0.553816 -0.776908
v 0.033268 -0.553816 -0.776908
v -0.518591 0.561644 -0.502935
v -0.518591 0.561644 -0.502935
v 0.534247 -0.522505 -0.596869
v -0.463796 0.565558 -0.545988
v 0.729941 -0.483366 -0.362035
v -0.722113 0.510763 0.185910
v -0.671233 0.526419 0.228963
v -0.671233 0.526419 0.228963
v -0.056752 -0.561644 -0.084149
v -0.080235 -0.561644 -0.099804
v -0.686888 0.538160 0.181996
v -0.005871 -0.577299 -0.033268
v -0.033268 0.502935 0.299413
v -0.033268 0.502935 0.299413
v -0.033268 0.502935 0.299413
v -0.021526 -0.561644 -0.037182
v -0.005871 -0.557730 -0.041096
v -0.068493 0.526419 0.268102
v -0.068493 0.526419 0.268102
v -0.780822 -0.549902 -0.076321
v -0.088063 0.542074 0.315068
v -0.808219 -0.506849 -0.052838
v -0.048924 0.522505 0.334638
v -0.048924 0.522505 0.334638
v 0.248532 0.502935 0.592955
v -0.823875 -0.491194 -0.138943
v -0.823875 -0.491194 -0.138943
v 0.307241 0.510763 0.557730
v 0.307241 0.510763 0.557730
v -0.052838 -0.577299 -0.025440
v 0.283757 0.530333 0.530333
v 0.283757 0.530333 0.530333
v -0.045010 -0.557730 -0.041096
v 0.225049 0.518591 0.565558
v 0.225049 0.518591 0.565558
v 0.225049 0.518591 0.565558
v -0.041096 -0.561644 -0.033268
v 0.162427 0.506849 0.596869
v 0.162427 0.506849 0.596869
v -0.495108 -0.561644 0.471624
v 0.201566 0.530333 0.538160
v 0.201566 0.530333 0.538160
v -0.420744 -0.561644 0.526419
v -0.510763 -0.514677 0.487280
v -0.510763 -0.514677 0.487280
v 0.142857 0.522505 0.565558
v -0.573385 -0.514677 0.424658
v -0.573385 -0.514677 0.424658
v -0.573385 -0.514677 0.424658
v 0.060665 0.506849 0.600783
v -0.001957 0.506849 0.624266
v -0.436399 -0.514677 0.545988
v -0.639922 -0.542074 -0.463796
v 0.741683 0.522505 0.205480
v 0.722113 0.569472 0.150685
v -0.659491 -0.479452 -0.495108
v -0.659491 -0.479452 -0.495108
v -0.659491 -0.479452 -0.495108
v 0.718200 0.565558 0.205480
v -0.616438 -0.510763 -0.514677
v -0.616438 -0.510763 -0.514677
v -0.107632 0.581213 0.225049
v -0.107632 0.581213 0.225049
v -0.115460 0.577299 0.260274
v -0.115460 0.577299 0.260274
v -0.088063 -0.561644 -0.146771
v -0.072407 -0.561644 -0.174168
v -0.072407 -0.561644 -0.174168
v -0.131115 0.573385 0.299413
v 0.279843 -0.561644 -0.722113
v 0.279843 -0.561644 -0.722113
v 0.334638 0.545988 0.499022
v 0.283757 -0.534247 -0.749511
v -0.181996 0.506849 0.632094
v 0.338552 -0.522505 -0.729941
v 0.338552 -0.522505 -0.729941
v 0.338552 -0.522505 -0.729941
v 0.338552 -0.522505 -0.729941
v -0.135029 0.530333 0.608611
v 0.029354 -0.565558 -0.221135
v 0.029354 -0.565558 -0.221135
v -0.189824 0.526419 0.596869
v 0.197652 0.538160 -0.694716
v 0.041096 -0.549902 -0.201566
v 0.041096 -0.549902 -0.201566
v 0.131115 0.545988 -0.706458
v 0.131115 0.545988 -0.706458
v 0.021527 -0.545988 -0.209393
v 0.021527 -0.545988 -0.209393
v 0.201566 0.589041 -0.659491
v 0.021527 -0.573385 -0.158513
v 0.021527 -0.573385 -0.158513
v 0.021527 -0.573385 -0.158513
v 0.021527 -0.573385 -0.158513
v 0.013699 0.518591 0.232877
v 0.013699 0.518591 0.232877
v 0.013699 0.518591 0.232877
v -0.013699 -0.553816 -0.185910
v -0.013699 -0.553816 -0.185910
v -0.013699 -0.553816 -0.185910
v -0.013699 -0.553816 -0.185910
v -0.005871 0.506849 0.217221
v -0.005871 0.506849 0.217221
v -0.005871 0.506849 0.217221
v -0.005871 0.506849 0.217221
v 0.025440 -0.557730 -0.170254
v 0.025440 -0.557730 -0.170254
v 0.025440 -0.557730 -0.170254
v 0.025440 -0.557730 -0.170254
v -0.655577 0.518591 0.275930
v -0.655577 0.518591 0.275930
v 0.013699 -0.557730 -0.045010
v 0.013699 -0.557730 -0.045010
v 0.013699 -0.557730 -0.045010
v -0.608611 0.542074 0.307241
v 0.029354 -0.553816 -0.052838
v -0.624266 0.549902 0.264188
v -0.671233 -0.549902 0.272016
v -0.671233 -0.549902 0.272016
v -0.467710 0.530333 0.467710
v -0.690802 -0.506849 0.295499
v -0.495108 0.534247 0.432485
v -0.495108 0.534247 0.432485
v -0.729941 -0.495108 0.217221
v -0.729941 -0.495108 0.217221
v -0.021526 0.502935 0.209393
v -0.021526 0.502935 0.209393
v -0.021526 0.502935 0.209393
v -0.099804 -0.553816 -0.095891
v -0.021526 0.510763 0.197652
v -0.021526 0.510763 0.197652
v -0.041096 0.526419 0.185910
v -0.091977 -0.557730 -0.076321
v -0.091977 -0.557730 -0.076321
v -0.350294 0.506849 0.565558
v -0.299413 0.526419 0.561644
v 0.099804 -0.561644 -0.769080
v 0.099804 -0.561644 -0.769080
v -0.346380 0.530333 0.538160
v 0.103718 -0.534247 -0.792564
v 0.103718 -0.534247 -0.792564
v 0.103718 -0.534247 -0.792564
v 0.166340 -0.538160 -0.776908
v 0.166340 -0.538160 -0.776908
v 0.166340 -0.538160 -0.776908
v 0.064579 0.549902 -0.706458
v 0.064579 0.549902 -0.706458
v -0.573385 -0.534247 -0.530333
v -0.573385 -0.534247 -0.530333
v 0.005871 0.604697 -0.675147
v 0.072407 0.600783 -0.679061
v 0.072407 0.600783 -0.679061
v -0.596869 -0.479452 -0.557730
v -0.596869 -0.479452 -0.557730
v 0.452055 0.557730 -0.565558
v -0.553816 -0.506849 -0.569472
v -0.553816 -0.506849 -0.569472
v 0.389432 0.612525 -0.549902
v 0.389432 0.612525 -0.549902
v 0.088063 -0.565558 -0.181996
v 0.084149 -0.553816 -0.162427
v 0.455969 0.604697 -0.522505
v 0.455969 0.604697 -0.522505
v 0.076321 -0.553816 -0.178082
v -0.659491 0.534247 -0.369863
v 0.792564 -0.455969 -0.252446
v 0.792564 -0.455969 -0.252446
v 0.792564 -0.455969 -0.252446
v -0.675147 0.561644 -0.299413
v 0.788650 -0.491194 -0.178082
v 0.788650 -0.491194 -0.178082
v -0.639922 0.573385 -0.342466
v 0.013699 -0.569472 -0.076321
v 0.013699 -0.569472 -0.076321
v 0.013699 -0.569472 -0.076321
v -0.765166 0.526419 -0.056751
v 0.041096 -0.557730 -0.084149
v 0.041096 -0.557730 -0.084149
v 0.017613 -0.553816 -0.064579
v 0.017613 -0.553816 -0.064579
v 0.017613 -0.553816 -0.064579
v 0.017613 -0.553816 -0.064579
v -0.737769 0.549902 -0.009785
v -0.737769 0.557730 -0.048924
v 0.045010 -0.553816 -0.056752
v 0.045010 -0.553816 -0.056752
v 0.056752 -0.553816 -0.068493
v -0.005871 0.514677 0.350294
v -0.005871 0.514677 0.350294
v -0.064579 0.542074 0.373777
v -0.064579 0.542074 0.373777
v -0.064579 0.542074 0.373777
v -0.017613 0.534247 0.389432
v -0.017613 0.534247 0.389432
v -0.017613 0.534247 0.389432
v -0.060665 -0.549902 -0.064579
v -0.060665 -0.549902 -0.064579
v 0.178082 -0.557730 0.639922
v 0.181996 0.538160 0.506849
v 0.181996 0.538160 0.506849
v 0.181996 0.538160 0.506849
v 0.307241 -0.545988 0.608611
v 0.123288 0.530333 0.534247
v 0.123288 0.530333 0.534247
v 0.178082 -0.518591 0.671233
v 0.025440 -0.534247 0.679061
v 0.025440 -0.534247 0.679061
v 0.041096 0.522505 0.569472
v -0.017613 0.522505 0.592955
v -0.119374 -0.549902 0.663405
v 0.769080 0.526419 -0.037182
v -0.135029 -0.506849 0.690802
v -0.252446 -0.510763 0.647750
v -0.252446 -0.510763 0.647750
v 0.737769 0.569472 -0.052838
v -0.095890 -0.561644 -0.150685
v -0.095890 -0.561644 -0.150685
v 0.733855 0.573385 -0.001957
v 0.733855 0.573385 -0.001957
v -0.084149 -0.545988 -0.142857
v 0.733855 0.577299 0.048924
v -0.095890 -0.549902 -0.119374
v -0.095890 -0.549902 -0.119374
v -0.095890 -0.549902 -0.119374
v 0.585127 0.577299 0.342466
v 0.557730 0.561644 0.385519
v 0.557730 0.561644 0.385519
v -0.091977 -0.565558 -0.119374
v -0.091977 -0.565558 -0.119374
v -0.091977 -0.549902 -0.119374
v -0.091977 -0.549902 -0.119374
v -0.589041 0.534247 0.346380
v -0.542074 0.553816 0.369863
v -0.565558 0.561644 0.334638
v 0.679061 -0.538160 0.268102
v 0.741683 -0.483366 0.213307
v 0.741683 -0.483366 0.213307
v -0.737769 0.538160 0.037182
v 0.690802 -0.499022 0.291585
v -0.702544 0.561644 0.084149
v -0.706458 0.569472 0.037182
v 0.095890 -0.565558 -0.119374
v 0.095890 -0.565558 -0.119374
v 0.076321 -0.553816 -0.103718
v 0.702544 0.553816 0.260274
v 0.702544 0.553816 0.260274
v 0.084149 -0.553816 -0.123288
v 0.084149 -0.553816 -0.123288
v 0.686888 0.600783 0.205480
v 0.686888 0.600783 0.205480
v 0.412916 -0.542074 0.565558
v 0.412916 -0.542074 0.565558
v 0.412916 -0.542074 0.565558
v 0.675147 0.592955 0.260274
v 0.510763 -0.491194 0.530333
v 0.510763 -0.491194 0.530333
v -0.389432 0.538160 0.510763
v -0.389432 0.538160 0.510763
v 0.424658 -0.499022 0.589041
v 0.424658 -0.499022 0.589041
v -0.424658 0.545988 0.479452
v -0.510763 -0.526419 -0.581213
v -0.510763 -0.526419 -0.581213
v -0.244618 0.526419 0.581213
v -0.244618 0.526419 0.581213
v -0.538160 -0.475538 -0.604697
v -0.495108 -0.495108 -0.616438
v -0.197652 0.545988 0.565558
v -0.197652 0.545988 0.565558
v -0.248532 0.545988 0.549902
v -0.048924 -0.557730 -0.197652
v -0.048924 -0.557730 -0.197652
v -0.702544 0.545988 -0.256360
v -0.706458 0.565558 -0.197652
v -0.068493 -0.545988 -0.174168
v -0.045010 -0.542074 -0.197652
v -0.045010 -0.542074 -0.197652
v -0.682975 0.581213 -0.232877
v 0.056752 -0.565558 -0.154599
v -0.005871 0.514677 0.209393
v -0.005871 0.514677 0.209393
v 0.029354 -0.549902 -0.181996
v 0.029354 -0.549902 -0.181996
v 0.005871 0.526419 0.225049
v 0.005871 0.526419 0.225049
v 0.005871 0.526419 0.225049
v -0.001957 0.518591 0.201566
v -0.001957 0.518591 0.201566
v 0.056752 -0.557730 -0.170254
v 0.056752 -0.557730 -0.170254
v 0.076321 -0.557730 -0.158513
v -0.013699 0.514677 0.185910
v -0.013699 0.514677 0.185910
v 0.072407 -0.561644 -0.138943
v 0.158513 0.542074 0.475538
v 0.064579 -0.565558 -0.111546
v 0.064579 -0.565558 -0.111546
v 0.076321 -0.553816 -0.127202
v 0.076321 -0.553816 -0.127202
v 0.103718 0.534247 0.502935
v 0.103718 0.534247 0.502935
v 0.068493 -0.553816 -0.107632
v -0.193738 0.612525 -0.636008
v -0.021526 -0.549902 -0.045010
v -0.127202 0.612525 -0.655577
v -0.127202 0.612525 -0.655577
v -0.005871 -0.549902 -0.048924
v -0.005871 -0.549902 -0.048924
v -0.005871 -0.549902 -0.048924
v 0.017613 0.510763 0.174168
v 0.009785 0.514677 0.158513
v -0.005871 0.522505 0.166340
v -0.033268 -0.561644 -0.033268
v 0.001957 0.514677 0.178082
v 0.025440 0.518591 0.193738
v 0.025440 0.518591 0.193738
v -0.033268 -0.553816 -0.041096
v 0.041096 0.518591 0.185910
v 0.471624 -0.534247 -0.643836
v 0.471624 -0.534247 -0.643836
v 0.029354 0.514677 0.174168
v -0.029354 0.526419 0.174168
v 0.471624 -0.510763 -0.671233
v -0.017613 0.526419 0.166340
v -0.017613 0.526419 0.166340
v 0.495108 -0.495108 -0.659491
v -0.029354 0.545988 0.154599
v -0.052838 0.553816 0.158513
v 0.502935 -0.518591 -0.636008
v 0.076321 0.522505 0.412916
v -0.048924 -0.553816 -0.048924
v 0.029354 0.526419 0.401174
v -0.037182 -0.549902 -0.064579
v -0.037182 -0.549902 -0.064579
v 0.017613 0.534247 0.444227
v -0.033268 -0.549902 -0.052838
v 0.068493 0.530333 0.455969
v 0.228963 -0.538160 -0.765166
v 0.123288 0.538160 0.420744
v -0.076321 0.557730 0.416830
v -0.029354 0.545988 0.432485
v -0.029354 0.545988 0.432485
v 0.232877 -0.506849 -0.784736
v 0.526419 0.549902 0.428571
v 0.287671 -0.502935 -0.769080
v 0.013699 -0.549902 -0.052838
v 0.013699 -0.549902 -0.052838
v 0.526419 0.589041 0.377691
v 0.526419 0.589041 0.377691
v 0.526419 0.589041 0.377691
v 0.495108 0.573385 0.416830
v 0.495108 0.573385 0.416830
v 0.029354 -0.549902 -0.060665
v -0.076321 0.526419 0.604697
v -0.076321 0.526419 0.604697
v -0.784736 -0.522505 0.029354
v -0.033268 0.534247 0.557730
v -0.033268 0.534247 0.557730
v -0.804305 -0.475538 0.052838
v -0.804305 -0.475538 0.052838
v -0.088063 0.538160 0.569472
v -0.088063 0.538160 0.569472
v -0.088063 0.538160 0.569472
v -0.831703 -0.463796 -0.029354
v -0.831703 -0.463796 -0.029354
v 0.029354 0.518591 0.158513
v -0.178082 -0.522505 -0.765166
v -0.248532 -0.510763 -0.753425
v -0.244618 -0.479452 -0.772994
v -0.244618 -0.479452 -0.772994
v 0.045010 0.530333 0.170254
v 0.045010 0.530333 0.170254
v -0.174168 -0.491194 -0.784736
v -0.174168 -0.491194 -0.784736
v 0.025440 0.530333 0.146771
v 0.025440 0.530333 0.146771
v 0.005871 0.530333 0.146771
v 0.005871 0.530333 0.146771
v 0.432485 -0.526419 -0.679061
v 0.432485 -0.526419 -0.679061
v 0.432485 -0.499022 -0.702544
v 0.432485 -0.499022 -0.702544
v -0.009785 0.538160 0.150685
v -0.009785 0.538160 0.150685
v 0.467710 -0.487280 -0.690802
v 0.467710 -0.487280 -0.690802
v -0.009785 0.565558 0.142857
v -0.009785 0.565558 0.142857
v -0.009785 0.565558 0.142857
v -0.005871 -0.545988 -0.201566
v -0.005871 -0.545988 -0.201566
v 0.017613 -0.542074 -0.201566
v 0.017613 -0.542074 -0.201566
v -0.001957 -0.542074 -0.197652
v 0.009785 0.522505 0.197652
v 0.009785 0.522505 0.197652
v -0.037182 -0.545988 -0.189824
v -0.037182 -0.545988 -0.189824
v -0.518591 0.542074 0.401174
v -0.518591 0.542074 0.401174
v 0.060665 -0.549902 -0.193738
v 0.060665 -0.549902 -0.193738
v 0.060665 -0.549902 -0.193738
v -0.475538 0.561644 0.416830
v -0.499022 0.569472 0.385519
v -0.499022 0.569472 0.385519
v 0.072407 -0.553816 -0.170254
v -0.299413 0.549902 0.530333
v 0.056752 -0.549902 -0.181996
v 0.056752 -0.549902 -0.181996
v -0.342466 0.549902 0.506849
v 0.084149 -0.553816 -0.142857
v -0.322896 0.612525 -0.585127
v -0.322896 0.612525 -0.585127
v -0.256360 0.612525 -0.612524
v -0.401174 0.569472 -0.585127
v -0.401174 0.569472 -0.585127
v 0.080235 -0.553816 -0.146771
v -0.440313 0.604697 -0.514677
v -0.088063 -0.545988 -0.115460
v -0.088063 -0.545988 -0.115460
v -0.381605 0.608611 -0.553816
v -0.381605 0.608611 -0.553816
v -0.091977 -0.545988 -0.095891
v -0.600783 0.585127 -0.385519
v 0.068493 -0.553816 -0.084149
v -0.553816 0.596869 -0.432485
v -0.553816 0.596869 -0.432485
v -0.553816 0.596869 -0.432485
v 0.510763 0.589041 -0.483366
v 0.052838 -0.549902 -0.072407
v 0.452055 0.647750 -0.475538
v 0.452055 0.647750 -0.475538
v 0.452055 0.647750 -0.475538
v 0.060665 -0.549902 -0.088063
v 0.506849 0.628180 -0.436399
v 0.506849 0.628180 -0.436399
v -0.005871 -0.553816 -0.060665
v -0.005871 -0.553816 -0.060665
v -0.726027 0.549902 -0.162427
v -0.726027 0.549902 -0.162427
v -0.722113 0.569472 -0.115460
v -0.722113 0.569472 -0.115460
v -0.706458 0.577299 -0.146771
v -0.706458 0.577299 -0.146771
v -0.448141 -0.514677 -0.636008
v -0.483366 -0.467710 -0.647750
v 0.056752 0.526419 0.209393
v 0.056752 0.526419 0.209393
v -0.440313 -0.487280 -0.667319
v 0.037182 0.526419 0.213307
v 0.037182 0.526419 0.213307
v 0.037182 0.526419 0.213307
v 0.076321 0.530333 0.240705
v 0.064579 0.545988 0.189824
v 0.064579 0.545988 0.189824
v 0.064579 0.545988 0.189824
v 0.663405 -0.510763 -0.448141
v 0.005871 0.530333 0.221135
v 0.005871 0.530333 0.221135
v 0.651663 -0.483366 -0.491194
v 0.682975 -0.455969 -0.475538
v 0.682975 -0.455969 -0.475538
v 0.017613 0.534247 0.217221
v 0.694716 -0.483366 -0.432485
v 0.694716 -0.483366 -0.432485
v -0.064579 0.553816 0.178082
v -0.064579 -0.545988 -0.166341
v -0.080235 0.600783 0.135029
v -0.060665 -0.542074 -0.162427
v -0.095890 0.592955 0.162427
v -0.076321 -0.542074 -0.138943
v -0.076321 -0.542074 -0.138943
v 0.029354 0.534247 0.252446
v 0.029354 0.534247 0.252446
v 0.029354 0.534247 0.252446
v -0.084149 -0.549902 -0.142857
v 0.013699 0.542074 0.244618
v 0.013699 0.542074 0.244618
v 0.088063 0.534247 0.272016
v 0.088063 0.534247 0.272016
v 0.088063 0.534247 0.272016
v 0.080235 -0.553816 -0.162427
v 0.048924 0.534247 0.240705
v 0.048924 0.534247 0.240705
v 0.048924 0.534247 0.240705
v 0.048924 0.534247 0.240705
v 0.455969 0.561644 0.452055
v 0.455969 0.561644 0.452055
v -0.084149 -0.549902 -0.095891
v 0.463796 0.596869 0.401174
v -0.064579 -0.549902 -0.080235
v 0.428571 0.581213 0.436399
v 0.256360 0.542074 0.502935
v 0.256360 0.542074 0.502935
v 0.256360 0.542074 0.502935
v 0.307241 0.565558 0.475538
v 0.279843 0.573385 0.448141
v 0.279843 0.573385 0.448141
v 0.232877 0.545988 0.475538
v 0.232877 0.545988 0.475538
v 0.636008 -0.510763 0.365949
v 0.636008 -0.510763 0.365949
v -0.698630 0.549902 0.131115
v -0.698630 0.549902 0.131115
v -0.698630 0.549902 0.131115
v 0.706458 -0.455969 0.315068
v 0.706458 -0.455969 0.315068
v 0.651663 -0.467710 0.389432
v 0.651663 -0.467710 0.389432
v 0.651663 -0.467710 0.389432
v -0.651663 0.569472 0.174168
v -0.651663 0.569472 0.174168
v -0.651663 0.569472 0.174168
v -0.663405 0.577299 0.127202
v -0.663405 0.577299 0.127202
v -0.354207 -0.518591 0.604697
v -0.354207 -0.518591 0.604697
v -0.107632 0.557730 0.358121
v -0.369863 -0.471624 0.628180
v -0.146771 0.581213 0.342466
v -0.146771 0.581213 0.342466
v -0.448141 -0.467710 0.565558
v -0.162427 0.585127 0.385519
v -0.162427 0.585127 0.385519
v -0.123288 0.569472 0.401174
v -0.123288 0.569472 0.401174
v -0.123288 0.569472 0.401174
v 0.514677 -0.475538 -0.651663
v 0.647750 0.569472 0.307241
v 0.522505 -0.499022 -0.624266
v 0.632094 0.612525 0.252446
v 0.624266 -0.510763 -0.502935
v 0.612525 0.596869 0.299413
v 0.612525 -0.483366 -0.542074
v 0.127202 0.542074 0.369863
v 0.639922 -0.459883 -0.530333
v 0.170254 0.549902 0.420744
v 0.170254 0.549902 0.420744
v 0.170254 0.561644 0.373777
v 0.170254 0.561644 0.373777
v -0.005871 -0.545988 -0.193738
v -0.005871 -0.545988 -0.193738
v -0.005871 -0.545988 -0.193738
v 0.127202 0.553816 0.318982
v 0.127202 0.553816 0.318982
v 0.127202 0.553816 0.318982
v 0.025440 0.530333 0.538160
v 0.037182 -0.545988 -0.193738
v 0.037182 -0.545988 -0.193738
v 0.084149 0.534247 0.479452
v 0.084149 0.534247 0.479452
v 0.013699 0.534247 0.506849
v 0.013699 0.534247 0.506849
v 0.819961 -0.420744 -0.225049
v 0.819961 -0.420744 -0.225049
v 0.264188 0.581213 -0.639922
v 0.816047 -0.455969 -0.154599
v 0.205480 0.632094 -0.616438
v 0.268102 0.628180 -0.600783
v 0.041096 -0.549902 -0.064579
v 0.041096 -0.549902 -0.064579
v -0.080235 -0.545988 -0.080235
v -0.080235 -0.545988 -0.080235
v 0.025440 0.545988 0.236791
v 0.804305 -0.491194 -0.076321
v -0.639922 0.557730 0.221135
v -0.639922 0.557730 0.221135
v 0.839530 -0.424658 -0.127202
v -0.596869 0.577299 0.256360
v 0.827789 -0.455969 -0.048924
v -0.608611 0.585127 0.213307
v -0.636008 -0.510763 0.362035
v 0.162427 0.585127 0.326810
v -0.651663 -0.463796 0.381605
v -0.651663 -0.463796 0.381605
v 0.115460 0.573385 0.264188
v 0.115460 0.573385 0.264188
v 0.115460 0.573385 0.264188
v 0.115460 0.573385 0.264188
v -0.702544 -0.455969 0.311155
v 0.037182 -0.526419 -0.800391
v 0.037182 -0.526419 -0.800391
v -0.088063 0.557730 0.459883
v -0.088063 0.557730 0.459883
v -0.041096 0.545988 0.471624
v -0.041096 0.545988 0.471624
v -0.041096 0.545988 0.471624
v -0.033268 -0.514677 -0.800391
v -0.033268 -0.514677 -0.800391
v -0.033268 -0.514677 -0.800391
v 0.385519 0.565558 0.467710
v 0.041096 -0.495108 -0.819961
v 0.041096 -0.495108 -0.819961
v 0.107632 -0.499022 -0.808219
v 0.107632 -0.499022 -0.808219
v 0.397260 0.596869 0.412916
v 0.354207 0.581213 0.444227
v -0.315068 -0.491194 -0.729941
v -0.315068 -0.491194 -0.729941
v -0.205479 0.561644 0.530333
v -0.205479 0.561644 0.530333
v -0.205479 0.561644 0.530333
v -0.307241 -0.463796 -0.749511
v -0.307241 -0.463796 -0.749511
v -0.252446 0.569472 0.518591
v -0.252446 0.569472 0.518591
v -0.142857 0.542074 0.569472
v -0.099804 0.545988 0.530333
v -0.099804 0.545988 0.530333
v -0.099804 0.545988 0.530333
v -0.150685 0.553816 0.530333
v -0.150685 0.553816 0.530333
v 0.385519 -0.510763 -0.714286
v 0.385519 -0.510763 -0.714286
v 0.385519 -0.510763 -0.714286
v 0.385519 -0.510763 -0.714286
v 0.009785 0.553816 0.135029
v 0.009785 0.553816 0.135029
v 0.021527 0.545988 0.135029
v 0.389432 -0.483366 -0.733855
v 0.432485 -0.471624 -0.718200
v 0.033268 0.565558 0.138943
v 0.021527 0.581213 0.135029
v -0.385519 -0.502935 -0.686888
v -0.385519 -0.502935 -0.686888
v -0.385519 -0.502935 -0.686888
v -0.385519 -0.502935 -0.686888
v 0.041096 0.549902 0.154599
v 0.041096 0.549902 0.154599
v -0.424658 -0.455969 -0.690802
v -0.424658 -0.455969 -0.690802
v 0.056752 0.573385 0.170254
v -0.373777 -0.475538 -0.710372
v -0.373777 -0.475538 -0.710372
v -0.373777 -0.475538 -0.710372
v -0.373777 -0.475538 -0.710372
v 0.729941 0.573385 0.099804
v 0.589041 -0.506849 -0.549902
v 0.589041 -0.506849 -0.549902
v 0.698630 0.620352 0.041096
v 0.577299 -0.483366 -0.581213
v 0.577299 -0.483366 -0.581213
v 0.698630 0.616438 0.095891
v 0.600783 -0.459883 -0.573385
v 0.600783 -0.459883 -0.573385
v 0.013699 0.545988 0.236791
v 0.017613 0.557730 0.256360
v 0.017613 0.557730 0.256360
v 0.017613 0.557730 0.256360
v 0.017613 0.557730 0.256360
v 0.021527 0.565558 0.252446
v 0.021527 0.565558 0.252446
v -0.103718 -0.502935 -0.792564
v -0.103718 -0.502935 -0.792564
v 0.088063 0.561644 0.221135
v 0.088063 0.561644 0.221135
v 0.088063 0.561644 0.221135
v -0.166341 -0.459883 -0.800391
v -0.166341 -0.459883 -0.800391
v 0.080235 0.596869 0.193738
v -0.095890 -0.471624 -0.812133
v -0.095890 -0.471624 -0.812133
v 0.553816 -0.502935 -0.589041
v 0.009785 0.534247 0.483366
v 0.009785 0.534247 0.483366
v 0.545988 -0.479452 -0.616438
v 0.565558 -0.459883 -0.612524
v -0.041096 0.542074 0.518591
v -0.041096 0.542074 0.518591
v -0.033268 -0.542074 -0.181996
v -0.033268 -0.542074 -0.181996
v -0.452055 0.553816 0.448141
v -0.412916 0.565558 0.459883
v 0.315068 -0.506849 0.632094
v -0.436399 0.573385 0.432485
v 0.440313 -0.452055 0.616438
v 0.326810 -0.459883 0.659491
v 0.326810 0.592955 0.420744
v 0.174168 -0.471624 0.706458
v 0.252446 0.581213 0.416830
v 0.252446 0.581213 0.416830
v 0.205480 0.549902 0.444227
v 0.205480 0.549902 0.444227
v 0.534247 -0.455969 -0.643836
v 0.565558 0.604697 -0.393346
v -0.780822 -0.475538 -0.326810
v -0.780822 -0.475538 -0.326810
v -0.819961 -0.440313 -0.307241
v -0.819961 -0.440313 -0.307241
v 0.499022 0.659491 -0.385519
v -0.796477 -0.405088 -0.377691
v -0.796477 -0.405088 -0.377691
v 0.557730 0.639922 -0.346380
v -0.761252 -0.444227 -0.397260
v 0.702544 0.592955 -0.127202
v 0.702544 0.592955 -0.127202
v 0.702544 0.592955 -0.127202
v 0.808219 -0.487280 0.029354
v 0.655577 0.636008 -0.162427
v 0.655577 0.636008 -0.162427
v 0.702544 0.612525 -0.072407
v 0.702544 0.612525 -0.072407
v 0.702544 0.612525 -0.072407
v 0.847358 -0.416830 -0.021526
v 0.847358 -0.416830 -0.021526
v -0.729941 0.561644 -0.084149
v 0.823875 -0.444227 0.056751
v 0.823875 -0.444227 0.056751
v -0.706458 0.581213 -0.045010
v 0.170254 -0.502935 -0.796477
v 0.170254 -0.502935 -0.796477
v -0.706458 0.585127 -0.080235
v -0.706458 0.585127 -0.080235
v 0.174168 -0.467710 -0.812133
v 0.174168 -0.467710 -0.812133
v 0.236791 -0.471624 -0.800391
v 0.702544 0.620352 -0.013699
v 0.702544 0.620352 -0.013699
v 0.029354 0.561644 0.252446
v 0.029354 0.561644 0.252446
v -0.362035 -0.444227 -0.729941
v -0.362035 -0.444227 -0.729941
v 0.714286 -0.428571 -0.455969
v 0.722113 -0.455969 -0.412916
v 0.659491 0.608611 -0.213307
v -0.769080 -0.483366 0.135029
v 0.612525 0.643836 -0.256360
v 0.604697 0.675147 -0.205479
v 0.604697 0.675147 -0.205479
v -0.792564 -0.440313 0.158513
v -0.827789 -0.428571 0.076321
v -0.103718 0.589041 0.189824
v 0.338552 -0.491194 -0.749511
v 0.338552 -0.491194 -0.749511
v 0.342466 -0.459883 -0.765166
v 0.342466 -0.459883 -0.765166
v -0.135029 0.632094 0.150685
v -0.135029 0.632094 0.150685
v 0.389432 -0.452055 -0.749511
v -0.142857 0.624266 0.181996
v -0.142857 0.624266 0.181996
v -0.827789 -0.471624 -0.225049
v -0.855186 -0.424658 -0.201566
v -0.847358 -0.397260 -0.283757
v 0.213307 0.592955 0.377691
v -0.381605 0.557730 0.483366
v -0.381605 0.557730 0.483366
v 0.585127 -0.479452 0.459883
v 0.585127 -0.479452 0.459883
v 0.585127 -0.479452 0.459883
v -0.338552 0.569472 0.483366
v -0.338552 0.569472 0.483366
v 0.667319 -0.420744 0.416830
v 0.667319 -0.420744 0.416830
v 0.600783 -0.432485 0.487280
v 0.600783 -0.432485 0.487280
v -0.373777 0.573385 0.463796
v -0.373777 0.573385 0.463796
v -0.373777 0.573385 0.463796
v 0.009785 -0.495108 0.710372
v 0.009785 -0.495108 0.710372
v 0.612525 0.608611 -0.303327
v -0.017613 -0.452055 0.741683
v -0.017613 -0.452055 0.741683
v -0.017613 -0.452055 0.741683
v 0.553816 0.671233 -0.295499
v -0.150685 -0.463796 0.714286
v -0.581213 0.569472 0.299413
v 0.780822 -0.463796 0.135029
v 0.780822 -0.463796 0.135029
v 0.780822 -0.463796 0.135029
v -0.534247 0.585127 0.322896
v -0.549902 0.592955 0.287671
v 0.839530 -0.401174 0.084149
v 0.839530 -0.401174 0.084149
v 0.804305 -0.424658 0.162427
v 0.804305 -0.424658 0.162427
v 0.804305 -0.424658 0.162427
v -0.174168 0.604697 0.287671
v -0.174168 0.604697 0.287671
v 0.761252 -0.452055 -0.338552
v -0.189824 0.600783 0.330724
v -0.189824 0.600783 0.330724
v 0.753425 -0.424658 -0.393346
v 0.784736 -0.389432 -0.369863
v 0.784736 -0.389432 -0.369863
v 0.788650 -0.420744 -0.315068
v 0.788650 -0.420744 -0.315068
v -0.178082 0.585127 0.432485
v -0.025440 -0.483366 -0.819961
v -0.025440 -0.483366 -0.819961
v -0.135029 0.569472 0.448141
v -0.135029 0.569472 0.448141
v 0.138943 0.596869 -0.671233
v -0.091977 -0.436399 -0.827789
v -0.021526 -0.448141 -0.839530
v -0.021526 -0.448141 -0.839530
v 0.080235 0.643836 -0.639922
v 0.080235 0.643836 -0.639922
v 0.045010 -0.459883 -0.835616
v 0.142857 0.636008 -0.628180
v 0.745597 -0.397260 -0.436399
v -0.655577 0.596869 -0.272016
v -0.620352 0.608611 -0.315068
v -0.589041 -0.463796 0.444227
v -0.589041 -0.463796 0.444227
v -0.589041 -0.463796 0.444227
v -0.037182 0.581213 0.142857
v -0.526419 -0.467710 0.506849
v -0.526419 -0.467710 0.506849
v -0.604697 -0.416830 0.463796
v -0.604697 -0.416830 0.463796
v 0.001957 0.596869 0.138943
v 0.001957 0.596869 0.138943
v -0.663405 -0.412916 0.397260
v -0.025440 0.616438 0.135029
v -0.025440 0.616438 0.135029
v -0.538160 -0.416830 0.522505
v -0.538160 -0.416830 0.522505
v -0.146771 0.561644 0.491194
v 0.491194 -0.471624 -0.679061
v 0.491194 -0.471624 -0.679061
v -0.201566 0.577299 0.479452
v 0.487280 -0.452055 -0.694716
v 0.487280 -0.452055 -0.694716
v 0.502935 -0.440313 -0.686888
v 0.502935 -0.440313 -0.686888
v 0.502935 -0.440313 -0.686888
v 0.510763 -0.455969 -0.671233
v 0.510763 -0.455969 -0.671233
v -0.706458 0.573385 -0.005871
v -0.636008 -0.448141 -0.538160
v -0.636008 -0.448141 -0.538160
v -0.671233 0.592955 0.037182
v -0.675147 -0.416830 -0.518591
v -0.675147 -0.416830 -0.518591
v -0.675147 -0.416830 -0.518591
v -0.675147 0.596869 -0.005871
v -0.651663 -0.389432 -0.553816
v -0.651663 -0.389432 -0.553816
v -0.299413 0.569472 0.502935
v -0.299413 0.569472 0.502935
v -0.612524 -0.420744 -0.569472
v -0.698630 -0.448141 -0.475538
v -0.260274 0.585127 0.483366
v -0.737769 -0.412916 -0.455969
v -0.303327 0.585127 0.471624
v -0.710372 -0.381605 -0.499022
v -0.710372 -0.381605 -0.499022
v -0.060665 0.608611 -0.671233
v -0.060665 0.608611 -0.671233
v -0.769080 -0.373777 -0.432485
v -0.115460 0.651663 -0.620352
v -0.115460 0.651663 -0.620352
v -0.048924 0.651663 -0.632094
v 0.592955 0.636008 0.244618
v -0.264188 -0.467710 0.671233
v -0.264188 -0.467710 0.671233
v 0.573385 0.616438 0.291585
v -0.279843 -0.416830 0.690802
v -0.279843 -0.416830 0.690802
v -0.518591 0.577299 0.354207
v -0.518591 0.577299 0.354207
v -0.381605 -0.420744 0.643836
v -0.471624 0.585127 0.373777
v -0.471624 0.585127 0.373777
v -0.487280 0.592955 0.342466
v -0.487280 0.592955 0.342466
v -0.487280 0.592955 0.342466
v 0.291585 -0.467710 -0.784736
v 0.295499 -0.432485 -0.800391
v 0.295499 -0.432485 -0.800391
v 0.037182 0.577299 0.272016
v 0.037182 0.577299 0.272016
v 0.346380 -0.428571 -0.780822
v 0.346380 -0.428571 -0.780822
v 0.029354 0.581213 0.272016
v 0.029354 0.581213 0.272016
v 0.037182 0.600783 0.295499
v 0.037182 0.600783 0.295499
v -0.577299 -0.448141 -0.589041
v 0.045010 0.592955 0.295499
v 0.045010 0.592955 0.295499
v 0.025440 0.569472 0.275930
v 0.025440 0.569472 0.275930
v 0.025440 0.569472 0.275930
v 0.025440 0.569472 0.275930
v -0.592955 -0.393346 -0.600783
v -0.557730 -0.420744 -0.616438
v 0.017613 0.577299 0.272016
v 0.005871 0.561644 0.279843
v 0.005871 0.561644 0.279843
v -0.851272 -0.448141 -0.115460
v -0.851272 -0.448141 -0.115460
v 0.005871 0.573385 0.283757
v 0.005871 0.573385 0.283757
v -0.870842 -0.401174 -0.091977
v -0.870842 -0.401174 -0.091977
v -0.870842 -0.401174 -0.091977
v -0.870842 -0.401174 -0.091977
v 0.013699 0.589041 0.299413
v 0.013699 0.589041 0.299413
v 0.013699 0.589041 0.299413
v -0.878669 -0.381605 -0.178082
v -0.878669 -0.381605 -0.178082
v 0.025440 0.596869 0.295499
v 0.025440 0.596869 0.295499
v 0.025440 0.596869 0.295499
v -0.753425 -0.452055 0.240705
v -0.753425 -0.452055 0.240705
v -0.753425 -0.452055 0.240705
v 0.001957 0.557730 0.291585
v 0.005871 0.557730 0.299413
v 0.005871 0.557730 0.299413
v 0.005871 0.565558 0.311155
v 0.005871 0.565558 0.311155
v -0.001957 0.569472 0.307241
v -0.001957 0.569472 0.307241
v -0.765166 -0.397260 0.256360
v -0.765166 -0.397260 0.256360
v -0.812133 -0.393346 0.181996
v -0.812133 -0.393346 0.181996
v 0.001957 0.565558 0.287671
v 0.111546 -0.463796 -0.823875
v 0.111546 -0.463796 -0.823875
v 0.013699 0.561644 0.287671
v 0.115460 -0.428571 -0.839530
v 0.115460 -0.428571 -0.839530
v 0.017613 0.561644 0.303327
v 0.017613 0.561644 0.303327
v 0.181996 -0.432485 -0.827789
v 0.181996 -0.432485 -0.827789
v 0.029354 0.569472 0.299413
v 0.029354 0.569472 0.299413
v 0.029354 0.569472 0.299413
v 0.037182 0.573385 0.318982
v 0.463796 -0.459883 -0.706458
v 0.025440 0.565558 0.318982
v 0.009785 0.561644 0.307241
v 0.009785 0.561644 0.307241
v 0.463796 -0.436399 -0.718200
v 0.487280 -0.432485 -0.706458
v 0.013699 0.565558 0.318982
v 0.029354 0.577299 0.338552
v 0.029354 0.577299 0.338552
v 0.761252 -0.440313 0.240705
v 0.761252 -0.440313 0.240705
v 0.017613 0.577299 0.334638
v 0.017613 0.577299 0.334638
v 0.827789 -0.377691 0.193738
v 0.827789 -0.377691 0.193738
v 0.776908 -0.393346 0.268102
v -0.499022 0.600783 -0.471624
v -0.499022 0.600783 -0.471624
v -0.534247 0.636008 -0.401174
v -0.534247 0.636008 -0.401174
v 0.526419 -0.444227 0.553816
v 0.526419 -0.444227 0.553816
v -0.479452 0.639922 -0.444227
v 0.616438 -0.381605 0.510763
v 0.616438 -0.381605 0.510763
v -0.686888 0.592955 -0.174168
v -0.686888 0.592955 -0.174168
v -0.667319 0.612525 -0.209393
v -0.667319 0.612525 -0.209393
v 0.538160 -0.393346 0.577299
v 0.538160 -0.393346 0.577299
v -0.667319 0.585127 0.080235
v -0.667319 0.585127 0.080235
v 0.518591 -0.424658 -0.686888
v 0.518591 -0.424658 -0.686888
v -0.628180 0.604697 0.123288
v 0.526419 -0.440313 -0.667319
v 0.526419 -0.440313 -0.667319
v -0.636008 0.612525 0.076321
v -0.636008 0.612525 0.076321
v -0.522505 -0.444227 -0.632094
v 0.001957 0.577299 0.303327
v 0.001957 0.577299 0.303327
v -0.542074 -0.393346 -0.639922
v -0.502935 -0.416830 -0.655577
v 0.041096 0.581213 0.299413
v 0.041096 0.581213 0.299413
v 0.041096 0.581213 0.299413
v -0.232877 -0.444227 -0.784736
v -0.232877 -0.444227 -0.784736
v -0.232877 -0.444227 -0.784736
v -0.232877 -0.444227 -0.784736
v -0.295499 -0.428571 -0.769080
v -0.295499 -0.428571 -0.769080
v -0.295499 -0.428571 -0.769080
v 0.268102 0.620352 0.362035
v -0.287671 -0.397260 -0.784736
v -0.287671 -0.397260 -0.784736
v 0.205480 0.608611 0.330724
v -0.225049 -0.409002 -0.800391
v -0.225049 -0.409002 -0.800391
v 0.549902 0.600783 0.334638
v -0.467710 -0.436399 -0.671233
v -0.467710 -0.436399 -0.671233
v 0.538160 0.639922 0.283757
v -0.491194 -0.389432 -0.679061
v -0.491194 -0.389432 -0.679061
v 0.518591 0.624266 0.326810
v 0.518591 0.624266 0.326810
v -0.452055 -0.409002 -0.694716
v -0.455969 0.581213 0.401174
v 0.812133 -0.358121 -0.346380
v -0.416830 0.589041 0.416830
v 0.816047 -0.389432 -0.291585
v -0.432485 0.596869 0.389432
v -0.432485 0.596869 0.389432
v 0.432485 -0.444227 -0.733855
v 0.436399 -0.416830 -0.745597
v -0.228963 0.592955 0.448141
v 0.467710 -0.412916 -0.729941
v -0.303327 0.651663 -0.553816
v -0.303327 0.651663 -0.553816
v 0.589041 -0.436399 -0.604697
v -0.240704 0.651663 -0.581213
v 0.573385 -0.416830 -0.632094
v 0.596869 -0.389432 -0.624266
v 0.596869 -0.389432 -0.624266
v 0.326810 0.616438 -0.573385
v 0.612525 -0.412916 -0.596869
v 0.612525 -0.412916 -0.596869
v 0.268102 0.667319 -0.553816
v 0.628180 -0.436399 -0.565558
v 0.326810 0.659491 -0.530333
v 0.639922 -0.385519 -0.585127
v 0.639922 -0.385519 -0.585127
v -0.698630 0.589041 -0.107632
v 0.655577 -0.409002 -0.549902
v -0.686888 0.600783 -0.127202
v 0.671233 -0.432485 -0.514677
v 0.671233 -0.432485 -0.514677
v 0.045010 0.596869 0.150685
v 0.686888 -0.377691 -0.534247
v 0.686888 -0.377691 -0.534247
v 0.060665 0.636008 0.166340
v 0.060665 0.636008 0.166340
v 0.698630 -0.401174 -0.499022
v 0.698630 -0.401174 -0.499022
v 0.033268 0.604697 0.142857
v -0.350294 -0.412916 -0.749511
v -0.350294 -0.412916 -0.749511
v -0.342466 -0.381605 -0.765166
v 0.553816 -0.436399 -0.636008
v 0.025440 0.628180 0.138943
v 0.025440 0.628180 0.138943
v 0.542074 -0.420744 -0.663405
v 0.542074 -0.420744 -0.663405
v 0.690802 0.604697 0.150685
v 0.561644 -0.397260 -0.659491
v 0.561644 -0.397260 -0.659491
v 0.655577 0.647750 0.091977
v -0.412916 -0.428571 -0.710372
v -0.412916 -0.428571 -0.710372
v 0.651663 0.636008 0.146771
v -0.440313 -0.381605 -0.714286
v 0.009785 0.581213 0.330724
v 0.009785 0.581213 0.330724
v -0.401174 -0.397260 -0.729941
v -0.401174 -0.397260 -0.729941
v 0.021527 0.596869 0.358121
v 0.021527 0.596869 0.358121
v 0.021527 0.596869 0.358121
v 0.013699 0.600783 0.354207
v 0.013699 0.600783 0.354207
v 0.013699 0.600783 0.354207
v 0.530333 -0.405088 -0.682975
v 0.005871 0.589041 0.326810
v 0.005871 0.589041 0.326810
v -0.855186 -0.416830 -0.005871
v 0.041096 0.581213 0.338552
v 0.041096 0.581213 0.338552
v 0.052838 0.592955 0.334638
v 0.052838 0.592955 0.334638
v 0.052838 0.592955 0.334638
v 0.052838 0.592955 0.334638
v -0.870842 -0.365949 0.013699
v 0.052838 0.608611 0.358121
v 0.052838 0.608611 0.358121
v -0.890411 -0.350294 -0.068493
v -0.890411 -0.350294 -0.068493
v -0.890411 -0.350294 -0.068493
v 0.045010 0.600783 0.362035
v 0.045010 0.600783 0.362035
v -0.397260 0.581213 0.440313
v -0.158513 -0.424658 -0.816047
v -0.365949 0.585127 0.448141
v -0.365949 0.585127 0.448141
v -0.217221 -0.373777 -0.816047
v -0.217221 -0.373777 -0.816047
v -0.377691 0.592955 0.432485
v -0.154599 -0.389432 -0.831703
v -0.420744 0.639922 -0.479452
v 0.240705 -0.436399 -0.816047
v -0.362035 0.647750 -0.518591
v 0.248532 -0.401174 -0.831703
v 0.303327 -0.397260 -0.816047
v 0.303327 -0.397260 -0.816047
v -0.679061 0.600783 -0.045010
v -0.679061 0.600783 -0.045010
v -0.682975 0.600783 -0.076321
v -0.459883 -0.416830 0.581213
v -0.620352 0.596869 0.170254
v -0.620352 0.596869 0.170254
v -0.471624 -0.365949 0.592955
v -0.577299 0.612525 0.205480
v -0.577299 0.612525 0.205480
v -0.545988 -0.365949 0.534247
v -0.545988 -0.365949 0.534247
v -0.589041 0.624266 0.162427
v 0.045010 0.581213 0.318982
v 0.045010 0.581213 0.318982
v 0.045010 0.581213 0.318982
v 0.052838 0.600783 0.326810
v 0.052838 0.600783 0.326810
v 0.052838 0.600783 0.326810
v 0.009785 0.608611 0.350294
v 0.009785 0.608611 0.350294
v 0.209393 -0.420744 0.733855
v 0.338552 -0.409002 0.686888
v 0.236791 -0.373777 0.761252
v 0.236791 -0.373777 0.761252
v 0.236791 -0.373777 0.761252
v 0.111546 -0.385519 0.776908
v 0.111546 -0.385519 0.776908
v 0.005871 0.596869 0.322896
v 0.005871 0.596869 0.322896
v 0.115460 -0.432485 0.741683
v 0.115460 -0.432485 0.741683
v -0.037182 -0.405088 0.769080
v -0.037182 -0.405088 0.769080
v -0.037182 -0.405088 0.769080
v -0.037182 -0.405088 0.769080
v -0.342466 0.585127 0.459883
v -0.342466 0.585127 0.459883
v -0.166341 -0.412916 0.737769
v -0.311155 0.600783 0.440313
v 0.722113 -0.405088 0.342466
v -0.350294 0.600783 0.432485
v -0.350294 0.600783 0.432485
v 0.792564 -0.342466 0.295499
v 0.737769 -0.354207 0.369863
v 0.737769 -0.354207 0.369863
v 0.158513 0.604697 0.275930
v 0.158513 0.604697 0.275930
v 0.201566 0.624266 0.283757
v -0.389432 -0.365949 -0.749511
v -0.389432 -0.365949 -0.749511
v 0.154599 0.636008 0.236791
v 0.154599 0.636008 0.236791
v 0.154599 0.636008 0.236791
v -0.710372 -0.405088 0.326810
v 0.111546 0.616438 0.217221
v 0.111546 0.616438 0.217221
v -0.675147 -0.362035 0.416830
v 0.107632 0.655577 0.181996
v 0.107632 0.655577 0.181996
v -0.718200 -0.350294 0.338552
v -0.772994 -0.346380 0.272016
v -0.772994 -0.346380 0.272016
v 0.017613 0.608611 0.318982
v 0.017613 0.608611 0.318982
v 0.495108 0.612525 0.365949
v 0.495108 0.612525 0.365949
v -0.181996 -0.362035 0.753425
v -0.181996 -0.362035 0.753425
v -0.181996 -0.362035 0.753425
v 0.487280 0.647750 0.318982
v 0.487280 0.647750 0.318982
v -0.295499 -0.365949 0.710372
v -0.295499 -0.365949 0.710372
v -0.295499 -0.365949 0.710372
v -0.295499 -0.365949 0.710372
v 0.463796 0.632094 0.354207
v 0.463796 0.632094 0.354207
v 0.048924 -0.420744 -0.847358
v 0.295499 0.604697 0.393346
v 0.295499 0.604697 0.393346
v 0.338552 0.620352 0.369863
v -0.017613 -0.412916 -0.855186
v -0.017613 -0.412916 -0.855186
v 0.311155 0.632094 0.342466
v 0.311155 0.632094 0.342466
v 0.056752 -0.385519 -0.863014
v 0.639922 0.663405 -0.099804
v 0.639922 0.663405 -0.099804
v 0.655577 0.659491 -0.025440
v 0.655577 0.659491 -0.025440
v 0.123288 -0.389432 -0.855186
v 0.123288 -0.389432 -0.855186
v -0.499022 0.600783 0.248532
v -0.499022 0.600783 0.248532
v 0.393346 -0.424658 -0.765166
v -0.502935 0.600783 0.307241
v -0.502935 0.600783 0.307241
v -0.471624 0.616438 0.291585
v -0.471624 0.616438 0.291585
v 0.401174 -0.393346 -0.776908
v -0.440313 0.632094 0.279843
v 0.440313 -0.389432 -0.757339
v -0.452055 0.639922 0.240705
v -0.452055 0.639922 0.240705
v -0.452055 0.639922 0.240705
v 0.452055 -0.401174 0.639922
v -0.502935 0.639922 0.201566
v -0.502935 0.639922 0.201566
v 0.553816 -0.338552 0.600783
v 0.553816 -0.338552 0.600783
v -0.542074 0.624266 0.205480
v -0.542074 0.624266 0.205480
v 0.463796 -0.346380 0.659491
v 0.463796 -0.346380 0.659491
v -0.150685 0.616438 0.213307
v 0.714286 -0.346380 -0.518591
v -0.185910 0.651663 0.170254
v -0.185910 0.651663 0.170254
v 0.729941 -0.369863 -0.479452
v -0.193738 0.643836 0.205480
v -0.193738 0.643836 0.205480
v -0.162427 0.608611 0.252446
v -0.162427 0.608611 0.252446
v -0.205479 0.632094 0.240705
v -0.205479 0.632094 0.240705
v -0.205479 0.632094 0.240705
v -0.205479 0.632094 0.240705
v 0.835616 -0.322896 -0.318982
v -0.217221 0.624266 0.279843
v -0.217221 0.624266 0.279843
v -0.217221 0.624266 0.279843
v 0.843444 -0.354207 -0.264188
v 0.033268 0.596869 0.362035
v 0.033268 0.596869 0.362035
v 0.843444 -0.385519 -0.201566
v 0.843444 -0.385519 -0.201566
v 0.045010 0.620352 0.385519
v 0.863014 -0.315068 -0.236791
v 0.866928 -0.350294 -0.174168
v 0.866928 -0.350294 -0.174168
v 0.033268 0.616438 0.385519
v 0.859100 -0.381605 -0.099804
v 0.859100 -0.381605 -0.099804
v -0.639922 0.616438 0.033268
v -0.639922 0.616438 0.033268
v -0.639922 0.616438 0.033268
v 0.886497 -0.307241 -0.142857
v 0.886497 -0.307241 -0.142857
v 0.886497 -0.307241 -0.142857
v 0.886497 -0.307241 -0.142857
v 0.874755 -0.338552 -0.072407
v 0.874755 -0.338552 -0.072407
v -0.643836 0.620352 -0.009785
v -0.643836 0.620352 -0.009785
v 0.491194 -0.412916 -0.714286
v 0.491194 -0.412916 -0.714286
v 0.029354 0.616438 0.318982
v 0.029354 0.616438 0.318982
v 0.506849 -0.412916 -0.702544
v 0.506849 -0.412916 -0.702544
v 0.041096 0.616438 0.318982
v 0.041096 0.616438 0.318982
v 0.499022 -0.428571 -0.698630
v 0.048924 0.612525 0.322896
v 0.048924 0.612525 0.322896
v -0.084149 -0.401174 -0.847358
v 0.045010 0.636008 0.346380
v -0.146771 -0.350294 -0.847358
v -0.146771 -0.350294 -0.847358
v 0.052838 0.628180 0.350294
v -0.080235 -0.365949 -0.863014
v 0.863014 -0.373777 0.005871
v 0.863014 -0.373777 0.005871
v -0.201566 0.600783 0.373777
v -0.244618 0.616438 0.362035
v 0.890411 -0.295499 -0.041096
v 0.874755 -0.326810 0.033268
v -0.256360 0.608611 0.405088
v -0.827789 -0.365949 -0.354207
v -0.217221 0.596869 0.416830
v -0.855186 -0.322896 -0.330724
v 0.432485 0.612525 0.385519
v -0.831703 -0.295499 -0.389432
v -0.831703 -0.295499 -0.389432
v -0.804305 -0.334638 -0.412916
v -0.804305 -0.334638 -0.412916
v 0.432485 0.643836 0.338552
v 0.432485 0.643836 0.338552
v 0.432485 0.643836 0.338552
v -0.847358 -0.381605 0.099804
v 0.401174 0.624266 0.365949
v -0.863014 -0.330724 0.119374
v -0.863014 -0.330724 0.119374
v 0.365949 0.608611 0.393346
v -0.886497 -0.315068 0.037182
v -0.886497 -0.315068 0.037182
v 0.373777 0.636008 0.346380
v 0.471624 -0.385519 -0.737769
v 0.499022 -0.389432 -0.722113
v 0.499022 -0.389432 -0.722113
v -0.581213 0.624266 -0.358121
v -0.596869 0.639922 -0.283757
v 0.185910 -0.397260 -0.847358
v -0.557730 0.651663 -0.326810
v 0.193738 -0.358121 -0.859100
v 0.252446 -0.362035 -0.843444
v -0.444227 0.600783 0.358121
v -0.444227 0.600783 0.358121
v 0.354207 -0.397260 -0.796477
v 0.354207 -0.397260 -0.796477
v -0.459883 0.608611 0.326810
v 0.362035 -0.362035 -0.808219
v 0.409002 -0.358121 -0.788650
v -0.389432 0.600783 0.405088
v -0.389432 0.600783 0.405088
v -0.401174 0.608611 0.377691
v 0.679061 -0.369863 0.440313
v 0.679061 -0.369863 0.440313
v 0.679061 -0.369863 0.440313
v -0.264188 0.596869 0.444227
v 0.753425 -0.303327 0.397260
v 0.753425 -0.303327 0.397260
v 0.753425 -0.303327 0.397260
v 0.694716 -0.315068 0.467710
v 0.694716 -0.315068 0.467710
v 0.694716 -0.315068 0.467710
v -0.315068 0.624266 0.397260
v -0.315068 0.624266 0.397260
v -0.358121 0.612525 0.401174
v -0.358121 0.612525 0.401174
v -0.358121 0.612525 0.401174
v 0.162427 -0.326810 0.800391
v 0.162427 -0.326810 0.800391
v 0.045010 -0.342466 0.804305
v -0.064579 -0.358121 0.792564
v -0.064579 -0.358121 0.792564
v -0.682975 0.600783 -0.095890
v -0.659491 0.620352 -0.084149
v 0.745597 -0.311155 -0.499022
v -0.667319 0.612525 -0.107632
v 0.761252 -0.338552 -0.459883
v 0.518591 -0.393346 -0.702544
v -0.369863 0.624266 0.369863
v 0.530333 -0.369863 -0.706458
v -0.667319 0.616438 -0.154599
v 0.772994 -0.362035 -0.416830
v -0.647750 0.628180 -0.127202
v 0.784736 -0.303327 -0.432485
v 0.784736 -0.303327 -0.432485
v -0.639922 0.632094 -0.181996
v -0.639922 0.632094 -0.181996
v 0.804305 -0.330724 -0.393346
v 0.804305 -0.330724 -0.393346
v -0.596869 0.632094 0.119374
v -0.600783 0.639922 0.072407
v -0.870842 -0.354207 -0.260274
v -0.890411 -0.303327 -0.232877
v -0.890411 -0.303327 -0.232877
v -0.123288 0.643836 0.123288
v -0.123288 0.643836 0.123288
v -0.874755 -0.275930 -0.307241
v -0.064579 0.639922 0.119374
v -0.064579 0.639922 0.119374
v 0.855186 -0.354207 0.111546
v -0.103718 0.671233 0.103718
v 0.886497 -0.275930 0.064579
v -0.162427 0.679061 0.111546
v 0.866928 -0.303327 0.142857
v 0.643836 0.624266 0.197652
v 0.643836 0.624266 0.197652
v 0.608611 0.663405 0.142857
v 0.608611 0.663405 0.142857
v 0.608611 0.663405 0.142857
v 0.608611 0.663405 0.142857
v 0.545988 -0.381605 -0.682975
v 0.600783 0.647750 0.193738
v 0.542074 -0.338552 -0.702544
v 0.561644 -0.354207 -0.679061
v 0.056752 0.620352 0.354207
v 0.056752 0.620352 0.354207
v 0.056752 0.620352 0.354207
v -0.577299 -0.365949 -0.624266
v -0.612524 -0.338552 -0.612524
v 0.056752 0.647750 0.377691
v 0.056752 0.647750 0.377691
v -0.596869 -0.318982 -0.636008
v 0.056752 0.639922 0.381605
v 0.056752 0.639922 0.381605
v 0.056752 0.639922 0.381605
v -0.561644 -0.342466 -0.647750
v -0.561644 -0.342466 -0.647750
v -0.636008 0.628180 -0.244618
v -0.636008 0.628180 -0.244618
v -0.632094 -0.362035 -0.585127
v -0.632094 -0.362035 -0.585127
v -0.667319 -0.330724 -0.569472
v -0.612524 0.651663 -0.217221
v -0.612524 0.651663 -0.217221
v -0.647750 -0.311155 -0.600783
v -0.647750 -0.311155 -0.600783
v 0.009785 0.620352 0.346380
v 0.009785 0.620352 0.346380
v -0.393346 -0.369863 0.659491
v 0.021527 0.628180 0.346380
v -0.412916 -0.318982 0.675147
v -0.412916 -0.318982 0.675147
v -0.412916 -0.318982 0.675147
v 0.013699 0.624266 0.381605
v 0.013699 0.624266 0.381605
v 0.009785 0.632094 0.377691
v 0.448141 -0.358121 -0.765166
v 0.021527 0.620352 0.385519
v 0.479452 -0.358121 -0.745597
v 0.479452 -0.358121 -0.745597
v 0.037182 0.636008 0.416830
v 0.037182 0.636008 0.416830
v 0.037182 0.636008 0.416830
v -0.526419 -0.365949 -0.663405
v -0.526419 -0.365949 -0.663405
v -0.526419 -0.365949 -0.663405
v 0.025440 0.639922 0.416830
v 0.025440 0.639922 0.416830
v 0.025440 0.639922 0.416830
v -0.545988 -0.322896 -0.671233
v -0.545988 -0.322896 -0.671233
v 0.017613 0.651663 -0.639922
v -0.514677 -0.342466 -0.682975
v -0.514677 -0.342466 -0.682975
v -0.037182 0.682975 -0.589041
v 0.581213 -0.369863 -0.651663
v 0.581213 -0.369863 -0.651663
v 0.025440 0.682975 -0.596869
v 0.581213 -0.322896 -0.671233
v -0.651663 0.620352 -0.048924
v 0.604697 -0.338552 -0.643836
v 0.604697 -0.338552 -0.643836
v -0.612524 0.643836 -0.017612
v -0.612524 0.643836 -0.017612
v -0.690802 -0.354207 -0.538160
v -0.690802 -0.354207 -0.538160
v -0.620352 0.643836 -0.060665
v -0.722113 -0.318982 -0.518591
v -0.722113 -0.318982 -0.518591
v -0.005871 0.651663 0.123288
v -0.005871 0.651663 0.123288
v -0.005871 0.651663 0.123288
v -0.005871 0.651663 0.123288
v -0.702544 -0.299413 -0.553816
v -0.041096 0.675147 0.107632
v -0.616438 -0.362035 0.475538
v -0.416830 0.616438 0.346380
v -0.428571 0.624266 0.315068
v -0.553816 -0.311155 0.542074
v -0.553816 -0.311155 0.542074
v -0.553816 -0.311155 0.542074
v -0.553816 -0.311155 0.542074
v -0.232877 0.620352 0.318982
v -0.620352 -0.307241 0.483366
v -0.620352 -0.307241 0.483366
v -0.272016 0.636008 0.311155
v -0.283757 0.632094 0.354207
v -0.009785 -0.377691 -0.870842
v -0.009785 -0.377691 -0.870842
v -0.072407 -0.326810 -0.878669
v -0.381605 0.628180 0.338552
v -0.005871 -0.338552 -0.882583
v -0.005871 -0.338552 -0.882583
v -0.005871 -0.338552 -0.882583
v 0.052838 0.628180 0.385519
v 0.052838 0.628180 0.385519
v 0.060665 -0.346380 -0.874755
v 0.060665 0.655577 0.412916
v 0.060665 0.655577 0.412916
v 0.056752 0.647750 0.416830
v 0.056752 0.647750 0.416830
v 0.624266 -0.362035 -0.616438
v 0.624266 -0.362035 -0.616438
v 0.624266 -0.307241 -0.632094
v 0.624266 -0.307241 -0.632094
v 0.624266 -0.307241 -0.632094
v -0.334638 0.636008 0.358121
v -0.334638 0.636008 0.358121
v 0.647750 -0.330724 -0.600783
v 0.647750 -0.330724 -0.600783
v 0.647750 -0.330724 -0.600783
v 0.647750 -0.330724 -0.600783
v 0.647750 -0.330724 -0.600783
v 0.389432 0.655577 -0.506849
v 0.389432 0.655577 -0.506849
v 0.389432 0.655577 -0.506849
v -0.745597 -0.346380 -0.479452
v -0.745597 -0.346380 -0.479452
v 0.326810 0.698630 -0.487280
v 0.326810 0.698630 -0.487280
v -0.776908 -0.307241 -0.459883
v -0.776908 -0.307241 -0.459883
v 0.385519 0.694716 -0.459883
v -0.753425 -0.283757 -0.499022
v -0.510763 0.667319 -0.373777
v -0.510763 0.667319 -0.373777
v -0.459883 0.675147 -0.412916
v -0.279843 -0.362035 -0.800391
v -0.553816 0.643836 0.158513
v -0.330724 -0.346380 -0.780822
v -0.322896 -0.311155 -0.796477
v 0.111546 0.694716 0.146771
v -0.272016 -0.326810 -0.816047
v 0.064579 0.682975 0.135029
v -0.479452 -0.362035 -0.698630
v 0.248532 0.632094 0.326810
v -0.499022 -0.318982 -0.698630
v -0.499022 -0.318982 -0.698630
v 0.287671 0.647750 0.318982
v 0.240705 0.643836 0.291585
v -0.467710 -0.334638 -0.714286
v -0.467710 -0.334638 -0.714286
v -0.178082 0.651663 -0.600783
v -0.178082 0.651663 -0.600783
v 0.667319 -0.354207 -0.569472
v 0.667319 -0.354207 -0.569472
v -0.225049 0.682975 -0.542074
v -0.225049 0.682975 -0.542074
v -0.225049 0.682975 -0.542074
v -0.162427 0.686888 -0.565558
v -0.162427 0.686888 -0.565558
v -0.162427 0.686888 -0.565558
v 0.675147 -0.295499 -0.589041
v 0.675147 -0.295499 -0.589041
v 0.698630 -0.318982 -0.553816
v -0.401174 0.675147 -0.448141
v 0.358121 -0.358121 0.710372
v 0.358121 -0.358121 0.710372
v -0.346380 0.682975 -0.487280
v 0.479452 -0.291585 0.682975
v 0.479452 -0.291585 0.682975
v 0.479452 -0.291585 0.682975
v 0.479452 -0.291585 0.682975
v -0.632094 0.639922 -0.095890
v 0.377691 -0.303327 0.729941
v -0.585127 0.667319 -0.072407
v -0.585127 0.667319 -0.072407
v 0.268102 -0.315068 0.772994
v -0.600783 0.659491 -0.115460
v -0.808219 -0.268102 -0.440313
v -0.808219 -0.268102 -0.440313
v -0.808219 -0.268102 -0.440313
v -0.808219 -0.268102 -0.440313
v 0.585127 0.694716 -0.154599
v 0.585127 0.694716 -0.154599
v -0.091977 -0.307241 0.816047
v -0.091977 -0.307241 0.816047
v 0.565558 0.714286 -0.111546
v -0.201566 -0.311155 0.772994
v 0.600783 0.686888 -0.076321
v 0.311155 -0.362035 -0.827789
v 0.311155 -0.362035 -0.827789
v 0.569472 0.690802 0.142857
v 0.569472 0.690802 0.142857
v 0.561644 0.671233 0.189824
v 0.561644 0.671233 0.189824
v 0.315068 -0.322896 -0.831703
v 0.315068 -0.322896 -0.831703
v 0.315068 -0.322896 -0.831703
v 0.369863 -0.322896 -0.816047
v 0.369863 -0.322896 -0.816047
v -0.315068 0.639922 0.338552
v -0.315068 0.639922 0.338552
v -0.346380 0.639922 0.330724
v -0.894325 -0.330724 -0.154599
v -0.894325 -0.330724 -0.154599
v -0.894325 -0.330724 -0.154599
v -0.604697 0.643836 0.025440
v -0.604697 0.643836 0.025440
v -0.909980 -0.275930 -0.131115
v -0.565558 0.663405 0.068493
v -0.909980 -0.252446 -0.209393
v -0.569472 0.667319 0.021527
v -0.377691 -0.334638 -0.761252
v -0.377691 -0.334638 -0.761252
v 0.659491 0.655577 0.037182
v 0.659491 0.655577 0.037182
v -0.369863 -0.299413 -0.776908
v -0.369863 -0.299413 -0.776908
v 0.604697 0.686888 -0.029354
v -0.428571 -0.350294 -0.729941
v 0.612525 0.686888 0.029354
v 0.612525 0.686888 0.029354
v -0.455969 -0.307241 -0.729941
v -0.455969 -0.307241 -0.729941
v -0.455969 -0.307241 -0.729941
v -0.420744 -0.318982 -0.745597
v 0.021527 0.694716 0.107632
v 0.021527 0.694716 0.107632
v -0.823875 -0.338552 0.201566
v -0.393346 0.636008 0.303327
v -0.839530 -0.287671 0.221135
v -0.878669 -0.275930 0.142857
v -0.878669 -0.275930 0.142857
v -0.878669 -0.275930 0.142857
v -0.405088 0.643836 0.268102
v 0.553816 0.655577 0.240705
v 0.412916 -0.322896 -0.792564
v 0.412916 -0.322896 -0.792564
v 0.452055 -0.322896 -0.769080
v 0.452055 -0.322896 -0.769080
v 0.522505 0.690802 0.185910
v 0.522505 0.690802 0.185910
v 0.839530 -0.326810 0.221135
v 0.839530 -0.326810 0.221135
v 0.514677 0.675147 0.232877
v 0.514677 0.675147 0.232877
v 0.878669 -0.252446 0.170254
v 0.033268 0.636008 0.346380
v 0.025440 0.647750 0.373777
v 0.851272 -0.272016 0.248532
v 0.851272 -0.272016 0.248532
v 0.037182 0.655577 0.373777
v 0.037182 0.655577 0.373777
v 0.628180 -0.326810 0.538160
v 0.628180 -0.326810 0.538160
v 0.048924 0.639922 0.416830
v 0.048924 0.639922 0.416830
v 0.706458 -0.260274 0.491194
v 0.706458 -0.260274 0.491194
v 0.639922 -0.272016 0.561644
v 0.639922 -0.272016 0.561644
v 0.639922 -0.272016 0.561644
v 0.639922 -0.272016 0.561644
v 0.056752 0.663405 0.452055
v 0.056752 0.663405 0.452055
v 0.048924 0.655577 0.452055
v 0.048924 0.655577 0.452055
v 0.048924 0.655577 0.452055
v 0.127202 -0.354207 -0.866928
v 0.127202 -0.354207 -0.866928
v 0.013699 0.639922 0.373777
v 0.135029 -0.311155 -0.874755
v 0.135029 -0.311155 -0.874755
v 0.013699 0.651663 0.409002
v 0.013699 0.651663 0.409002
v 0.197652 -0.318982 -0.866928
v 0.017613 0.659491 0.405088
v 0.017613 0.659491 0.405088
v -0.209393 -0.338552 -0.831703
v -0.209393 -0.338552 -0.831703
v 0.346380 0.647750 0.326810
v -0.264188 -0.287671 -0.827789
v 0.373777 0.663405 0.307241
v 0.373777 0.663405 0.307241
v -0.205479 -0.303327 -0.847358
v 0.506849 -0.362035 -0.726027
v 0.506849 -0.362035 -0.726027
v 0.346380 0.675147 0.291585
v 0.346380 0.675147 0.291585
v 0.346380 0.675147 0.291585
v 0.518591 -0.330724 -0.726027
v 0.322896 0.659491 0.307241
v 0.322896 0.659491 0.307241
v -0.178082 0.663405 0.138943
v 0.808219 -0.264188 -0.409002
v 0.808219 -0.264188 -0.409002
v 0.823875 -0.291585 -0.365949
v -0.201566 0.706458 0.103718
v -0.201566 0.706458 0.103718
v -0.217221 0.690802 0.131115
v -0.217221 0.690802 0.131115
v -0.463796 0.655577 0.193738
v -0.463796 0.655577 0.193738
v -0.412916 -0.287671 -0.757339
v -0.412916 -0.287671 -0.757339
v -0.514677 0.659491 0.154599
v 0.698630 -0.260274 -0.569472
v 0.698630 -0.260274 -0.569472
v -0.260274 0.639922 0.272016
v -0.260274 0.639922 0.272016
v 0.722113 -0.287671 -0.534247
v -0.248532 0.647750 0.232877
v -0.248532 0.647750 0.232877
v 0.189824 -0.272016 0.816047
v 0.189824 -0.272016 0.816047
v -0.299413 0.651663 0.264188
v -0.299413 0.651663 0.264188
v -0.299413 0.651663 0.264188
v 0.103718 -0.279843 0.831703
v -0.307241 0.643836 0.303327
v -0.307241 0.643836 0.303327
v 0.103718 -0.322896 0.812133
v 0.197652 0.651663 0.248532
v 0.197652 0.651663 0.248532
v -0.138943 -0.315068 -0.863014
v -0.138943 -0.315068 -0.863014
v 0.240705 0.667319 0.260274
v 0.240705 0.667319 0.260274
v 0.197652 0.682975 0.213307
v 0.197652 0.682975 0.213307
v 0.197652 0.682975 0.213307
v -0.197652 -0.264188 -0.859100
v 0.154599 0.671233 0.197652
v 0.154599 0.671233 0.197652
v 0.154599 0.671233 0.197652
v -0.354207 0.647750 0.295499
v -0.135029 -0.275930 -0.874755
v -0.135029 -0.275930 -0.874755
v 0.502935 0.659491 0.279843
v 0.502935 0.659491 0.279843
v -0.902153 -0.299413 -0.048924
v -0.902153 -0.299413 -0.048924
v 0.475538 0.686888 0.228963
v -0.917808 -0.244618 -0.025440
v -0.917808 -0.244618 -0.025440
v 0.467710 0.675147 0.272016
v 0.467710 0.675147 0.272016
v -0.925636 -0.225049 -0.107632
v 0.401174 0.651663 0.322896
v 0.401174 0.651663 0.322896
v -0.483366 -0.311155 0.604697
v -0.483366 -0.311155 0.604697
v 0.420744 0.671233 0.299413
v 0.393346 0.679061 0.287671
v -0.495108 -0.256360 0.616438
v 0.017613 0.643836 0.412916
v 0.017613 0.643836 0.412916
v 0.017613 0.643836 0.412916
v -0.311155 -0.315068 0.726027
v -0.311155 -0.315068 0.726027
v -0.311155 -0.315068 0.726027
v 0.025440 0.655577 0.448141
v 0.025440 0.655577 0.448141
v 0.025440 0.655577 0.448141
v -0.326810 -0.264188 0.741683
v -0.326810 -0.264188 0.741683
v 0.017613 0.663405 0.448141
v 0.017613 0.663405 0.448141
v -0.420744 -0.260274 0.682975
v -0.420744 -0.260274 0.682975
v 0.209393 0.671233 -0.573385
v 0.146771 0.671233 -0.581213
v 0.260274 -0.322896 -0.851272
v 0.260274 -0.322896 -0.851272
v 0.209393 0.706458 -0.530333
v 0.209393 0.706458 -0.530333
v 0.268102 -0.279843 -0.855186
v 0.268102 -0.279843 -0.855186
v 0.444227 0.682975 -0.428571
v 0.444227 0.682975 -0.428571
v 0.322896 -0.279843 -0.835616
v 0.322896 -0.279843 -0.835616
v 0.381605 0.729941 -0.412916
v 0.436399 0.714286 -0.377691
v 0.436399 0.714286 -0.377691
v 0.377691 -0.283757 -0.819961
v 0.420744 -0.283757 -0.796477
v -0.620352 0.647750 -0.150685
v -0.682975 -0.307241 0.424658
v -0.561644 0.682975 -0.142857
v -0.561644 0.682975 -0.142857
v -0.628180 -0.252446 0.491194
v -0.628180 -0.252446 0.491194
v -0.628180 -0.252446 0.491194
v -0.585127 0.667319 -0.181996
v -0.682975 -0.248532 0.432485
v -0.682975 -0.248532 0.432485
v -0.733855 -0.299413 0.358121
v 0.048924 0.655577 0.373777
v 0.048924 0.655577 0.373777
v 0.487280 -0.322896 -0.749511
v 0.487280 -0.322896 -0.749511
v 0.487280 -0.322896 -0.749511
v 0.041096 0.675147 0.405088
v 0.041096 0.675147 0.405088
v 0.499022 -0.287671 -0.749511
v 0.499022 -0.287671 -0.749511
v 0.052838 0.675147 0.409002
v 0.052838 0.675147 0.409002
v 0.052838 0.675147 0.409002
v 0.530333 -0.295499 -0.726027
v 0.530333 -0.295499 -0.726027
v -0.561644 0.655577 0.115460
v 0.827789 -0.225049 -0.377691
v 0.843444 -0.256360 -0.334638
v -0.522505 0.675147 0.111546
v 0.557730 -0.307241 -0.698630
v 0.557730 -0.307241 -0.698630
v -0.240704 0.659491 0.197652
v -0.240704 0.659491 0.197652
v 0.573385 -0.268102 -0.694716
v 0.573385 -0.268102 -0.694716
v -0.228963 0.675147 0.162427
v -0.228963 0.675147 0.162427
v 0.859100 -0.283757 -0.291585
v -0.272016 0.694716 0.154599
v 0.863014 -0.213307 -0.307241
v -0.283757 0.675147 0.189824
v 0.882583 -0.244618 -0.260274
v 0.882583 -0.244618 -0.260274
v 0.315068 0.682975 0.275930
v 0.315068 0.682975 0.275930
v 0.315068 0.682975 0.275930
v 0.804305 -0.287671 0.322896
v 0.307241 0.671233 0.295499
v 0.855186 -0.217221 0.272016
v 0.855186 -0.217221 0.272016
v 0.855186 -0.217221 0.272016
v 0.812133 -0.232877 0.346380
v 0.812133 -0.232877 0.346380
v 0.452055 0.659491 0.307241
v 0.452055 0.659491 0.307241
v 0.890411 -0.275930 -0.209393
v 0.890411 -0.275930 -0.209393
v 0.432485 0.682975 0.264188
v 0.902153 -0.201566 -0.232877
v 0.909980 -0.232877 -0.178082
v 0.088063 0.679061 -0.592955
v 0.088063 0.679061 -0.592955
v -0.788650 -0.291585 0.291585
v -0.788650 -0.291585 0.291585
v 0.033268 0.714286 -0.549902
v -0.804305 -0.240704 0.311155
v -0.804305 -0.240704 0.311155
v -0.804305 -0.240704 0.311155
v 0.091977 0.706458 -0.545988
v 0.091977 0.706458 -0.545988
v 0.091977 0.706458 -0.545988
v -0.851272 -0.232877 0.236791
v -0.851272 -0.232877 0.236791
v -0.573385 0.663405 -0.252446
v -0.573385 0.663405 -0.252446
v 0.068493 -0.303327 -0.882583
v 0.068493 -0.303327 -0.882583
v 0.068493 -0.303327 -0.882583
v -0.534247 0.682975 -0.295499
v -0.534247 0.682975 -0.295499
v -0.534247 0.682975 -0.295499
v 0.001957 -0.295499 -0.886497
v 0.001957 -0.295499 -0.886497
v 0.612525 0.679061 0.088063
v 0.612525 0.679061 0.088063
v 0.565558 0.718200 0.025440
v 0.076321 -0.260274 -0.890411
v 0.573385 0.710372 0.088063
v 0.573385 0.710372 0.088063
v 0.142857 -0.268102 -0.882583
v 0.142857 -0.268102 -0.882583
v 0.158513 0.702544 0.162427
v 0.158513 0.702544 0.162427
v 0.722113 -0.225049 -0.549902
v 0.722113 -0.225049 -0.549902
v 0.037182 0.651663 0.452055
v 0.037182 0.651663 0.452055
v 0.745597 -0.248532 -0.510763
v 0.745597 -0.248532 -0.510763
v 0.048924 0.671233 0.487280
v 0.048924 0.671233 0.487280
v 0.565558 -0.279843 0.624266
v 0.565558 -0.279843 0.624266
v 0.565558 -0.279843 0.624266
v 0.037182 0.667319 0.487280
v 0.037182 0.667319 0.487280
v 0.643836 -0.209393 0.577299
v 0.573385 -0.221135 0.643836
v -0.487280 0.694716 -0.338552
v -0.436399 0.702544 -0.381605
v -0.534247 -0.299413 -0.686888
v -0.561644 -0.279843 -0.679061
v 0.495108 0.694716 -0.338552
v -0.545988 -0.264188 -0.694716
v 0.428571 0.741683 -0.330724
v 0.428571 0.741683 -0.330724
v -0.522505 -0.279843 -0.702544
v 0.487280 0.726027 -0.291585
v -0.577299 -0.299413 -0.659491
v -0.577299 -0.299413 -0.659491
v -0.545988 0.686888 -0.221135
v -0.545988 0.686888 -0.221135
v -0.545988 0.686888 -0.221135
v -0.608611 -0.272016 -0.647750
v -0.608611 -0.272016 -0.647750
v -0.608611 -0.272016 -0.647750
v -0.585127 -0.256360 -0.667319
v -0.412916 0.655577 0.228963
v -0.412916 0.655577 0.228963
v -0.412916 0.655577 0.228963
v 0.017613 -0.295499 0.827789
v -0.365949 0.655577 0.260274
v -0.365949 0.655577 0.260274
v 0.099804 -0.228963 0.843444
v -0.373777 0.667319 0.221135
v -0.001957 -0.244618 0.847358
v -0.420744 0.671233 0.185910
v -0.420744 0.671233 0.185910
v -0.111546 -0.256360 0.839530
v -0.111546 -0.256360 0.839530
v -0.068493 -0.287671 -0.886497
v -0.068493 -0.287671 -0.886497
v -0.334638 0.655577 0.260274
v -0.334638 0.655577 0.260274
v -0.127202 -0.232877 -0.878669
v -0.127202 -0.232877 -0.878669
v -0.127202 -0.232877 -0.878669
v -0.060665 -0.244618 -0.890411
v -0.060665 -0.244618 -0.890411
v -0.060665 -0.244618 -0.890411
v 0.060665 0.667319 0.409002
v 0.060665 0.667319 0.409002
v 0.600783 -0.287671 -0.663405
v 0.600783 -0.287671 -0.663405
v 0.052838 0.690802 0.444227
v 0.052838 0.690802 0.444227
v 0.052838 0.690802 0.444227
v 0.060665 0.682975 0.444227
v 0.592955 -0.228963 -0.686888
v 0.592955 -0.228963 -0.686888
v 0.549902 0.706458 -0.248532
v 0.624266 -0.248532 -0.655577
v 0.624266 -0.248532 -0.655577
v 0.471624 0.745597 -0.240704
v 0.471624 0.745597 -0.240704
v 0.471624 0.745597 -0.240704
v 0.471624 0.745597 -0.240704
v -0.628180 -0.287671 -0.624266
v -0.628180 -0.287671 -0.624266
v 0.530333 0.726027 -0.201566
v 0.530333 0.726027 -0.201566
v 0.530333 0.726027 -0.201566
v -0.655577 -0.256360 -0.612524
v -0.577299 0.671233 -0.029354
v -0.577299 0.671233 -0.029354
v -0.632094 -0.240704 -0.636008
v -0.534247 0.694716 0.013699
v 0.769080 -0.275930 -0.475538
v -0.538160 0.694716 -0.037182
v 0.769080 -0.213307 -0.487280
v 0.769080 -0.213307 -0.487280
v 0.788650 -0.236791 -0.448141
v 0.788650 -0.236791 -0.448141
v 0.902153 -0.264188 -0.115460
v 0.902153 -0.264188 -0.115460
v -0.260274 0.706458 0.119374
v 0.913894 -0.185910 -0.142857
v 0.279843 0.663405 0.295499
v 0.913894 -0.217221 -0.080235
v 0.913894 -0.217221 -0.080235
v 0.279843 0.679061 0.268102
v 0.279843 0.679061 0.268102
v -0.491194 -0.291585 -0.714286
v -0.291585 0.655577 0.225049
v -0.514677 -0.260274 -0.714286
v -0.483366 -0.268102 -0.729941
v -0.483366 -0.268102 -0.729941
v -0.326810 0.682975 0.185910
v -0.330724 0.667319 0.221135
v 0.647750 -0.272016 -0.620352
v 0.647750 -0.272016 -0.620352
v 0.029354 0.667319 0.405088
v 0.029354 0.667319 0.405088
v 0.647750 -0.213307 -0.643836
v 0.675147 -0.236791 -0.604697
v 0.017613 0.679061 0.440313
v 0.017613 0.679061 0.440313
v 0.029354 0.686888 0.440313
v -0.679061 -0.275930 -0.585127
v -0.706458 -0.240704 -0.565558
v -0.682975 -0.221135 -0.596869
v 0.060665 0.675147 0.448141
v -0.902153 -0.260274 0.056751
v -0.902153 -0.260274 0.056751
v -0.902153 -0.260274 0.056751
v 0.060665 0.698630 0.483366
v 0.060665 0.698630 0.483366
v 0.064579 0.690802 0.483366
v 0.064579 0.690802 0.483366
v 0.064579 0.690802 0.483366
v -0.909980 -0.205479 0.076321
v -0.909980 -0.205479 0.076321
v -0.909980 -0.205479 0.076321
v -0.921722 -0.185910 -0.005871
v -0.921722 -0.185910 -0.005871
v -0.099804 0.686888 -0.581213
v -0.318982 -0.275930 -0.808219
v -0.365949 -0.264188 -0.788650
v -0.365949 -0.264188 -0.788650
v -0.365949 -0.264188 -0.788650
v -0.362035 -0.228963 -0.800391
v -0.362035 -0.228963 -0.800391
v -0.146771 0.714286 -0.522505
v -0.146771 0.714286 -0.522505
v -0.146771 0.714286 -0.522505
v -0.311155 -0.240704 -0.819961
v -0.088063 0.714286 -0.538160
v -0.088063 0.714286 -0.538160
v 0.906067 -0.248532 -0.009785
v -0.287671 0.686888 -0.518591
v -0.287671 0.686888 -0.518591
v 0.925636 -0.166341 -0.048924
v 0.925636 -0.166341 -0.048924
v 0.925636 -0.166341 -0.048924
v 0.917808 -0.197652 0.021526
v -0.326810 0.714286 -0.455969
v 0.330724 -0.236791 -0.839530
v -0.268102 0.714286 -0.483366
v -0.268102 0.714286 -0.483366
v 0.385519 -0.240704 -0.823875
v -0.373777 0.682975 0.181996
v 0.463796 -0.283757 -0.772994
v 0.013699 0.671233 0.444227
v 0.013699 0.671233 0.444227
v 0.471624 -0.244618 -0.776908
v 0.510763 -0.248532 -0.749511
v 0.017613 0.679061 0.483366
v 0.017613 0.679061 0.483366
v 0.013699 0.686888 0.479452
v 0.013699 0.686888 0.479452
v -0.855186 -0.248532 -0.365949
v -0.855186 -0.248532 -0.365949
v -0.471624 0.675147 0.150685
v -0.471624 0.675147 0.150685
v -0.874755 -0.201566 -0.342466
v -0.874755 -0.201566 -0.342466
v -0.428571 0.686888 0.142857
v -0.428571 0.686888 0.142857
v -0.851272 -0.178082 -0.393346
v -0.479452 0.690802 0.103718
v -0.479452 0.690802 0.103718
v -0.835616 -0.225049 -0.420744
v -0.835616 -0.225049 -0.420744
v 0.205480 -0.275930 -0.870842
v 0.025440 0.671233 0.487280
v 0.025440 0.671233 0.487280
v 0.037182 0.679061 0.526419
v 0.213307 -0.228963 -0.874755
v 0.213307 -0.228963 -0.874755
v 0.025440 0.682975 0.522505
v 0.275930 -0.232877 -0.859100
v 0.275930 -0.232877 -0.859100
v 0.275930 -0.232877 -0.859100
v 0.056752 0.679061 0.487280
v 0.056752 0.679061 0.487280
v -0.448141 -0.275930 -0.741683
v -0.448141 -0.275930 -0.741683
v 0.064579 0.702544 0.522505
v 0.064579 0.702544 0.522505
v -0.483366 -0.240704 -0.737769
v -0.483366 -0.240704 -0.737769
v 0.056752 0.690802 0.522505
v -0.444227 -0.248532 -0.753425
v 0.268102 0.706458 -0.510763
v 0.268102 0.706458 -0.510763
v 0.268102 0.706458 -0.510763
v -0.729941 -0.260274 -0.534247
v 0.209393 0.745597 -0.487280
v -0.757339 -0.221135 -0.514677
v 0.264188 0.741683 -0.467710
v 0.264188 0.741683 -0.467710
v -0.729941 -0.201566 -0.549902
v -0.545988 0.694716 -0.091976
v -0.545988 0.694716 -0.091976
v -0.495108 0.722113 -0.048924
v -0.495108 0.722113 -0.048924
v -0.495108 0.722113 -0.048924
v -0.491194 0.726027 -0.119374
v -0.491194 0.726027 -0.119374
v -0.432485 -0.205479 0.690802
v -0.506849 -0.201566 0.624266
v -0.565558 -0.256360 0.549902
v -0.565558 -0.256360 0.549902
v -0.565558 -0.256360 0.549902
v 0.549902 0.726027 -0.048924
v 0.549902 0.726027 -0.048924
v -0.530333 0.686888 0.064579
v 0.765166 -0.248532 0.420744
v 0.765166 -0.248532 0.420744
v 0.812133 -0.170254 0.369863
v 0.812133 -0.170254 0.369863
v 0.812133 -0.170254 0.369863
v -0.487280 0.706458 0.056752
v -0.487280 0.706458 0.056752
v -0.487280 0.706458 0.056752
v 0.769080 -0.185910 0.444227
v 0.769080 -0.185910 0.444227
v 0.522505 0.745597 0.033268
v 0.522505 0.745597 0.033268
v 0.287671 -0.260274 0.788650
v 0.530333 0.733855 0.091977
v 0.530333 0.733855 0.091977
v 0.530333 0.733855 0.091977
v 0.393346 -0.248532 0.753425
v 0.373777 0.690802 0.268102
v 0.299413 -0.201566 0.804305
v 0.401174 0.690802 0.260274
v 0.197652 -0.217221 0.831703
v 0.197652 -0.217221 0.831703
v 0.338552 0.702544 0.244618
v 0.338552 0.702544 0.244618
v -0.405088 -0.256360 -0.769080
v -0.405088 -0.256360 -0.769080
v -0.405088 -0.221135 -0.780822
v -0.506849 0.702544 -0.264188
v -0.506849 0.702544 -0.264188
v -0.577299 -0.197652 0.561644
v -0.577299 -0.197652 0.561644
v -0.459883 0.718200 -0.307241
v -0.522505 0.706458 -0.178082
v -0.522505 0.706458 -0.178082
v -0.522505 0.706458 -0.178082
v -0.221135 -0.260274 0.788650
v -0.475538 0.722113 -0.225049
v -0.475538 0.722113 -0.225049
v -0.236791 -0.205479 0.800391
v -0.346380 -0.209393 0.753425
v -0.346380 -0.209393 0.753425
v -0.377691 0.698630 0.142857
v -0.780822 -0.244618 -0.479452
v -0.780822 -0.244618 -0.479452
v 0.244618 0.694716 0.225049
v 0.244618 0.694716 0.225049
v -0.808219 -0.201566 -0.459883
v -0.780822 -0.178082 -0.495108
v -0.780822 -0.178082 -0.495108
v 0.287671 0.702544 0.236791
v 0.287671 0.702544 0.236791
v 0.252446 0.718200 0.189824
v -0.260274 -0.252446 -0.839530
v 0.205480 0.714286 0.178082
v 0.205480 0.714286 0.178082
v -0.307241 -0.201566 -0.827789
v -0.307241 -0.201566 -0.827789
v -0.307241 -0.201566 -0.827789
v -0.252446 -0.209393 -0.847358
v -0.252446 -0.209393 -0.847358
v 0.048924 0.682975 0.526419
v 0.056752 0.702544 0.561644
v 0.056752 0.702544 0.561644
v 0.788650 -0.170254 -0.459883
v 0.788650 -0.170254 -0.459883
v 0.788650 -0.170254 -0.459883
v 0.048924 0.690802 0.561644
v 0.048924 0.690802 0.561644
v 0.808219 -0.197652 -0.420744
v 0.150685 0.706458 -0.538160
v 0.150685 0.706458 -0.538160
v -0.894325 -0.228963 -0.283757
v -0.894325 -0.228963 -0.283757
v 0.095890 0.737769 -0.502935
v 0.095890 0.737769 -0.502935
v 0.150685 0.737769 -0.495108
v -0.909980 -0.174168 -0.256360
v -0.886497 -0.150685 -0.318982
v -0.886497 -0.150685 -0.318982
v -0.886497 -0.150685 -0.318982
v -0.886497 -0.150685 -0.318982
v -0.080235 0.698630 0.084149
v 0.898239 -0.225049 0.091977
v -0.017613 0.714286 0.088063
v -0.017613 0.714286 0.088063
v 0.929550 -0.142857 0.048924
v -0.052838 0.729941 0.060666
v 0.909980 -0.170254 0.123288
v -0.119374 0.722113 0.064579
v 0.495108 -0.236791 0.706458
v 0.495108 -0.236791 0.706458
v -0.142857 0.702544 0.091977
v 0.577299 -0.162427 0.659491
v 0.577299 -0.162427 0.659491
v -0.181996 0.726027 0.076321
v -0.181996 0.726027 0.076321
v 0.499022 -0.174168 0.722113
v 0.499022 -0.174168 0.722113
v 0.499022 -0.174168 0.722113
v 0.405088 -0.189824 0.769080
v 0.526419 0.710372 0.138943
v 0.487280 0.749511 0.091977
v 0.487280 0.726027 0.138943
v -0.444227 -0.213307 -0.761252
v -0.745597 -0.244618 0.373777
v 0.440313 0.702544 0.225049
v -0.686888 -0.189824 0.436399
v -0.686888 -0.189824 0.436399
v 0.389432 0.714286 0.221135
v -0.745597 -0.185910 0.377691
v -0.745597 -0.185910 0.377691
v -0.381605 0.710372 -0.420744
v -0.812133 -0.181996 0.326810
v -0.812133 -0.181996 0.326810
v -0.812133 -0.181996 0.326810
v -0.812133 -0.181996 0.326810
v -0.412916 0.729941 -0.350294
v 0.005871 -0.252446 -0.894325
v 0.005871 -0.252446 -0.894325
v -0.358121 0.733855 -0.385519
v -0.052838 -0.197652 -0.894325
v -0.052838 -0.197652 -0.894325
v 0.013699 -0.209393 -0.898239
v 0.013699 -0.209393 -0.898239
v 0.080235 0.729941 0.103718
v 0.084149 -0.217221 -0.898239
v 0.045010 0.733855 0.084149
v 0.545988 -0.256360 -0.726027
v -0.322896 0.698630 0.146771
v -0.315068 0.710372 0.107632
v 0.561644 -0.217221 -0.722113
v -0.377691 0.714286 0.099804
v 0.667319 -0.174168 -0.628180
v 0.483366 0.706458 0.185910
v 0.698630 -0.197652 -0.589041
v 0.448141 0.741683 0.138943
v 0.444227 0.722113 0.181996
v -0.827789 -0.154599 -0.436399
v 0.405088 0.733855 0.178082
v 0.405088 0.733855 0.178082
v -0.890411 -0.221135 0.158513
v -0.890411 -0.221135 0.158513
v -0.890411 -0.162427 0.174168
v 0.342466 0.722113 0.209393
v 0.342466 0.722113 0.209393
v 0.299413 0.718200 0.197652
v -0.909980 -0.146771 0.091977
v -0.909980 -0.146771 0.091977
v 0.041096 0.690802 0.440313
v 0.432485 -0.240704 -0.800391
v 0.029354 0.702544 0.475538
v 0.029354 0.702544 0.475538
v 0.029354 0.702544 0.475538
v 0.440313 -0.197652 -0.800391
v 0.041096 0.710372 0.479452
v 0.041096 0.710372 0.479452
v 0.487280 -0.201566 -0.776908
v 0.283757 -0.185910 -0.863014
v 0.283757 -0.185910 -0.863014
v 0.283757 -0.185910 -0.863014
v 0.017613 0.694716 0.475538
v 0.017613 0.694716 0.475538
v 0.342466 -0.189824 -0.843444
v 0.342466 -0.189824 -0.843444
v 0.009785 0.698630 0.514677
v 0.013699 0.710372 0.514677
v 0.013699 0.710372 0.514677
v -0.565558 -0.244618 -0.686888
v 0.013699 0.690802 0.518591
v -0.542074 -0.236791 -0.706458
v 0.021527 0.690802 0.557730
v 0.021527 0.690802 0.557730
v 0.009785 0.702544 0.553816
v 0.009785 0.702544 0.553816
v -0.534247 -0.252446 -0.706458
v 0.033268 0.686888 0.561644
v 0.033268 0.686888 0.561644
v 0.033268 0.686888 0.561644
v -0.514677 -0.236791 -0.722113
v 0.048924 0.698630 0.596869
v 0.033268 0.694716 0.596869
v 0.033268 0.694716 0.596869
v -0.608611 -0.225049 -0.659491
v -0.608611 -0.225049 -0.659491
v -0.581213 -0.213307 -0.682975
v -0.025440 0.714286 -0.549902
v -0.072407 0.741683 -0.499022
v -0.072407 0.741683 -0.499022
v 0.091977 -0.174168 0.859100
v -0.017613 0.741683 -0.506849
v -0.017613 0.741683 -0.506849
v -0.189824 -0.221135 -0.866928
v -0.189824 -0.221135 -0.866928
v -0.205479 0.710372 -0.502935
v -0.205479 0.710372 -0.502935
v -0.248532 -0.166341 -0.855186
v -0.244618 0.737769 -0.444227
v -0.185910 -0.178082 -0.870842
v -0.185910 0.737769 -0.467710
v -0.921722 -0.201566 -0.185910
v -0.929550 -0.142857 -0.162427
v 0.123288 0.729941 0.115460
v -0.917808 -0.119374 -0.232877
v -0.917808 -0.119374 -0.232877
v 0.166340 0.733855 0.127202
v 0.166340 0.733855 0.127202
v 0.166340 0.733855 0.127202
v -0.655577 -0.205479 -0.624266
v -0.624266 -0.193738 -0.647750
v 0.135029 0.765166 0.084149
v 0.135029 0.765166 0.084149
v 0.886497 -0.193738 0.197652
v 0.213307 0.737769 0.138943
v 0.213307 0.737769 0.138943
v 0.213307 0.737769 0.138943
v 0.213307 0.737769 0.138943
v 0.913894 -0.115460 0.150685
v 0.886497 -0.135029 0.221135
v 0.052838 0.706458 0.479452
v 0.052838 0.706458 0.479452
v 0.710372 -0.197652 0.514677
v 0.710372 -0.197652 0.514677
v 0.710372 -0.197652 0.514677
v 0.772994 -0.127202 0.467710
v 0.772994 -0.127202 0.467710
v 0.041096 0.726027 0.514677
v 0.041096 0.726027 0.514677
v 0.722113 -0.138943 0.538160
v 0.722113 -0.138943 0.538160
v 0.722113 -0.138943 0.538160
v 0.052838 0.722113 0.514677
v 0.150685 -0.225049 -0.886497
v 0.514677 0.745597 -0.154599
v 0.514677 0.745597 -0.154599
v 0.158513 -0.178082 -0.890411
v 0.495108 0.761252 -0.107632
v 0.221135 -0.181996 -0.878669
v 0.221135 -0.181996 -0.878669
v 0.463796 0.776908 -0.068493
v 0.502935 0.757339 -0.021526
v 0.502935 0.757339 -0.021526
v -0.549902 -0.209393 -0.702544
v -0.432485 0.702544 0.099804
v -0.518591 -0.205479 -0.722113
v -0.436399 0.718200 0.052838
v -0.436399 0.718200 0.052838
v 0.808219 -0.131115 -0.432485
v 0.808219 -0.131115 -0.432485
v 0.827789 -0.158513 -0.389432
v 0.009785 0.686888 0.686888
v 0.009785 0.686888 0.686888
v -0.005871 0.686888 0.702544
v -0.362035 -0.154599 0.765166
v -0.009785 0.690802 0.682975
v -0.009785 0.690802 0.682975
v -0.448141 -0.150685 0.702544
v -0.448141 -0.150685 0.702544
v -0.448141 -0.150685 0.702544
v 0.001957 0.694716 0.663405
v 0.001957 0.694716 0.663405
v 0.025440 0.690802 0.671233
v 0.025440 0.694716 0.694716
v 0.025440 0.694716 0.694716
v 0.686888 -0.131115 -0.608611
v 0.005871 0.694716 0.706458
v 0.718200 -0.158513 -0.565558
v -0.021526 0.690802 0.694716
v -0.021526 0.690802 0.694716
v -0.021526 0.690802 0.710372
v -0.706458 -0.181996 -0.581213
v -0.033268 0.690802 0.706458
v -0.033268 0.690802 0.706458
v -0.675147 -0.166341 -0.608611
v -0.041096 0.694716 0.690802
v -0.029354 0.702544 0.675147
v -0.029354 0.702544 0.675147
v -0.029354 0.702544 0.675147
v 0.847358 -0.185910 -0.346380
v -0.009785 0.694716 0.714286
v 0.847358 -0.115460 -0.362035
v 0.847358 -0.115460 -0.362035
v -0.005871 0.702544 0.718200
v -0.021526 0.702544 0.722113
v 0.863014 -0.142857 -0.318982
v 0.863014 -0.142857 -0.318982
v -0.025440 0.698630 0.718200
v -0.025440 0.698630 0.718200
v -0.127202 -0.201566 0.843444
v -0.127202 -0.201566 0.843444
v -0.244618 0.722113 0.088063
v -0.244618 0.722113 0.088063
v -0.017613 -0.189824 0.866928
v -0.037182 -0.135029 0.886497
v -0.037182 -0.135029 0.886497
v -0.225049 0.737769 0.056752
v -0.225049 0.737769 0.056752
v -0.225049 0.737769 0.056752
v -0.142857 -0.142857 0.851272
v -0.142857 -0.142857 0.851272
v -0.299413 0.726027 0.068493
v -0.252446 -0.150685 0.808219
v 0.060665 0.714286 0.518591
v -0.639922 -0.193738 0.502935
v -0.589041 -0.142857 0.569472
v -0.589041 -0.142857 0.569472
v 0.052838 0.737769 0.549902
v 0.052838 0.737769 0.549902
v -0.647750 -0.138943 0.510763
v 0.060665 0.729941 0.553816
v 0.060665 0.729941 0.553816
v -0.483366 -0.209393 -0.741683
v -0.483366 -0.209393 -0.741683
v 0.064579 0.714286 0.557730
v 0.064579 0.714286 0.557730
v 0.064579 0.714286 0.557730
v -0.526419 -0.174168 -0.722113
v -0.526419 -0.174168 -0.722113
v 0.064579 0.745597 0.585127
v -0.487280 -0.174168 -0.745597
v -0.487280 -0.174168 -0.745597
v 0.064579 0.726027 0.589041
v 0.526419 -0.205479 -0.753425
v 0.017613 0.698630 0.592955
v 0.545988 -0.162427 -0.757339
v 0.581213 -0.174168 -0.718200
v 0.581213 -0.174168 -0.718200
v 0.033268 0.694716 0.624266
v 0.033268 0.694716 0.624266
v 0.033268 0.694716 0.624266
v 0.013699 0.702544 0.620352
v 0.013699 0.702544 0.620352
v 0.005871 0.710372 0.589041
v 0.612525 -0.189824 -0.679061
v 0.612525 -0.189824 -0.679061
v 0.060665 0.710372 0.592955
v 0.592955 -0.131115 -0.702544
v 0.632094 -0.150685 -0.667319
v 0.068493 0.737769 0.620352
v 0.068493 0.737769 0.620352
v 0.064579 0.714286 0.624266
v 0.064579 0.714286 0.624266
v 0.745597 -0.185910 -0.526419
v 0.745597 -0.185910 -0.526419
v 0.033268 0.694716 0.647750
v 0.033268 0.694716 0.647750
v 0.733855 -0.115460 -0.542074
v 0.733855 -0.115460 -0.542074
v 0.009785 0.698630 0.643836
v 0.009785 0.698630 0.643836
v 0.009785 0.698630 0.643836
v 0.765166 -0.142857 -0.502935
v 0.765166 -0.142857 -0.502935
v 0.765166 -0.142857 -0.502935
v 0.052838 0.698630 0.651663
v 0.052838 0.698630 0.651663
v 0.405088 -0.127202 0.780822
v 0.405088 -0.127202 0.780822
v 0.045010 0.698630 0.675147
v 0.303327 -0.142857 0.819961
v -0.119374 -0.189824 -0.886497
v -0.017613 0.706458 0.659491
v -0.017613 0.706458 0.659491
v -0.017613 0.706458 0.659491
v -0.005871 0.714286 0.639922
v -0.005871 0.714286 0.639922
v -0.005871 0.714286 0.639922
v -0.005871 0.714286 0.639922
v -0.181996 -0.131115 -0.874755
v 0.068493 0.714286 0.686888
v -0.115460 -0.142857 -0.890411
v 0.041096 0.710372 0.702544
v 0.041096 0.710372 0.702544
v -0.592955 -0.181996 -0.675147
v -0.592955 -0.181996 -0.675147
v -0.592955 -0.181996 -0.675147
v -0.045010 0.714286 0.671233
v -0.045010 0.714286 0.671233
v -0.561644 -0.174168 -0.698630
v -0.033268 0.726027 0.655577
v -0.033268 0.726027 0.655577
v -0.029354 0.694716 0.714286
v -0.029354 0.694716 0.714286
v 0.882583 -0.170254 -0.275930
v 0.882583 -0.170254 -0.275930
v -0.037182 0.702544 0.718200
v 0.882583 -0.099804 -0.287671
v -0.041096 0.694716 0.714286
v 0.898239 -0.127202 -0.244618
v -0.048924 0.694716 0.702544
v -0.933464 -0.166341 -0.088063
v -0.052838 0.698630 0.710372
v -0.937378 -0.107632 -0.064579
v -0.060665 0.702544 0.698630
v -0.937378 -0.088063 -0.138943
v -0.056752 0.706458 0.686888
v 0.322896 0.737769 -0.444227
v 0.197652 -0.158513 0.843444
v 0.197652 -0.158513 0.843444
v 0.080235 -0.119374 0.878669
v 0.260274 0.765166 -0.420744
v 0.260274 0.765166 -0.420744
v 0.315068 0.761252 -0.397260
v 0.393346 -0.193738 -0.827789
v 0.405088 -0.146771 -0.827789
v 0.405088 -0.146771 -0.827789
v 0.455969 0.765166 -0.197652
v 0.455969 0.765166 -0.197652
v 0.452055 -0.150685 -0.800391
v 0.452055 -0.150685 -0.800391
v 0.440313 0.784736 -0.154599
v -0.358121 -0.189824 -0.808219
v -0.358121 -0.189824 -0.808219
v -0.358121 -0.189824 -0.808219
v -0.405088 -0.181996 -0.788650
v -0.405088 -0.181996 -0.788650
v -0.491194 0.718200 0.009785
v -0.491194 0.718200 0.009785
v -0.405088 -0.142857 -0.792564
v -0.405088 -0.142857 -0.792564
v -0.354207 -0.150685 -0.812133
v -0.354207 -0.150685 -0.812133
v -0.444227 0.733855 0.005871
v -0.753425 -0.158513 -0.530333
v -0.753425 -0.158513 -0.530333
v -0.729941 -0.142857 -0.565558
v -0.729941 -0.142857 -0.565558
v -0.859100 -0.174168 0.252446
v -0.369863 0.729941 0.048924
v -0.369863 0.729941 0.048924
v -0.855186 -0.115460 0.264188
v -0.855186 -0.115460 0.264188
v 0.052838 0.698630 0.628180
v 0.052838 0.698630 0.628180
v -0.886497 -0.099804 0.185910
v -0.886497 -0.099804 0.185910
v 0.068493 0.714286 0.651663
v 0.068493 0.714286 0.651663
v 0.913894 -0.154599 -0.197652
v -0.064579 0.718200 0.686888
v -0.064579 0.718200 0.686888
v 0.906067 -0.080235 -0.209393
v -0.052838 0.729941 0.671233
v -0.052838 0.729941 0.671233
v -0.052838 0.729941 0.671233
v 0.917808 -0.107632 -0.162427
v 0.855186 -0.154599 0.295499
v 0.855186 -0.154599 0.295499
v 0.013699 0.706458 0.710372
v 0.013699 0.706458 0.710372
v 0.013699 0.722113 0.714286
v 0.013699 0.722113 0.714286
v 0.890411 -0.076321 0.248532
v 0.890411 -0.076321 0.248532
v 0.859100 -0.095890 0.322896
v 0.859100 -0.095890 0.322896
v 0.859100 -0.095890 0.322896
v -0.005871 0.714286 0.722113
v 0.232877 -0.135029 -0.878669
v 0.232877 -0.135029 -0.878669
v -0.048924 0.706458 0.718200
v 0.295499 -0.138943 -0.863014
v -0.045010 0.714286 0.722113
v -0.052838 0.718200 0.718200
v -0.060665 0.710372 0.714286
v -0.448141 -0.178082 -0.765166
v 0.005871 0.714286 0.549902
v 0.005871 0.714286 0.549902
v -0.448141 -0.138943 -0.769080
v -0.448141 -0.138943 -0.769080
v -0.643836 -0.154599 -0.639922
v -0.643836 -0.154599 -0.639922
v 0.001957 0.726027 0.585127
v -0.608611 -0.142857 -0.667319
v -0.608611 -0.142857 -0.667319
v 0.009785 0.726027 0.549902
v 0.009785 0.726027 0.549902
v -0.491194 -0.135029 -0.745597
v -0.491194 -0.135029 -0.745597
v 0.001957 0.714286 0.616438
v 0.001957 0.714286 0.616438
v -0.800391 -0.135029 -0.475538
v -0.005871 0.733855 0.612525
v -0.005871 0.733855 0.612525
v -0.772994 -0.115460 -0.510763
v 0.651663 -0.150685 0.600783
v 0.651663 -0.150685 0.600783
v 0.076321 0.737769 0.675147
v 0.718200 -0.076321 0.553816
v 0.718200 -0.076321 0.553816
v 0.064579 0.733855 0.694716
v 0.655577 -0.088063 0.620352
v 0.655577 -0.088063 0.620352
v 0.655577 -0.088063 0.620352
v 0.041096 0.729941 0.706458
v 0.091977 -0.170254 -0.902153
v 0.021527 -0.162427 -0.902153
v -0.060665 0.706458 0.706458
v 0.099804 -0.119374 -0.898239
v 0.166340 -0.127202 -0.890411
v -0.064579 0.718200 0.710372
v -0.068493 0.710372 0.706458
v 0.925636 -0.138943 -0.111546
v 0.925636 -0.138943 -0.111546
v -0.068493 0.714286 0.698630
v 0.925636 -0.060665 -0.131115
v 0.925636 -0.060665 -0.131115
v -0.033268 0.706458 0.722113
v -0.033268 0.706458 0.722113
v 0.937378 -0.088063 -0.076321
v 0.937378 -0.088063 -0.076321
v -0.025440 0.714286 0.726027
v -0.025440 0.714286 0.726027
v -0.037182 0.722113 0.722113
v 0.193738 -0.099804 0.859100
v 0.193738 -0.099804 0.859100
v -0.432485 0.733855 -0.272016
v -0.432485 0.733855 -0.272016
v 0.608611 -0.088063 -0.686888
v 0.647750 -0.107632 -0.647750
v 0.307241 0.741683 0.158513
v 0.260274 0.741683 0.150685
v 0.753425 -0.072407 -0.514677
v 0.025440 0.718200 0.514677
v 0.025440 0.718200 0.514677
v 0.025440 0.718200 0.514677
v 0.784736 -0.103718 -0.475538
v 0.021527 0.733855 0.549902
v 0.021527 0.733855 0.549902
v -0.045010 -0.150685 -0.898239
v -0.045010 -0.150685 -0.898239
v -0.107632 -0.091976 -0.890411
v -0.064579 0.722113 0.702544
v -0.037182 -0.103718 -0.898239
v -0.037182 -0.103718 -0.898239
v -0.060665 0.729941 0.690802
v -0.060665 0.729941 0.690802
v -0.303327 -0.158513 -0.835616
v -0.303327 -0.158513 -0.835616
v -0.017613 0.710372 0.726027
v -0.354207 -0.107632 -0.816047
v -0.299413 -0.111546 -0.839530
v -0.299413 -0.111546 -0.839530
v 0.041096 0.741683 -0.506849
v 0.041096 0.741683 -0.506849
v 0.041096 0.741683 -0.506849
v 0.041096 0.741683 -0.506849
v -0.005871 0.761252 -0.463796
v -0.005871 0.761252 -0.463796
v -0.573385 -0.138943 -0.694716
v -0.573385 -0.138943 -0.694716
v 0.045010 0.761252 -0.463796
v 0.045010 0.761252 -0.463796
v 0.045010 0.761252 -0.463796
v -0.694716 -0.127202 -0.596869
v 0.099804 0.765166 -0.459883
v 0.099804 0.765166 -0.459883
v 0.150685 0.765166 -0.452055
v -0.663405 -0.115460 -0.628180
v -0.663405 -0.115460 -0.628180
v -0.017613 0.733855 0.636008
v -0.929550 -0.127202 0.013699
v -0.929550 -0.127202 0.013699
v -0.021526 0.757339 0.632094
v -0.933464 -0.068493 0.029354
v -0.945205 -0.048924 -0.045010
v -0.945205 -0.048924 -0.045010
v -0.005871 0.749511 0.608611
v -0.005871 0.749511 0.608611
v -0.373777 -0.095891 0.769080
v -0.373777 -0.095891 0.769080
v 0.029354 0.749511 0.706458
v -0.459883 -0.091977 0.702544
v -0.459883 -0.091977 0.702544
v -0.459883 -0.091977 0.702544
v 0.005871 0.733855 0.714286
v 0.005871 0.733855 0.714286
v -0.522505 -0.146771 0.632094
v -0.060665 0.722113 0.714286
v -0.268102 -0.091977 0.816047
v -0.056752 0.729941 0.706458
v -0.056752 0.729941 0.706458
v -0.045010 0.726027 0.718200
v -0.045010 0.726027 0.718200
v 0.499022 -0.154599 -0.776908
v -0.052838 0.729941 0.714286
v -0.052838 0.729941 0.714286
v 0.463796 -0.099804 -0.800391
v 0.463796 -0.099804 -0.800391
v -0.131115 0.737769 -0.487280
v -0.131115 0.737769 -0.487280
v 0.510763 -0.107632 -0.772994
v 0.510763 -0.107632 -0.772994
v -0.170254 0.761252 -0.432485
v -0.170254 0.761252 -0.432485
v -0.843444 -0.107632 -0.412916
v -0.115460 0.761252 -0.448141
v -0.819961 -0.088063 -0.455969
v -0.303327 0.737769 -0.420744
v -0.303327 0.737769 -0.420744
v -0.866928 -0.127202 -0.369863
v -0.866928 -0.127202 -0.369863
v -0.334638 0.757339 -0.354207
v -0.334638 0.757339 -0.354207
v -0.878669 -0.076321 -0.346380
v -0.859100 -0.056751 -0.393346
v -0.859100 -0.056751 -0.393346
v -0.279843 0.757339 -0.385519
v -0.530333 -0.088063 0.636008
v -0.530333 -0.088063 0.636008
v 0.369863 0.757339 -0.365949
v 0.303327 0.780822 -0.346380
v 0.358121 0.772994 -0.315068
v 0.933464 -0.115460 -0.017613
v 0.933464 -0.115460 -0.017613
v 0.009785 0.745597 0.060666
v 0.009785 0.745597 0.060666
v 0.009785 0.745597 0.060666
v 0.953033 -0.037182 -0.048924
v 0.064579 0.765166 0.056752
v 0.064579 0.765166 0.056752
v 0.945205 -0.064579 0.013699
v 0.945205 -0.064579 0.013699
v 0.033268 0.772994 0.037182
v 0.033268 0.772994 0.037182
v 0.350294 -0.142857 -0.847358
v -0.025440 0.757339 0.037182
v -0.025440 0.757339 0.037182
v 0.303327 -0.088063 -0.863014
v -0.275930 0.741683 0.037182
v -0.275930 0.741683 0.037182
v 0.365949 -0.091976 -0.851272
v -0.326810 0.745597 0.013699
v -0.690802 -0.131115 0.444227
v -0.393346 0.745597 0.001957
v -0.659491 -0.080235 0.518591
v -0.698630 -0.072407 0.452055
v 0.354207 0.741683 0.170254
v 0.354207 0.741683 0.170254
v -0.745597 -0.127202 0.381605
v 0.362035 0.765166 0.131115
v 0.362035 0.765166 0.131115
v 0.315068 0.765166 0.123288
v 0.068493 -0.060666 0.886497
v 0.068493 -0.060666 0.886497
v 0.072407 0.741683 0.647750
v 0.072407 0.741683 0.647750
v -0.052838 -0.076321 0.902153
v -0.052838 -0.076321 0.902153
v 0.064579 0.765166 0.643836
v 0.064579 0.765166 0.643836
v -0.158513 -0.084149 0.859100
v -0.158513 -0.084149 0.859100
v -0.158513 -0.084149 0.859100
v -0.816047 -0.123288 0.334638
v -0.816047 -0.123288 0.334638
v 0.060665 0.765166 0.667319
v -0.812133 -0.064579 0.342466
v -0.812133 -0.064579 0.342466
v -0.851272 -0.052838 0.272016
v -0.041096 0.741683 0.651663
v -0.037182 0.757339 0.659491
v 0.816047 -0.111546 0.393346
v 0.816047 -0.111546 0.393346
v -0.021526 0.772994 0.643836
v 0.859100 -0.033268 0.346380
v 0.859100 -0.033268 0.346380
v 0.819961 -0.048924 0.416830
v 0.819961 -0.048924 0.416830
v 0.819961 -0.048924 0.416830
v -0.013699 0.722113 0.722113
v -0.013699 0.722113 0.722113
v -0.025440 0.729941 0.718200
v -0.025440 0.729941 0.718200
v -0.025440 0.729941 0.718200
v -0.624266 -0.103718 -0.659491
v -0.624266 -0.103718 -0.659491
v -0.585127 -0.095890 -0.686888
v -0.585127 -0.095890 -0.686888
v -0.745597 -0.095890 -0.549902
v 0.436399 0.788650 -0.041096
v -0.714286 -0.084149 -0.581213
v -0.714286 -0.084149 -0.581213
v 0.467710 0.772994 -0.001957
v 0.174168 -0.076321 -0.886497
v 0.268102 0.765166 0.111546
v 0.268102 0.765166 0.111546
v 0.240705 -0.084149 -0.878669
v 0.240705 -0.084149 -0.878669
v 0.221135 0.765166 0.103718
v 0.221135 0.765166 0.103718
v -0.240704 -0.123288 -0.859100
v -0.048924 0.741683 0.675147
v -0.048924 0.741683 0.675147
v -0.048924 0.741683 0.675147
v -0.048924 0.741683 0.675147
v -0.295499 -0.064579 -0.839530
v -0.295499 -0.064579 -0.839530
v -0.236791 -0.072407 -0.859100
v -0.037182 0.753425 0.682975
v -0.037182 0.753425 0.682975
v -0.021526 0.769080 0.667319
v -0.534247 -0.135029 -0.718200
v -0.534247 -0.135029 -0.718200
v -0.534247 -0.135029 -0.718200
v -0.534247 -0.135029 -0.718200
v -0.444227 0.741683 -0.185910
v -0.436399 0.753425 -0.103718
v -0.436399 0.753425 -0.103718
v -0.542074 -0.091976 -0.718200
v -0.542074 -0.091976 -0.718200
v -0.405088 0.761252 -0.158513
v 0.553816 -0.119374 -0.741683
v 0.553816 -0.119374 -0.741683
v 0.553816 -0.119374 -0.741683
v -0.401174 0.753425 -0.236791
v -0.401174 0.753425 -0.236791
v -0.401174 0.753425 -0.236791
v 0.518591 -0.060665 -0.757339
v 0.518591 -0.060665 -0.757339
v 0.518591 -0.060665 -0.757339
v 0.565558 -0.072407 -0.722113
v 0.565558 -0.072407 -0.722113
v -0.444227 0.745597 -0.045010
v -0.444227 0.745597 -0.045010
v -0.397260 0.757339 -0.041096
v 0.624266 -0.041096 -0.667319
v 0.663405 -0.064579 -0.624266
v 0.663405 -0.064579 -0.624266
v -0.091977 0.745597 0.041096
v -0.091977 0.745597 0.041096
v -0.902153 -0.095890 -0.295499
v -0.902153 -0.095890 -0.295499
v -0.064579 0.772994 0.013699
v -0.064579 0.772994 0.013699
v -0.909980 -0.041096 -0.268102
v -0.909980 -0.041096 -0.268102
v -0.131115 0.761252 0.017613
v -0.131115 0.761252 0.017613
v -0.890411 -0.021526 -0.322896
v -0.158513 0.741683 0.045010
v -0.158513 0.741683 0.045010
v 0.581213 -0.099804 0.675147
v 0.581213 -0.099804 0.675147
v -0.201566 0.753425 0.025440
v -0.201566 0.753425 0.025440
v -0.201566 0.753425 0.025440
v 0.655577 -0.025440 0.636008
v 0.655577 -0.025440 0.636008
v 0.577299 -0.037182 0.686888
v 0.495108 -0.111546 0.729941
v 0.495108 -0.111546 0.729941
v 0.409002 0.757339 0.135029
v 0.409002 0.757339 0.135029
v 0.495108 -0.048924 0.737769
v 0.412916 0.776908 0.091977
v 0.412916 0.776908 0.091977
v 0.405088 -0.064579 0.792564
v 0.405088 -0.064579 0.792564
v 0.405088 -0.064579 0.792564
v 0.369863 0.784736 0.088063
v 0.769080 -0.029354 -0.487280
v 0.037182 0.741683 0.549902
v 0.037182 0.741683 0.549902
v 0.800391 -0.060665 -0.444227
v 0.017613 0.749511 0.581213
v 0.933464 -0.088063 0.080235
v 0.037182 0.757339 0.581213
v -0.048924 0.741683 0.694716
v -0.048924 0.741683 0.694716
v 0.941292 -0.009785 0.041096
v 0.941292 -0.009785 0.041096
v 0.933464 -0.033268 0.107632
v 0.029354 -0.111546 -0.902153
v -0.033268 -0.052838 -0.894325
v -0.033268 -0.052838 -0.894325
v 0.037182 -0.060665 -0.898239
v 0.107632 -0.068493 -0.898239
v -0.909980 -0.084149 0.107632
v -0.909980 -0.084149 0.107632
v -0.909980 -0.025440 0.123288
v -0.909980 -0.025440 0.123288
v -0.909980 -0.025440 0.123288
v -0.909980 -0.025440 0.123288
v -0.929550 -0.009785 0.048924
v -0.929550 -0.009785 0.048924
v 0.702544 -0.088063 -0.581213
v 0.702544 -0.088063 -0.581213
v 0.679061 -0.017612 -0.600783
v 0.718200 -0.045010 -0.557730
v -0.792564 -0.068493 -0.491194
v -0.761252 -0.052838 -0.530333
v 0.827789 -0.088063 -0.405088
v 0.827789 -0.088063 -0.405088
v -0.037182 0.745597 0.702544
v -0.021526 0.761252 0.690802
v -0.021526 0.761252 0.690802
v -0.048924 0.737769 0.710372
v -0.048924 0.737769 0.710372
v -0.037182 0.733855 0.714286
v -0.037182 0.733855 0.714286
v -0.021526 0.749511 0.706458
v -0.021526 0.749511 0.706458
v -0.021526 0.749511 0.706458
v 0.412916 0.761252 -0.279843
v 0.412916 0.761252 -0.279843
v 0.346380 0.792564 -0.272016
v 0.401174 0.780822 -0.236791
v 0.401174 0.780822 -0.236791
v 0.401174 0.780822 -0.236791
v 0.401174 0.780822 -0.236791
v 0.385519 0.800391 -0.193738
v 0.385519 0.800391 -0.193738
v -0.248532 0.761252 0.005871
v -0.248532 0.761252 0.005871
v 0.452055 0.765166 0.091977
v 0.452055 0.765166 0.091977
v 0.444227 0.776908 0.048924
v 0.444227 0.776908 0.048924
v 0.444227 0.776908 0.048924
v 0.409002 0.788650 0.048924
v 0.005871 0.737769 0.581213
v 0.064579 0.757339 0.616438
v 0.064579 0.757339 0.616438
v 0.052838 0.772994 0.612525
v 0.052838 0.772994 0.612525
v 0.052838 0.784736 0.636008
v 0.052838 0.784736 0.636008
v 0.052838 0.784736 0.636008
v -0.005871 0.745597 0.710372
v -0.005871 0.745597 0.710372
v -0.005871 0.745597 0.710372
v -0.005871 0.745597 0.710372
v -0.385519 0.749511 -0.315068
v -0.385519 0.749511 -0.315068
v -0.354207 0.765166 -0.279843
v -0.354207 0.765166 -0.279843
v 0.095890 0.761252 0.072407
v 0.095890 0.761252 0.072407
v 0.142857 0.788650 0.052838
v 0.111546 0.788650 0.045010
v 0.052838 0.757339 0.581213
v 0.033268 0.772994 0.608611
v 0.033268 0.772994 0.608611
v 0.013699 0.761252 0.702544
v 0.013699 0.761252 0.702544
v 0.013699 0.761252 0.702544
v 0.483366 0.761252 0.041096
v 0.483366 0.761252 0.041096
v 0.436399 0.784736 0.009785
v 0.174168 0.765166 0.091977
v 0.174168 0.765166 0.091977
v 0.181996 0.792564 0.060666
v 0.048924 0.761252 0.690802
v 0.816047 -0.013699 -0.416830
v 0.816047 -0.013699 -0.416830
v 0.843444 -0.041096 -0.373777
v 0.843444 -0.041096 -0.373777
v 0.843444 -0.041096 -0.373777
v 0.843444 -0.041096 -0.373777
v 0.033268 0.776908 0.686888
v 0.033268 0.776908 0.686888
v -0.679061 -0.068493 -0.616438
v -0.679061 -0.068493 -0.616438
v -0.679061 -0.068493 -0.616438
v 0.001957 0.780822 -0.420744
v 0.001957 0.780822 -0.420744
v 0.048924 0.780822 -0.420744
v 0.048924 0.780822 -0.420744
v 0.048924 0.780822 -0.420744
v -0.639922 -0.060665 -0.651663
v -0.225049 0.757339 -0.409002
v -0.405088 -0.099804 -0.792564
v -0.252446 0.772994 -0.350294
v -0.452055 -0.095890 -0.769080
v -0.201566 0.772994 -0.373777
v -0.455969 -0.048924 -0.769080
v -0.405088 -0.052838 -0.792564
v -0.060665 0.761252 -0.459883
v 0.420744 -0.095890 -0.831703
v -0.099804 0.780822 -0.409002
v -0.048924 0.780822 -0.416830
v 0.369863 -0.041096 -0.839530
v 0.424658 -0.045010 -0.819961
v 0.205480 0.769080 -0.440313
v -0.174168 -0.084149 -0.874755
v 0.150685 0.784736 -0.409002
v 0.201566 0.788650 -0.393346
v -0.232877 -0.025440 -0.855186
v -0.166341 -0.033268 -0.874755
v 0.318982 0.788650 0.080235
v 0.272016 0.788650 0.072407
v 0.272016 0.788650 0.072407
v -0.499022 -0.091976 -0.741683
v -0.358121 0.749511 -0.005871
v -0.502935 -0.048924 -0.741683
v -0.502935 -0.048924 -0.741683
v -0.299413 0.765166 -0.017612
v 0.863014 -0.072407 -0.330724
v -0.346380 0.765166 -0.033268
v 0.851272 0.001957 -0.338552
v 0.851272 0.001957 -0.338552
v 0.874755 -0.025440 -0.299413
v -0.174168 0.776908 -0.005871
v -0.174168 0.776908 -0.005871
v -0.221135 0.780822 -0.029354
v -0.221135 0.780822 -0.029354
v -0.925636 -0.064579 -0.209393
v -0.925636 -0.064579 -0.209393
v -0.001957 0.765166 0.694716
v -0.001957 0.765166 0.694716
v -0.913894 0.013699 -0.244618
v 0.013699 0.784736 0.679061
v 0.009785 0.765166 0.608611
v 0.009785 0.765166 0.608611
v -0.596869 -0.084149 0.577299
v 0.001957 0.776908 0.628180
v -0.362035 0.769080 -0.205479
v -0.538160 -0.029354 0.636008
v -0.538160 -0.029354 0.636008
v -0.358121 0.776908 -0.135029
v -0.600783 -0.025440 0.577299
v -0.322896 0.780822 -0.178082
v 0.303327 -0.084149 0.831703
v 0.303327 -0.084149 0.831703
v -0.318982 0.776908 -0.248532
v -0.318982 0.776908 -0.248532
v 0.299413 -0.021527 0.839530
v 0.299413 -0.021527 0.839530
v -0.385519 0.769080 -0.088063
v -0.385519 0.769080 -0.088063
v 0.185910 -0.041096 0.866928
v 0.185910 -0.041096 0.866928
v 0.185910 -0.041096 0.866928
v -0.330724 0.776908 -0.072407
v -0.330724 0.776908 -0.072407
v -0.064579 -0.017613 0.902153
v -0.064579 -0.017613 0.902153
v -0.174168 -0.025440 0.863014
v -0.103718 0.784736 -0.009785
v -0.283757 -0.033268 0.819961
v -0.283757 -0.033268 0.819961
v -0.146771 0.796477 -0.037182
v -0.005871 0.776908 0.675147
v 0.025440 0.792564 0.659491
v 0.181996 -0.025440 -0.886497
v 0.181996 -0.025440 -0.886497
v 0.001957 0.784736 0.655577
v 0.248532 -0.029354 -0.874755
v -0.307241 0.772994 -0.318982
v -0.275930 0.784736 -0.287671
v -0.275930 0.784736 -0.287671
v -0.549902 -0.048924 -0.714286
v -0.549902 -0.048924 -0.714286
v 0.001957 0.784736 0.013699
v 0.001957 0.784736 0.013699
v 0.001957 0.784736 0.013699
v 0.772994 -0.064579 0.483366
v 0.060665 0.796477 0.013699
v 0.029354 0.808219 -0.009785
v 0.029354 0.808219 -0.009785
v -0.033268 0.796477 -0.009785
v -0.835616 -0.037182 -0.432485
v -0.835616 -0.037182 -0.432485
v -0.013699 0.776908 0.655577
v -0.808219 -0.017612 -0.471624
v 0.001957 0.784736 0.643836
v 0.917808 -0.056752 0.178082
v 0.917808 -0.056752 0.178082
v -0.084149 0.796477 -0.373777
v -0.084149 0.796477 -0.373777
v -0.037182 0.796477 -0.381605
v -0.037182 0.796477 -0.381605
v 0.577299 -0.021526 -0.706458
v 0.577299 -0.021526 -0.706458
v -0.150685 0.780822 -0.397260
v -0.150685 0.780822 -0.397260
v -0.729941 -0.037182 -0.565558
v -0.729941 -0.037182 -0.565558
v -0.178082 0.788650 -0.338552
v -0.178082 0.788650 -0.338552
v -0.178082 0.788650 -0.338552
v -0.690802 -0.021526 -0.604697
v -0.690802 -0.021526 -0.604697
v -0.131115 0.796477 -0.362035
v -0.131115 0.796477 -0.362035
v 0.890411 -0.052838 -0.256360
v 0.252446 0.784736 -0.373777
v 0.252446 0.784736 -0.373777
v 0.193738 0.804305 -0.350294
v 0.240705 0.800391 -0.326810
v 0.240705 0.800391 -0.326810
v -0.749511 -0.068493 0.393346
v -0.749511 -0.068493 0.393346
v 0.420744 0.800391 -0.115460
v 0.369863 0.816047 -0.154599
v 0.369863 0.816047 -0.154599
v 0.350294 0.823875 -0.115460
v 0.350294 0.823875 -0.115460
v 0.397260 0.808219 -0.080235
v 0.115460 -0.017612 -0.894325
v -0.072407 0.808219 -0.037182
v 0.099804 0.780822 -0.416830
v 0.056752 -0.001957 0.890411
v 0.052838 0.796477 -0.381605
v 0.052838 0.796477 -0.381605
v 0.099804 0.800391 -0.373777
v 0.729941 -0.001957 -0.530333
v -0.275930 0.780822 -0.052838
v -0.886497 -0.041096 0.197652
v -0.886497 -0.041096 0.197652
v -0.189824 0.800391 -0.076321
v -0.189824 0.800391 -0.076321
v -0.252446 0.792564 -0.091976
v -0.252446 0.792564 -0.091976
v 0.084149 0.788650 0.033268
v -0.350294 -0.060665 -0.816047
v 0.107632 0.800391 0.017613
v 0.225049 0.792564 0.064579
v 0.225049 0.792564 0.064579
v 0.471624 -0.052838 -0.788650
v 0.228963 0.808219 0.025440
v 0.228963 0.808219 0.025440
v 0.181996 0.808219 0.021527
v 0.483366 0.001957 -0.772994
v 0.483366 0.001957 -0.772994
v 0.369863 0.796477 0.045010
v 0.322896 0.800391 0.037182
v -0.847358 0.017613 -0.412916
v 0.045010 0.784736 0.663405
v 0.045010 0.784736 0.663405
v 0.913894 -0.033268 -0.178082
v 0.913894 -0.033268 -0.178082
v -0.225049 0.788650 -0.315068
v -0.240704 0.796477 -0.256360
v -0.240704 0.796477 -0.256360
v -0.240704 0.796477 -0.256360
v -0.941292 -0.029354 -0.119374
v -0.197652 0.800391 -0.283757
v -0.197652 0.800391 -0.283757
v 0.291585 0.796477 -0.299413
v 0.232877 0.816047 -0.283757
v 0.232877 0.816047 -0.283757
v -0.099804 -0.041096 -0.886497
v 0.279843 0.812133 -0.256360
v 0.279843 0.812133 -0.256360
v 0.279843 0.812133 -0.256360
v 0.412916 0.796477 -0.017612
v 0.377691 0.816047 -0.045010
v -0.596869 -0.052838 -0.682975
v 0.369863 0.804305 -0.001957
v 0.369863 0.804305 -0.001957
v -0.608611 -0.005871 -0.675147
v 0.409002 0.792564 0.009785
v 0.409002 0.792564 0.009785
v 0.029354 0.784736 0.632094
v 0.029354 0.784736 0.632094
v -0.283757 0.788650 -0.221135
v 0.890411 -0.013699 0.272016
v -0.279843 0.792564 -0.154599
v -0.244618 0.800391 -0.193738
v -0.244618 0.800391 -0.193738
v -0.307241 0.784736 -0.111546
v -0.307241 0.784736 -0.111546
v -0.232877 0.800391 -0.131115
v -0.232877 0.800391 -0.131115
v -0.232877 0.800391 -0.131115
v -0.232877 0.800391 -0.131115
v -0.385519 -0.037182 0.769080
v 0.330724 0.827789 -0.080235
v 0.330724 0.827789 -0.080235
v -0.467710 -0.033268 0.702544
v -0.467710 -0.033268 0.702544
v -0.467710 -0.033268 0.702544
v 0.311155 -0.037182 -0.855186
v 0.322896 0.808219 -0.009785
v 0.322896 0.808219 -0.009785
v 0.322896 0.808219 -0.009785
v 0.005871 0.796477 -0.381605
v 0.005871 0.796477 -0.381605
v -0.029354 0.812133 -0.346380
v 0.013699 0.812133 -0.346380
v -0.154599 0.800391 -0.307241
v -0.154599 0.800391 -0.307241
v 0.941292 -0.009785 -0.099804
v -0.111546 0.808219 -0.326810
v 0.330724 0.808219 -0.228963
v 0.330724 0.808219 -0.228963
v 0.714286 -0.013699 0.569472
v 0.714286 -0.013699 0.569472
v 0.268102 0.827789 -0.217221
v 0.318982 0.823875 -0.185910
v -0.659491 -0.021526 0.518591
v -0.111546 0.812133 -0.068493
v -0.146771 0.812133 -0.099804
v -0.146771 0.812133 -0.099804
v -0.185910 0.808219 -0.119374
v -0.185910 0.808219 -0.119374
v 0.146771 0.804305 -0.365949
v 0.095890 0.816047 -0.334638
v 0.142857 0.819961 -0.322896
v 0.178082 0.017613 0.870842
v 0.303327 0.831703 -0.150685
v -0.291585 -0.017612 -0.835616
v -0.291585 -0.017612 -0.835616
v -0.209393 0.808219 -0.225049
v -0.170254 0.812133 -0.252446
v -0.170254 0.812133 -0.252446
v -0.170254 0.812133 -0.252446
v 0.142857 0.804305 0.017613
v -0.651663 -0.013699 -0.639922
v 0.138943 0.819961 -0.021526
v 0.138943 0.819961 -0.021526
v 0.091977 0.812133 -0.013699
v 0.275930 0.804305 0.029354
v 0.275930 0.804305 0.029354
v 0.275930 0.804305 0.029354
v 0.275930 0.816047 -0.013699
v 0.275930 0.816047 -0.013699
v 0.228963 0.819961 -0.017612
v 0.228963 0.819961 -0.017612
v -0.945205 0.009785 -0.025440
v -0.945205 0.009785 -0.025440
v -0.205479 0.808219 -0.166341
v 0.639922 0.005871 -0.647750
v 0.639922 0.005871 -0.647750
v -0.068493 0.808219 -0.338552
v 0.655577 0.056752 -0.624266
v 0.655577 0.056752 -0.624266
v -0.091977 0.819961 -0.299413
v -0.056752 0.823875 -0.311155
v 0.945205 0.017613 -0.017613
v 0.052838 0.812133 -0.342466
v 0.052838 0.812133 -0.342466
v 0.013699 0.823875 -0.315068
v 0.052838 0.823875 -0.307241
v 0.052838 0.823875 -0.307241
v -0.847358 0.009785 0.279843
v -0.174168 0.816047 -0.197652
v 0.401174 -0.005871 0.800391
v 0.401174 -0.005871 0.800391
v 0.401174 -0.005871 0.800391
v -0.001957 0.816047 -0.037182
v -0.001957 0.816047 -0.037182
v -0.041096 0.819961 -0.068493
v 0.397260 0.056751 0.816047
v 0.397260 0.056751 0.816047
v 0.397260 0.056751 0.816047
v -0.025440 0.001957 -0.894325
v -0.025440 0.001957 -0.894325
v 0.060665 0.819961 -0.037182
v 0.060665 0.819961 -0.037182
v 0.185910 0.819961 -0.307241
v 0.135029 0.831703 -0.283757
v 0.135029 0.831703 -0.283757
v 0.780822 0.013699 -0.455969
v 0.780822 0.013699 -0.455969
v 0.178082 0.831703 -0.268102
v 0.178082 0.831703 -0.268102
v -0.459883 -0.001957 -0.765166
v -0.131115 0.816047 -0.279843
v -0.131115 0.816047 -0.279843
v -0.510763 0.001957 -0.737769
v -0.510763 0.001957 -0.737769
v -0.138943 0.819961 -0.228963
v -0.103718 0.827789 -0.252446
v -0.103718 0.827789 -0.252446
v 0.322896 0.819961 -0.048924
v 0.322896 0.819961 -0.048924
v -0.561644 -0.001957 -0.706458
v 0.275930 0.827789 -0.056751
v 0.859100 0.029354 0.365949
v 0.859100 0.029354 0.365949
v -0.111546 0.823875 -0.131115
v -0.111546 0.823875 -0.131115
v -0.142857 0.823875 -0.166341
v 0.569472 0.025440 0.694716
v 0.569472 0.025440 0.694716
v 0.181996 0.823875 -0.021526
v 0.181996 0.823875 -0.021526
v 0.181996 0.823875 -0.021526
v 0.643836 0.041096 0.639922
v 0.643836 0.041096 0.639922
v 0.178082 0.835616 -0.064579
v 0.178082 0.835616 -0.064579
v 0.131115 0.831703 -0.060665
v 0.131115 0.831703 -0.060665
v -0.021526 0.823875 -0.315068
v -0.045010 0.835616 -0.287671
v 0.377691 0.013699 -0.827789
v -0.017613 0.831703 -0.287671
v 0.221135 0.831703 -0.244618
v 0.221135 0.831703 -0.244618
v 0.221135 0.831703 -0.244618
v 0.827789 0.033268 -0.381605
v 0.166340 0.843444 -0.228963
v 0.209393 0.839530 -0.205479
v 0.209393 0.839530 -0.205479
v -0.107632 0.827789 -0.197652
v -0.076321 0.823875 -0.099804
v -0.076321 0.823875 -0.099804
v -0.005871 0.827789 -0.099804
v -0.005871 0.827789 -0.099804
v -0.005871 0.827789 -0.099804
v -0.706458 0.025440 -0.589041
v -0.041096 0.831703 -0.131115
v 0.088063 0.831703 -0.052838
v 0.088063 0.831703 -0.052838
v 0.064579 0.835616 -0.095890
v 0.029354 0.823875 -0.068493
v 0.029354 0.823875 -0.068493
v 0.029354 0.823875 -0.068493
v 0.091977 0.827789 -0.299413
v 0.091977 0.827789 -0.299413
v 0.048924 0.835616 -0.275930
v 0.048924 0.835616 -0.275930
v 0.048924 0.835616 -0.275930
v -0.225049 0.025440 -0.855186
v 0.088063 0.839530 -0.264188
v 0.088063 0.839530 -0.264188
v 0.933464 0.048924 0.068493
v 0.933464 0.048924 0.068493
v 0.933464 0.048924 0.068493
v 0.225049 0.835616 -0.060665
v 0.283757 0.835616 -0.107632
v 0.225049 0.839530 -0.107632
v -0.295499 0.025440 0.819961
v -0.295499 0.025440 0.819961
v -0.295499 0.025440 0.819961
v -0.189824 0.033268 0.870842
v -0.189824 0.033268 0.870842
v -0.072407 0.831703 -0.272016
v -0.072407 0.831703 -0.272016
v -0.076321 0.831703 -0.225049
v -0.052838 0.839530 -0.248532
v -0.052838 0.839530 -0.248532
v 0.189824 0.029354 -0.878669
v 0.189824 0.029354 -0.878669
v 0.013699 0.831703 -0.283757
v -0.545988 0.029354 0.639922
v -0.545988 0.029354 0.639922
v -0.017613 0.839530 -0.264188
v -0.017613 0.839530 -0.264188
v 0.009785 0.835616 -0.256360
v 0.009785 0.835616 -0.256360
v 0.252446 0.835616 -0.178082
v 0.863014 0.048924 -0.307241
v 0.863014 0.048924 -0.307241
v 0.193738 0.843444 -0.170254
v 0.193738 0.843444 -0.170254
v -0.925636 0.052838 0.064579
v 0.236791 0.839530 -0.142857
v -0.076321 0.831703 -0.166341
v -0.009785 0.835616 -0.166341
v -0.045010 0.835616 -0.197652
v -0.021526 0.835616 -0.228963
v 0.025440 0.835616 -0.131115
v 0.025440 0.835616 -0.131115
v 0.080235 0.843444 -0.142857
v 0.048924 0.843444 -0.166341
v 0.048924 0.843444 -0.166341
v -0.037182 0.839530 -0.268102
v 0.127202 0.843444 -0.248532
v 0.076321 0.843444 -0.228963
v 0.115460 0.847358 -0.213307
v 0.119374 0.839530 -0.103718
v 0.166340 0.839530 -0.123288
v 0.166340 0.839530 -0.123288
v 0.111546 0.843444 -0.135029
v 0.041096 0.839530 -0.244618
v 0.041096 0.839530 -0.244618
v 0.041096 0.839530 -0.244618
v 0.001957 0.835616 -0.232877
v 0.029354 0.839530 -0.217221
v 0.029354 0.839530 -0.217221
v 0.009785 0.839530 -0.197652
v 0.009785 0.839530 -0.197652
v 0.064579 0.843444 -0.197652
v 0.064579 0.843444 -0.197652
v 0.135029 0.843444 -0.158513
v 0.099804 0.843444 -0.178082
v 0.150685 0.843444 -0.193738
vn -0.0389 -0.9984 -0.0423
vn 0.1679 -0.9664 -0.1948
vn 0.0897 -0.9913 -0.0964
vn -0.0000 -1.0000 -0.0000
vn -0.0726 -0.9972 -0.0156
vn -0.1253 -0.9912 -0.0417
vn -0.0835 -0.9906 -0.1084
vn 0.0531 -0.9795 -0.1945
vn 0.3988 -0.8123 -0.4255
vn 0.2590 -0.8825 -0.3926
vn 0.4201 -0.7691 -0.4817
vn 0.5209 -0.6949 -0.4958
vn 0.2999 -0.8767 -0.3760
vn 0.3885 -0.7350 -0.5557
vn 0.2999 -0.8768 -0.3760
vn 0.1647 -0.7865 -0.5953
vn 0.1359 -0.9000 -0.4141
vn -0.0216 -0.9998 -0.0016
vn 0.0051 -0.9999 0.0133
vn 0.0001 -0.9976 0.0690
vn -0.0811 -0.9947 0.0627
vn -0.1871 -0.9772 0.0999
vn -0.1607 -0.9610 0.2250
vn -0.2890 -0.9299 0.2274
vn -0.3127 -0.9377 0.1515
vn -0.2121 -0.9763 0.0425
vn -0.1346 -0.9903 -0.0345
vn -0.2181 -0.9759 -0.0090
vn -0.1478 -0.9880 -0.0450
vn -0.0602 -0.9823 -0.1773
vn 0.0630 -0.9960 0.0639
vn -0.0756 -0.9803 -0.1827
vn -0.2010 -0.8596 -0.4698
vn -0.2160 -0.8715 -0.4403
vn 0.0169 -0.9793 -0.2019
vn 0.1184 -0.9929 0.0143
vn 0.0544 -0.9903 -0.1278
vn -0.0068 -0.9923 -0.1237
vn -0.0003 -0.9975 0.0703
vn 0.0171 -0.9998 0.0078
vn 0.1251 -0.9786 0.1632
vn 0.0669 -0.9909 0.1166
vn 0.1229 -0.9801 -0.1558
vn 0.2090 -0.9775 0.0299
vn 0.1739 -0.9740 0.1455
vn -0.0857 -0.8955 -0.4367
vn -0.1187 -0.7970 -0.5922
vn 0.1680 -0.9653 0.2000
vn 0.1008 -0.9772 0.1867
vn 0.0140 -0.9902 0.1393
vn 0.0686 -0.9544 0.2906
vn -0.0002 -0.9579 0.2871
vn -0.0536 -0.9782 0.2005
vn -0.1019 -0.9391 0.3283
vn -0.1464 -0.9879 -0.0505
vn -0.0835 -0.9906 -0.1085
vn -0.0103 -0.9824 -0.1865
vn 0.0889 -0.9416 -0.3248
vn 0.2446 -0.8492 -0.4680
vn -0.1444 -0.8684 -0.4743
vn -0.2804 -0.7817 -0.5571
vn -0.2427 -0.7950 -0.5559
vn -0.1031 -0.8926 -0.4389
vn 0.0095 -0.9463 -0.3233
vn 0.0095 -0.9462 -0.3233
vn -0.0338 -0.9568 -0.2889
vn 0.1452 -0.9843 -0.1008
vn 0.2081 -0.9549 0.2118
vn 0.2512 -0.9516 0.1769
vn 0.2773 -0.9383 0.2066
vn 0.2282 -0.9420 0.2460
vn -0.2531 -0.7806 -0.5715
vn -0.1432 -0.7889 -0.5977
vn -0.2525 -0.7674 -0.5894
vn -0.2108 -0.9265 0.3118
vn -0.1198 -0.9090 0.3993
vn -0.2678 -0.8740 0.4055
vn -0.3307 -0.8994 0.2860
vn 0.1895 -0.9540 0.2325
vn 0.2578 -0.9226 0.2869
vn 0.2058 -0.9278 0.3112
vn 0.1571 -0.9094 0.3852
vn 0.1512 -0.9487 0.2778
vn 0.0765 -0.9026 0.4235
vn 0.0765 -0.9027 0.4235
vn -0.0244 -0.9028 0.4294
vn 0.0610 -0.8902 0.4515
vn -0.0363 -0.8874 0.4595
vn 0.1794 -0.9148 -0.3620
vn 0.1794 -0.9147 -0.3620
vn 0.3266 -0.7885 -0.5211
vn 0.3650 -0.7531 -0.5473
vn 0.2393 -0.9704 -0.0326
vn 0.1319 -0.9848 -0.1131
vn 0.3040 -0.9524 0.0220
vn 0.2831 -0.9578 0.0496
vn 0.3379 -0.9392 0.0606
vn 0.3413 -0.9217 0.1845
vn -0.3359 -0.9378 0.0881
vn -0.3821 -0.9142 0.1348
vn -0.4037 -0.9107 0.0873
vn -0.3558 -0.9330 0.0534
vn -0.2338 -0.9722 -0.0087
vn -0.3659 -0.9253 0.0996
vn -0.2581 -0.9659 0.0187
vn -0.3531 -0.9077 0.2267
vn -0.4224 -0.8490 0.3173
vn -0.4578 -0.8620 0.2178
vn 0.5208 -0.6971 -0.4929
vn 0.5104 -0.6705 -0.5384
vn 0.5798 -0.6602 -0.4775
vn 0.5298 -0.6721 -0.5173
vn -0.2888 -0.7685 -0.5710
vn -0.3045 -0.7686 -0.5626
vn -0.2799 -0.7905 -0.5447
vn 0.1226 -0.7674 -0.6294
vn 0.3416 -0.7245 -0.5986
vn 0.0215 -0.7859 -0.6179
vn 0.1359 -0.9003 0.4136
vn 0.0538 -0.8623 0.5035
vn -0.0363 -0.9903 -0.1343
vn -0.2135 -0.9603 -0.1794
vn -0.0414 -0.9545 -0.2953
vn 0.1643 -0.9473 -0.2749
vn 0.2212 -0.8876 -0.4040
vn 0.3252 -0.8634 -0.3857
vn -0.0889 -0.9619 -0.2584
vn 0.1291 -0.9848 -0.1160
vn 0.2435 -0.9690 -0.0414
vn -0.1833 -0.8375 -0.5148
vn -0.2399 -0.7711 -0.5897
vn -0.2524 -0.8231 -0.5088
vn -0.1830 -0.8375 -0.5149
vn -0.1694 -0.8868 -0.4299
vn -0.2455 -0.9138 -0.3236
vn 0.6108 -0.5704 -0.5491
vn 0.4710 -0.6681 -0.5760
vn 0.3528 -0.9266 0.1304
vn 0.3562 -0.9063 0.2272
vn -0.1684 -0.8576 0.4860
vn -0.0705 -0.8531 0.5169
vn -0.2276 -0.7789 0.5844
vn -0.3219 -0.7956 0.5133
vn 0.3624 -0.8436 -0.3961
vn 0.4026 -0.8032 -0.4391
vn -0.2357 -0.9616 -0.1404
vn -0.2119 -0.9305 -0.2989
vn -0.1066 -0.9261 -0.3619
vn 0.3119 -0.9171 0.2481
vn 0.3669 -0.8989 0.2396
vn 0.3385 -0.8910 0.3027
vn 0.2879 -0.8991 0.3298
vn 0.2100 -0.9179 0.3368
vn 0.1285 -0.8615 0.4912
vn 0.0809 -0.8122 0.5777
vn 0.0140 -0.8318 0.5549
vn -0.1534 -0.9166 -0.3691
vn -0.0619 -0.9245 -0.3761
vn 0.0956 -0.9140 -0.3944
vn 0.3550 -0.7533 -0.5537
vn 0.3861 -0.8121 -0.4375
vn 0.4391 -0.7022 -0.5604
vn -0.3196 -0.9474 -0.0185
vn -0.3428 -0.9348 0.0931
vn -0.3670 -0.9264 -0.0843
vn -0.2557 -0.9397 -0.2273
vn -0.0552 -0.9819 -0.1814
vn -0.2295 -0.9522 -0.2014
vn 0.0226 -0.9795 -0.2003
vn 0.1378 -0.9753 -0.1727
vn -0.3537 -0.9281 0.1160
vn -0.3819 -0.9122 0.1484
vn -0.4105 -0.9056 0.1064
vn 0.4127 -0.8637 0.2891
vn 0.3607 -0.8685 0.3401
vn 0.0550 -0.9420 -0.3312
vn 0.2593 -0.8999 -0.3508
vn 0.2593 -0.8998 -0.3508
vn -0.2226 -0.9342 -0.2789
vn -0.2591 -0.9141 -0.3119
vn -0.1893 -0.9191 -0.3455
vn 0.2397 -0.9663 -0.0941
vn 0.2261 -0.9518 -0.2073
vn 0.3534 -0.9262 -0.1314
vn 0.3223 -0.9459 -0.0375
vn -0.3390 -0.8873 -0.3126
vn -0.3071 -0.8149 -0.4915
vn -0.4184 -0.8554 -0.3053
vn -0.3585 -0.9158 -0.1809
vn -0.2905 -0.7573 -0.5849
vn -0.3316 -0.7205 -0.6091
vn -0.3216 -0.6865 -0.6521
vn -0.2731 -0.7535 -0.5980
vn 0.3056 -0.9521 0.0116
vn 0.3795 -0.9252 -0.0009
vn 0.3355 -0.9415 0.0308
vn 0.4109 -0.9116 0.0118
vn 0.3756 -0.9247 0.0625
vn -0.1610 -0.7763 -0.6095
vn -0.0192 -0.7374 -0.6752
vn -0.1918 -0.7201 -0.6668
vn -0.4008 -0.8189 0.4108
vn -0.4478 -0.7522 0.4834
vn -0.5035 -0.7604 0.4102
vn 0.3295 -0.8592 0.3915
vn 0.2329 -0.8808 0.4123
vn -0.3757 -0.7793 -0.5016
vn -0.1330 -0.9747 -0.1795
vn -0.3395 -0.9253 -0.1692
vn -0.0681 -0.9685 -0.2397
vn 0.1133 -0.9670 -0.2281
vn 0.4012 -0.8546 -0.3296
vn 0.3286 -0.9077 -0.2610
vn 0.4150 -0.8614 -0.2929
vn 0.1561 -0.9580 -0.2405
vn 0.1950 -0.9397 -0.2810
vn 0.2764 -0.9220 -0.2710
vn 0.4411 -0.8963 0.0456
vn 0.4468 -0.8831 0.1427
vn -0.4740 -0.8651 0.1641
vn -0.6060 -0.7478 0.2712
vn -0.5665 -0.7731 0.2854
vn 0.4031 -0.8922 0.2037
vn 0.5302 -0.8133 0.2398
vn 0.4845 -0.8308 0.2739
vn 0.3562 -0.9064 0.2272
vn 0.4750 -0.8077 0.3493
vn 0.4145 -0.7886 0.4542
vn -0.1240 -0.7801 0.6132
vn -0.0120 -0.7806 0.6249
vn -0.1515 -0.7451 0.6496
vn -0.2499 -0.7529 0.6089
vn -0.4893 -0.8493 -0.1981
vn -0.5055 -0.7897 -0.3477
vn -0.5704 -0.7974 -0.1969
vn -0.4922 -0.8580 -0.1468
vn -0.3508 -0.7542 0.5551
vn -0.3653 -0.7376 0.5679
vn -0.4624 -0.7321 0.5002
vn 0.1477 -0.7925 0.5918
vn 0.2794 -0.7760 0.5655
vn 0.1706 -0.7573 0.6304
vn 0.0862 -0.7694 0.6330
vn -0.2291 -0.8770 -0.4224
vn -0.1796 -0.8969 -0.4040
vn 0.4274 -0.9000 -0.0855
vn 0.4630 -0.8614 -0.2088
vn 0.4814 -0.8559 -0.1890
vn 0.4417 -0.8946 -0.0675
vn -0.3131 -0.7189 -0.6206
vn -0.2203 -0.6306 -0.7442
vn -0.3491 -0.6000 -0.7198
vn -0.5759 -0.7439 0.3391
vn -0.6138 -0.6957 0.3733
vn -0.6425 -0.7067 0.2961
vn 0.3767 -0.7990 0.4688
vn 0.4433 -0.7465 0.4962
vn 0.3871 -0.7625 0.5184
vn -0.3090 -0.9231 -0.2288
vn -0.4287 -0.8884 -0.1643
vn -0.2352 -0.9469 -0.2193
vn -0.0483 -0.9505 -0.3069
vn 0.1185 -0.9458 -0.3024
vn -0.0680 -0.9685 -0.2397
vn 0.1426 -0.9427 -0.3015
vn 0.2387 -0.9206 -0.3091
vn 0.2251 -0.7271 -0.6486
vn 0.4035 -0.5899 -0.6994
vn 0.1668 -0.6500 -0.7414
vn 0.1896 -0.9531 -0.2359
vn -0.0643 -0.9568 -0.2835
vn 0.0688 -0.9859 -0.1523
vn 0.2655 -0.9538 -0.1408
vn 0.3886 -0.8904 -0.2370
vn 0.4187 -0.8588 -0.2953
vn 0.4946 -0.8258 -0.2710
vn -0.3088 -0.8995 -0.3090
vn -0.5240 -0.8163 -0.2430
vn -0.5240 -0.8163 -0.2431
vn -0.5094 -0.7458 -0.4293
vn -0.3638 -0.8240 -0.4344
vn -0.5462 -0.8376 0.0057
vn -0.6694 -0.7428 0.0144
vn -0.7262 -0.6739 -0.1360
vn 0.6359 -0.5283 -0.5626
vn 0.5907 -0.5519 -0.5886
vn 0.6950 -0.4225 -0.5818
vn 0.6727 -0.4127 -0.6141
vn 0.5789 -0.7659 0.2797
vn 0.5442 -0.7766 0.3173
vn 0.4128 -0.8637 0.2891
vn -0.0293 -0.7704 0.6368
vn -0.3410 -0.6631 -0.6663
vn -0.4660 -0.6969 -0.5451
vn 0.5310 -0.8327 -0.1568
vn 0.4655 -0.8836 -0.0509
vn 0.4794 -0.7326 -0.4831
vn 0.6216 -0.5695 -0.5378
vn 0.7164 -0.4643 -0.5208
vn -0.1674 -0.9102 -0.3787
vn -0.2350 -0.8853 -0.4012
vn -0.1549 -0.9022 -0.4026
vn -0.1204 -0.9278 -0.3530
vn -0.1267 -0.9104 -0.3938
vn 0.0550 -0.9419 -0.3312
vn 0.4030 -0.8899 -0.2136
vn 0.5633 -0.7521 -0.3422
vn -0.3709 -0.5670 -0.7355
vn -0.3216 -0.6865 -0.6522
vn -0.3947 -0.5039 -0.7683
vn 0.2964 -0.7180 0.6298
vn 0.3763 -0.7375 0.5608
vn 0.2900 -0.7354 0.6125
vn 0.1887 -0.7386 0.6472
vn 0.0358 -0.9689 -0.2449
vn -0.0801 -0.9960 -0.0403
vn 0.1534 -0.9629 -0.2222
vn 0.2311 -0.9363 -0.2644
vn 0.1911 -0.9816 -0.0032
vn 0.3740 -0.9207 -0.1116
vn -0.5558 -0.8266 -0.0888
vn -0.6675 -0.7257 -0.1667
vn -0.6449 -0.7642 -0.0089
vn -0.4799 -0.8755 -0.0563
vn -0.5992 -0.7784 0.1874
vn -0.7128 -0.6397 0.2876
vn -0.7549 -0.6535 0.0563
vn -0.5360 -0.7265 0.4299
vn -0.5542 -0.7056 0.4416
vn -0.6144 -0.6935 0.3762
vn 0.3193 -0.8928 -0.3178
vn 0.3821 -0.8548 -0.3511
vn 0.4470 -0.8234 -0.3496
vn 0.6489 -0.7562 -0.0840
vn 0.5788 -0.8153 0.0162
vn 0.5290 -0.8373 0.1384
vn 0.6726 -0.7329 0.1025
vn 0.6172 -0.7524 0.2299
vn 0.6004 -0.7444 0.2923
vn 0.5717 -0.7435 0.3469
vn -0.0828 -0.9352 -0.3443
vn -0.1680 -0.9154 -0.3659
vn -0.1430 -0.9322 -0.3325
vn 0.0038 -0.9787 -0.2054
vn 0.0038 -0.9787 -0.2053
vn -0.0843 -0.9577 -0.2753
vn 0.0827 -0.9932 -0.0818
vn 0.1285 -0.9915 0.0197
vn -0.4992 -0.7396 -0.4515
vn -0.4284 -0.7930 -0.4331
vn -0.2362 -0.4964 -0.8353
vn -0.3356 -0.4346 -0.8358
vn -0.2683 -0.7250 0.6343
vn -0.1807 -0.7433 0.6441
vn -0.2843 -0.7072 0.6473
vn -0.3730 -0.7233 0.5811
vn 0.0340 -0.9982 -0.0502
vn -0.0068 -0.9981 -0.0608
vn 0.1116 -0.9783 -0.1743
vn 0.2017 -0.9626 -0.1808
vn 0.0915 -0.9955 -0.0231
vn -0.0404 -0.9901 0.1343
vn -0.0682 -0.9955 0.0652
vn -0.3119 -0.9442 -0.1063
vn -0.3058 -0.9521 0.0069
vn -0.1720 -0.9831 0.0621
vn 0.5638 -0.4798 -0.6723
vn 0.6278 -0.3640 -0.6880
vn 0.4580 -0.3980 -0.7949
vn -0.0444 -0.6520 -0.7569
vn 0.0533 -0.5007 -0.8640
vn -0.0721 -0.5196 -0.8514
vn -0.0135 -0.9970 -0.0756
vn -0.0380 -0.9968 0.0710
vn -0.0133 -0.9999 0.0067
vn -0.0232 -0.9900 -0.1391
vn 0.0069 -0.9706 -0.2408
vn 0.0423 -0.9841 -0.1725
vn -0.0827 -0.9755 0.2038
vn -0.0271 -0.9891 0.1447
vn 0.0543 -0.9548 -0.2924
vn 0.1486 -0.9709 -0.1878
vn -0.0275 -0.9894 0.1424
vn 0.1157 -0.9924 -0.0409
vn -0.0636 -0.9914 0.1140
vn -0.0776 -0.9817 0.1739
vn -0.0674 -0.9795 0.1897
vn -0.0840 -0.9744 0.2086
vn 0.2396 -0.9467 -0.2152
vn 0.3176 -0.9101 -0.2662
vn 0.3167 -0.8796 -0.3549
vn 0.2599 -0.9449 -0.1988
vn -0.1287 -0.9713 0.2000
vn -0.0815 -0.9609 0.2646
vn 0.3371 -0.9287 0.1548
vn 0.3006 -0.9422 0.1476
vn 0.4842 -0.8430 0.2341
vn 0.5468 -0.8344 0.0696
vn 0.3588 -0.9316 0.0577
vn 0.5575 -0.8220 -0.1161
vn 0.5596 -0.8035 -0.2030
vn 0.6700 -0.7207 -0.1782
vn 0.6651 -0.6600 -0.3494
vn -0.5993 -0.7089 -0.3719
vn -0.5849 -0.5817 -0.5652
vn -0.7120 -0.5846 -0.3890
vn -0.6532 -0.6834 0.3260
vn -0.6861 -0.6595 0.3072
vn -0.7305 -0.6133 0.3004
vn 0.5130 -0.7455 0.4256
vn 0.5783 -0.7303 0.3637
vn 0.5154 -0.7423 0.4282
vn 0.0870 -0.7483 0.6576
vn 0.0923 -0.7214 0.6864
vn -0.0406 -0.7522 0.6577
vn -0.0295 -0.9977 -0.0606
vn -0.0416 -0.9975 -0.0570
vn -0.1089 -0.9796 -0.1689
vn -0.0655 -0.9784 -0.1962
vn -0.0075 -0.9507 -0.3100
vn -0.0557 -0.9430 -0.3282
vn 0.0078 -0.8802 -0.4745
vn 0.0099 -0.9145 -0.4044
vn 0.2629 -0.9383 -0.2245
vn 0.3346 -0.8817 -0.3327
vn 0.3915 -0.8488 -0.3553
vn 0.0212 -0.9954 0.0931
vn 0.0543 -0.9755 0.2132
vn 0.0513 -0.9927 0.1092
vn 0.0470 -0.9878 0.1485
vn -0.0055 -0.9982 0.0603
vn -0.0877 -0.9954 -0.0386
vn -0.1716 -0.9760 -0.1342
vn -0.2452 -0.9574 -0.1527
vn -0.2643 -0.9500 -0.1663
vn -0.2055 -0.9605 -0.1877
vn -0.1681 -0.9815 -0.0918
vn 0.0007 -0.9976 0.0685
vn -0.2015 -0.9760 -0.0826
vn -0.2743 -0.9496 -0.1520
vn 0.1100 -0.9643 0.2407
vn 0.0774 -0.9584 0.2749
vn 0.1179 -0.9402 0.3194
vn 0.0935 -0.9702 0.2234
vn 0.1629 -0.9602 0.2270
vn -0.0099 -0.9979 0.0637
vn 0.1827 -0.9829 -0.0243
vn 0.3574 -0.8569 -0.3715
vn 0.2845 -0.9204 -0.2681
vn 0.2599 -0.9450 -0.1988
vn 0.0310 -0.9983 -0.0491
vn -0.1628 -0.9745 -0.1545
vn 0.2580 -0.9486 0.1831
vn 0.1951 -0.9042 0.3800
vn 0.3199 -0.8757 0.3616
vn 0.4324 -0.8534 0.2911
vn -0.2153 -0.6822 0.6987
vn 0.0304 -0.8003 -0.5988
vn 0.0806 -0.8466 -0.5261
vn -0.1356 -0.9632 -0.2321
vn -0.1977 -0.9592 -0.2022
vn -0.1396 -0.9200 -0.3662
vn -0.0122 -0.9712 0.2381
vn 0.0174 -0.9508 0.3092
vn -0.1159 -0.9870 0.1113
vn -0.0459 -0.9852 0.1653
vn 0.3094 -0.8947 -0.3221
vn 0.3765 -0.8601 -0.3443
vn 0.4373 -0.8119 -0.3868
vn -0.6496 -0.6688 -0.3616
vn -0.6974 -0.6601 -0.2790
vn -0.6186 -0.6695 -0.4111
vn -0.5342 -0.7112 -0.4569
vn -0.4683 -0.5259 -0.7100
vn -0.4511 -0.3887 -0.8033
vn -0.5667 -0.4046 -0.7178
vn 0.7040 -0.6933 0.1539
vn 0.6476 -0.7146 0.2646
vn 0.2011 -0.8919 -0.4050
vn 0.2165 -0.7506 -0.6243
vn 0.3621 -0.7739 -0.5196
vn -0.2342 -0.9478 -0.2162
vn -0.2636 -0.9369 -0.2298
vn -0.2743 -0.9495 -0.1520
vn -0.0809 -0.9848 0.1539
vn -0.1098 -0.9693 0.2199
vn -0.1691 -0.9705 0.1719
vn 0.4271 -0.8076 -0.4066
vn 0.4247 -0.8224 0.3786
vn 0.5239 -0.8057 0.2763
vn 0.5045 -0.8216 -0.2654
vn 0.5158 -0.7975 -0.3130
vn 0.5980 -0.7450 -0.2956
vn 0.5591 -0.7908 -0.2489
vn -0.0495 -0.8463 -0.5304
vn -0.1488 -0.8047 -0.5747
vn -0.0476 -0.7834 -0.6197
vn 0.0226 -0.7948 -0.6065
vn -0.2715 -0.9486 -0.1624
vn -0.3046 -0.9354 -0.1795
vn -0.3614 -0.8770 -0.3165
vn -0.3614 -0.8771 -0.3165
vn -0.3276 -0.8674 -0.3745
vn -0.2925 -0.9438 -0.1538
vn -0.2559 -0.9472 -0.1933
vn -0.2643 -0.9499 -0.1666
vn 0.0926 -0.9151 0.3925
vn 0.1453 -0.8780 0.4561
vn -0.5620 -0.8211 0.0996
vn -0.5621 -0.8211 0.0996
vn -0.7436 -0.6651 0.0688
vn -0.6260 -0.7178 0.3049
vn -0.6259 -0.7178 0.3049
vn -0.3029 -0.9273 0.2198
vn -0.7722 -0.6312 -0.0726
vn -0.7857 -0.6184 -0.0131
vn -0.7358 -0.6461 -0.2027
vn -0.4785 -0.7175 0.5061
vn -0.5138 -0.6660 0.5408
vn -0.5747 -0.6668 0.4745
vn -0.0768 -0.9601 0.2688
vn -0.1713 -0.9649 0.1990
vn -0.1125 -0.9193 0.3770
vn 0.0042 -0.9197 0.3926
vn -0.2566 -0.8499 0.4603
vn -0.3048 -0.8716 0.3839
vn -0.1514 -0.9233 -0.3531
vn -0.1760 -0.9148 -0.3636
vn -0.3015 -0.9126 -0.2763
vn -0.1544 -0.9565 0.2474
vn -0.2940 -0.8629 -0.4110
vn -0.3565 -0.7934 -0.4934
vn -0.2400 -0.8677 -0.4353
vn -0.3718 -0.4024 -0.8366
vn -0.3223 -0.3747 -0.8693
vn -0.3747 -0.3464 -0.8600
vn 0.4391 -0.7590 0.4806
vn 0.5122 -0.7423 0.4320
vn 0.4386 -0.7480 0.4980
vn 0.0449 -0.7403 -0.6707
vn 0.0539 -0.7380 -0.6727
vn 0.1036 -0.7444 -0.6597
vn 0.1071 -0.7314 -0.6735
vn 0.2203 -0.7233 -0.6544
vn -0.2293 -0.9022 -0.3652
vn -0.3733 -0.7514 -0.5441
vn -0.2553 -0.8099 -0.5281
vn -0.4270 -0.7744 0.4670
vn -0.4270 -0.7743 0.4670
vn -0.3200 -0.8071 0.4961
vn 0.2677 -0.4646 -0.8441
vn 0.3911 -0.3646 -0.8450
vn 0.1487 -0.3627 -0.9200
vn -0.0940 -0.3669 -0.9255
vn -0.1378 -0.4002 -0.9060
vn -0.6563 -0.6859 0.3145
vn -0.6823 -0.6609 0.3127
vn -0.7293 -0.6148 0.3001
vn -0.6861 -0.6594 0.3072
vn -0.5361 -0.5755 0.6176
vn -0.4570 -0.5731 0.6802
vn 0.4985 -0.8032 -0.3262
vn 0.4861 -0.7837 -0.3867
vn 0.5311 -0.7540 -0.3866
vn 0.6800 -0.7266 -0.0988
vn 0.6126 -0.7838 0.1022
vn 0.7584 -0.6515 -0.0208
vn 0.7948 -0.5807 -0.1763
vn 0.6742 -0.6788 -0.2910
vn 0.6410 -0.7360 -0.2177
vn 0.7266 -0.3465 -0.5933
vn 0.7670 -0.3745 -0.5210
vn 0.7211 -0.4659 -0.5128
vn 0.6495 -0.4005 -0.6463
vn 0.4193 -0.7796 -0.4653
vn 0.3986 -0.7312 -0.5536
vn 0.4143 -0.7424 -0.5264
vn 0.4110 -0.7838 -0.4655
vn 0.3903 -0.8281 -0.4024
vn 0.4066 -0.7811 -0.4739
vn 0.4045 -0.8057 -0.4327
vn -0.3587 -0.8366 -0.4140
vn -0.3015 -0.9125 -0.2763
vn -0.2250 -0.9018 0.3689
vn -0.3229 -0.6626 0.6758
vn -0.1631 -0.7674 0.6200
vn -0.0791 -0.8326 0.5482
vn -0.7674 -0.6316 -0.1100
vn -0.7675 -0.6316 -0.1101
vn -0.7121 -0.5845 -0.3890
vn -0.7790 -0.5350 -0.3271
vn -0.8190 -0.5714 -0.0526
vn 0.7606 -0.5600 -0.3285
vn 0.8261 -0.4568 -0.3300
vn 0.7200 -0.6666 0.1931
vn 0.6645 -0.7011 0.2587
vn 0.2651 -0.8425 0.4689
vn 0.0558 -0.8613 0.5051
vn 0.1873 -0.8092 0.5569
vn 0.3465 -0.8089 0.4749
vn 0.5226 -0.7812 0.3414
vn 0.6543 -0.7346 0.1797
vn -0.8113 -0.5715 0.1229
vn -0.6940 -0.5766 0.4311
vn 0.6700 -0.7206 -0.1782
vn 0.7949 -0.5806 -0.1763
vn 0.7092 -0.7033 -0.0490
vn 0.7341 -0.6638 -0.1433
vn 0.7897 -0.6034 -0.1107
vn 0.7420 -0.6702 -0.0194
vn -0.1323 -0.7791 -0.6128
vn -0.2567 -0.7559 -0.6022
vn -0.1344 -0.7418 -0.6571
vn -0.0277 -0.7596 -0.6498
vn -0.4127 -0.5789 0.7033
vn -0.5253 -0.4604 0.7156
vn -0.3210 -0.4880 0.8116
vn -0.7801 -0.6152 0.1140
vn -0.7723 -0.6175 0.1494
vn -0.7955 -0.6053 0.0280
vn 0.1941 -0.7031 0.6841
vn 0.2790 -0.7258 0.6288
vn 0.1923 -0.6794 0.7082
vn 0.0928 -0.6750 0.7319
vn 0.3226 -0.7052 -0.6313
vn 0.3347 -0.6975 -0.6336
vn 0.3599 -0.6705 -0.6488
vn -0.4032 -0.7703 -0.4940
vn -0.4156 -0.7273 -0.5462
vn -0.4198 -0.6821 -0.5987
vn 0.4507 -0.7764 -0.4406
vn 0.4469 -0.7732 -0.4500
vn -0.6186 -0.6696 -0.4111
vn -0.6168 -0.6349 -0.4652
vn -0.5550 -0.6987 -0.4514
vn 0.6741 -0.6789 -0.2910
vn 0.7302 -0.6273 -0.2708
vn -0.1344 -0.7417 -0.6571
vn -0.0198 -0.6855 -0.7278
vn 0.0528 -0.7142 -0.6980
vn -0.3990 -0.7182 -0.5701
vn -0.4375 -0.6589 -0.6119
vn -0.4050 -0.6718 -0.6202
vn 0.4549 -0.7948 -0.4017
vn 0.4559 -0.7753 -0.4371
vn 0.4910 -0.7598 -0.4262
vn -0.6729 -0.4478 -0.5888
vn -0.6196 -0.3893 -0.6816
vn -0.7342 -0.4669 -0.4930
vn 0.6140 -0.7278 0.3055
vn 0.7017 -0.6561 0.2778
vn 0.6397 -0.6989 0.3199
vn 0.3677 -0.7567 0.5406
vn 0.4486 -0.7530 0.4813
vn 0.3553 -0.7472 0.5616
vn -0.0658 -0.6893 0.7215
vn -0.0956 -0.6446 0.7585
vn -0.2426 -0.6057 0.7578
vn -0.8043 -0.5733 0.1566
vn -0.6949 -0.5436 0.4708
vn -0.5361 -0.5754 0.6176
vn -0.4154 -0.6335 0.6528
vn -0.3097 -0.6543 0.6899
vn -0.4614 -0.5250 0.7152
vn -0.5582 -0.5536 0.6180
vn 0.0533 -0.7331 -0.6781
vn 0.0479 -0.7056 -0.7070
vn 0.1255 -0.7109 -0.6920
vn 0.4695 -0.7649 -0.4410
vn 0.4719 -0.7652 -0.4380
vn 0.4785 -0.7751 -0.4127
vn 0.4745 -0.7592 -0.4455
vn -0.2019 -0.4031 -0.8926
vn -0.2308 -0.3782 -0.8965
vn -0.2237 -0.3906 -0.8930
vn 0.2928 -0.4097 -0.8640
vn 0.0508 -0.3682 -0.9284
vn -0.6245 -0.6843 0.3765
vn -0.6493 -0.6241 0.4347
vn -0.7066 -0.6361 0.3101
vn -0.8131 -0.5250 -0.2513
vn -0.8132 -0.5250 -0.2513
vn -0.8357 -0.5472 -0.0465
vn 0.7974 -0.5914 -0.1200
vn 0.7652 -0.6433 0.0264
vn 0.5007 -0.3753 -0.7801
vn 0.5194 -0.5499 -0.6541
vn 0.4261 -0.4672 -0.7747
vn -0.3523 -0.5862 0.7296
vn 0.2813 -0.7858 0.5509
vn 0.4551 -0.7726 0.4427
vn 0.6197 -0.7316 0.2841
vn 0.7660 -0.6370 0.0861
vn -0.1740 -0.9566 -0.2337
vn 0.1995 -0.9799 0.0068
vn -0.0783 -0.8574 0.5087
vn -0.3827 -0.8654 0.3234
vn -0.6010 -0.6382 -0.4810
vn -0.4200 -0.6166 -0.6659
vn 0.1074 -0.7978 -0.5933
vn 0.3894 -0.8122 -0.4345
vn 0.3761 -0.4124 -0.8297
vn 0.5306 -0.4440 -0.7220
vn 0.6050 -0.7888 -0.1086
vn 0.5190 -0.7520 0.4065
vn 0.1993 -0.7028 0.6829
vn 0.7403 -0.4928 0.4572
vn 0.3933 -0.4579 0.7973
vn 0.3932 -0.4579 0.7973
vn -0.0975 -0.4496 0.8879
vn -0.2858 -0.4221 0.8603
vn -0.0511 -0.3479 0.9361
vn -0.3171 -0.2891 0.9033
vn -0.4766 -0.3887 0.7885
vn -0.8096 -0.5834 0.0645
vn -0.6554 -0.3052 0.6909
vn -0.8096 -0.5834 0.0644
vn -0.6555 -0.3052 0.6908
vn -0.9680 -0.2440 0.0586
vn -0.2578 -0.6714 -0.6948
vn -0.3822 -0.6083 -0.6956
vn -0.2544 -0.6082 -0.7519
vn -0.1453 -0.6569 -0.7398
vn -0.4777 -0.7357 -0.4801
vn -0.4990 -0.6438 -0.5801
vn -0.4156 -0.6813 -0.6026
vn 0.0786 -0.7689 0.6346
vn -0.1631 -0.7675 0.6200
vn 0.0191 -0.7050 0.7090
vn 0.2434 -0.6695 0.7018
vn 0.2813 -0.7857 0.5509
vn -0.0653 -0.5985 0.7985
vn -0.1203 -0.5671 0.8148
vn 0.1474 -0.5738 0.8056
vn -0.8386 -0.2974 -0.4564
vn -0.6872 -0.3263 -0.6491
vn -0.1413 -0.3934 -0.9084
vn -0.0082 -0.4531 -0.8914
vn 0.4027 -0.3033 -0.8636
vn -0.4645 -0.3210 -0.8253
vn -0.3569 -0.2996 -0.8848
vn -0.5163 -0.3562 -0.7788
vn 0.2226 -0.6942 -0.6845
vn 0.2180 -0.6931 -0.6871
vn 0.3340 -0.6818 -0.6509
vn -0.6012 -0.4850 0.6351
vn -0.6671 -0.6004 0.4410
vn -0.6672 -0.6003 0.4410
vn -0.5866 -0.5391 0.6043
vn 0.8463 -0.5134 -0.1424
vn 0.8137 -0.5689 -0.1192
vn 0.7851 -0.4885 -0.3807
vn 0.8243 -0.5168 -0.2313
vn 0.5785 -0.2943 -0.7607
vn 0.8652 -0.4315 -0.2555
vn 0.7404 -0.4928 0.4572
vn 0.5758 -0.7355 0.3570
vn 0.6799 -0.6635 0.3123
vn 0.5957 -0.7142 0.3676
vn -0.6934 -0.2776 0.6649
vn -0.9391 -0.3237 0.1152
vn -0.7464 -0.5802 0.3259
vn -0.7561 -0.5663 0.3280
vn -0.7950 -0.5658 0.2185
vn -0.1489 -0.6067 -0.7809
vn -0.0423 -0.6345 -0.7718
vn -0.3907 -0.7232 -0.5695
vn -0.4242 -0.6553 -0.6250
vn -0.4286 -0.6649 -0.6117
vn -0.3910 -0.7231 -0.5694
vn -0.4744 -0.2849 0.8329
vn -0.2673 -0.3495 0.8980
vn -0.2673 -0.3496 0.8980
vn -0.4269 -0.3118 0.8489
vn -0.6857 -0.3368 0.6453
vn 0.7771 -0.4054 0.4814
vn 0.3991 -0.3462 0.8490
vn 0.2632 -0.7033 0.6604
vn 0.3717 -0.6841 0.6276
vn 0.2670 -0.6773 0.6855
vn 0.1834 -0.6674 0.7217
vn -0.2228 -0.3621 -0.9051
vn 0.4412 -0.2412 -0.8644
vn 0.8191 -0.5669 -0.0876
vn 0.7789 -0.6249 0.0535
vn -0.6136 -0.5618 0.5549
vn -0.6365 -0.4790 0.6045
vn -0.6366 -0.4790 0.6044
vn -0.6701 -0.5227 0.5270
vn 0.0365 -0.7016 -0.7116
vn 0.0129 -0.6769 -0.7360
vn 0.0719 -0.6887 -0.7215
vn 0.4043 -0.7555 -0.5155
vn 0.4143 -0.7425 -0.5264
vn 0.3884 -0.7270 -0.5662
vn 0.4427 -0.7078 -0.5505
vn 0.4194 -0.7457 -0.5177
vn 0.6410 -0.6742 -0.3668
vn 0.6732 -0.6038 -0.4268
vn 0.6976 -0.5722 -0.4312
vn 0.7178 -0.6065 -0.3418
vn -0.7217 -0.5989 -0.3471
vn -0.7619 -0.5603 -0.3249
vn -0.7545 -0.5218 -0.3980
vn -0.6721 -0.5849 -0.4541
vn -0.7680 -0.6164 -0.1740
vn -0.7575 -0.6519 0.0350
vn 0.5448 -0.3142 -0.7775
vn 0.8559 -0.4597 -0.2368
vn -0.6565 -0.4313 -0.6188
vn -0.7393 -0.5235 -0.4235
vn -0.7394 -0.5234 -0.4235
vn -0.1703 -0.3643 -0.9156
vn -0.0879 -0.4145 -0.9058
vn -0.2279 -0.3816 -0.8958
vn -0.1379 -0.4002 -0.9060
vn 0.3843 -0.7129 -0.5865
vn 0.3504 -0.6993 -0.6230
vn 0.3850 -0.7048 -0.5959
vn 0.4489 -0.7033 0.5513
vn 0.6093 -0.7001 0.3723
vn -0.0191 -0.3535 0.9352
vn 0.4362 -0.3986 0.8068
vn 0.0576 -0.4160 0.9076
vn 0.6951 -0.5505 -0.4624
vn 0.6431 -0.5480 -0.5349
vn -0.2645 -0.3329 -0.9051
vn -0.1905 -0.3475 -0.9181
vn -0.2174 -0.3651 -0.9052
vn 0.4338 -0.6737 -0.5983
vn 0.4592 -0.6165 -0.6396
vn 0.0808 -0.6493 0.7562
vn 0.0603 -0.6083 0.7914
vn -0.1273 -0.5814 0.8036
vn -0.4328 -0.6593 -0.6148
vn -0.4442 -0.6379 -0.6292
vn -0.4442 -0.6378 -0.6292
vn -0.4344 -0.6587 -0.6143
vn 0.1915 -0.5318 0.8249
vn 0.3930 -0.5761 0.7167
vn 0.5108 -0.6369 0.5775
vn -0.9032 -0.2209 -0.3680
vn -0.9777 -0.1788 0.1104
vn -0.9172 -0.1518 -0.3683
vn -0.7704 -0.2494 -0.5868
vn 0.5331 -0.7007 0.4742
vn 0.6688 -0.5833 0.4609
vn 0.5964 -0.6157 0.5150
vn 0.1253 -0.6721 -0.7298
vn 0.1206 -0.6593 -0.7422
vn 0.2137 -0.6800 -0.7014
vn -0.4286 -0.5498 0.7170
vn -0.5231 -0.6305 0.5734
vn -0.3127 -0.6471 0.6953
vn -0.8155 -0.1767 -0.5512
vn -0.2229 -0.3621 -0.9051
vn -0.1413 -0.3935 -0.9084
vn -0.7924 -0.5978 -0.1216
vn -0.8347 -0.5490 -0.0438
vn -0.7792 -0.5602 -0.2812
vn -0.6605 -0.2241 0.7166
vn 0.7417 -0.6314 0.2263
vn 0.7970 -0.5957 0.0992
vn 0.7674 -0.5729 0.2880
vn -0.2619 -0.5854 0.7673
vn -0.2706 -0.5514 0.7891
vn -0.3836 -0.5583 0.7356
vn -0.4288 -0.6343 -0.6433
vn -0.4248 -0.6239 -0.6560
vn -0.4089 -0.5962 -0.6909
vn -0.4288 -0.6343 -0.6432
vn 0.5444 -0.6248 -0.5597
vn 0.5025 -0.7040 -0.5019
vn 0.5875 -0.6925 -0.4187
vn 0.6033 -0.6225 -0.4985
vn 0.6937 -0.5415 -0.4750
vn 0.7488 -0.5316 -0.3959
vn 0.7410 -0.5775 -0.3426
vn -0.7545 -0.5913 0.2847
vn -0.7715 -0.5710 0.2806
vn -0.7673 -0.5680 0.2977
vn 0.3578 -0.6767 -0.6435
vn 0.3634 -0.6673 -0.6501
vn 0.3348 -0.6479 -0.6842
vn -0.2179 -0.2251 -0.9497
vn 0.3991 -0.3586 -0.8439
vn 0.3991 -0.3585 -0.8439
vn 0.4463 -0.6973 -0.5609
vn 0.8137 -0.5484 -0.1929
vn 0.7828 -0.5262 -0.3322
vn 0.8253 -0.4958 -0.2704
vn 0.8259 -0.5343 -0.1797
vn 0.7206 -0.6672 0.1887
vn 0.7369 -0.6593 0.1492
vn 0.7548 -0.6376 -0.1540
vn 0.7576 -0.3881 0.5248
vn 0.6112 -0.7771 -0.1502
vn 0.5874 -0.6086 0.5334
vn 0.4362 -0.3986 0.8067
vn 0.7576 -0.3881 0.5249
vn 0.4363 -0.3986 0.8067
vn 0.3992 -0.3462 0.8490
vn -0.3652 -0.4080 -0.8368
vn -0.5387 -0.5233 -0.6603
vn -0.3635 -0.5852 -0.7248
vn -0.4003 -0.5521 -0.7314
vn -0.3509 -0.5620 -0.7491
vn -0.2460 -0.5905 -0.7686
vn -0.2210 -0.5394 -0.8125
vn -0.1444 -0.5474 -0.8243
vn 0.4992 -0.7085 -0.4989
vn 0.6065 -0.6222 -0.4949
vn 0.6314 -0.5594 -0.5371
vn -0.7539 -0.6338 0.1731
vn -0.7189 -0.6949 0.0147
vn -0.7307 -0.6708 0.1273
vn -0.6672 -0.6004 0.4409
vn -0.6949 -0.5436 0.4707
vn 0.5301 -0.7106 -0.4626
vn 0.5889 -0.6104 -0.5298
vn 0.5889 -0.6103 -0.5298
vn 0.6275 -0.5422 -0.5588
vn -0.7039 -0.4859 -0.5180
vn -0.6520 -0.5306 -0.5416
vn -0.6421 -0.6174 -0.4545
vn -0.6587 -0.7071 -0.2570
vn -0.3029 -0.3579 0.8833
vn -0.0246 -0.4627 0.8862
vn -0.2973 -0.4625 0.8353
vn -0.4602 -0.2837 0.8413
vn 0.7484 -0.5953 0.2925
vn 0.7793 -0.5472 0.3054
vn 0.7651 -0.5871 0.2647
vn 0.5048 -0.6667 0.5484
vn 0.6477 -0.5326 0.5448
vn 0.5575 -0.5506 0.6213
vn -0.0822 -0.6082 -0.7895
vn -0.1659 -0.5172 -0.8396
vn -0.1167 -0.5861 -0.8018
vn -0.0086 -0.6501 -0.7598
vn 0.6167 -0.5149 -0.5954
vn 0.7895 -0.4901 -0.3693
vn -0.4618 -0.4365 0.7722
vn -0.7034 -0.2776 0.6543
vn -0.1914 -0.3675 -0.9101
vn -0.1684 -0.4849 -0.8582
vn -0.1553 -0.5299 -0.8337
vn -0.8188 -0.5723 0.0448
vn -0.8397 -0.5358 0.0887
vn -0.8495 -0.5274 -0.0160
vn 0.2456 -0.5074 -0.8259
vn 0.3222 -0.7845 -0.5299
vn 0.2130 -0.6454 -0.7335
vn -0.5811 -0.4665 0.6668
vn -0.4981 -0.4886 0.7163
vn -0.5933 -0.4495 0.6678
vn -0.6393 -0.4484 0.6247
vn -0.5309 -0.4615 0.7108
vn -0.6247 -0.5622 -0.5418
vn -0.6460 -0.4548 -0.6131
vn -0.5895 -0.5099 -0.6265
vn -0.9310 0.0980 -0.3515
vn -0.8136 0.0629 -0.5780
vn -0.8154 -0.1767 -0.5512
vn 0.3221 -0.6653 -0.6735
vn 0.3362 -0.6016 -0.7246
vn 0.3674 -0.5794 -0.7275
vn -0.0831 -0.5853 0.8066
vn -0.2946 -0.8204 0.4901
vn -0.1062 -0.7523 0.6502
vn 0.4740 -0.4889 -0.7323
vn 0.2113 -0.6033 -0.7690
vn 0.1761 -0.7701 -0.6131
vn 0.6112 -0.7771 -0.1503
vn -0.1833 -0.5400 -0.8215
vn -0.2127 -0.7125 -0.6687
vn -0.7364 -0.5811 0.3465
vn -0.7548 -0.4627 0.4649
vn -0.7705 -0.5697 0.2859
vn 0.7548 -0.6376 -0.1541
vn 0.7369 -0.6593 0.1491
vn 0.6974 -0.6817 -0.2211
vn 0.5679 -0.6630 -0.4879
vn 0.7548 -0.6376 -0.1542
vn 0.5678 -0.6629 -0.4879
vn 0.0798 -0.6785 -0.7303
vn 0.0934 -0.5459 -0.8326
vn 0.1513 -0.5830 -0.7983
vn -0.4776 -0.6005 -0.6413
vn -0.5782 -0.4383 -0.6882
vn -0.4887 -0.5530 -0.6748
vn -0.6283 -0.6746 0.3875
vn -0.4156 -0.9044 0.0967
vn -0.4057 -0.8912 0.2028
vn 0.8296 -0.4967 -0.2550
vn 0.8241 -0.5353 -0.1853
vn 0.3777 -0.5299 0.7593
vn 0.3956 -0.7865 0.4743
vn 0.3776 -0.5299 0.7593
vn 0.2064 -0.8176 0.5375
vn 0.3776 -0.5299 0.7594
vn -0.3030 -0.7311 -0.6112
vn -0.4570 -0.7726 -0.4407
vn 0.1710 -0.9342 -0.3132
vn 0.1777 -0.6338 0.7528
vn 0.2900 -0.5921 0.7518
vn 0.1839 -0.5930 0.7840
vn 0.0420 -0.5918 0.8050
vn -0.1364 -0.5485 0.8249
vn -0.1654 -0.5479 0.8200
vn -0.2837 -0.5289 0.7998
vn 0.6416 -0.6600 0.3909
vn 0.4489 -0.7032 0.5513
vn 0.5108 -0.6369 0.5774
vn 0.5280 -0.8040 0.2736
vn 0.5957 -0.7963 0.1051
vn -0.9793 -0.0471 0.1970
vn -0.9288 0.3667 0.0528
vn -0.9288 0.3667 0.0527
vn 0.7338 -0.5725 0.3658
vn 0.7654 -0.5657 0.3069
vn 0.7480 -0.5016 0.4347
vn -0.6811 -0.7229 -0.1164
vn -0.3710 -0.9233 -0.0995
vn -0.4041 -0.9119 -0.0723
vn 0.4112 -0.5927 0.6926
vn 0.4112 -0.5927 0.6925
vn 0.5719 -0.5121 0.6409
vn 0.4296 -0.5373 0.7258
vn -0.4411 -0.6086 -0.6596
vn -0.5070 -0.4661 -0.7250
vn -0.4807 -0.5448 -0.6872
vn -0.2062 -0.0708 -0.9759
vn -0.2062 -0.0708 -0.9760
vn -0.6223 0.6623 -0.4172
vn -0.1728 0.6361 -0.7520
vn 0.1993 -0.9062 -0.3730
vn -0.0021 -0.8952 -0.4456
vn 0.1030 -0.8763 -0.4706
vn 0.4949 -0.8457 -0.1997
vn 0.6331 -0.7741 0.0007
vn 0.6377 -0.6759 0.3695
vn 0.4311 -0.8969 0.0986
vn 0.3949 -0.8563 0.3329
vn -0.0094 -0.8833 -0.4687
vn -0.1049 -0.9618 -0.2529
vn -0.1447 -0.5489 -0.8233
vn 0.1393 -0.8931 -0.4278
vn 0.4555 -0.6649 -0.5920
vn 0.5157 -0.5773 -0.6331
vn 0.6204 -0.4693 -0.6284
vn 0.6075 -0.5369 -0.5853
vn 0.2625 -0.8611 -0.4354
vn -0.1154 -0.9298 0.3495
vn 0.1321 -0.9775 -0.1644
vn 0.2005 -0.5755 -0.7929
vn 0.2088 -0.4750 -0.8549
vn 0.3372 -0.4770 -0.8117
vn -0.0542 -0.9713 -0.2315
vn 0.0072 -0.9999 0.0148
vn -0.3030 -0.7311 -0.6113
vn -0.8198 -0.5054 0.2692
vn -0.8166 -0.5150 0.2608
vn -0.8546 -0.5002 0.1394
vn -0.2004 -0.5011 -0.8419
vn -0.3273 -0.5080 -0.7967
vn -0.2952 -0.3674 -0.8820
vn -0.2111 -0.4349 -0.8754
vn 0.3747 -0.6480 -0.6631
vn 0.3747 -0.6479 -0.6632
vn 0.3795 -0.5287 -0.7592
vn 0.4986 -0.4601 -0.7346
vn 0.2178 -0.6927 0.6875
vn -0.0260 -0.9953 0.0928
vn 0.0410 -0.9932 -0.1087
vn 0.3347 -0.7644 0.5511
vn -0.3012 -0.8952 0.3284
vn 0.0882 -0.9688 -0.2317
vn 0.0053 -0.9592 -0.2827
vn 0.0053 -0.9592 -0.2826
vn -0.3827 -0.9239 -0.0000
vn 0.3749 -0.9268 0.0218
vn -0.6958 -0.6599 0.2835
vn -0.6959 -0.6599 0.2834
vn 0.2857 -0.9488 -0.1347
vn -0.4830 -0.8376 -0.2554
vn -0.0968 -0.9882 -0.1191
vn 0.0252 -0.9962 0.0829
vn -0.0319 -0.8065 0.5904
vn -0.1050 -0.9618 -0.2529
vn -0.4799 -0.6025 -0.6377
vn -0.5328 -0.4375 -0.7244
vn -0.4812 -0.4833 -0.7313
vn 0.7076 -0.5244 -0.4736
vn 0.7025 -0.4975 -0.5089
vn 0.7158 -0.4770 -0.5100
vn 0.7292 -0.4989 -0.4683
vn 0.4805 -0.7431 0.4658
vn 0.4492 0.4662 0.7621
vn -0.6993 -0.5930 -0.3992
vn -0.7450 0.5848 -0.3210
vn 0.2171 -0.9704 -0.1057
vn -0.6016 -0.6757 0.4261
vn -0.3608 -0.8378 0.4098
vn 0.1710 -0.9342 -0.3131
vn 0.7033 -0.5054 0.4999
vn 0.7375 -0.4982 0.4559
vn 0.7029 -0.5138 0.4918
vn -0.4156 -0.5246 0.7430
vn -0.4546 -0.4368 0.7762
vn -0.5601 -0.4036 0.7234
vn 0.6810 -0.4442 -0.5822
vn 0.6608 -0.4551 -0.5969
vn 0.6683 -0.5154 -0.5364
vn 0.6574 -0.4992 -0.5645
vn 0.6888 -0.4821 -0.5415
vn 0.0326 -0.7561 -0.6536
vn 0.0326 -0.7562 -0.6536
vn -0.2038 -0.9784 -0.0343
vn 0.8564 -0.4674 -0.2195
vn 0.8456 -0.5073 -0.1660
vn -0.0369 -0.9989 -0.0293
vn 0.1718 -0.9490 -0.2644
vn 0.8458 -0.5308 -0.0527
vn 0.8848 -0.4535 -0.1071
vn 0.8742 -0.4851 -0.0233
vn -0.6829 -0.4528 0.5733
vn -0.7151 -0.3991 0.5739
vn -0.7689 -0.3304 0.5475
vn -0.0049 -0.5720 -0.8202
vn -0.1342 -0.5074 -0.8512
vn 0.0232 -0.4710 -0.8818
vn 0.1240 -0.4247 -0.8968
vn -0.4054 -0.4628 -0.7883
vn -0.4157 -0.3951 -0.8192
vn -0.0369 -0.9989 -0.0294
vn 0.3664 -0.5857 -0.7230
vn 0.3746 -0.4947 -0.7842
vn 0.4251 -0.4563 -0.7817
vn 0.3795 -0.5287 -0.7593
vn -0.4156 -0.5303 -0.7389
vn -0.4154 -0.5301 -0.7392
vn -0.4742 -0.3784 -0.7950
vn -0.4203 -0.4262 -0.8011
vn -0.4156 -0.5303 -0.7390
vn 0.6545 -0.5133 -0.5552
vn 0.6392 -0.4808 -0.6003
vn 0.6379 -0.4751 -0.6061
vn -0.1853 -0.4889 -0.8524
vn -0.2441 -0.3737 -0.8949
vn -0.1952 -0.4309 -0.8810
vn 0.6468 -0.4840 -0.5894
vn 0.6170 -0.4609 -0.6379
vn 0.6129 -0.4509 -0.6489
vn 0.4068 0.2298 0.8842
vn 0.4068 0.2297 0.8842
vn 0.3081 -0.5378 0.7848
vn 0.4427 -0.5052 0.7408
vn 0.3237 -0.5239 0.7878
vn 0.1790 -0.5735 0.7994
vn 0.6739 -0.4494 -0.5864
vn -0.7455 -0.5271 -0.4080
vn -0.8006 -0.4663 -0.3762
vn -0.8006 -0.4663 -0.3763
vn -0.7651 -0.4004 -0.5043
vn -0.7640 -0.4317 -0.4795
vn 0.8294 -0.5303 0.1759
vn 0.9144 -0.4035 0.0330
vn 0.8535 -0.4674 0.2301
vn 0.1465 -0.4476 -0.8822
vn 0.1431 -0.4207 -0.8959
vn 0.1431 -0.4207 -0.8958
vn 0.2104 -0.4165 -0.8845
vn -0.4201 -0.3698 -0.8287
vn 0.7431 -0.4488 -0.4964
vn 0.7722 -0.4769 -0.4198
vn -0.7742 -0.5689 0.2774
vn -0.7982 -0.5308 0.2849
vn -0.8367 -0.4932 0.2382
vn 0.3685 -0.4734 -0.8000
vn 0.3640 -0.4530 -0.8138
vn 0.3685 -0.4734 -0.8001
vn 0.3674 -0.4549 -0.8112
vn -0.8490 -0.4964 -0.1812
vn -0.8911 -0.4289 -0.1485
vn -0.8827 -0.3634 -0.2980
vn 0.6484 -0.5135 0.5620
vn 0.7030 -0.5138 0.4918
vn 0.7115 -0.4767 0.5163
vn 0.6514 -0.4978 0.5726
vn 0.0190 -0.5936 0.8045
vn -0.0280 -0.5523 0.8332
vn -0.2091 -0.4976 0.8418
vn 0.7774 -0.5796 0.2443
vn 0.8778 -0.4364 0.1976
vn 0.7940 -0.5637 0.2275
vn 0.8046 -0.4822 -0.3466
vn 0.7852 -0.4707 -0.4023
vn 0.8073 -0.4493 -0.3825
vn 0.8190 -0.4738 -0.3236
vn -0.1272 -0.4736 -0.8715
vn -0.2201 -0.4068 -0.8866
vn -0.1000 -0.4287 -0.8979
vn 0.0438 -0.3696 -0.9281
vn 0.7757 -0.4264 -0.4652
vn -0.6467 -0.4459 0.6188
vn -0.5946 -0.4217 0.6845
vn -0.6603 -0.3792 0.6482
vn -0.7437 -0.3744 0.5538
vn -0.5973 -0.3147 0.7377
vn 0.6152 -0.4253 -0.6639
vn 0.5817 -0.4142 -0.7000
vn 0.5674 -0.4479 -0.6909
vn 0.6127 -0.4523 -0.6481
vn -0.6247 -0.3794 -0.6825
vn -0.6575 -0.3710 -0.6558
vn -0.6062 -0.3639 -0.7072
vn -0.6086 -0.3445 -0.7148
vn -0.6649 -0.4207 -0.6171
vn -0.7275 -0.3564 -0.5863
vn -0.6935 -0.3393 -0.6355
vn -0.7539 -0.3362 -0.5645
vn -0.3134 -0.4685 0.8260
vn -0.3519 -0.4263 0.8333
vn -0.4890 -0.3597 0.7947
vn 0.3257 -0.4176 -0.8483
vn 0.3090 -0.4324 -0.8471
vn 0.3456 -0.4595 -0.8182
vn -0.5849 -0.3664 -0.7236
vn -0.5864 -0.3464 -0.7322
vn -0.5702 -0.3341 -0.7505
vn -0.8813 -0.4722 0.0165
vn -0.9195 -0.3904 0.0458
vn -0.9350 -0.3404 -0.0992
vn -0.7915 -0.4481 0.4156
vn -0.7879 -0.3074 0.5335
vn -0.7880 -0.3074 0.5335
vn -0.8323 -0.4040 0.3794
vn -0.8324 -0.4040 0.3794
vn 0.1369 -0.4160 -0.8990
vn 0.1002 -0.3981 -0.9119
vn 0.1461 -0.4544 -0.8787
vn 0.1369 -0.4161 -0.8990
vn 0.4684 -0.4029 -0.7863
vn 0.4750 -0.4262 -0.7699
vn 0.5268 -0.4179 -0.7401
vn 0.7547 -0.5342 0.3808
vn 0.8400 -0.4592 0.2892
vn 0.7592 -0.4801 0.4394
vn 0.5790 -0.4855 0.6551
vn 0.6596 -0.4591 0.5951
vn 0.5837 -0.4513 0.6750
vn 0.6274 -0.4081 -0.6632
vn 0.6719 -0.4436 -0.5931
vn -0.5266 -0.3776 -0.7616
vn -0.5538 -0.3336 -0.7629
vn -0.5332 -0.3512 -0.7696
vn -0.2737 -0.2964 -0.9150
vn -0.3704 -0.3309 -0.8679
vn -0.3500 -0.3243 -0.8788
vn -0.2889 -0.3345 -0.8970
vn -0.5200 -0.3546 -0.7771
vn -0.5356 -0.3650 -0.7615
vn -0.5002 -0.3622 -0.7865
vn 0.8190 -0.4742 -0.3232
vn 0.8597 -0.3828 -0.3381
vn 0.8432 -0.4440 -0.3032
vn 0.4298 -0.4268 -0.7957
vn 0.4462 -0.4036 -0.7987
vn 0.4729 -0.3843 -0.7929
vn 0.6479 -0.4303 -0.6286
vn 0.6433 -0.4178 -0.6416
vn 0.6327 -0.3823 -0.6735
vn 0.6372 -0.4142 -0.6499
vn 0.6661 -0.4501 -0.5947
vn 0.7085 -0.3576 -0.6084
vn 0.7092 -0.3996 -0.5809
vn 0.7180 -0.4451 -0.5351
vn 0.7227 -0.3807 -0.5768
vn 0.7468 -0.4116 -0.5224
vn -0.4132 -0.3448 -0.8429
vn -0.3981 -0.2875 -0.8711
vn 0.6296 -0.4475 -0.6351
vn 0.6580 -0.4279 -0.6196
vn 0.6771 -0.3849 -0.6272
vn -0.4618 -0.3580 -0.8115
vn -0.4708 -0.3088 -0.8264
vn -0.4537 -0.3337 -0.8263
vn 0.6649 -0.3748 -0.6461
vn -0.8854 -0.4342 0.1657
vn -0.9185 -0.3567 0.1706
vn -0.9470 -0.3144 0.0663
vn -0.2572 -0.3560 -0.8984
vn -0.2939 -0.3354 -0.8951
vn -0.2744 -0.3453 -0.8975
vn 0.2103 -0.4270 -0.8794
vn 0.2294 -0.3827 -0.8950
vn 0.3030 -0.4010 -0.8645
vn -0.5864 -0.3305 0.7395
vn -0.6147 -0.3156 0.7229
vn -0.6188 -0.2438 0.7468
vn 0.2266 -0.5783 0.7837
vn 0.3678 -0.5058 0.7803
vn 0.2832 -0.4795 0.8306
vn 0.0871 -0.5260 0.8460
vn 0.0955 -0.5795 0.8093
vn 0.0955 -0.5795 0.8094
vn -0.0773 -0.5006 0.8622
vn -0.2500 -0.4209 0.8720
vn 0.7436 -0.4819 0.4635
vn 0.7785 -0.4366 0.4509
vn 0.7462 -0.4672 0.4743
vn -0.4132 -0.3448 -0.8428
vn -0.4383 -0.2723 -0.8566
vn -0.7945 -0.2831 0.5372
vn -0.7739 -0.2646 0.5754
vn -0.7903 -0.3084 0.5295
vn -0.7591 -0.3450 0.5520
vn -0.2859 -0.4071 0.8675
vn -0.3634 -0.4000 0.8414
vn 0.0579 -0.3622 -0.9303
vn -0.0600 -0.3984 -0.9153
vn 0.0751 -0.3601 -0.9299
vn 0.0795 -0.3537 -0.9320
vn 0.3798 -0.4485 -0.8091
vn 0.4091 -0.3919 -0.8241
vn 0.4795 -0.3674 -0.7969
vn 0.4550 -0.4297 0.7799
vn 0.5767 -0.4244 0.6980
vn 0.4717 -0.4263 0.7719
vn 0.7483 -0.3465 -0.5657
vn 0.7427 -0.4004 -0.5367
vn 0.8864 -0.2957 -0.3562
vn 0.8902 -0.3750 -0.2587
vn 0.8812 -0.4251 -0.2068
vn 0.8985 -0.3537 -0.2600
vn 0.9063 -0.3896 -0.1636
vn 0.9283 -0.3706 -0.0314
vn 0.9366 -0.3464 -0.0521
vn 0.9404 -0.3399 -0.0030
vn 0.9405 -0.3399 -0.0030
vn 0.5279 -0.4119 -0.7427
vn 0.5675 -0.3897 -0.7254
vn 0.6009 -0.4486 -0.6615
vn -0.2301 -0.3931 -0.8903
vn -0.2794 -0.3298 -0.9017
vn -0.2267 -0.3500 -0.9089
vn -0.0601 -0.3984 -0.9153
vn 0.9342 -0.3471 0.0828
vn 0.9465 -0.3222 0.0187
vn 0.9426 -0.3135 0.1149
vn 0.8536 -0.4674 0.2301
vn -0.8311 -0.3288 -0.4485
vn -0.8844 -0.2585 -0.3887
vn -0.8420 -0.2549 -0.4754
vn -0.7732 -0.3146 -0.5506
vn -0.8745 -0.4219 0.2393
vn -0.8907 -0.3644 0.2719
vn -0.9286 -0.3376 0.1541
vn 0.4864 -0.3362 -0.8065
vn 0.5271 -0.3438 -0.7772
vn 0.1455 -0.3923 -0.9082
vn 0.1623 -0.2644 -0.9507
vn 0.2485 -0.2628 -0.9323
vn 0.3564 -0.4245 -0.8323
vn 0.3748 -0.3024 -0.8764
vn 0.4439 -0.2568 -0.8585
vn 0.7134 -0.4499 0.5373
vn 0.7640 -0.4237 0.4866
vn 0.7125 -0.4299 0.5546
vn 0.1864 -0.4184 0.8889
vn 0.0094 -0.4907 0.8713
vn -0.1439 -0.4930 0.8580
vn 0.7772 -0.2468 -0.5788
vn 0.8138 -0.3238 -0.4825
vn 0.6239 -0.3959 -0.6738
vn 0.5280 -0.4119 -0.7427
vn 0.6573 -0.2714 -0.7030
vn 0.8062 -0.3795 -0.4538
vn 0.8432 -0.2166 -0.4920
vn 0.8436 -0.2935 -0.4496
vn -0.9213 -0.2947 -0.2537
vn -0.9437 -0.2509 -0.2154
vn -0.9175 -0.2081 -0.3391
vn 0.9139 -0.3712 0.1642
vn 0.9448 -0.2979 0.1365
vn 0.9325 -0.3152 0.1762
vn 0.6654 -0.3414 -0.6639
vn 0.6602 -0.2266 -0.7161
vn 0.6745 -0.2701 -0.6871
vn -0.5594 -0.3553 -0.7488
vn -0.5641 -0.3764 -0.7349
vn -0.5676 -0.3721 -0.7344
vn -0.5564 -0.3816 -0.7381
vn -0.5982 -0.3770 -0.7071
vn -0.6334 -0.3532 -0.6885
vn -0.6143 -0.3328 -0.7155
vn -0.6142 -0.3328 -0.7155
vn -0.5026 -0.3976 0.7677
vn -0.5469 -0.3013 0.7811
vn 0.4952 -0.2498 -0.8321
vn 0.5240 -0.2812 -0.8040
vn -0.5537 -0.3588 -0.7515
vn -0.5318 -0.3552 -0.7688
vn -0.5091 -0.3099 -0.8030
vn 0.6839 -0.3276 -0.6519
vn 0.6710 -0.2389 -0.7019
vn 0.6732 -0.2626 -0.6913
vn -0.6709 -0.3455 -0.6561
vn -0.6709 -0.3455 -0.6562
vn -0.7293 -0.2998 -0.6150
vn -0.7037 -0.2764 -0.6545
vn -0.6666 -0.2217 0.7117
vn -0.6504 -0.2201 0.7270
vn -0.6714 -0.1836 0.7180
vn -0.0345 -0.3472 -0.9371
vn -0.1791 -0.2544 -0.9504
vn -0.0021 -0.2080 -0.9781
vn 0.0849 -0.2443 -0.9660
vn 0.6762 -0.3104 -0.6682
vn 0.6731 -0.2626 -0.6913
vn 0.7044 -0.2233 -0.6737
vn 0.6967 -0.2582 -0.6693
vn -0.7271 -0.3086 -0.6132
vn -0.7401 -0.2869 -0.6083
vn -0.7378 -0.2488 -0.6275
vn -0.3544 -0.3129 -0.8812
vn -0.2884 -0.3346 -0.8971
vn -0.4181 -0.2742 -0.8660
vn -0.4213 -0.2659 -0.8671
vn -0.3418 -0.2689 -0.9005
vn -0.5039 -0.2993 -0.8103
vn -0.4894 -0.2871 -0.8234
vn -0.4884 -0.2695 -0.8300
vn 0.6997 -0.3296 -0.6339
vn 0.7013 -0.2277 -0.6755
vn 0.7428 -0.2659 -0.6144
vn 0.4016 -0.4663 0.7882
vn 0.4955 -0.4458 0.7455
vn 0.3865 -0.4363 0.8126
vn 0.3359 -0.3707 0.8659
vn 0.2832 -0.4794 0.8306
vn -0.7653 -0.2469 -0.5945
vn -0.7652 -0.2469 -0.5945
vn -0.1875 -0.4766 0.8589
vn -0.3260 -0.4230 0.8455
vn 0.2923 -0.2494 -0.9232
vn 0.2903 -0.1442 -0.9460
vn 0.3806 -0.1988 -0.9031
vn -0.9597 -0.2740 -0.0622
vn -0.9661 -0.2546 -0.0426
vn -0.9626 -0.2108 -0.1699
vn -0.4134 -0.2374 -0.8791
vn -0.4434 -0.2570 -0.8587
vn -0.4765 -0.2784 -0.8339
vn -0.4558 -0.2679 -0.8488
vn -0.4498 -0.2442 -0.8591
vn -0.8187 -0.3697 0.4392
vn -0.8150 -0.3607 0.4535
vn -0.9016 -0.3223 0.2886
vn 0.4723 -0.1822 -0.8624
vn 0.4980 -0.1852 -0.8472
vn 0.8652 -0.3743 0.3336
vn 0.9374 -0.2814 0.2051
vn 0.8810 -0.3011 0.3650
vn 0.6570 -0.4281 0.6206
vn 0.7317 -0.3374 0.5923
vn 0.6691 -0.3217 0.6699
vn 0.0925 -0.2592 -0.9614
vn 0.1048 -0.1882 -0.9765
vn 0.1654 -0.1642 -0.9724
vn -0.3047 -0.3289 -0.8938
vn -0.3581 -0.2409 -0.9021
vn -0.3174 -0.2894 -0.9030
vn 0.5557 -0.2422 -0.7953
vn 0.6017 -0.2154 -0.7692
vn 0.8437 -0.2935 -0.4496
vn 0.8688 -0.1355 -0.4763
vn 0.9042 -0.1824 -0.3862
vn -0.4401 -0.2331 -0.8672
vn 0.7633 -0.1715 -0.6228
vn 0.7719 -0.1785 -0.6102
vn 0.2353 -0.3276 0.9151
vn 0.1011 -0.3053 0.9469
vn 0.0985 -0.5134 0.8525
vn -0.2733 -0.2905 -0.9170
vn -0.2731 -0.2903 -0.9172
vn -0.2933 -0.1722 -0.9404
vn -0.2325 -0.1543 -0.9603
vn -0.9549 -0.2869 0.0764
vn -0.9718 -0.2134 0.1004
vn -0.9795 -0.1990 -0.0313
vn -0.6596 -0.2821 0.6967
vn -0.5469 -0.3012 0.7811
vn -0.6621 -0.2535 0.7052
vn -0.3910 -0.3683 0.8435
vn -0.4440 -0.3547 0.8228
vn -0.4441 -0.3547 0.8228
vn -0.5765 -0.2248 0.7856
vn 0.2811 -0.1887 -0.9409
vn 0.2826 -0.1333 -0.9499
vn 0.2982 -0.1401 -0.9442
vn 0.2981 -0.1401 -0.9442
vn 0.3669 -0.1608 -0.9162
vn 0.4723 -0.1912 -0.8604
vn -0.7611 -0.1747 0.6247
vn -0.6889 -0.2250 0.6891
vn -0.7383 -0.1328 0.6613
vn -0.7255 -0.3682 0.5815
vn 0.5210 -0.1832 -0.8337
vn 0.5344 -0.1829 -0.8252
vn 0.6046 -0.2134 -0.7674
vn 0.8950 -0.1016 -0.4344
vn 0.8970 -0.1502 -0.4157
vn 0.6619 -0.2131 -0.7186
vn 0.6778 -0.2105 -0.7044
vn 0.8988 -0.2487 -0.3610
vn 0.8926 -0.1086 -0.4375
vn 0.9013 -0.2133 -0.3771
vn 0.8113 -0.3602 0.4606
vn 0.8934 -0.2010 0.4017
vn 0.8477 -0.2523 0.4666
vn 0.9127 -0.3307 -0.2399
vn 0.9362 -0.1122 -0.3331
vn 0.9753 -0.1963 -0.1013
vn -0.7454 -0.4077 0.5274
vn -0.7671 -0.3321 0.5489
vn -0.8536 -0.2698 0.4456
vn 0.0736 -0.1835 -0.9803
vn 0.0057 -0.1286 -0.9917
vn 0.0730 -0.1832 -0.9804
vn 0.1312 -0.1558 -0.9790
vn 0.7946 -0.1408 -0.5905
vn 0.7960 -0.1291 -0.5913
vn 0.5963 -0.3565 0.7193
vn 0.6709 -0.2981 0.6790
vn 0.6367 -0.3006 0.7101
vn 0.4955 -0.4458 0.7454
vn -0.4725 -0.3264 -0.8187
vn -0.5507 -0.2877 -0.7836
vn -0.5213 -0.2923 -0.8017
vn -0.4652 -0.3379 -0.8182
vn -0.5572 -0.3299 -0.7620
vn -0.5936 -0.2552 -0.7632
vn -0.5777 -0.2288 -0.7835
vn 0.0015 -0.3971 0.9178
vn 0.1089 -0.2547 0.9609
vn 0.0090 -0.3226 0.9465
vn -0.2107 -0.3082 0.9277
vn -0.1162 -0.1181 -0.9862
vn -0.2011 -0.0897 -0.9755
vn -0.1082 -0.0850 -0.9905
vn 0.6727 -0.2253 -0.7048
vn 0.6701 -0.2000 -0.7149
vn 0.6680 -0.2279 -0.7084
vn -0.6044 -0.2889 -0.7425
vn -0.6353 -0.2143 -0.7419
vn -0.6308 -0.1720 -0.7566
vn 0.8429 -0.1512 -0.5164
vn 0.8368 -0.1000 -0.5383
vn 0.8663 -0.1088 -0.4876
vn 0.9626 -0.2710 -0.0069
vn 0.9909 -0.1189 -0.0633
vn 0.9748 -0.2202 -0.0369
vn -0.4841 -0.3335 -0.8089
vn -0.4673 -0.3028 -0.8306
vn -0.4364 -0.2956 -0.8498
vn 0.6887 -0.2398 -0.6842
vn 0.6887 -0.2397 -0.6842
vn 0.7075 -0.1674 -0.6866
vn 0.7307 -0.1942 -0.6545
vn -0.6773 -0.2436 -0.6942
vn -0.7275 -0.1811 -0.6618
vn -0.6878 -0.1495 -0.7104
vn -0.9529 -0.2545 0.1649
vn -0.9736 -0.1440 0.1769
vn -0.9845 -0.1365 0.1099
vn -0.3990 -0.2285 -0.8880
vn -0.4432 -0.2440 -0.8626
vn -0.4121 -0.1921 -0.8907
vn -0.3852 -0.1827 -0.9046
vn 0.9557 -0.2901 0.0504
vn 0.9824 -0.1860 -0.0191
vn 0.9650 -0.2507 0.0777
vn 0.2974 -0.1429 -0.9440
vn 0.3617 -0.1367 -0.9222
vn 0.5059 -0.2014 -0.8387
vn 0.5090 -0.1959 -0.8382
vn 0.5406 -0.2052 -0.8159
vn 0.4980 -0.1852 -0.8471
vn -0.8933 -0.1796 -0.4119
vn -0.9100 -0.1084 -0.4002
vn -0.8867 -0.0604 -0.4583
vn -0.8483 -0.1431 -0.5098
vn 0.1917 -0.1266 -0.9733
vn 0.2042 -0.1159 -0.9720
vn 0.2767 -0.1282 -0.9524
vn -0.4188 -0.2608 -0.8698
vn -0.4262 -0.1801 -0.8865
vn -0.4187 -0.2345 -0.8773
vn -0.7370 -0.2079 -0.6431
vn -0.7515 -0.1599 -0.6401
vn -0.7431 -0.1605 -0.6496
vn -0.6010 -0.2928 0.7437
vn -0.6548 -0.2717 0.7053
vn -0.6617 -0.2506 0.7066
vn 0.7994 -0.3099 0.5147
vn 0.8594 -0.2171 0.4629
vn 0.8149 -0.2544 0.5209
vn 0.3213 -0.3423 0.8830
vn 0.3771 -0.3812 0.8441
vn 0.3032 -0.2770 0.9118
vn 0.2250 -0.2494 0.9419
vn -0.4461 -0.2437 -0.8612
vn -0.4607 -0.2205 -0.8597
vn -0.6624 -0.2619 0.7018
vn -0.3659 -0.3559 0.8599
vn -0.3632 -0.2588 0.8950
vn -0.4711 -0.3256 0.8198
vn -0.7473 -0.1971 -0.6346
vn -0.7472 -0.1971 -0.6347
vn -0.7698 -0.1111 -0.6286
vn -0.7610 -0.0974 -0.6414
vn -0.3580 -0.1822 -0.9157
vn -0.3777 -0.1269 -0.9172
vn -0.3330 -0.1248 -0.9346
vn 0.8617 -0.0773 -0.5014
vn 0.8765 -0.0837 -0.4741
vn -0.9334 -0.1622 -0.3201
vn -0.9574 -0.0862 -0.2757
vn -0.9226 -0.0649 -0.3804
vn 0.9469 -0.2884 0.1421
vn 0.9736 -0.2090 0.0918
vn 0.9553 -0.2273 0.1889
vn 0.5374 -0.3545 0.7652
vn 0.6241 -0.2358 0.7449
vn 0.5434 -0.1746 0.8211
vn 0.4032 -0.2403 0.8830
vn -0.4529 -0.1805 -0.8731
vn -0.6826 -0.2189 0.6972
vn -0.7635 -0.1157 0.6354
vn -0.6598 -0.0682 0.7484
vn -0.7549 -0.1691 0.6337
vn -0.0282 -0.1376 -0.9901
vn -0.0960 -0.0684 -0.9930
vn -0.0959 -0.0684 -0.9930
vn -0.0404 -0.0798 -0.9960
vn 0.0793 -0.1363 -0.9875
vn 0.6112 -0.1980 -0.7663
vn 0.6435 -0.2161 -0.7343
vn 0.7402 -0.0679 -0.6689
vn 0.7771 -0.1181 -0.6182
vn -0.8395 -0.0434 -0.5415
vn -0.9340 -0.1834 0.3066
vn -0.9471 -0.0628 0.3148
vn -0.9710 -0.0662 0.2298
vn 0.4644 -0.1488 -0.8730
vn 0.4602 -0.1068 -0.8813
vn 0.4561 -0.1516 -0.8769
vn 0.2658 -0.1002 -0.9588
vn 0.3018 -0.1329 -0.9441
vn -0.5874 -0.2012 -0.7839
vn -0.5412 -0.1407 -0.8290
vn -0.4788 -0.2673 -0.8362
vn -0.4801 -0.1578 -0.8629
vn -0.6270 -0.1301 -0.7681
vn -0.5808 -0.1168 -0.8056
vn 0.1355 -0.2800 0.9504
vn -0.2559 -0.0942 -0.9621
vn -0.3073 -0.0817 -0.9481
vn -0.2421 -0.0676 -0.9679
vn -0.9821 -0.1277 -0.1387
vn -0.9876 -0.0814 -0.1340
vn -0.9746 -0.0422 -0.2201
vn -0.6370 -0.1102 -0.7629
vn -0.6120 -0.0938 -0.7853
vn 0.9384 -0.1896 0.2887
vn 0.9553 -0.1664 0.2444
vn 0.9288 -0.1716 0.3284
vn 0.7304 -0.3126 0.6074
vn 0.8234 -0.2198 0.5231
vn 0.7404 -0.2489 0.6244
vn 0.7303 -0.3126 0.6074
vn 0.1585 -0.1210 -0.9799
vn 0.1708 -0.0705 -0.9828
vn 0.2069 -0.0836 -0.9748
vn -0.5323 -0.0800 -0.8428
vn -0.5062 -0.0967 -0.8570
vn 0.8672 -0.0603 -0.4944
vn 0.8832 -0.0918 -0.4599
vn -0.4726 -0.2287 0.8511
vn -0.6283 -0.2293 0.7434
vn 0.7688 0.0331 -0.6387
vn 0.8101 -0.0168 -0.5860
vn -0.6867 -0.1277 -0.7156
vn -0.6667 -0.0854 -0.7404
vn 0.8982 -0.0927 -0.4298
vn 0.9029 -0.0689 -0.4243
vn 0.9036 -0.0754 -0.4216
vn -0.2683 -0.2085 0.9405
vn -0.0213 -0.3431 0.9391
vn -0.0742 -0.2803 0.9570
vn -0.3201 -0.2086 0.9241
vn -0.3542 -0.2164 0.9098
vn -0.7331 -0.2212 0.6432
vn -0.6807 -0.2058 0.7030
vn -0.7617 -0.2034 0.6152
vn -0.4665 -0.1366 -0.8739
vn -0.5256 -0.0840 -0.8466
vn -0.4854 -0.0943 -0.8692
vn 0.5489 -0.2737 -0.7898
vn 0.6004 -0.0898 -0.7947
vn 0.7229 -0.1079 -0.6825
vn 0.6804 -0.1367 -0.7200
vn 0.6983 0.0304 -0.7151
vn 0.6978 -0.0292 -0.7157
vn 0.8056 -0.0799 -0.5870
vn 0.7940 0.0276 -0.6073
vn 0.8187 -0.0281 -0.5735
vn 0.4357 -0.1595 0.8859
vn 0.3080 -0.2208 0.9254
vn -0.1941 -0.0936 -0.9765
vn -0.2428 -0.0121 -0.9700
vn -0.1750 -0.0201 -0.9844
vn -0.6177 -0.0662 -0.7836
vn -0.5568 -0.0869 -0.8261
vn 0.8976 -0.0659 -0.4359
vn 0.9231 -0.0126 -0.3842
vn 0.9424 0.0099 -0.3343
vn -0.9942 -0.1070 0.0147
vn -0.9940 -0.1075 0.0224
vn -0.9930 -0.0536 -0.1055
vn 0.2229 -0.2251 0.9485
vn 0.1421 -0.2008 0.9693
vn 0.3846 -0.1204 -0.9152
vn 0.4019 -0.1523 -0.9029
vn 0.4753 -0.1280 -0.8705
vn -0.3832 -0.1019 -0.9180
vn -0.4454 -0.1270 -0.8863
vn -0.4220 -0.0448 -0.9055
vn -0.3981 -0.0682 -0.9148
vn -0.7794 -0.1036 -0.6179
vn -0.7332 -0.0871 -0.6744
vn -0.8900 -0.1310 0.4367
vn -0.8957 -0.0314 0.4435
vn -0.9449 -0.0354 0.3253
vn 0.9836 -0.0180 -0.1795
vn 0.9640 0.0273 -0.2644
vn 0.9825 -0.0156 -0.1855
vn 0.8959 -0.1963 0.3986
vn 0.9343 -0.1523 0.3222
vn 0.8919 -0.1973 0.4069
vn 0.2075 -0.0406 -0.9774
vn 0.2555 -0.0516 -0.9654
vn -0.4703 -0.1161 -0.8749
vn -0.4855 -0.0623 -0.8720
vn -0.6249 -0.1001 -0.7743
vn -0.5988 -0.0790 -0.7970
vn -0.4974 -0.0416 -0.8665
vn -0.7826 -0.0626 -0.6194
vn -0.7820 -0.0618 -0.6203
vn 0.6622 -0.2851 0.6930
vn 0.7562 -0.1247 0.6424
vn 0.6759 -0.2097 0.7065
vn 0.0764 -0.0228 -0.9968
vn -0.0256 -0.0306 -0.9992
vn 0.0893 0.0248 -0.9957
vn 0.1472 0.0155 -0.9890
vn 0.9809 -0.1271 -0.1470
vn 0.9643 -0.0481 -0.2604
vn 0.9755 -0.1576 -0.1532
vn 0.2236 -0.1636 0.9608
vn 0.6783 0.0558 -0.7326
vn 0.7322 0.0567 -0.6787
vn 0.7937 0.0704 -0.6043
vn 0.8419 0.0144 -0.5395
vn -0.0882 -0.0260 -0.9958
vn -0.1539 0.0545 -0.9866
vn -0.0776 0.0480 -0.9958
vn -0.3834 -0.0922 -0.9190
vn -0.4099 -0.0251 -0.9118
vn -0.3580 -0.0050 -0.9337
vn -0.5635 -0.0392 -0.8252
vn -0.6679 -0.0700 -0.7410
vn -0.6588 -0.0768 -0.7484
vn -0.9827 -0.1299 0.1321
vn -0.9765 -0.0636 0.2058
vn -0.9957 -0.0853 0.0364
vn -0.4967 -0.1298 0.8581
vn -0.4968 -0.1298 0.8581
vn -0.6529 -0.1125 0.7491
vn -0.6737 -0.2096 0.7087
vn -0.3768 -0.1852 0.9076
vn 0.4162 -0.0745 -0.9062
vn 0.5383 0.0130 -0.8427
vn 0.5382 0.0855 -0.8385
vn -0.8643 -0.0502 -0.5005
vn -0.8222 -0.0392 -0.5678
vn -0.9004 -0.0475 -0.4324
vn -0.9225 -0.0649 -0.3804
vn -0.9138 -0.0320 -0.4050
vn -0.8827 -0.0313 -0.4690
vn -0.6772 -0.1191 0.7261
vn 0.9800 -0.1987 -0.0095
vn 0.9967 -0.0324 -0.0746
vn 0.9917 -0.0971 0.0847
vn 0.2860 -0.1224 -0.9504
vn 0.2368 0.0162 -0.9714
vn 0.2753 0.0113 -0.9613
vn -0.7938 -0.1551 0.5881
vn -0.7804 -0.1168 0.6143
vn -0.8090 -0.1061 0.5782
vn -0.6691 -0.1064 0.7355
vn 0.1469 -0.0798 0.9859
vn -0.1194 -0.1599 0.9799
vn -0.3365 -0.1841 0.9235
vn -0.7474 -0.0792 0.6597
vn -0.7496 -0.0175 0.6617
vn -0.7474 -0.0792 0.6596
vn -0.8858 -0.0114 0.4640
vn -0.7549 -0.1691 0.6336
vn 0.8608 -0.2262 0.4559
vn 0.9047 -0.1349 0.4041
vn 0.8554 -0.1618 0.4921
vn -0.5872 -0.0708 -0.8063
vn -0.5719 -0.0629 -0.8179
vn -0.7648 -0.0250 -0.6438
vn -0.6977 -0.0153 -0.7163
vn 0.1308 0.0183 -0.9912
vn 0.1969 0.0052 -0.9804
vn -0.2852 -0.0088 -0.9584
vn -0.3442 0.0641 -0.9367
vn -0.2714 0.0645 -0.9603
vn -0.5311 -0.0510 -0.8458
vn -0.5330 -0.0541 -0.8444
vn 0.6715 0.1303 -0.7294
vn 0.5902 0.1376 -0.7954
vn 0.6715 0.1303 -0.7295
vn 0.6433 0.1043 -0.7585
vn 0.7020 0.0687 -0.7088
vn 0.7577 0.0756 -0.6482
vn -0.9367 -0.0350 -0.3484
vn -0.9598 0.0168 -0.2803
vn -0.9291 0.0049 -0.3698
vn 0.5806 -0.1681 0.7966
vn 0.6613 -0.0520 0.7483
vn 0.5510 -0.0680 0.8317
vn 0.5261 -0.0959 0.8450
vn 0.5335 -0.0756 0.8424
vn 0.4515 -0.1208 0.8841
vn 0.8136 0.1193 -0.5690
vn 0.8342 0.0651 -0.5477
vn 0.9789 -0.1145 0.1690
vn 0.9926 0.0484 0.1115
vn 0.9857 -0.0225 0.1671
vn -0.0056 0.0313 -0.9995
vn -0.0795 0.0475 -0.9957
vn -0.0143 0.0480 -0.9987
vn 0.0985 0.0306 -0.9947
vn -0.9631 -0.0550 0.2633
vn -0.9646 -0.0577 0.2574
vn -0.9742 0.0038 0.2255
vn 0.7840 0.0703 -0.6168
vn 0.7699 0.0612 -0.6352
vn 0.7917 0.0873 -0.6046
vn -0.7800 -0.0372 -0.6246
vn -0.7681 -0.0313 -0.6396
vn 0.8655 -0.0204 -0.5005
vn 0.8311 0.1039 -0.5463
vn 0.9007 0.0734 -0.4282
vn -0.6852 -0.0166 -0.7281
vn -0.6852 -0.0166 -0.7282
vn -0.6266 -0.0222 -0.7790
vn -0.4230 -0.0120 -0.9060
vn -0.4814 -0.0381 -0.8757
vn -0.4604 -0.0010 -0.8877
vn -0.4021 0.0389 -0.9148
vn 0.4568 -0.0039 -0.8896
vn 0.3111 0.1653 -0.9359
vn 0.4673 0.1648 -0.8686
vn -0.2352 0.0434 -0.9710
vn -0.2894 0.0738 -0.9544
vn -0.2216 0.0662 -0.9729
vn -0.4925 -0.0269 -0.8699
vn -0.5066 -0.0257 -0.8618
vn 0.9116 0.0102 -0.4109
vn 0.8974 0.1140 -0.4262
vn 0.9111 0.0552 -0.4084
vn -0.9765 -0.0132 -0.2151
vn -0.9755 -0.0123 -0.2195
vn -0.9634 0.0207 -0.2673
vn -0.6789 -0.1244 0.7236
vn -0.6806 -0.1098 0.7244
vn -0.6962 -0.0699 0.7144
vn 0.3182 -0.1409 0.9375
vn 0.2948 -0.1014 0.9502
vn 0.2102 -0.0693 0.9752
vn -0.1194 -0.1598 0.9799
vn -0.1169 -0.0134 0.9931
vn -0.3458 -0.1738 0.9221
vn -0.4056 -0.1183 0.9064
vn 0.1484 0.0473 -0.9878
vn 0.2347 0.0819 -0.9686
vn -0.5255 -0.0069 -0.8507
vn 0.8090 -0.1117 0.5771
vn 0.8339 -0.0665 0.5480
vn 0.7948 -0.0542 0.6045
vn -0.8413 -0.0038 -0.5405
vn -0.8162 0.0015 -0.5778
vn 0.9595 -0.0867 0.2681
vn 0.9807 0.0499 0.1891
vn 0.9643 0.0075 0.2648
vn 0.5999 0.1264 -0.7901
vn 0.6316 0.1073 -0.7679
vn -0.7142 -0.0173 -0.6997
vn -0.6893 0.0094 -0.7244
vn -0.6853 -0.0166 -0.7281
vn 0.9469 0.0205 -0.3207
vn 0.9127 0.0427 -0.4063
vn 0.9558 -0.0031 -0.2940
vn -0.7016 -0.1468 0.6973
vn -0.7833 -0.0821 0.6162
vn -0.7223 -0.1450 0.6762
vn -0.7224 -0.1450 0.6762
vn -0.7839 -0.0091 0.6208
vn 0.0919 0.0446 -0.9948
vn 0.1271 -0.0291 0.9915
vn 0.7930 0.0845 -0.6034
vn 0.8037 0.1054 -0.5856
vn -0.9355 -0.0602 0.3481
vn -0.9212 -0.0355 0.3874
vn -0.9662 -0.0250 0.2565
vn -0.3893 0.0518 -0.9197
vn -0.3943 0.0801 -0.9155
vn -0.3851 0.0578 -0.9211
vn 0.5524 0.1306 -0.8233
vn 0.4810 0.1235 -0.8680
vn 0.5560 0.1121 -0.8236
vn -0.9050 0.0211 -0.4248
vn -0.8628 0.0317 -0.5045
vn 0.9701 -0.0000 -0.2425
vn 0.9735 0.0603 -0.2208
vn 0.9631 0.0719 -0.2594
vn -0.9905 -0.0605 -0.1235
vn -0.9979 0.0270 -0.0581
vn -0.9784 0.0429 -0.2023
vn -0.1435 0.0601 -0.9878
vn -0.2265 0.0612 -0.9721
vn -0.1699 0.0194 -0.9853
vn -0.5695 -0.0345 -0.8213
vn -0.5917 0.0499 -0.8046
vn -0.5255 -0.0069 -0.8508
vn -0.7841 -0.0118 -0.6205
vn -0.7327 0.0051 -0.6806
vn 0.9479 -0.0584 0.3132
vn 0.9633 0.0120 0.2681
vn 0.9484 0.0230 0.3162
vn -0.5316 -0.0638 0.8446
vn -0.5519 -0.0635 0.8315
vn -0.6501 -0.0998 0.7533
vn 0.2740 0.1129 -0.9551
vn 0.2507 0.0861 -0.9642
vn 0.3035 0.0890 -0.9487
vn -0.6419 -0.0851 0.7621
vn 0.6008 0.1121 -0.7915
vn 0.6306 0.0984 -0.7698
vn 0.9656 0.0626 -0.2524
vn 0.9727 0.1550 -0.1724
vn 0.9717 0.1902 -0.1399
vn 0.7664 -0.0408 0.6410
vn 0.7604 0.0122 0.6493
vn 0.7378 0.0570 0.6726
vn -0.7869 -0.0499 0.6151
vn -0.7062 -0.1173 0.6983
vn -0.7938 -0.0627 0.6050
vn 0.0046 0.0349 -0.9994
vn 0.1169 0.0969 -0.9884
vn -0.9457 0.0453 -0.3219
vn -0.9145 0.0600 -0.4001
vn 0.1940 -0.0387 0.9802
vn 0.1059 -0.0476 0.9932
vn -0.1055 0.0317 0.9939
vn -0.3240 0.0939 -0.9414
vn -0.3696 0.0580 -0.9274
vn -0.3264 0.0609 -0.9433
vn 0.7979 0.1135 -0.5920
vn 0.8169 0.0999 -0.5680
vn -0.6498 0.0326 -0.7594
vn -0.6358 0.0378 -0.7710
vn -0.5923 0.0858 -0.8011
vn -0.8271 0.0168 -0.5618
vn -0.8034 0.0434 -0.5939
vn -0.9887 0.0452 0.1428
vn -0.9779 0.1465 0.1491
vn -0.9774 0.2050 0.0510
vn 0.7223 0.0700 -0.6880
vn 0.6620 0.1390 -0.7365
vn 0.7525 0.1213 -0.6473
vn 0.9889 0.1475 0.0164
vn 0.9815 0.1700 -0.0876
vn 0.9838 0.1716 0.0511
vn -0.8609 -0.0043 0.5087
vn -0.8532 -0.0284 0.5209
vn -0.9147 -0.0114 0.4039
vn 0.4734 -0.1207 0.8725
vn 0.5365 -0.0396 0.8430
vn 0.5550 -0.0021 0.8318
vn 0.4444 0.0144 0.8957
vn 0.4443 0.0144 0.8958
vn 0.4514 -0.1208 0.8841
vn -0.0684 0.0408 -0.9968
vn -0.1348 0.0963 -0.9862
vn -0.0387 0.1135 -0.9928
vn -0.0388 0.1135 -0.9928
vn 0.5170 0.1016 -0.8500
vn 0.5899 0.1138 -0.7994
vn 0.8106 0.1171 -0.5738
vn 0.8182 0.1342 -0.5590
vn 0.8282 0.1329 -0.5445
vn -0.4286 0.0887 -0.8991
vn -0.5005 0.0510 -0.8642
vn -0.4891 0.1020 -0.8663
vn -0.4388 0.0982 -0.8932
vn -0.5418 0.0457 -0.8392
vn -0.5465 0.0980 -0.8317
vn 0.9131 -0.0368 0.4061
vn 0.9340 0.1081 0.3406
vn 0.8972 0.0810 0.4341
vn 0.5706 -0.0231 0.8209
vn 0.6462 0.0589 0.7609
vn 0.6511 0.0849 0.7542
vn 0.5860 0.0198 0.8100
vn 0.5860 0.0198 0.8101
vn 0.3537 0.1113 -0.9287
vn 0.3139 0.1075 -0.9433
vn 0.3793 0.0935 -0.9205
vn 0.8837 0.1443 -0.4453
vn 0.8576 0.1753 -0.4835
vn 0.8759 0.1321 -0.4641
vn -0.9618 0.0721 -0.2642
vn -0.9422 0.0906 -0.3226
vn 0.2607 0.0077 0.9654
vn 0.2064 -0.0144 0.9784
vn -0.6776 0.0077 -0.7354
vn -0.7111 0.0789 -0.6987
vn -0.6358 0.0733 -0.7684
vn -0.8916 0.0540 -0.4495
vn -0.8432 0.0516 -0.5351
vn 0.7218 0.0715 0.6884
vn -0.2864 0.0659 -0.9558
vn -0.3215 0.0986 -0.9418
vn -0.2700 0.1162 -0.9558
vn 0.9908 0.1057 0.0846
vn 0.9935 0.1112 0.0239
vn 0.9886 0.1220 0.0882
vn -0.4394 -0.1422 0.8870
vn -0.3289 -0.1089 0.9381
vn -0.4617 0.0054 0.8870
vn -0.4056 -0.1183 0.9063
vn 0.1721 0.0850 -0.9814
vn 0.1079 0.1508 -0.9827
vn 0.1782 0.1331 -0.9750
vn -0.6830 -0.1234 0.7199
vn -0.6419 -0.0851 0.7620
vn -0.6374 0.0468 0.7691
vn -0.6740 0.0113 0.7387
vn 0.8744 0.0981 -0.4751
vn 0.8690 0.1723 -0.4638
vn 0.8875 0.1716 -0.4277
vn -0.9869 0.0299 0.1587
vn -0.9871 0.0970 0.1274
vn -0.9831 0.1751 0.0535
vn -0.3063 0.0547 0.9503
vn 0.5213 0.0970 0.8478
vn 0.4443 0.0144 0.8957
vn 0.3549 0.2120 0.9105
vn 0.3549 0.2120 0.9106
vn 0.6973 0.2020 -0.6877
vn 0.7582 0.1738 -0.6285
vn -0.7516 -0.1068 0.6509
vn -0.8000 0.0593 0.5971
vn -0.7183 0.0123 0.6956
vn -0.7387 -0.1307 0.6613
vn 0.0116 0.1046 -0.9944
vn -0.0321 0.1740 -0.9842
vn 0.0202 0.1673 -0.9857
vn -0.4274 0.0634 -0.9018
vn -0.4633 0.0895 -0.8817
vn -0.4335 0.0701 -0.8984
vn 0.5392 0.1493 -0.8288
vn 0.5884 0.1255 -0.7988
vn -0.8199 -0.0556 0.5698
vn -0.8256 0.0855 0.5577
vn -0.8402 0.0538 0.5396
vn 0.9365 0.1153 -0.3313
vn 0.8967 0.2191 -0.3846
vn 0.9436 0.1758 -0.2806
vn -0.9694 0.2114 -0.1247
vn -0.9574 0.2097 -0.1983
vn -0.7526 0.0762 -0.6540
vn -0.7548 0.1028 -0.6478
vn -0.7179 0.1182 -0.6860
vn -0.9330 0.1131 -0.3416
vn -0.9071 0.1072 -0.4070
vn 0.8349 -0.0117 0.5502
vn 0.8979 0.1523 0.4129
vn 0.8071 0.1168 0.5787
vn 0.3100 0.2039 -0.9286
vn 0.4074 0.1805 -0.8953
vn 0.4074 0.1805 -0.8952
vn 0.5169 0.1016 -0.8500
vn 0.9867 0.0282 0.1598
vn 0.9788 0.1859 0.0862
vn 0.9688 0.1567 0.1919
vn -0.2432 0.0950 -0.9653
vn -0.2664 0.1621 -0.9501
vn -0.2199 0.1879 -0.9573
vn 0.6625 0.0858 0.7441
vn 0.5681 0.0937 0.8176
vn 0.2656 0.1280 -0.9555
vn 0.1930 0.2276 -0.9544
vn 0.2559 0.2138 -0.9428
vn 0.9747 0.1214 -0.1876
vn 0.9530 0.1888 -0.2371
vn 0.9779 0.1634 -0.1307
vn -0.9630 0.0412 0.2665
vn -0.9488 0.1833 0.2573
vn -0.9588 0.2444 0.1446
vn -0.5751 0.0172 0.8179
vn -0.4837 0.1323 0.8652
vn -0.5833 0.0968 0.8065
vn 0.6098 0.1282 -0.7821
vn 0.6003 0.1634 -0.7829
vn 0.6436 0.1808 -0.7437
vn 0.7263 0.2437 -0.6428
vn 0.7522 0.2163 -0.6225
vn -0.9611 0.2712 0.0518
vn -0.9506 0.3080 -0.0386
vn -0.3644 0.0996 -0.9259
vn -0.4050 0.1504 -0.9019
vn -0.3442 0.1637 -0.9245
vn -0.7975 0.0866 -0.5970
vn -0.8100 0.1577 -0.5649
vn -0.7755 0.1345 -0.6169
vn -0.7549 0.1028 -0.6478
vn -0.9432 0.2081 -0.2588
vn -0.9274 0.2029 -0.3142
vn -0.7258 -0.0215 0.6876
vn -0.6536 0.0904 0.7514
vn -0.7473 0.1007 0.6568
vn -0.5782 0.0890 -0.8110
vn -0.5927 0.1475 -0.7918
vn -0.5570 0.0904 -0.8256
vn 0.2925 0.1328 0.9470
vn 0.3476 0.2160 0.9124
vn 0.3368 0.1360 0.9317
vn 0.2701 0.0055 0.9628
vn 0.9771 0.1617 -0.1382
vn 0.9694 0.2088 -0.1288
vn 0.9752 0.1662 -0.1460
vn 0.8042 0.1724 -0.5688
vn 0.7637 0.2468 -0.5965
vn 0.8091 0.2271 -0.5419
vn 0.0902 -0.1441 0.9854
vn 0.1425 0.0695 0.9873
vn -0.0049 0.0473 0.9989
vn -0.1246 0.0444 0.9912
vn -0.2208 0.1353 0.9659
vn -0.3259 0.1504 0.9334
vn -0.4884 0.1306 -0.8628
vn -0.5317 0.1597 -0.8317
vn -0.4961 0.1669 -0.8521
vn 0.9388 0.1153 0.3247
vn 0.9359 0.2720 0.2240
vn 0.9444 0.1668 0.2834
vn -0.7519 0.0361 0.6583
vn -0.7101 0.1737 0.6823
vn -0.7346 0.2148 0.6436
vn -0.1083 0.1898 -0.9758
vn -0.1977 0.2392 -0.9506
vn -0.0967 0.2456 -0.9645
vn 0.7334 0.0768 0.6755
vn 0.7709 0.2442 0.5883
vn 0.7509 0.1469 0.6439
vn 0.3085 0.2645 -0.9137
vn 0.4043 0.2320 -0.8847
vn 0.8266 0.2041 -0.5244
vn 0.8124 0.2609 -0.5215
vn 0.8265 0.2393 -0.5096
vn -0.8619 0.1418 -0.4868
vn -0.8603 0.2540 -0.4421
vn -0.8300 0.2515 -0.4978
vn 0.9919 0.1189 -0.0454
vn 0.9614 0.2244 -0.1591
vn 0.9852 0.1692 -0.0256
vn 0.9853 0.1692 -0.0256
vn -0.9089 0.0944 0.4061
vn -0.8040 0.1968 0.5612
vn -0.8820 0.2675 0.3879
vn -0.9090 0.0944 0.4061
vn 0.2178 0.2589 -0.9410
vn 0.2708 0.2780 -0.9216
vn -0.9455 0.2917 -0.1449
vn -0.9374 0.2874 -0.1968
vn -0.9666 0.2537 0.0373
vn -0.9585 0.2851 0.0009
vn 0.6332 0.1494 0.7594
vn 0.5198 0.1991 0.8308
vn 0.6122 0.2043 -0.7639
vn 0.6868 0.2118 -0.6953
vn -0.6656 0.1506 -0.7310
vn -0.6508 0.1933 -0.7342
vn -0.5959 0.2329 -0.7685
vn 0.8448 0.2013 -0.4957
vn 0.8260 0.2791 -0.4897
vn 0.8573 0.2510 -0.4494
vn -0.3077 0.1561 -0.9386
vn -0.3590 0.1886 -0.9141
vn -0.2836 0.2222 -0.9328
vn 0.1226 0.2155 -0.9688
vn 0.0325 0.2024 -0.9788
vn 0.1559 0.2286 -0.9610
vn -0.6329 0.0976 0.7681
vn -0.5808 0.1312 0.8034
vn -0.6293 0.0948 0.7714
vn 0.9193 0.1561 0.3614
vn 0.9273 0.2220 0.3015
vn 0.9103 0.1734 0.3759
vn 0.8980 0.1523 0.4129
vn 0.8876 0.2233 -0.4028
vn 0.8516 0.2598 -0.4554
vn 0.8887 0.2352 -0.3936
vn -0.7946 0.1635 0.5848
vn -0.7744 0.1668 0.6103
vn -0.8014 0.1800 0.5704
vn -0.0381 0.2149 -0.9759
vn -0.0960 0.2713 -0.9577
vn -0.0532 0.2414 -0.9690
vn -0.4930 0.1300 -0.8603
vn -0.5134 0.2253 -0.8281
vn -0.4760 0.2112 -0.8537
vn -0.5337 0.2536 -0.8067
vn 0.9811 0.1576 0.1120
vn 0.9482 0.2814 0.1476
vn 0.6950 0.1228 0.7085
vn 0.7499 0.2255 0.6219
vn 0.7163 0.1482 0.6819
vn 0.5387 0.1884 -0.8212
vn 0.4190 0.2535 -0.8719
vn 0.5416 0.2380 -0.8062
vn -0.9103 0.2310 -0.3435
vn -0.9003 0.3045 -0.3110
vn -0.8691 0.3126 -0.3834
vn -0.9525 0.3035 -0.0260
vn -0.9461 0.3112 -0.0895
vn 0.9069 0.2244 -0.3566
vn 0.9007 0.3106 -0.3038
vn 0.9131 0.3105 -0.2642
vn 0.9529 0.1888 -0.2371
vn -0.9159 0.3113 0.2535
vn -0.9257 0.3367 0.1722
vn 0.4516 0.2050 0.8683
vn 0.4658 0.3406 0.8167
vn 0.3975 0.3386 0.8529
vn -0.7112 0.1353 -0.6899
vn -0.7200 0.2407 -0.6509
vn -0.6191 0.2596 -0.7412
vn -0.7802 0.2160 0.5871
vn -0.7490 0.2171 0.6259
vn -0.7773 0.2254 0.5873
vn -0.1024 0.2236 0.9693
vn 0.0155 0.4082 0.9128
vn 0.0596 0.4008 0.9142
vn -0.0881 0.3041 0.9486
vn -0.2288 0.2412 -0.9431
vn -0.2450 0.2985 -0.9224
vn -0.2313 0.2911 -0.9283
vn 0.6302 0.3315 -0.7021
vn 0.7125 0.2740 -0.6459
vn 0.2487 0.2784 -0.9277
vn 0.2779 0.2968 -0.9136
vn 0.3438 0.1878 0.9201
vn 0.3755 0.2677 0.8873
vn 0.2603 0.3304 0.9072
vn 0.2638 0.2067 0.9422
vn 0.0953 0.4106 0.9068
vn 0.9541 0.2680 -0.1335
vn 0.9170 0.3472 -0.1964
vn 0.9300 0.3267 -0.1682
vn -0.4914 0.1620 0.8557
vn -0.3557 0.1895 0.9152
vn -0.3804 0.3231 0.8665
vn -0.4841 0.2946 0.8239
vn -0.2457 0.1883 0.9509
vn 0.0544 0.2242 -0.9730
vn 0.1857 0.2661 -0.9459
vn 0.9475 0.2865 0.1422
vn 0.9396 0.3207 0.1196
vn 0.9442 0.3016 0.1325
vn 0.8522 0.2290 0.4705
vn 0.8835 0.2305 0.4078
vn 0.7877 0.2806 0.5484
vn -0.6630 0.1148 0.7398
vn -0.6046 0.2490 0.7566
vn -0.6589 0.2599 0.7059
vn -0.3971 0.2128 -0.8928
vn -0.4857 0.2450 -0.8391
vn -0.3843 0.2813 -0.8793
vn -0.9189 0.2883 -0.2693
vn -0.9201 0.3093 -0.2404
vn -0.9079 0.2977 -0.2953
vn 0.7318 0.2543 -0.6323
vn 0.6857 0.3016 -0.6625
vn 0.7419 0.2702 -0.6136
vn -0.9476 0.3078 0.0850
vn -0.9488 0.3157 0.0123
vn 0.3842 0.4163 0.8240
vn 0.3630 0.3997 0.8417
vn -0.5697 0.3040 -0.7636
vn -0.5289 0.3264 -0.7834
vn -0.0987 0.3103 -0.9455
vn -0.0334 0.3256 -0.9449
vn -0.8024 0.2299 -0.5508
vn -0.8014 0.3466 -0.4874
vn -0.7284 0.3510 -0.5884
vn -0.7957 0.2647 0.5448
vn -0.8753 0.2788 0.3951
vn -0.7225 0.1753 0.6688
vn -0.7786 0.2082 0.5920
vn -0.7305 0.2122 0.6491
vn 0.0645 0.4187 0.9058
vn -0.1162 0.4297 0.8954
vn -0.1162 0.4297 0.8955
vn 0.4615 0.3570 -0.8121
vn 0.5487 0.3632 -0.7530
vn 0.7403 0.3072 0.5979
vn 0.6482 0.3263 0.6881
vn 0.9425 0.2745 -0.1908
vn 0.9278 0.3282 -0.1776
vn 0.9228 0.3534 -0.1531
vn 0.7884 0.2780 -0.5488
vn 0.7707 0.3342 -0.5425
vn 0.7933 0.3248 -0.5150
vn -0.1951 0.2673 -0.9437
vn -0.2381 0.2977 -0.9245
vn -0.1748 0.3133 -0.9334
vn 0.2950 0.2732 -0.9156
vn 0.2781 0.3153 -0.9073
vn 0.3040 0.3257 -0.8953
vn 0.3095 0.3673 0.8771
vn 0.1023 0.3946 0.9132
vn 0.8082 0.2995 -0.5070
vn 0.7878 0.3215 -0.5254
vn 0.8123 0.3191 -0.4882
vn -0.9362 0.3121 -0.1618
vn -0.9414 0.3281 -0.0787
vn -0.9305 0.3443 -0.1253
vn 0.9504 0.2615 0.1683
vn 0.9448 0.3057 0.1178
vn 0.9254 0.3294 0.1873
vn -0.9163 0.3258 0.2329
vn -0.9163 0.3529 0.1894
vn -0.7464 0.2750 0.6061
vn -0.7655 0.2771 0.5807
vn 0.7758 0.2877 0.5616
vn 0.7688 0.3062 0.5615
vn 0.7734 0.3140 0.5507
vn 0.0459 0.4306 0.9014
vn 0.0532 0.3939 0.9176
vn 0.0460 0.4278 0.9027
vn -0.6141 0.3461 -0.7093
vn -0.5485 0.3631 -0.7532
vn -0.5594 0.2798 0.7803
vn -0.4592 0.4102 0.7880
vn -0.5345 0.3949 0.7472
vn 0.0508 0.3041 -0.9513
vn 0.1800 0.3603 -0.9153
vn -0.3301 0.2759 -0.9027
vn -0.3621 0.3511 -0.8635
vn -0.3277 0.3304 -0.8851
vn -0.8309 0.3179 -0.4566
vn -0.8078 0.3713 -0.4579
vn -0.8077 0.3713 -0.4579
vn -0.7963 0.3759 -0.4740
vn 0.9344 0.3399 -0.1063
vn 0.9277 0.3582 -0.1056
vn 0.9254 0.3788 -0.0129
vn 0.9409 0.3264 0.0907
vn 0.9320 0.3463 0.1070
vn 0.8236 0.3058 -0.4777
vn 0.8187 0.3532 -0.4528
vn 0.8162 0.3526 -0.4577
vn -0.7597 0.2721 0.5906
vn -0.6160 0.4301 0.6600
vn -0.6918 0.3937 0.6053
vn 0.5228 0.3531 0.7759
vn 0.5229 0.3531 0.7759
vn 0.5262 0.5124 0.6787
vn 0.4699 0.4712 0.7464
vn 0.4699 0.4712 0.7465
vn -0.5388 0.2758 -0.7960
vn -0.5519 0.3411 -0.7610
vn -0.5643 0.2923 -0.7721
vn -0.2476 0.3551 0.9014
vn -0.1686 0.5696 0.8044
vn -0.2422 0.5450 0.8027
vn -0.0604 0.3745 -0.9253
vn -0.0152 0.3930 -0.9194
vn 0.5073 0.4524 -0.7334
vn 0.5446 0.4398 -0.7142
vn 0.8651 0.3152 -0.3902
vn 0.8239 0.4123 -0.3889
vn 0.8783 0.3828 -0.2866
vn -0.7738 0.3421 0.5332
vn -0.8271 0.3995 0.3954
vn -0.9506 0.3100 -0.0153
vn -0.9429 0.3327 0.0151
vn -0.9384 0.3454 -0.0041
vn -0.7251 0.3121 0.6139
vn -0.7274 0.3499 0.5903
vn -0.2175 0.3288 -0.9190
vn -0.1499 0.3511 -0.9243
vn 0.9415 0.3370 0.0015
vn 0.9487 0.3077 0.0733
vn 0.9134 0.2992 0.2761
vn 0.9043 0.3611 0.2277
vn 0.8827 0.3844 0.2704
vn -0.8751 0.3278 -0.3561
vn -0.8853 0.3767 -0.2726
vn -0.8324 0.4314 -0.3480
vn 0.9054 0.3432 -0.2498
vn 0.8789 0.3683 -0.3031
vn 0.9089 0.3375 -0.2451
vn 0.2917 0.3759 -0.8796
vn 0.3857 0.4253 -0.8187
vn 0.0281 0.4684 0.8831
vn 0.0388 0.4587 0.8877
vn -0.7494 0.3794 -0.5426
vn -0.7494 0.3794 -0.5427
vn -0.6322 0.3817 -0.6743
vn 0.4199 0.4440 0.7915
vn 0.4569 0.5203 0.7215
vn 0.4125 0.4779 0.7756
vn -0.2509 0.3054 -0.9186
vn -0.3345 0.3889 -0.8584
vn -0.2709 0.3376 -0.9015
vn 0.2577 0.3125 -0.9143
vn 0.1487 0.4611 -0.8748
vn 0.2402 0.4022 -0.8835
vn -0.9422 0.3136 0.1182
vn -0.8890 0.3927 0.2354
vn -0.8976 0.4115 0.1582
vn -0.8976 0.4115 0.1581
vn -0.7218 0.3512 0.5965
vn -0.7541 0.3768 0.5379
vn 0.7313 0.4231 0.5349
vn 0.6936 0.4480 0.5641
vn -0.5696 0.4043 0.7156
vn -0.5391 0.4556 0.7084
vn -0.5588 0.4972 0.6638
vn -0.3627 0.4814 0.7979
vn -0.2317 0.5813 0.7800
vn -0.3234 0.4940 0.8071
vn 0.6086 0.3945 -0.6885
vn 0.5391 0.4336 -0.7221
vn 0.5950 0.4187 -0.6861
vn 0.9322 0.3188 -0.1713
vn 0.9201 0.3377 -0.1986
vn 0.9269 0.3407 -0.1573
vn -0.5464 0.3988 -0.7365
vn -0.4537 0.3105 -0.8353
vn -0.5627 0.3650 -0.7417
vn -0.4261 0.3937 -0.8145
vn -0.4536 0.3105 -0.8354
vn -0.5815 0.5157 0.6292
vn -0.6129 0.4631 0.6402
vn 0.9417 0.3087 0.1338
vn 0.9437 0.3166 0.0960
vn 0.9462 0.2996 0.1224
vn 0.0400 0.3985 -0.9163
vn 0.0026 0.4259 -0.9048
vn 0.0742 0.4468 -0.8916
vn -0.9241 0.3402 -0.1740
vn -0.9199 0.3745 -0.1163
vn -0.8919 0.4228 -0.1604
vn 0.8227 0.3477 0.4498
vn 0.8088 0.5040 0.3031
vn 0.7351 0.5060 0.4513
vn 0.3589 0.4712 0.8057
vn 0.3571 0.5861 0.7273
vn 0.3205 0.5637 0.7613
vn 0.3636 0.4646 0.8074
vn 0.4068 0.5019 0.7633
vn 0.2744 0.3936 0.8774
vn -0.0227 0.5193 0.8543
vn -0.0325 0.5927 0.8048
vn -0.1293 0.6275 0.7678
vn 0.9350 0.3312 -0.1269
vn 0.9276 0.3473 -0.1378
vn 0.9285 0.3555 -0.1073
vn -0.8769 0.4216 0.2308
vn -0.7808 0.4859 0.3928
vn -0.8431 0.4624 0.2746
vn 0.6887 0.3630 -0.6276
vn 0.6038 0.4612 -0.6502
vn 0.6952 0.4172 -0.5854
vn -0.8030 0.4534 -0.3868
vn -0.7914 0.4353 -0.4292
vn -0.6854 0.3991 0.6091
vn -0.7122 0.3848 0.5871
vn 0.3374 0.7066 0.6220
vn 0.0874 0.5706 0.8166
vn -0.1911 0.4256 -0.8845
vn -0.1299 0.3970 -0.9086
vn 0.6281 0.4907 0.6039
vn 0.6006 0.5624 0.5682
vn 0.5594 0.5693 0.6025
vn 0.3234 0.4477 -0.8337
vn 0.4447 0.4739 -0.7600
vn 0.7734 0.3512 -0.5277
vn 0.6910 0.4608 -0.5569
vn 0.7581 0.3994 -0.5155
vn 0.7877 0.3215 -0.5254
vn -0.9243 0.3736 -0.0784
vn -0.9202 0.3914 0.0019
vn -0.9227 0.3829 -0.0449
vn -0.4531 0.4355 0.7779
vn -0.3013 0.5161 0.8018
vn -0.4621 0.4402 0.7699
vn -0.3565 0.4284 -0.8303
vn -0.2731 0.4225 -0.8642
vn -0.6230 0.4694 -0.6256
vn -0.5431 0.4471 -0.7107
vn -0.5730 0.3775 -0.7274
vn -0.7581 0.4398 0.4815
vn -0.7575 0.4117 0.5066
vn -0.7765 0.4297 0.4608
vn 0.1613 0.4792 -0.8628
vn 0.2004 0.4624 -0.8637
vn 0.9360 0.3449 -0.0698
vn 0.9283 0.3622 -0.0845
vn 0.9392 0.3308 -0.0922
vn 0.9335 0.3191 0.1637
vn 0.8896 0.4313 0.1503
vn 0.8583 0.4626 0.2221
vn -0.5768 0.4608 0.6745
vn -0.5772 0.5037 0.6427
vn -0.1698 0.6029 0.7796
vn -0.1699 0.6029 0.7795
vn -0.1128 0.6267 0.7710
vn -0.1662 0.5994 0.7830
vn -0.3540 0.4005 -0.8452
vn -0.3895 0.5034 -0.7713
vn -0.3577 0.4577 -0.8140
vn -0.5706 0.4183 -0.7067
vn 0.7955 0.3636 -0.4848
vn 0.7434 0.4782 -0.4676
vn 0.7925 0.4290 -0.4335
vn 0.2583 0.7336 0.6286
vn 0.2514 0.7198 0.6470
vn -0.8853 0.3768 -0.2726
vn -0.8363 0.4911 -0.2438
vn -0.7882 0.5320 -0.3094
vn -0.9150 0.4016 0.0391
vn -0.8436 0.5006 0.1945
vn -0.8667 0.4855 0.1146
vn -0.5718 0.4835 0.6628
vn -0.5739 0.4452 0.6873
vn 0.4980 0.5635 0.6592
vn 0.5347 0.5852 0.6096
vn 0.4831 0.5874 0.6493
vn 0.8150 0.4021 -0.4172
vn 0.7858 0.4766 -0.3942
vn 0.8139 0.4308 -0.3898
vn 0.8238 0.4123 -0.3890
vn 0.7392 0.5776 0.3463
vn 0.6695 0.5994 0.4388
vn 0.0715 0.7712 0.6325
vn 0.0397 0.6248 0.7798
vn 0.8393 0.3963 -0.3723
vn 0.7843 0.4798 -0.3932
vn 0.8365 0.3971 -0.3775
vn 0.8366 0.3971 -0.3775
vn 0.8393 0.3963 -0.3722
vn -0.7064 0.3759 0.5997
vn -0.6739 0.4494 0.5864
vn -0.6738 0.4730 0.5676
vn -0.0228 0.4174 -0.9084
vn -0.1105 0.4762 -0.8724
vn -0.0042 0.4675 -0.8840
vn 0.5072 0.4514 -0.7341
vn 0.4428 0.4934 -0.7486
vn 0.4959 0.4515 -0.7418
vn 0.9447 0.3277 0.0153
vn 0.9122 0.4059 -0.0568
vn 0.9075 0.4175 0.0458
vn -0.9002 0.4159 -0.1291
vn -0.8375 0.5046 -0.2098
vn 0.8932 0.3331 -0.3020
vn 0.8242 0.4749 -0.3086
vn 0.9073 0.3666 -0.2060
vn 0.9201 0.3377 -0.1987
vn -0.8505 0.4676 0.2409
vn -0.8234 0.4883 0.2893
vn -0.8491 0.4752 0.2307
vn -0.2668 0.6268 0.7321
vn -0.4352 0.5504 0.7125
vn -0.2049 0.5697 0.7959
vn -0.1695 0.6328 0.7556
vn -0.1833 0.6306 0.7542
vn 0.1224 0.8308 0.5429
vn 0.0044 0.7918 0.6108
vn -0.7355 0.4591 -0.4983
vn -0.7467 0.5466 -0.3791
vn -0.7164 0.5486 -0.4310
vn 0.4163 0.5952 0.6873
vn 0.4164 0.5952 0.6873
vn 0.4034 0.6586 0.6352
vn 0.3010 0.7140 0.6321
vn 0.8468 0.4605 0.2660
vn 0.7830 0.5757 0.2356
vn 0.7820 0.5559 0.2818
vn -0.5806 0.5130 0.6322
vn -0.5684 0.5137 0.6427
vn -0.3425 0.4816 -0.8067
vn -0.2335 0.5022 -0.8326
vn 0.9375 0.3212 -0.1336
vn 0.8728 0.4750 -0.1127
vn 0.9201 0.3823 -0.0855
vn 0.6563 0.5533 0.5130
vn 0.6614 0.6046 0.4438
vn 0.6150 0.5962 0.5162
vn 0.3526 0.7120 0.6072
vn 0.2209 0.7804 0.5850
vn 0.2643 0.7805 0.5666
vn 0.1988 0.8594 0.4711
vn -0.8924 0.4462 0.0675
vn -0.8939 0.4474 -0.0286
vn 0.1582 0.4892 -0.8577
vn 0.2233 0.5027 -0.8351
vn -0.3958 0.5095 -0.7640
vn -0.3830 0.4916 -0.7821
vn -0.7885 0.4644 0.4032
vn -0.7352 0.5236 0.4304
vn -0.7431 0.5451 0.3882
vn -0.6435 0.4648 0.6082
vn -0.5550 0.5653 0.6103
vn -0.5706 0.6170 0.5419
vn -0.0432 0.6890 0.7235
vn 0.0244 0.8617 0.5068
vn 0.0549 0.7223 0.6894
vn -0.5231 0.4642 -0.7147
vn -0.5451 0.4649 -0.6977
vn -0.4944 0.4662 -0.7337
vn -0.5231 0.4643 -0.7147
vn -0.5231 0.4642 -0.7148
vn -0.7825 0.5237 -0.3367
vn -0.7924 0.5420 -0.2798
vn -0.7736 0.5481 -0.3180
vn 0.5604 0.4449 -0.6986
vn 0.4930 0.4829 -0.7237
vn 0.5907 0.4554 -0.6661
vn 0.9351 0.3413 -0.0952
vn 0.8887 0.4535 -0.0679
vn 0.9010 0.4201 -0.1082
vn 0.8998 0.4242 0.1018
vn 0.8305 0.5510 0.0823
vn 0.8082 0.5691 0.1514
vn 0.0176 0.4663 -0.8845
vn 0.1187 0.4589 -0.8805
vn 0.1224 0.8309 0.5429
vn -0.8383 0.5166 0.1741
vn -0.8303 0.5337 0.1605
vn 0.5776 0.5828 0.5716
vn 0.6149 0.5962 0.5162
vn 0.5702 0.6438 0.5103
vn 0.5166 0.6506 0.5567
vn -0.2036 0.7710 0.6034
vn -0.3458 0.7184 0.6036
vn 0.2656 0.7498 0.6060
vn 0.2211 0.7706 0.5978
vn -0.1808 0.7149 0.6754
vn -0.1884 0.7463 0.6384
vn -0.0978 0.5083 -0.8556
vn -0.0026 0.4969 -0.8678
vn -0.7939 0.5518 -0.2553
vn -0.8023 0.5553 -0.2189
vn -0.7907 0.5640 -0.2380
vn -0.7204 0.4853 0.4954
vn -0.5882 0.6165 0.5234
vn -0.6341 0.6251 0.4551
vn 0.7934 0.5645 0.2277
vn 0.7744 0.5570 0.3001
vn -0.5488 0.4888 0.6782
vn -0.5173 0.5758 0.6331
vn -0.5228 0.6106 0.5948
vn -0.1050 0.6352 0.7651
vn 0.0882 0.8112 0.5780
vn -0.0998 0.7203 0.6865
vn 0.9154 0.3882 -0.1067
vn 0.8806 0.4654 -0.0888
vn -0.2033 0.4913 -0.8469
vn -0.2336 0.5022 -0.8326
vn -0.2291 0.5239 -0.8204
vn -0.1982 0.5101 -0.8370
vn 0.6242 0.4770 -0.6188
vn 0.6114 0.4982 -0.6148
vn 0.6516 0.5136 -0.5582
vn 0.2141 0.7830 0.5839
vn 0.2223 0.7715 0.5961
vn 0.2223 0.7750 0.5916
vn -0.6333 0.5430 -0.5514
vn -0.7207 0.5616 -0.4064
vn -0.6441 0.5756 -0.5038
vn -0.5750 0.4866 -0.6577
vn -0.7833 0.5339 0.3184
vn -0.8251 0.5116 0.2396
vn 0.4836 0.6442 0.5926
vn 0.4384 0.7191 0.5392
vn 0.3901 0.7303 0.5609
vn 0.3709 0.5139 -0.7735
vn 0.2785 0.5755 -0.7689
vn 0.3722 0.5759 -0.7278
vn -0.5842 0.5575 -0.5898
vn -0.8378 0.5225 -0.1583
vn -0.8260 0.5636 -0.0139
vn -0.8023 0.5766 -0.1544
vn 0.7982 0.5730 0.1859
vn 0.7930 0.5926 0.1414
vn 0.7951 0.5762 0.1894
vn 0.7829 0.5757 0.2356
vn -0.5857 0.5819 0.5642
vn -0.5252 0.6555 0.5426
vn -0.5444 0.6516 0.5283
vn 0.2266 0.7937 0.5645
vn 0.2295 0.7722 0.5925
vn 0.2169 0.7904 0.5730
vn 0.1697 0.8152 0.5537
vn -0.3825 0.5150 -0.7671
vn -0.3724 0.5238 -0.7661
vn 0.6978 0.5236 -0.4889
vn 0.6642 0.5517 -0.5045
vn 0.6986 0.5458 -0.4626
vn 0.7117 0.5845 0.3897
vn 0.7763 0.5276 0.3450
vn 0.6817 0.5816 0.4439
vn 0.6815 0.5817 0.4441
vn 0.1952 0.7937 0.5761
vn -0.5442 0.5417 -0.6406
vn -0.4756 0.5172 -0.7116
vn -0.5139 0.6062 0.6070
vn -0.2629 0.8040 0.5333
vn -0.3939 0.7163 0.5759
vn -0.1883 0.7710 0.6083
vn -0.2072 0.7999 0.5632
vn 0.0704 0.8679 0.4918
vn 0.0748 0.8682 0.4906
vn 0.0347 0.8816 0.4708
vn 0.0347 0.8817 0.4706
vn 0.8425 0.5385 0.0132
vn 0.8055 0.5914 -0.0363
vn 0.7859 0.6172 0.0363
vn -0.6572 0.6354 0.4053
vn -0.6514 0.6477 0.3951
vn 0.1103 0.8654 0.4888
vn -0.0846 0.8074 0.5840
vn 0.0388 0.5079 -0.8605
vn 0.1182 0.4998 -0.8580
vn -0.7344 0.5703 -0.3680
vn -0.7531 0.5830 -0.3049
vn -0.7554 0.5555 -0.3477
vn 0.7294 0.5220 -0.4421
vn 0.6958 0.5879 -0.4126
vn 0.7257 0.5709 -0.3839
vn 0.7646 0.5362 -0.3576
vn 0.7326 0.5784 -0.3587
vn 0.7439 0.5730 -0.3439
vn -0.8339 0.5335 0.1411
vn -0.7993 0.5852 0.1363
vn -0.7781 0.6103 0.1490
vn 0.7508 0.5550 -0.3581
vn 0.7352 0.6110 -0.2935
vn 0.7460 0.6205 -0.2418
vn 0.8016 0.5727 -0.1717
vn 0.7627 0.6330 -0.1323
vn 0.7824 0.6189 -0.0691
vn 0.8465 0.5275 -0.0724
vn -0.1313 0.9740 -0.1847
vn -0.2313 0.7111 0.6639
vn 0.4961 0.8487 0.1833
vn 0.4447 0.8797 -0.1682
vn 0.0520 0.7081 -0.7042
vn -0.6274 0.6158 -0.4766
vn -0.8060 0.5736 0.1462
vn -0.0830 0.5330 -0.8420
vn 0.0164 0.5253 -0.8508
vn -0.1697 0.4062 0.8979
vn -0.6379 0.3006 0.7090
vn -0.4931 0.1996 0.8468
vn -0.1293 0.2837 0.9502
vn 0.4905 0.5216 0.6981
vn 0.4803 0.6679 0.5685
vn -0.8754 0.1932 0.4432
vn 0.7447 0.6666 -0.0315
vn 0.5516 0.6473 -0.5260
vn 0.7518 0.6572 -0.0535
vn 0.5429 0.7135 -0.4429
vn 0.1313 0.7742 -0.6191
vn 0.6220 0.6301 0.4649
vn 0.6311 0.5764 0.5191
vn 0.5652 0.6528 0.5043
vn -0.5342 0.6619 0.5259
vn -0.5149 0.6696 0.5353
vn -0.5310 0.6669 0.5228
vn 0.4120 0.7333 0.5409
vn 0.3174 0.7506 0.5795
vn 0.1051 0.8809 0.4615
vn 0.0272 0.8901 0.4549
vn 0.1706 0.8625 0.4765
vn 0.0882 0.8113 0.5780
vn -0.7828 0.5664 -0.2576
vn -0.7684 0.5991 -0.2252
vn -0.7766 0.5840 -0.2365
vn 0.8158 0.5650 0.1232
vn 0.8064 0.5622 0.1832
vn -0.5652 0.6502 0.5078
vn -0.5983 0.6621 0.4513
vn -0.8160 0.5618 0.1359
vn -0.6951 0.6775 0.2405
vn -0.7207 0.6776 0.1464
vn -0.5809 0.7064 -0.4044
vn 0.1347 0.8683 -0.4773
vn -0.6110 0.7917 -0.0028
vn -0.8754 0.1932 0.4431
vn 0.4056 0.5400 -0.7375
vn 0.3605 0.6224 -0.6948
vn 0.3634 0.6042 -0.7092
vn -0.4975 0.1235 0.8586
vn -0.8167 -0.0001 0.5771
vn -0.5342 0.2373 0.8113
vn 0.0818 0.6157 0.7837
vn 0.2135 0.7661 0.6062
vn 0.2809 0.7367 0.6151
vn 0.2144 0.7420 0.6352
vn -0.1718 0.8029 0.5709
vn -0.2073 0.7922 0.5739
vn -0.1941 0.7946 0.5752
vn -0.2388 0.5629 -0.7913
vn -0.2002 0.5396 -0.8178
vn 0.7823 0.6150 0.0990
vn 0.7873 0.6162 0.0206
vn 0.8092 0.5844 0.0607
vn 0.0901 0.8920 0.4429
vn -0.0664 0.8494 0.5236
vn 0.6534 0.6602 0.3703
vn -0.1293 0.2836 0.9502
vn 0.0819 0.6157 0.7837
vn 0.5567 0.7103 0.4307
vn 0.7008 0.6423 0.3103
vn 0.7545 0.6307 0.1815
vn -0.0326 0.9517 -0.3054
vn -0.3661 0.9287 -0.0586
vn -0.5816 0.7972 0.1619
vn -0.5172 0.6601 0.5448
vn -0.7071 0.1525 0.6905
vn -0.8168 -0.0001 0.5770
vn -0.4636 0.6564 0.5951
vn -0.3082 0.7558 0.5778
vn -0.4095 0.7149 0.5667
vn -0.3296 0.5269 -0.7834
vn -0.3617 0.5639 -0.7424
vn -0.2935 0.5854 -0.7558
vn -0.6246 0.6264 -0.4663
vn -0.5695 0.6166 -0.5436
vn -0.7818 0.5849 -0.2159
vn -0.7554 0.6459 -0.1103
vn -0.7504 0.6346 -0.1850
vn -0.5096 0.6658 0.5450
vn -0.5368 0.6360 0.5544
vn 0.4918 0.6942 0.5256
vn 0.4535 0.7105 0.5381
vn 0.4041 0.7389 0.5392
vn 0.2217 0.7636 0.6065
vn 0.2138 0.7384 0.6396
vn 0.1574 0.7845 0.5999
vn -0.5070 0.6432 -0.5738
vn -0.4475 0.6516 -0.6125
vn -0.6639 0.6623 0.3472
vn -0.5897 0.7253 0.3552
vn -0.5739 0.7471 0.3355
vn 0.5278 0.8002 -0.2848
vn 0.6994 0.7142 0.0287
vn 0.5476 0.8345 -0.0608
vn 0.4073 0.8686 -0.2822
vn 0.1346 0.8687 -0.4767
vn 0.1478 0.8470 0.5106
vn 0.1603 0.8235 0.5442
vn 0.0494 0.8762 0.4795
vn 0.0501 0.9099 0.4117
vn 0.0412 0.8958 0.4425
vn 0.0091 0.9494 0.3140
vn 0.0034 0.9381 0.3464
vn 0.0709 0.9051 0.4192
vn 0.1897 0.8664 0.4619
vn 0.8266 0.5192 0.2170
vn 0.7885 0.5947 0.1568
vn 0.7951 0.5694 0.2086
vn 0.6674 0.7100 0.2248
vn 0.6121 0.7412 0.2757
vn 0.5578 0.8131 0.1665
vn 0.0820 0.8204 0.5659
vn -0.1943 0.8044 0.5614
vn -0.0394 0.9136 0.4046
vn -0.1397 0.8486 0.5102
vn 0.1855 0.5265 -0.8297
vn 0.1338 0.5033 -0.8537
vn 0.2423 0.6204 -0.7459
vn -0.7070 0.1525 0.6905
vn -0.5171 0.6601 0.5448
vn -0.7065 -0.0013 0.7077
vn -0.5981 0.4345 0.6734
vn -0.6141 0.6962 0.3717
vn -0.5976 0.6978 0.3949
vn -0.6067 0.7154 0.3465
vn -0.4840 0.7031 0.5209
vn -0.5128 0.6782 0.5264
vn -0.1093 0.6938 0.7118
vn 0.0230 0.8951 0.4453
vn -0.1092 0.6938 0.7118
vn 0.0231 0.8951 0.4453
vn 0.5021 0.7298 0.4640
vn -0.2277 0.8106 0.5395
vn -0.2157 0.7827 0.5838
vn -0.2297 0.7912 0.5668
vn 0.0253 0.4978 -0.8669
vn -0.0195 0.5696 -0.8217
vn 0.0535 0.5700 -0.8199
vn 0.4758 0.5460 -0.6895
vn 0.3303 0.6508 -0.6836
vn 0.4737 0.6195 -0.6259
vn -0.7038 0.5896 -0.3962
vn -0.7313 0.5946 -0.3341
vn -0.6609 0.6410 -0.3904
vn -0.6442 0.5756 -0.5037
vn -0.7873 0.6142 0.0538
vn -0.7092 0.6901 0.1442
vn -0.6796 0.7318 0.0513
vn 0.2249 0.8743 -0.4301
vn 0.3246 0.9068 -0.2688
vn 0.2358 0.9296 -0.2831
vn -0.0325 0.9517 -0.3054
vn -0.0291 0.9779 0.2072
vn -0.0328 0.9750 0.2197
vn 0.0865 0.9508 0.2976
vn 0.1365 0.9381 0.3185
vn 0.0901 0.8921 0.4429
vn 0.7850 0.6181 -0.0415
vn 0.7935 0.6044 -0.0709
vn 0.8102 0.5859 -0.0138
vn 0.8104 0.5844 0.0413
vn 0.3732 0.7605 0.5314
vn 0.4267 0.7386 0.5219
vn -0.5770 0.6381 0.5098
vn -0.4891 0.6856 0.5391
vn -0.5108 0.7384 0.4403
vn -0.7414 0.6555 0.1434
vn -0.6043 0.7727 0.1945
vn -0.6142 0.7760 0.1434
vn 0.7438 0.5320 0.4045
vn 0.7439 0.5320 0.4045
vn 0.6251 0.7529 0.2056
vn 0.6251 0.7530 0.2056
vn 0.5532 0.7217 0.4160
vn -0.2563 0.7952 0.5496
vn -0.3517 0.7570 0.5506
vn -0.1831 0.7999 0.5715
vn -0.0415 0.8845 0.4648
vn -0.1418 0.8191 0.5559
vn -0.7753 0.5702 -0.2715
vn -0.7644 0.6143 -0.1955
vn -0.7624 0.5992 -0.2444
vn -0.6548 0.6730 0.3440
vn -0.8854 0.0563 0.4615
vn -0.8853 0.0563 0.4615
vn -0.4791 0.8740 -0.0809
vn 0.0637 0.9595 0.2746
vn -0.0942 0.9888 0.1162
vn -0.0541 0.9922 0.1121
vn -0.2393 0.6365 -0.7332
vn -0.1815 0.6351 -0.7508
vn -0.0170 0.9998 0.0079
vn 0.1952 0.8587 0.4738
vn 0.3883 0.8113 0.4370
vn 0.1488 0.9856 0.0809
vn 0.0017 0.9314 -0.3640
vn -0.4793 0.8769 0.0352
vn -0.3635 0.9185 0.1556
vn 0.3949 0.7586 0.5183
vn 0.0637 0.9594 0.2746
vn 0.3239 0.7504 0.5762
vn 0.3174 0.4976 0.8073
vn 0.4661 0.5931 0.6565
vn -0.1299 0.9798 -0.1518
vn 0.1848 0.9579 -0.2199
vn 0.1717 0.9841 -0.0460
vn -0.0477 0.9912 -0.1238
vn -0.2468 0.9691 -0.0048
vn 0.2358 0.9297 -0.2831
vn 0.3246 0.9069 -0.2688
vn 0.2608 0.9612 -0.0900
vn 0.2470 0.9678 -0.0476
vn 0.3960 0.7308 0.5560
vn 0.4280 0.7400 0.5189
vn 0.3159 0.7548 0.5749
vn 0.0965 0.9348 0.3418
vn 0.1299 0.9688 0.2110
vn 0.0940 0.9686 0.2301
vn -0.4408 0.7242 0.5303
vn -0.7569 0.4748 0.4491
vn -0.3562 0.5286 0.7705
vn 0.2419 0.5257 0.8156
vn 0.3837 0.4663 0.7971
vn 0.2500 0.1695 0.9533
vn -0.1279 0.9136 -0.3860
vn -0.4946 0.6617 0.5635
vn -0.4568 0.7249 0.5155
vn -0.4140 0.7733 0.4803
vn -0.2210 0.7918 0.5694
vn -0.2326 0.8047 0.5462
vn -0.3589 0.6383 -0.6810
vn -0.2754 0.6436 -0.7141
vn -0.3897 0.5960 -0.7021
vn -0.4162 0.7175 -0.5585
vn -0.3922 0.6929 -0.6050
vn -0.3922 0.6929 -0.6051
vn -0.6310 0.6401 -0.4384
vn -0.5515 0.6472 -0.5263
vn 0.6206 0.5813 -0.5263
vn 0.4845 0.6997 -0.5250
vn 0.5961 0.6745 -0.4356
vn -0.7612 0.6175 -0.1984
vn -0.7611 0.6175 -0.1984
vn -0.7150 0.6921 -0.0988
vn -0.7230 0.6763 -0.1406
vn -0.7231 0.6763 -0.1406
vn -0.4396 0.8938 0.0883
vn -0.4396 0.8939 0.0883
vn 0.1025 0.9269 -0.3611
vn -0.4467 0.8918 0.0722
vn -0.8072 0.3798 0.4519
vn -0.8072 0.3797 0.4519
vn -0.8050 0.5850 -0.0986
vn -0.0355 0.8566 -0.5147
vn 0.6446 0.6467 0.4077
vn 0.2726 0.5414 0.7953
vn 0.6080 0.6794 0.4108
vn -0.2663 0.3806 0.8856
vn -0.6733 -0.0433 0.7381
vn -0.5481 0.7942 0.2623
vn 0.1701 0.9854 -0.0049
vn 0.1700 0.9854 -0.0049
vn 0.2320 0.7531 0.6156
vn 0.2188 0.7902 0.5725
vn 0.1402 0.8119 0.5667
vn -0.1075 0.9223 0.3711
vn -0.0361 0.8690 0.4936
vn -0.1976 0.8829 0.4260
vn -0.1780 0.9371 0.3003
vn -0.1075 0.9224 0.3711
vn -0.5876 0.7667 0.2588
vn -0.5910 0.7442 0.3113
vn -0.5791 0.7821 0.2302
vn 0.4551 0.8860 -0.0891
vn 0.4589 0.8876 0.0391
vn 0.3573 0.9310 0.0740
vn 0.3287 0.9439 -0.0302
vn 0.4938 0.6742 0.5492
vn 0.3913 0.8397 0.3765
vn 0.3871 0.7737 0.5015
vn -0.4238 0.8982 0.1164
vn -0.2958 0.9312 0.2132
vn -0.5310 0.7950 0.2934
vn -0.6363 0.7126 0.2955
vn 0.0698 0.9851 0.1573
vn -0.0702 0.9975 -0.0095
vn 0.0800 0.9954 0.0530
vn 0.3128 0.6191 -0.7204
vn 0.2119 0.6927 -0.6894
vn 0.3166 0.6677 -0.6738
vn 0.4475 0.8709 -0.2030
vn -0.2664 0.3806 0.8855
vn -0.5964 0.7269 0.3406
vn -0.4609 0.8458 0.2687
vn -0.5008 0.7803 0.3746
vn -0.5739 0.7241 0.3824
vn -0.6970 0.5752 0.4282
vn 0.2046 0.9700 0.1313
vn 0.1976 0.9761 0.0909
vn 0.1031 0.8103 0.5768
vn 0.0304 0.8631 0.5041
vn 0.0239 0.8673 0.4972
vn 0.0611 0.9241 0.3773
vn -0.0448 0.8699 0.4912
vn 0.0350 0.9542 0.2970
vn 0.1240 0.9754 0.1824
vn 0.1263 0.9599 0.2502
vn 0.2272 0.1612 0.9604
vn -0.3563 0.5286 0.7705
vn -0.1457 0.3717 0.9169
vn -0.5649 0.0839 0.8209
vn -0.1347 -0.0954 0.9863
vn 0.2419 0.5256 0.8156
vn -0.7637 0.2525 0.5942
vn -0.8072 0.3796 0.4519
vn -0.7995 0.1554 0.5802
vn 0.8000 0.5856 0.1304
vn 0.7178 0.6944 0.0514
vn 0.6944 0.7036 0.1506
vn -0.6663 0.6680 -0.3312
vn -0.6793 -0.5200 0.5179
vn -0.3450 0.6882 -0.6383
vn -0.8293 0.3600 0.4274
vn -0.7543 0.2248 0.6168
vn 0.1156 0.9933 0.0095
vn 0.1156 0.9932 0.0095
vn 0.1336 0.9840 0.1177
vn -0.4363 0.7322 0.5230
vn -0.2898 0.7950 0.5329
vn -0.3558 0.7985 0.4856
vn -0.0536 0.8869 0.4589
vn -0.2572 0.8439 0.4709
vn -0.2045 0.9296 0.3067
vn 0.6419 0.6253 -0.4438
vn 0.5639 0.7148 -0.4137
vn 0.6121 0.6792 -0.4051
vn 0.7504 0.6239 -0.2182
vn 0.7116 0.6685 -0.2160
vn 0.7433 0.6553 -0.1347
vn -0.6970 0.7159 -0.0399
vn -0.6066 0.7883 0.1036
vn -0.6329 0.7739 0.0216
vn 0.7385 0.6737 -0.0283
vn 0.9640 -0.0996 -0.2464
vn -0.6732 -0.0434 0.7382
vn 0.7388 0.6030 -0.3010
vn 0.6767 0.6312 -0.3791
vn 0.6427 0.7378 -0.2065
vn 0.6743 0.6889 0.2661
vn 0.5185 0.7381 0.4317
vn 0.5209 0.7886 0.3268
vn -0.3883 0.8194 0.4216
vn -0.2210 0.8023 0.5545
vn -0.2260 0.7949 0.5631
vn -0.2258 0.8158 0.5324
vn 0.6768 0.6100 -0.4121
vn 0.5956 0.6829 -0.4230
vn -0.5368 0.7584 0.3697
vn -0.3723 0.8507 0.3712
vn -0.3341 0.9305 0.1505
vn 0.4420 0.8626 0.2462
vn 0.3914 0.9081 0.1489
vn 0.2603 0.9496 0.1747
vn 0.2384 0.9583 0.1573
vn 0.2384 0.9584 0.1573
vn 0.1816 0.6209 -0.7626
vn 0.1370 0.7277 -0.6721
vn 0.1824 0.7421 -0.6450
vn -0.6884 0.6529 -0.3160
vn -0.6335 0.6917 -0.3467
vn 0.0661 0.3059 0.9498
vn 0.0086 0.0410 0.9991
vn -0.0918 0.2913 0.9522
vn 0.1803 0.9574 0.2254
vn 0.1836 0.9367 0.2983
vn 0.0611 0.9241 0.3772
vn -0.5946 0.7949 0.1209
vn -0.5790 0.8021 0.1462
vn -0.5872 0.7982 0.1347
vn -0.2132 0.8316 0.5129
vn -0.2132 0.8316 0.5128
vn 0.0024 0.9306 0.3659
vn -0.1180 0.8860 0.4485
vn -0.0716 0.6195 -0.7817
vn -0.0716 0.6196 -0.7817
vn -0.1593 0.7219 -0.6735
vn -0.0748 0.7367 -0.6721
vn 0.4052 0.8346 0.3733
vn 0.3609 0.7929 0.4909
vn -0.3785 0.8246 0.4205
vn -0.3369 0.8758 0.3458
vn -0.3001 0.8848 0.3565
vn 0.9264 -0.0835 -0.3672
vn 0.0419 0.7646 -0.6431
vn 0.9264 -0.0835 -0.3671
vn 0.0420 0.7646 -0.6431
vn 0.2059 0.7593 -0.6173
vn 0.9298 0.1105 -0.3512
vn 0.3583 -0.9334 -0.0191
vn 0.3584 -0.9334 -0.0191
vn -0.6543 0.4427 -0.6131
vn 0.3582 -0.9334 -0.0191
vn -0.4346 -0.5809 -0.6882
vn -0.7829 0.4327 -0.4470
vn -0.6560 0.6356 -0.4070
vn -0.4184 0.7379 -0.5296
vn -0.5629 -0.8111 -0.1590
vn -0.2213 -0.9476 0.2305
vn -0.5535 -0.6613 0.5063
vn -0.9605 -0.1918 0.2016
vn -0.9401 0.0768 -0.3323
vn -0.4346 -0.5810 -0.6882
vn 0.3623 -0.9148 -0.1786
vn 0.3583 -0.9327 0.0415
vn 0.6097 -0.7862 -0.1007
vn 0.6357 -0.7709 0.0409
vn 0.3008 -0.9215 0.2456
vn 0.4272 -0.8884 0.1679
vn 0.4271 -0.8885 0.1679
vn -0.2827 -0.8127 0.5096
vn 0.0478 -0.8111 0.5830
vn -0.3971 -0.6793 0.6171
vn -0.5534 -0.6613 0.5063
vn -0.4702 0.6733 -0.5706
vn -0.5181 0.7182 -0.4644
vn -0.4373 0.7018 -0.5624
vn -0.7444 0.6563 -0.1229
vn -0.6904 0.7068 -0.1545
vn -0.5779 0.7928 0.1935
vn -0.6074 0.7622 0.2241
vn -0.6112 0.7707 0.1801
vn -0.8593 0.4601 -0.2233
vn -0.7830 0.4327 -0.4469
vn 0.8475 -0.4917 -0.1998
vn -0.1772 0.8755 0.4495
vn -0.4300 0.8317 0.3512
vn 0.4321 0.7588 0.4873
vn 0.4052 0.7960 0.4497
vn 0.4397 0.7656 0.4695
vn -0.3811 0.8275 0.4123
vn -0.2737 0.8594 0.4318
vn -0.3061 0.8934 0.3288
vn 0.1439 0.9590 0.2440
vn -0.3340 0.7067 -0.6237
vn -0.2335 0.7327 -0.6392
vn 0.3560 0.6646 -0.6569
vn 0.3068 0.7146 -0.6287
vn 0.3204 0.6854 -0.6539
vn -0.6369 0.7704 -0.0296
vn -0.6619 0.7496 -0.0078
vn -0.6824 0.0095 0.7309
vn -0.6063 0.3382 0.7197
vn -0.4245 -0.0444 0.9043
vn -0.3566 0.2070 0.9110
vn 0.6714 0.7218 0.1679
vn 0.5664 0.8036 0.1826
vn 0.5419 0.8098 0.2249
vn -0.7300 -0.4298 0.5314
vn -0.3978 -0.6857 0.6096
vn -0.3977 -0.6857 0.6096
vn -0.7587 -0.4619 0.4594
vn -0.9599 -0.0593 0.2740
vn 0.5290 -0.7537 0.3899
vn 0.9056 -0.4181 0.0716
vn 0.8622 -0.4191 0.2844
vn 0.5213 -0.6837 0.5108
vn -0.2536 0.8251 0.5048
vn -0.2436 0.8113 0.5315
vn -0.2527 0.8398 0.4804
vn -0.3915 0.7336 -0.5555
vn -0.4266 0.7057 -0.5657
vn -0.5741 0.8120 0.1052
vn -0.5892 0.8068 0.0437
vn -0.5899 0.7489 0.3019
vn -0.3873 0.7570 0.5263
vn -0.5036 0.8077 0.3066
vn 0.8279 -0.5584 -0.0521
vn 0.9583 -0.0075 -0.2857
vn -0.9599 -0.0594 0.2740
vn -0.9697 -0.1384 0.2015
vn -0.9253 0.3400 -0.1679
vn -0.1898 0.8250 0.5324
vn -0.0163 0.8897 0.4562
vn -0.1923 0.8589 0.4746
vn -0.5235 0.7155 0.4626
vn -0.4447 0.7680 0.4608
vn -0.4669 0.6517 0.5978
vn -0.5995 0.5102 0.6167
vn -0.4611 0.6050 0.6492
vn -0.5902 0.6558 -0.4708
vn 0.3388 0.7707 0.5396
vn 0.3099 0.8303 0.4632
vn 0.1613 0.8225 0.5455
vn -0.1071 0.8697 0.4819
vn -0.0657 0.8717 0.4856
vn -0.0976 0.8478 0.5213
vn 0.6035 0.7921 -0.0917
vn 0.5712 0.8203 -0.0284
vn -0.3706 0.8774 0.3047
vn -0.3027 0.9317 0.2007
vn -0.3964 0.9082 0.1340
vn -0.3363 0.9068 0.2542
vn -0.3721 0.8473 0.3791
vn -0.3721 0.8472 0.3791
vn -0.3021 0.8152 0.4942
vn -0.2817 0.7994 0.5307
vn 0.5007 0.8095 0.3065
vn 0.4260 0.8280 0.3646
vn 0.3663 0.8630 0.3479
vn 0.4522 0.8426 0.2925
vn 0.3206 0.8857 0.3358
vn 0.3390 0.9083 0.2449
vn 0.0302 -0.7709 0.6363
vn 0.5212 -0.6837 0.5108
vn 0.4568 -0.7306 0.5075
vn -0.0040 -0.8028 0.5962
vn -0.5898 0.7979 0.1247
vn -0.5811 0.8048 0.1209
vn -0.2655 0.7973 -0.5421
vn 0.3073 0.7581 -0.5752
vn 0.9298 0.1105 -0.3511
vn 0.8026 0.4067 -0.4365
vn 0.3929 0.7291 -0.5604
vn 0.8328 0.3992 -0.3835
vn 0.9583 -0.0074 -0.2857
vn 0.3166 0.9377 0.1427
vn 0.3015 0.9296 0.2120
vn 0.1952 0.9389 0.2833
vn 0.2188 0.9575 0.1880
vn 0.0533 0.8355 0.5469
vn 0.0200 0.8434 0.5369
vn -0.0134 0.8512 0.5247
vn -0.0082 0.8733 0.4871
vn -0.0197 0.8439 0.5361
vn -0.5947 0.7137 -0.3701
vn -0.5381 0.7951 -0.2796
vn -0.5608 0.7733 -0.2957
vn -0.3217 0.8881 0.3282
vn -0.3139 0.8871 0.3382
vn -0.2594 0.8889 0.3776
vn -0.2965 0.8858 0.3570
vn 0.0575 0.9522 0.2999
vn 0.0180 0.9255 0.3783
vn -0.2338 0.8879 0.3962
vn -0.6109 0.7915 0.0170
vn -0.5996 0.7994 0.0384
vn -0.5940 0.8043 0.0137
vn -0.2528 0.9090 0.3314
vn -0.6147 0.7882 -0.0289
vn -0.5749 0.8181 0.0142
vn -0.5717 0.8191 -0.0475
vn -0.5622 0.7945 0.2296
vn -0.5656 0.8110 0.1497
vn 0.3290 0.6066 0.7237
vn -0.0511 0.3965 0.9166
vn 0.0798 0.5145 0.8538
vn 0.2872 0.6193 0.7308
vn 0.4328 0.8600 0.2703
vn 0.5205 0.8014 0.2947
vn 0.4609 0.8325 0.3074
vn 0.9965 0.0124 -0.0822
vn 0.9965 0.0124 -0.0823
vn 0.9173 0.2871 -0.2760
vn 0.9885 -0.1493 0.0227
vn 0.8623 -0.4191 0.2844
vn -0.5996 0.7617 -0.2456
vn -0.5206 0.8446 -0.1250
vn -0.8567 0.4498 -0.2524
vn -0.4931 0.7397 -0.4579
vn -0.7766 -0.4820 0.4057
vn -0.9961 0.0375 0.0794
vn -0.4308 -0.7157 0.5497
vn 0.0118 -0.8804 0.4741
vn -0.4321 -0.7834 0.4467
vn -0.0073 0.7225 -0.6914
vn -0.0599 0.8090 -0.5848
vn 0.0189 0.8120 -0.5833
vn -0.5741 0.8110 0.1127
vn -0.5755 0.8099 0.1129
vn -0.5581 0.8248 0.0900
vn -0.1889 0.3891 0.9016
vn -0.1362 0.4658 0.8743
vn -0.2979 0.8912 0.3422
vn -0.2739 0.9114 0.3072
vn 0.3457 0.9164 0.2015
vn 0.2532 0.9527 0.1683
vn 0.2304 0.9412 0.2469
vn -0.2471 0.9344 0.2566
vn 0.8354 -0.4804 0.2671
vn 0.9790 -0.1978 0.0500
vn 0.8193 -0.5228 0.2354
vn -0.0916 0.9586 0.2696
vn 0.3380 0.7023 -0.6265
vn 0.3226 0.7171 -0.6178
vn 0.3779 0.7400 -0.5564
vn -0.4962 0.7783 -0.3847
vn -0.3980 0.7744 -0.4918
vn -0.3785 0.8521 0.3614
vn -0.6063 0.3383 0.7197
vn -0.3598 0.6599 0.6596
vn -0.3482 0.5437 0.7636
vn -0.3231 0.8474 0.4213
vn -0.1886 0.7744 0.6039
vn -0.4213 0.7677 0.4829
vn -0.2154 0.7252 -0.6539
vn -0.1864 0.8152 -0.5484
vn -0.2022 0.8030 -0.5607
vn -0.2154 0.7253 -0.6539
vn -0.4289 0.7181 -0.5480
vn -0.4110 0.7266 -0.5505
vn -0.5567 0.8304 0.0235
vn -0.5398 0.8406 0.0454
vn -0.5323 0.8465 0.0098
vn 0.5695 0.8150 -0.1071
vn 0.5700 0.8203 -0.0474
vn 0.5683 0.8228 -0.0063
vn 0.4513 0.8124 0.3693
vn 0.4123 0.8382 0.3569
vn 0.0679 0.9815 0.1791
vn -0.1332 0.9675 0.2150
vn -0.5657 0.8171 0.1113
vn -0.5217 0.8372 0.1642
vn -0.5634 0.8153 0.1341
vn 0.5903 0.8046 0.0638
vn 0.5497 0.8341 -0.0453
vn 0.5611 0.8273 0.0257
vn -0.2420 0.5412 0.8053
vn -0.2242 0.9337 0.2792
vn -0.2265 0.9288 0.2934
vn 0.3748 0.8406 0.3911
vn 0.3645 0.8572 0.3638
vn 0.3138 0.8712 0.3776
vn -0.2551 0.8037 -0.5376
vn -0.4996 0.7494 -0.4345
vn -0.2576 0.8199 -0.5113
vn 0.4996 -0.7774 0.3821
vn 0.8353 -0.5095 0.2066
vn 0.4952 -0.7939 0.3528
vn 0.0118 -0.8804 0.4740
vn -0.7388 0.6003 -0.3063
vn -0.9986 0.0301 0.0439
vn -0.7374 0.6004 -0.3093
vn -0.0733 0.8161 0.5732
vn -0.0155 0.8053 0.5927
vn -0.0477 0.8166 0.5752
vn -0.0543 0.7795 0.6241
vn 0.4102 0.7569 0.5088
vn 0.1834 0.7544 0.6303
vn 0.2645 0.8039 0.5327
vn -0.2600 0.8784 0.4010
vn -0.3029 0.8678 0.3939
vn 0.2592 0.9388 0.2271
vn 0.2592 0.9387 0.2271
vn 0.2308 0.9208 0.3143
vn 0.1663 0.9613 0.2195
vn 0.1145 0.9774 0.1776
vn -0.4178 0.6896 0.5915
vn -0.3784 0.7447 0.5497
vn -0.3766 0.7158 0.5880
vn -0.4043 0.6839 0.6073
vn -0.0896 0.9652 0.2457
vn 0.3621 0.8474 0.3884
vn 0.2918 0.8792 0.3767
vn 0.2247 0.8938 0.3882
vn -0.0364 0.8152 0.5780
vn 0.0988 0.8634 0.4947
vn 0.0112 0.8539 0.5202
vn -0.7688 -0.5307 0.3569
vn -0.7688 -0.5306 0.3569
vn -0.5367 -0.7614 0.3636
vn -0.8151 -0.5228 0.2495
vn 0.1730 0.7530 -0.6349
vn 0.1296 0.7877 -0.6023
vn 0.1431 0.7539 -0.6412
vn 0.5117 0.7432 -0.4311
vn 0.5116 0.7432 -0.4311
vn 0.4030 0.8017 -0.4415
vn 0.5061 0.7689 -0.3907
vn -0.5539 0.8326 -0.0065
vn -0.5214 0.8530 -0.0247
vn -0.4977 0.8655 -0.0577
vn 0.4073 0.7420 -0.5324
vn -0.1698 0.8702 -0.4624
vn 0.4289 0.8008 -0.4181
vn -0.4572 0.8518 0.2558
vn -0.3540 0.8815 0.3124
vn 0.2449 0.8744 0.4189
vn 0.2929 0.8387 0.4592
vn 0.1431 0.8949 0.4228
vn 0.1301 0.8688 0.4777
vn -0.1015 0.8462 0.5232
vn -0.0524 0.8241 0.5640
vn 0.1505 0.8713 0.4671
vn 0.1613 0.8225 0.5454
vn 0.1488 0.8908 0.4294
vn 0.1603 0.8089 -0.5657
vn 0.0643 0.8357 -0.5454
vn 0.1272 0.8183 -0.5606
vn -0.5228 0.8308 -0.1909
vn -0.5286 0.8185 -0.2251
vn 0.5799 0.7973 0.1674
vn 0.5546 0.8321 0.0110
vn 0.5548 0.8137 0.1735
vn -0.3424 0.7248 0.5979
vn -0.0544 -0.9093 0.4126
vn 0.5091 -0.8050 0.3045
vn -0.0067 -0.9390 0.3438
vn -0.4420 0.8455 -0.2995
vn -0.4215 0.8100 -0.4077
vn 0.5423 0.7242 -0.4260
vn 0.4273 0.8487 -0.3116
vn 0.4709 0.8203 -0.3247
vn -0.5196 0.8455 -0.1234
vn -0.2331 0.9091 0.3453
vn -0.1145 0.9525 0.2822
vn -0.1095 0.9337 0.3410
vn -0.2149 0.9008 0.3773
vn 0.0430 0.9625 0.2680
vn 0.9005 0.3552 -0.2509
vn 0.4336 0.8186 -0.3767
vn 0.9150 0.3692 -0.1628
vn 0.5464 0.7836 -0.2957
vn 0.4192 0.8784 -0.2293
vn 0.5030 0.8481 -0.1666
vn -0.5506 0.8311 0.0782
vn -0.5058 0.8530 0.1289
vn -0.5145 0.8556 0.0576
vn 0.0899 0.9039 0.4183
vn -0.3142 0.7783 0.5436
vn -0.2714 0.8140 0.5135
vn 0.1649 0.9338 0.3176
vn 0.0594 0.9126 0.4046
vn 0.0979 0.9371 0.3351
vn -0.5046 0.7569 -0.4152
vn -0.7426 0.5978 -0.3019
vn -0.4162 0.8224 -0.3878
vn 0.9904 -0.1350 0.0297
vn 0.8228 0.5158 -0.2386
vn 0.9986 -0.0190 -0.0501
vn -0.0937 0.8146 -0.5724
vn -0.1695 0.8519 -0.4956
vn -0.1112 0.8391 -0.5325
vn -0.2579 0.7830 -0.5660
vn -0.2579 0.7831 -0.5660
vn -0.3039 0.8276 -0.4719
vn -0.1653 0.8548 -0.4919
vn -0.1100 0.9200 0.3762
vn -0.9999 0.0103 -0.0051
vn -0.8305 -0.5294 0.1735
vn -0.8304 -0.5294 0.1735
vn -0.9986 -0.0109 -0.0518
vn -0.2372 0.8917 0.3854
vn -0.1975 0.9126 0.3579
vn -0.1975 0.9127 0.3579
vn -0.2437 0.9101 0.3351
vn -0.5440 -0.7888 0.2860
vn -0.0250 -0.9688 0.2464
vn -0.4907 -0.8487 0.1975
vn -0.5441 -0.7888 0.2860
vn 0.7706 -0.5963 0.2251
vn 0.9874 -0.1517 0.0458
vn 0.7808 -0.5958 0.1879
vn 0.2872 0.7262 -0.6246
vn 0.1154 0.8183 -0.5631
vn 0.2590 0.8171 -0.5150
vn -0.5242 0.8513 0.0210
vn -0.4557 0.8870 0.0748
vn -0.4590 0.8880 -0.0270
vn 0.5547 0.8317 -0.0254
vn -0.4452 0.8653 0.2304
vn -0.2911 0.9135 0.2841
vn 0.4683 0.8813 0.0631
vn 0.3985 0.8738 0.2785
vn 0.0364 0.8933 0.4480
vn 0.1219 0.8919 0.4355
vn -0.0436 0.8820 0.4692
vn -0.4446 0.8840 -0.1442
vn -0.4172 0.8870 -0.1979
vn -0.4731 0.8780 -0.0726
vn -0.4079 0.9055 -0.1173
vn -0.1190 0.9254 0.3599
vn -0.2976 0.7907 0.5350
vn -0.1638 0.8723 0.4607
vn -0.1626 0.8623 0.4796
vn -0.2793 0.7987 0.5330
vn 0.5512 -0.8049 0.2196
vn 0.8478 -0.5194 0.1069
vn 0.5643 -0.8077 0.1707
vn 0.0823 0.7867 -0.6118
vn 0.0713 0.8308 -0.5520
vn 0.0418 0.8165 -0.5758
vn -0.0453 0.6221 0.7816
vn -0.1768 0.6304 0.7559
vn -0.1293 0.7031 0.6993
vn 0.0632 0.7320 0.6783
vn 0.1704 0.6372 0.7517
vn 0.1039 0.8180 0.5657
vn 0.3411 0.8432 0.4156
vn 0.3584 0.8818 0.3065
vn 0.3423 0.8474 0.4060
vn 0.2369 0.8728 0.4267
vn 0.0915 0.8771 0.4714
vn -0.3994 0.7903 -0.4647
vn -0.3885 0.8720 -0.2978
vn -0.3189 0.8721 -0.3712
vn -0.2549 0.6632 0.7037
vn -0.2377 0.6825 0.6911
vn 0.0173 0.9365 0.3503
vn 0.0015 0.9463 0.3233
vn -0.0915 0.9458 0.3117
vn 0.3129 0.8595 0.4043
vn 0.3108 0.8509 0.4235
vn 0.2704 0.8617 0.4294
vn 0.1426 0.8733 0.4659
vn -0.0808 0.8825 0.4634
vn -0.1185 0.8923 0.4356
vn -0.0846 0.9057 -0.4153
vn -0.4602 0.8044 -0.3758
vn -0.0742 0.9067 -0.4153
vn 0.4335 0.8186 -0.3767
vn -0.7455 0.6013 -0.2874
vn -0.9931 -0.0686 -0.0955
vn -0.7592 0.5668 -0.3199
vn -0.7756 -0.6225 0.1046
vn -0.5410 -0.8284 0.1455
vn -0.8568 -0.5129 0.0540
vn -0.0781 -0.9738 0.2134
vn 0.5091 -0.8577 0.0710
vn -0.0191 -0.9956 0.0922
vn -0.0603 0.8225 -0.5656
vn -0.1067 0.8682 -0.4846
vn -0.0301 0.8782 -0.4774
vn -0.1818 0.8437 -0.5050
vn -0.1600 0.8862 -0.4347
vn -0.2031 0.8480 -0.4896
vn -0.2484 0.6849 0.6850
vn -0.2357 0.7573 0.6090
vn -0.1933 0.7665 0.6124
vn -0.1935 0.8233 0.5336
vn 0.5345 0.7746 -0.3381
vn -0.0519 0.9115 -0.4079
vn 0.5350 0.7742 -0.3383
vn 0.5145 0.8475 -0.1303
vn 0.5547 0.8316 -0.0254
vn 0.5052 0.8626 -0.0276
vn 0.4538 0.8908 0.0243
vn 0.4836 0.8752 -0.0130
vn -0.1992 0.9200 0.3376
vn -0.1861 0.9308 0.3147
vn 0.1154 -0.9928 0.0315
vn 0.0740 -0.9642 0.2548
vn -0.2538 -0.9204 -0.2973
vn -0.2683 -0.8965 -0.3527
vn 0.1774 -0.9821 -0.0635
vn 0.3862 -0.8104 0.4406
vn 0.3790 -0.6881 0.6187
vn -0.1867 -0.9601 -0.2081
vn -0.0584 -0.9064 0.4184
vn -0.1351 -0.9812 0.1381
vn -0.2906 -0.8695 -0.3993
vn -0.3443 -0.7601 -0.5512
vn -0.3443 -0.7601 -0.5511
vn 0.1931 -0.6797 0.7076
vn 0.3409 -0.4429 0.8292
vn -0.0154 -0.5442 0.8388
vn -0.0988 -0.6525 0.7513
vn 0.0048 0.8837 0.4680
vn 0.1039 0.8181 0.5657
vn -0.0268 0.9019 0.4312
vn -0.0569 0.9199 0.3881
vn 0.8657 0.4606 -0.1959
vn 0.5011 0.7726 -0.3899
vn 0.8775 0.4124 -0.2449
vn 0.9823 -0.1833 0.0376
vn 0.9222 0.3346 -0.1941
vn 0.9910 -0.1323 -0.0198
vn -0.5197 -0.8510 0.0753
vn -0.0832 -0.9965 0.0116
vn -0.5214 -0.8504 -0.0699
vn -0.8683 -0.4958 -0.0143
vn 0.8841 -0.4673 0.0011
vn 0.9920 0.0150 -0.1253
vn 0.9069 -0.4081 -0.1049
vn 0.0463 -0.9968 -0.0650
vn -0.3769 -0.8880 -0.2636
vn -0.5214 -0.8505 -0.0699
vn -0.0831 -0.9965 0.0116
vn 0.4620 -0.8861 0.0372
vn 0.4050 -0.8925 0.1985
vn -0.4725 -0.6962 -0.5405
vn -0.2683 -0.8964 -0.3527
vn -0.4725 -0.6961 -0.5405
vn -0.6638 -0.6205 -0.4176
vn 0.7417 -0.5052 0.4411
vn 0.4376 -0.4929 0.7521
vn -0.5000 -0.5323 -0.6831
vn -0.5214 -0.4900 -0.6986
vn -0.3443 -0.7600 -0.5512
vn -0.0823 -0.7319 0.6764
vn -0.1652 -0.4800 0.8616
vn -0.2144 -0.7489 0.6271
vn -0.4176 -0.9076 -0.0441
vn -0.5422 -0.7163 0.4393
vn -0.6993 -0.7048 -0.1193
vn -0.5753 -0.6066 -0.5486
vn 0.3044 0.8074 -0.5054
vn 0.2149 0.8977 -0.3847
vn 0.2560 0.8976 -0.3589
vn 0.4359 0.8689 -0.2344
vn 0.4389 0.8808 -0.1775
vn -0.3741 0.9105 0.1762
vn -0.2554 0.9296 0.2658
vn -0.0888 0.9398 0.3299
vn 0.5236 -0.8507 -0.0458
vn 0.8861 -0.4580 -0.0713
vn 0.8861 -0.4579 -0.0713
vn 0.4619 -0.8861 0.0372
vn -0.8727 -0.0656 -0.4839
vn -0.8457 0.0300 -0.5328
vn 0.3826 -0.4073 0.8293
vn 0.4376 -0.4928 0.7521
vn 0.3097 -0.0160 0.9507
vn 0.3361 -0.0132 0.9417
vn -0.3309 -0.3772 0.8650
vn -0.2703 -0.0511 0.9614
vn -0.3739 0.1087 0.9211
vn -0.6972 -0.3245 0.6392
vn -0.9923 0.0105 -0.1236
vn -0.9833 -0.0255 -0.1803
vn -0.7580 0.5701 -0.3170
vn -0.8112 -0.5607 -0.1662
vn -0.6638 -0.6205 -0.4175
vn -0.8112 -0.5606 -0.1662
vn -0.6638 -0.6204 -0.4176
vn -0.9095 -0.2437 -0.3368
vn 0.9654 0.1632 0.2036
vn 0.6567 0.1247 0.7438
vn 0.3805 0.0118 0.9247
vn -0.7370 -0.6015 0.3084
vn -0.8548 0.2013 0.4783
vn -0.8119 -0.4806 0.3313
vn -0.9860 -0.1036 -0.1307
vn -0.2245 -0.3825 0.8963
vn -0.0977 0.0598 0.9934
vn -0.0977 0.0599 0.9934
vn -0.1488 0.3310 0.9318
vn -0.3961 0.9089 -0.1308
vn -0.1200 0.8582 0.4990
vn -0.1257 0.8544 0.5041
vn -0.4641 0.7978 -0.3850
vn -0.4711 0.7830 -0.4061
vn -0.4640 0.7978 -0.3850
vn -0.8411 0.5163 0.1615
vn -0.8315 0.5508 -0.0724
vn 0.1344 -0.1172 0.9840
vn 0.0568 0.8707 -0.4886
vn -0.0145 0.9116 -0.4108
vn 0.0031 0.9024 -0.4308
vn 0.0031 0.9025 -0.4308
vn 0.0713 0.8308 -0.5519
vn 0.0290 0.8916 -0.4518
vn 0.0275 0.8890 -0.4572
vn -0.7458 -0.3689 -0.5547
vn -0.7470 0.2108 -0.6305
vn -0.8043 0.2682 -0.5302
vn 0.2566 0.3740 0.8912
vn 0.1589 0.2797 0.9469
vn -0.6624 0.3598 0.6571
vn -0.7250 0.6583 0.2025
vn -0.2161 0.4320 0.8756
vn -0.3836 0.4966 0.7786
vn -0.1557 0.8585 -0.4885
vn -0.1996 0.8849 -0.4209
vn -0.1149 0.8911 -0.4389
vn -0.2286 0.8874 -0.4003
vn -0.2864 0.9092 -0.3021
vn -0.1692 0.9237 -0.3437
vn 0.3454 0.8838 -0.3157
vn 0.2406 0.9330 -0.2677
vn 0.3135 0.9132 -0.2604
vn -0.1949 0.7312 0.6538
vn -0.2170 0.7435 0.6326
vn -0.1916 0.7597 0.6214
vn -0.1490 0.7294 0.6676
vn -0.0915 0.9055 0.4144
vn -0.1056 0.9209 0.3753
vn -0.1357 0.9404 0.3117
vn -0.0247 0.8785 0.4771
vn 0.0183 0.8822 0.4706
vn -0.1052 0.8589 0.5013
vn 0.9867 0.1270 -0.1017
vn 0.9867 0.1271 -0.1017
vn 0.9920 0.0151 -0.1253
vn 0.9008 0.4333 0.0281
vn 0.7764 0.5688 0.2715
vn -0.7716 -0.0243 -0.6356
vn -0.5001 -0.5323 -0.6831
vn -0.7930 0.6018 -0.0953
vn -0.6492 0.7005 -0.2963
vn 0.1269 0.3510 0.9277
vn -0.0378 0.4966 0.8671
vn 0.1589 0.2797 0.9468
vn 0.4088 0.9112 0.0509
vn 0.4000 0.9140 0.0680
vn -0.0933 0.8529 0.5137
vn -0.1238 0.8109 0.5720
vn -0.8141 0.5635 -0.1404
vn -0.8141 0.5635 -0.1403
vn -0.6295 0.7651 0.1355
vn -0.5783 0.7958 0.1797
vn -0.4087 0.9062 -0.1081
vn -0.3729 0.9278 0.0114
vn -0.3304 0.9405 -0.0794
vn -0.3616 0.9252 -0.1148
vn -0.3961 0.9088 -0.1308
vn -0.3402 0.9290 0.1459
vn -0.2185 0.9485 0.2293
vn -0.0587 0.7425 0.6672
vn -0.1145 0.7662 0.6324
vn -0.0488 0.8008 0.5969
vn 0.0348 0.8331 0.5520
vn -0.0394 0.8598 0.5091
vn 0.1973 0.8735 0.4450
vn 0.2134 0.9168 0.3375
vn 0.0807 0.9358 0.3431
vn -0.0973 0.8914 -0.4427
vn -0.0974 0.8913 -0.4427
vn -0.4829 0.7296 -0.4843
vn -0.1401 0.8558 -0.4980
vn -0.6335 0.7444 0.2110
vn -0.4249 0.8201 0.3833
vn -0.4143 0.7883 0.4550
vn -0.4938 0.7644 0.4144
vn -0.4938 0.7645 0.4144
vn -0.1080 0.5265 0.8433
vn -0.2033 0.6791 0.7054
vn 0.3833 0.8862 -0.2604
vn 0.2936 0.9130 -0.2834
vn 0.3859 0.8833 -0.2664
vn 0.3597 0.8996 -0.2475
vn -0.1034 0.8853 0.4534
vn 0.3325 0.8884 0.3165
vn 0.3492 0.9249 0.1503
vn 0.2457 0.9537 0.1737
vn -0.8113 0.4401 -0.3849
vn 0.9239 0.3521 -0.1498
vn 0.4799 0.7902 -0.3811
vn 0.5365 0.8301 -0.1522
vn -0.0096 0.4530 0.8915
vn -0.3527 0.9155 -0.1937
vn -0.3616 0.9253 -0.1148
vn -0.2876 0.9507 -0.1163
vn -0.2354 0.7502 0.6179
vn -0.1933 0.7666 0.6124
vn -0.1619 0.8469 0.5066
vn -0.1642 0.8342 0.5264
vn 0.3954 0.7958 -0.4587
vn -0.0840 0.8705 -0.4849
vn 0.0198 0.6062 0.7951
vn -0.2033 0.6790 0.7054
vn 0.3847 0.9128 0.1368
vn 0.3985 0.8739 0.2785
vn 0.3352 0.9352 0.1145
vn -0.1569 0.7700 0.6185
vn -0.1198 0.8580 0.4995
vn 0.5289 0.5503 0.6461
vn 0.2832 0.7203 0.6333
vn -0.0111 0.9185 -0.3952
vn 0.0042 0.9231 -0.3846
vn -0.1758 0.9157 -0.3615
vn -0.1565 0.9444 -0.2891
vn -0.1961 0.9343 -0.2976
vn -0.0605 0.9078 -0.4149
vn -0.0806 0.9158 -0.3934
vn -0.0463 0.9164 -0.3975
vn 0.1201 0.9045 -0.4093
vn 0.0190 0.9126 -0.4084
vn 0.1327 0.9261 -0.3530
vn -0.0226 0.9279 0.3721
vn -0.0352 0.9037 0.4267
vn -0.1063 0.9324 0.3454
vn -0.1305 0.9109 0.3914
vn -0.1684 0.9290 0.3295
vn -0.0856 0.8551 0.5113
vn -0.1357 0.9242 0.3569
vn -0.1989 0.7278 0.6563
vn 0.0198 0.6063 0.7950
vn 0.2831 0.7203 0.6333
vn -0.1480 0.8728 0.4652
vn -0.4359 0.7055 -0.5588
vn -0.3836 0.7579 -0.5276
vn -0.2684 0.9593 -0.0880
vn -0.2215 0.9750 -0.0165
vn -0.2293 0.9719 -0.0529
vn -0.2530 0.9640 -0.0815
vn -0.2510 0.9632 0.0961
vn -0.1707 0.9721 0.1607
vn -0.1086 0.8154 0.5686
vn -0.1351 0.9126 0.3859
vn -0.4492 0.8516 0.2703
vn 0.0162 0.9930 0.1169
vn -0.3874 0.9161 0.1034
vn -0.2177 0.9557 -0.1983
vn -0.2120 0.9653 -0.1523
vn -0.1586 0.7654 0.6237
vn -0.1234 0.8443 0.5215
vn -0.1024 0.8744 0.4743
vn -0.1023 0.8743 0.4744
vn -0.1304 0.8221 0.5542
vn -0.4956 0.8567 0.1430
vn -0.3224 0.9180 -0.2308
vn -0.0694 0.9397 -0.3348
vn -0.0478 0.9246 -0.3778
vn -0.1915 0.9184 -0.3462
vn -0.2002 0.9476 -0.2490
vn -0.1737 0.9460 -0.2736
vn 0.2106 0.9288 -0.3048
vn 0.1606 0.9379 -0.3074
vn 0.2194 0.9351 -0.2784
vn 0.4040 0.9138 -0.0427
vn 0.3119 0.9394 -0.1425
vn 0.2491 0.9684 -0.0158
vn 0.3581 0.9335 0.0190
vn -0.1226 0.9052 0.4069
vn 0.0143 0.9243 -0.3814
vn 0.0048 0.9241 -0.3820
vn -0.0112 0.9194 -0.3932
vn -0.1410 0.9539 0.2650
vn -0.1644 0.9611 0.2219
vn -0.1700 0.9744 0.1473
vn -0.1852 0.8292 0.5274
vn -0.1161 0.9049 0.4095
vn -0.0301 0.8859 0.4629
vn -0.0301 0.8858 0.4630
vn 0.0196 0.9463 0.3227
vn -0.0743 0.9300 0.3600
vn 0.1069 0.9714 0.2119
vn 0.0542 0.9728 0.2254
vn 0.5211 0.7931 0.3155
vn 0.5210 0.7931 0.3155
vn -0.1686 0.9540 -0.2480
vn -0.2204 0.9670 -0.1281
vn -0.1686 0.9626 -0.2123
vn 0.2307 0.9320 -0.2794
vn 0.2225 0.9307 -0.2904
vn 0.2322 0.9296 -0.2861
vn 0.3336 0.9306 0.1509
vn 0.2447 0.9589 0.1436
vn 0.1421 0.9669 0.2117
vn 0.2652 0.9546 0.1358
vn -0.0512 0.9227 -0.3822
vn -0.0511 0.9227 -0.3822
vn -0.2520 0.9653 -0.0677
vn -0.2240 0.9745 0.0112
vn -0.2320 0.9725 -0.0185
vn -0.1871 0.9806 0.0591
vn -0.1900 0.9790 0.0743
vn 0.1574 0.9812 0.1114
vn 0.1421 0.9670 0.2117
vn 0.0898 0.9704 0.2240
vn -0.0000 0.9213 -0.3888
vn -0.0673 0.9220 -0.3814
vn 0.0134 0.9270 -0.3747
vn -0.2236 0.9451 -0.2383
vn -0.1703 0.9495 -0.2634
vn 0.2694 0.9265 -0.2629
vn 0.2694 0.9264 -0.2629
vn 0.2035 0.9554 -0.2142
vn 0.2296 0.9533 -0.1964
vn 0.3858 0.8833 -0.2664
vn -0.1472 0.9587 0.2434
vn -0.1700 0.9701 0.1735
vn -0.1877 0.9743 0.1244
vn 0.0440 0.9285 -0.3687
vn -0.0130 0.9398 -0.3413
vn 0.0589 0.9491 -0.3094
vn 0.1666 0.9828 -0.0797
vn -0.2167 0.9731 -0.0783
vn -0.1890 0.9697 -0.1549
vn -0.1189 0.9141 0.3877
vn -0.0729 0.9340 0.3498
vn -0.0812 0.9044 0.4188
vn 0.0336 0.9554 0.2935
vn 0.0957 0.9612 0.2589
vn 0.0463 0.9551 0.2926
vn -0.1992 0.9787 0.0494
vn -0.1297 0.9263 -0.3538
vn -0.1963 0.9401 -0.2788
vn -0.1655 0.9125 -0.3740
vn 0.0114 0.9370 -0.3492
vn 0.0283 0.9537 -0.2995
vn 0.0023 0.9467 -0.3221
vn -0.2028 0.9790 -0.0216
vn -0.0960 0.9427 0.3196
vn -0.0812 0.9724 0.2189
vn -0.1084 0.9322 0.3454
vn 0.1612 0.9453 -0.2836
vn 0.0626 0.9551 -0.2896
vn 0.1381 0.9537 -0.2671
vn -0.2483 0.9447 -0.2140
vn -0.2024 0.9765 -0.0739
vn -0.2074 0.9737 -0.0938
vn 0.0818 0.9586 0.2727
vn 0.1190 0.9670 0.2251
vn -0.1427 0.9795 0.1420
vn -0.1910 0.9806 0.0450
vn -0.0183 0.9551 0.2957
vn -0.0188 0.9824 0.1860
vn -0.0262 0.9739 0.2253
vn 0.0027 0.9424 -0.3345
vn -0.0869 0.9566 -0.2782
vn 0.0697 0.9559 -0.2854
vn 0.1882 0.9525 -0.2395
vn 0.1060 0.9880 -0.1119
vn 0.1297 0.9871 -0.0944
vn 0.1297 0.9870 -0.0944
vn -0.1494 0.9885 -0.0226
vn -0.1083 0.9772 0.1826
vn -0.0710 0.9800 0.1858
vn -0.0698 0.9902 0.1213
vn -0.0718 0.9598 0.2714
vn -0.0990 0.9819 0.1612
vn -0.1066 0.9701 0.2179
vn -0.0020 0.9485 -0.3167
vn -0.0414 0.9682 -0.2466
vn -0.0170 0.9742 -0.2252
vn 0.0361 0.9758 0.2155
vn 0.1139 0.9922 0.0508
vn 0.0259 0.9985 0.0473
vn -0.2376 0.9572 -0.1652
vn -0.1385 0.9902 0.0171
vn -0.1413 0.9882 0.0592
vn 0.0218 0.9735 -0.2276
vn 0.0769 0.9930 -0.0901
vn 0.0090 0.9982 -0.0586
vn 0.1397 0.9856 -0.0949
vn 0.0550 0.9985 0.0007
vn 0.0769 0.9970 -0.0096
vn -0.1024 0.9932 0.0550
vn -0.0823 0.9941 0.0706
vn -0.0816 0.9967 0.0051
vn -0.0174 0.9995 0.0260
vn -0.1039 0.9861 0.1298
vn -0.0453 0.9959 0.0784
vn -0.0766 0.9957 0.0524
vn -0.0193 0.9899 -0.1405
vn 0.0380 0.9784 -0.2034
vn -0.0704 0.9943 -0.0803
vn 0.0001 1.0000 -0.0010
vn -0.0146 0.9898 0.1420
vn 0.0198 0.9971 0.0736
vn 0.0068 0.9973 0.0727
vn -0.0821 0.9925 -0.0903
vn -0.0441 0.9953 -0.0864
vn -0.0834 0.9946 -0.0611
vn -0.0833 0.9964 -0.0125
vn -0.0580 0.9982 -0.0131
vn 0.0172 0.9994 0.0297
vn -0.0063 0.9992 0.0384
vn 0.0425 0.9989 0.0208
vt 0.852691 0.676036
vt 0.855939 0.671365
vt 0.867712 0.681479
vt 0.866787 0.685722
vt 0.854283 0.684008
vt 0.836819 0.681315
vt 0.820741 0.676196
vt 0.838679 0.671827
vt 0.853132 0.667247
vt 0.837216 0.667021
vt 0.838182 0.661098
vt 0.851737 0.659713
vt 0.868251 0.664014
vt 0.866530 0.655973
vt 0.485816 0.402397
vt 0.489166 0.394781
vt 0.502369 0.401723
vt 0.499507 0.408523
vt 0.481647 0.408190
vt 0.469521 0.403240
vt 0.868251 0.692118
vt 0.471236 0.417149
vt 0.476521 0.411400
vt 0.490232 0.420726
vt 0.485103 0.427390
vt 0.140238 0.681222
vt 0.142672 0.694679
vt 0.133161 0.685794
vt 0.077354 0.260609
vt 0.082778 0.261128
vt 0.090610 0.282763
vt 0.071924 0.279629
vt 0.094225 0.261962
vt 0.100253 0.282825
vt 0.094836 0.301639
vt 0.086629 0.301906
vt 0.079570 0.300637
vt 0.077397 0.315572
vt 0.066539 0.312925
vt 0.835930 0.697624
vt 0.817679 0.687827
vt 0.232478 0.777261
vt 0.235744 0.783114
vt 0.215245 0.785262
vt 0.213663 0.782381
vt 0.229257 0.773145
vt 0.248607 0.767739
vt 0.250468 0.772819
vt 0.496054 0.414483
vt 0.509219 0.416142
vt 0.506585 0.427478
vt 0.216768 0.790121
vt 0.240902 0.789763
vt 0.217524 0.797158
vt 0.203464 0.801286
vt 0.828306 0.746423
vt 0.823205 0.744451
vt 0.829921 0.729461
vt 0.837176 0.729917
vt 0.835636 0.749638
vt 0.253879 0.778755
vt 0.513172 0.411042
vt 0.524838 0.415222
vt 0.515930 0.397831
vt 0.523585 0.404587
vt 0.207990 0.789630
vt 0.234683 0.799462
vt 0.215824 0.807775
vt 0.523633 0.435182
vt 0.523937 0.444770
vt 0.505944 0.435594
vt 0.516441 0.450785
vt 0.504552 0.441968
vt 0.161913 0.699813
vt 0.162182 0.704814
vt 0.140506 0.700691
vt 0.138514 0.707257
vt 0.130029 0.694828
vt 0.080444 0.247604
vt 0.803704 0.697449
vt 0.649138 0.871054
vt 0.657524 0.885709
vt 0.647146 0.886191
vt 0.806993 0.676520
vt 0.822041 0.669815
vt 0.821271 0.665383
vt 0.246583 0.762079
vt 0.227290 0.766752
vt 0.242589 0.756712
vt 0.256671 0.750512
vt 0.809354 0.725016
vt 0.820267 0.724205
vt 0.823817 0.729629
vt 0.259127 0.763138
vt 0.826397 0.710207
vt 0.832359 0.711168
vt 0.846368 0.752596
vt 0.833338 0.764180
vt 0.847523 0.731900
vt 0.857700 0.734028
vt 0.857128 0.754841
vt 0.849159 0.772487
vt 0.244084 0.805841
vt 0.213776 0.773782
vt 0.205650 0.780986
vt 0.524317 0.394426
vt 0.517800 0.389994
vt 0.201340 0.765879
vt 0.208103 0.754006
vt 0.103498 0.262427
vt 0.091696 0.249371
vt 0.126073 0.706568
vt 0.136667 0.716669
vt 0.108477 0.243135
vt 0.123316 0.265129
vt 0.121307 0.285443
vt 0.238294 0.807775
vt 0.857813 0.775378
vt 0.868047 0.758377
vt 0.843751 0.425056
vt 0.817873 0.425219
vt 0.838461 0.414837
vt 0.857007 0.410107
vt 0.861399 0.418526
vt 0.867328 0.425486
vt 0.876890 0.416245
vt 0.876471 0.408873
vt 0.516082 0.457883
vt 0.161442 0.712431
vt 0.185728 0.706794
vt 0.186386 0.717589
vt 0.159389 0.723305
vt 0.637063 0.869486
vt 0.639344 0.884345
vt 0.804797 0.661547
vt 0.806690 0.657904
vt 0.823925 0.656347
vt 0.838794 0.712006
vt 0.706263 0.753537
vt 0.705146 0.757904
vt 0.690252 0.759669
vt 0.692902 0.742999
vt 0.848129 0.695564
vt 0.849033 0.713155
vt 0.859509 0.695352
vt 0.859772 0.713920
vt 0.084237 0.316860
vt 0.103951 0.321290
vt 0.293463 0.821651
vt 0.273303 0.816651
vt 0.280004 0.798486
vt 0.298890 0.803372
vt 0.301067 0.823496
vt 0.307064 0.805951
vt 0.315335 0.825851
vt 0.304832 0.785808
vt 0.313233 0.788601
vt 0.670299 0.886221
vt 0.668786 0.902621
vt 0.671706 0.875225
vt 0.116100 0.307207
vt 0.125649 0.308427
vt 0.120560 0.319548
vt 0.266974 0.835853
vt 0.263106 0.814811
vt 0.839714 0.652545
vt 0.828021 0.639219
vt 0.840527 0.640229
vt 0.852572 0.641321
vt 0.224481 0.756524
vt 0.219788 0.746385
vt 0.236473 0.747528
vt 0.504268 0.390528
vt 0.495391 0.377185
vt 0.507141 0.377964
vt 0.876747 0.397999
vt 0.853433 0.399472
vt 0.876890 0.384960
vt 0.187198 0.731782
vt 0.650304 0.900567
vt 0.654059 0.917950
vt 0.647823 0.916547
vt 0.644233 0.900348
vt 0.641525 0.915962
vt 0.638257 0.900066
vt 0.084233 0.095002
vt 0.084233 0.097192
vt 0.083431 0.097016
vt 0.701005 0.767413
vt 0.689278 0.766573
vt 0.673748 0.761175
vt 0.673855 0.752247
vt 0.253122 0.744668
vt 0.246706 0.736161
vt 0.260259 0.733927
vt 0.861430 0.958687
vt 0.863047 0.945073
vt 0.870353 0.946080
vt 0.814736 0.722731
vt 0.821161 0.709284
vt 0.870871 0.931901
vt 0.876890 0.931718
vt 0.876099 0.947234
vt 0.842711 0.631492
vt 0.852997 0.630847
vt 0.861963 0.637998
vt 0.871846 0.695319
vt 0.871414 0.714415
vt 0.133178 0.733715
vt 0.156465 0.739965
vt 0.131263 0.743934
vt 0.126957 0.245296
vt 0.137609 0.245247
vt 0.132339 0.265612
vt 0.634247 0.914222
vt 0.626933 0.897951
vt 0.632774 0.884100
vt 0.662824 0.921314
vt 0.655840 0.935759
vt 0.646950 0.932691
vt 0.868471 0.735920
vt 0.881209 0.715974
vt 0.878981 0.737836
vt 0.811411 0.414756
vt 0.831998 0.404374
vt 0.850813 0.388781
vt 0.870350 0.375742
vt 0.194115 0.740325
vt 0.178585 0.743646
vt 0.256341 0.522097
vt 0.265567 0.521592
vt 0.263781 0.539067
vt 0.253168 0.537419
vt 0.638935 0.943845
vt 0.637780 0.930114
vt 0.619139 0.882071
vt 0.614033 0.893880
vt 0.987648 0.197561
vt 0.991361 0.207302
vt 0.976430 0.204940
vt 0.812323 0.647162
vt 0.817980 0.635246
vt 0.315335 0.769170
vt 0.298820 0.762142
vt 0.298056 0.477322
vt 0.282220 0.472645
vt 0.286031 0.453840
vt 0.295352 0.459912
vt 0.670035 0.922211
vt 0.671706 0.941614
vt 0.674108 0.767999
vt 0.688939 0.772938
vt 0.674694 0.775958
vt 0.657233 0.771429
vt 0.656509 0.764084
vt 0.287454 0.779715
vt 0.278556 0.776211
vt 0.287499 0.757393
vt 0.210938 0.383401
vt 0.192527 0.382934
vt 0.190437 0.374834
vt 0.213293 0.374281
vt 0.234262 0.387273
vt 0.878560 0.761454
vt 0.958963 0.695582
vt 0.953034 0.710583
vt 0.947942 0.703462
vt 0.952640 0.687939
vt 0.629083 0.925964
vt 0.662942 0.939069
vt 0.273866 0.520871
vt 0.283349 0.519461
vt 0.282913 0.539137
vt 0.273688 0.539649
vt 0.656404 0.754816
vt 0.638410 0.758504
vt 0.637330 0.747747
vt 0.655710 0.745033
vt 0.862081 0.932040
vt 0.852451 0.943296
vt 0.851655 0.931766
vt 0.858779 0.919134
vt 0.867498 0.917643
vt 0.230306 0.737142
vt 0.215492 0.736607
vt 0.226189 0.728072
vt 0.239329 0.726440
vt 0.674270 0.742837
vt 0.655619 0.734513
vt 0.675785 0.731913
vt 0.655726 0.722717
vt 0.677121 0.721528
vt 0.695059 0.732270
vt 0.516206 0.377022
vt 0.508668 0.366766
vt 0.517134 0.364117
vt 0.524838 0.374803
vt 0.129965 0.286436
vt 0.140385 0.287285
vt 0.135812 0.309041
vt 0.805796 0.406065
vt 0.827633 0.395043
vt 0.851620 0.956302
vt 0.840296 0.952571
vt 0.840602 0.941961
vt 0.657706 0.780140
vt 0.674145 0.784088
vt 0.658493 0.789653
vt 0.642462 0.788257
vt 0.640645 0.778113
vt 0.622740 0.911042
vt 0.953430 0.670720
vt 0.945132 0.678143
vt 0.945642 0.659464
vt 0.611237 0.905794
vt 0.639317 0.767753
vt 0.379812 0.901706
vt 0.389964 0.904385
vt 0.377340 0.919164
vt 0.367188 0.916485
vt 0.371704 0.898605
vt 0.871203 0.486272
vt 0.872570 0.507911
vt 0.862232 0.506131
vt 0.860831 0.484984
vt 0.871293 0.464900
vt 0.697837 0.722180
vt 0.270041 0.795328
vt 0.260227 0.792996
vt 0.268740 0.773514
vt 0.881209 0.693989
vt 0.860294 0.464241
vt 0.850204 0.483348
vt 0.848903 0.462783
vt 0.863339 0.450765
vt 0.029489 0.004759
vt 0.030238 0.006206
vt 0.029489 0.006480
vt 0.191832 0.365735
vt 0.214863 0.365165
vt 0.236955 0.378249
vt 0.154890 0.750270
vt 0.177584 0.754172
vt 0.153602 0.760206
vt 0.129053 0.754339
vt 0.848792 0.919796
vt 0.839494 0.931776
vt 0.837036 0.920835
vt 0.842435 0.907493
vt 0.852279 0.904655
vt 0.143636 0.265801
vt 0.148832 0.244820
vt 0.155322 0.265662
vt 0.152435 0.288187
vt 0.847058 0.379386
vt 0.824048 0.386970
vt 0.844073 0.369337
vt 0.868609 0.366159
vt 0.276801 0.559227
vt 0.268066 0.557981
vt 0.636536 0.737303
vt 0.481765 0.835345
vt 0.491267 0.836518
vt 0.481753 0.854591
vt 0.470696 0.853125
vt 0.470316 0.833004
vt 0.635363 0.724830
vt 0.204960 0.741671
vt 0.199490 0.743691
vt 0.523384 0.358838
vt 0.515563 0.354899
vt 0.197611 0.733042
vt 0.203170 0.732574
vt 0.133567 0.321033
vt 0.010001 0.824550
vt 0.009901 0.804764
vt 0.020749 0.824721
vt 0.021320 0.844085
vt 0.009901 0.844288
vt 0.253294 0.812478
vt 0.257390 0.834009
vt 0.239510 0.369511
vt 0.260725 0.385171
vt 0.216918 0.354562
vt 0.242131 0.358376
vt 0.263191 0.376061
vt 0.643931 0.798012
vt 0.839763 0.268173
vt 0.841273 0.252428
vt 0.850757 0.256156
vt 0.850284 0.271044
vt 0.840050 0.283564
vt 0.412988 0.908225
vt 0.415054 0.923462
vt 0.401147 0.922628
vt 0.633414 0.801296
vt 0.388322 0.920832
vt 0.400857 0.906332
vt 0.386551 0.937579
vt 0.374613 0.935978
vt 0.860439 0.627282
vt 0.854783 0.623083
vt 0.857664 0.619531
vt 0.864971 0.619706
vt 0.499072 0.365668
vt 0.942837 0.693811
vt 0.934977 0.708163
vt 0.931602 0.698536
vt 0.936419 0.683449
vt 0.492086 0.855477
vt 0.501341 0.837711
vt 0.500930 0.856082
vt 0.493079 0.873646
vt 0.482804 0.874002
vt 0.292299 0.538917
vt 0.295103 0.517862
vt 0.294269 0.432788
vt 0.286336 0.429935
vt 0.301717 0.539060
vt 0.295531 0.560392
vt 0.285902 0.560031
vt 0.277205 0.450762
vt 0.270595 0.469646
vt 0.267357 0.448730
vt 0.276948 0.427791
vt 0.830657 0.631859
vt 0.961411 0.203279
vt 0.967860 0.198834
vt 0.969412 0.209470
vt 0.961113 0.213649
vt 0.953942 0.208122
vt 0.952098 0.197561
vt 0.840174 0.482253
vt 0.837525 0.460816
vt 0.848541 0.446161
vt 0.175657 0.388769
vt 0.197837 0.750118
vt 0.178364 0.766531
vt 0.829888 0.950057
vt 0.830486 0.940344
vt 0.458829 0.851955
vt 0.459259 0.831534
vt 0.633414 0.713680
vt 0.982028 0.213236
vt 0.974311 0.217351
vt 0.966351 0.220417
vt 0.257364 0.555927
vt 0.258501 0.574722
vt 0.247331 0.570379
vt 0.247167 0.552158
vt 0.237545 0.564495
vt 0.238120 0.547750
vt 0.244631 0.535661
vt 0.938485 0.666337
vt 0.939474 0.650299
vt 0.945575 0.642786
vt 0.953036 0.650698
vt 0.212110 0.728774
vt 0.827967 0.961411
vt 0.816375 0.967603
vt 0.819241 0.957246
vt 0.266263 0.364657
vt 0.244974 0.344685
vt 0.269929 0.350718
vt 0.289957 0.362834
vt 0.055548 0.002160
vt 0.055548 0.000627
vt 0.056156 0.000894
vt 0.284339 0.378893
vt 0.401366 0.938963
vt 0.418989 0.940975
vt 0.399053 0.956166
vt 0.384949 0.954029
vt 0.927717 0.686673
vt 0.931404 0.671841
vt 0.832070 0.910323
vt 0.826319 0.922092
vt 0.822356 0.912531
vt 0.824384 0.899844
vt 0.860586 0.259981
vt 0.860988 0.272902
vt 0.833841 0.895231
vt 0.278351 0.753554
vt 0.266738 0.750511
vt 0.260200 0.467415
vt 0.247809 0.465839
vt 0.255692 0.445828
vt 0.148140 0.310103
vt 0.161882 0.312421
vt 0.456048 0.744363
vt 0.467067 0.745679
vt 0.466198 0.766402
vt 0.454185 0.766151
vt 0.148197 0.321814
vt 0.365319 0.934468
vt 0.363254 0.951543
vt 0.502791 0.874038
vt 0.504125 0.891217
vt 0.494533 0.891991
vt 0.807775 0.458386
vt 0.807154 0.478781
vt 0.796472 0.477175
vt 0.797540 0.456502
vt 0.866401 0.526998
vt 0.855983 0.526016
vt 0.852397 0.505348
vt 0.845073 0.525120
vt 0.842093 0.504648
vt 0.828230 0.481214
vt 0.825933 0.459103
vt 0.832776 0.443651
vt 0.176977 0.376776
vt 0.228923 0.557991
vt 0.229316 0.542683
vt 0.226541 0.575144
vt 0.218112 0.567350
vt 0.220478 0.550942
vt 0.922119 0.710583
vt 0.919707 0.699802
vt 0.000791 0.095549
vt 0.002160 0.097192
vt 0.000757 0.097192
vt 0.713528 0.285466
vt 0.700875 0.283161
vt 0.702808 0.273378
vt 0.906649 0.690431
vt 0.917147 0.689232
vt 0.285243 0.580895
vt 0.276167 0.579853
vt 0.375105 0.295662
vt 0.380442 0.295176
vt 0.379374 0.305032
vt 0.196088 0.723779
vt 0.200533 0.723243
vt 0.126073 0.765611
vt 0.151835 0.771058
vt 0.631750 0.735035
vt 0.626288 0.756794
vt 0.620105 0.733299
vt 0.161239 0.244023
vt 0.173070 0.243135
vt 0.168322 0.264337
vt 0.583605 0.086500
vt 0.569220 0.077697
vt 0.586950 0.077550
vt 0.596112 0.088353
vt 0.543456 0.489201
vt 0.545156 0.473298
vt 0.550937 0.482536
vt 0.590852 0.099352
vt 0.579209 0.094565
vt 0.565307 0.085545
vt 0.852209 0.285359
vt 0.862530 0.284980
vt 0.855578 0.298610
vt 0.841129 0.301501
vt 0.946855 0.203048
vt 0.945847 0.213476
vt 0.151121 0.323460
vt 0.161487 0.321104
vt 0.160056 0.327464
vt 0.149536 0.331931
vt 0.845514 0.623908
vt 0.509717 0.355902
vt 0.863707 0.613691
vt 0.148212 0.344856
vt 0.148212 0.338358
vt 0.158309 0.339913
vt 0.158435 0.345396
vt 0.388769 0.293631
vt 0.387040 0.303337
vt 0.553701 0.071009
vt 0.547958 0.078976
vt 0.536229 0.075016
vt 0.539481 0.066273
vt 0.556221 0.063170
vt 0.572420 0.068766
vt 0.562117 0.095063
vt 0.547232 0.089314
vt 0.574920 0.060569
vt 0.589615 0.068128
vt 0.859807 0.326217
vt 0.851614 0.334773
vt 0.839763 0.322943
vt 0.848957 0.314504
vt 0.860694 0.309354
vt 0.954044 0.565603
vt 0.958963 0.581744
vt 0.947818 0.574861
vt 0.935901 0.569087
vt 0.940038 0.559240
vt 0.958963 0.554776
vt 0.566874 0.476109
vt 0.566688 0.465490
vt 0.583138 0.468771
vt 0.583153 0.481057
vt 0.566645 0.487936
vt 0.930781 0.579326
vt 0.919185 0.575646
vt 0.922413 0.565717
vt 0.713077 0.263323
vt 0.713355 0.274639
vt 0.703010 0.263124
vt 0.713187 0.251565
vt 0.721483 0.250681
vt 0.722685 0.262664
vt 0.729737 0.249838
vt 0.923371 0.675944
vt 0.925999 0.661964
vt 0.933079 0.656460
vt 0.927504 0.648255
vt 0.934159 0.642818
vt 0.986324 0.222674
vt 0.977245 0.226302
vt 0.829069 0.931505
vt 0.821316 0.939008
vt 0.820186 0.930974
vt 0.017425 0.864604
vt 0.032353 0.863723
vt 0.028332 0.884819
vt 0.014806 0.885529
vt 0.257164 0.770335
vt 0.193371 0.354896
vt 0.177517 0.363547
vt 0.816832 0.442858
vt 0.814480 0.458466
vt 0.178507 0.346073
vt 0.195069 0.340998
vt 0.867530 0.354540
vt 0.840368 0.357835
vt 0.866499 0.342914
vt 0.631750 0.808381
vt 0.620571 0.809276
vt 0.620500 0.781773
vt 0.631363 0.783327
vt 0.201944 0.762728
vt 0.522148 0.675048
vt 0.531103 0.687945
vt 0.522298 0.688985
vt 0.514296 0.676916
vt 0.512300 0.663735
vt 0.520290 0.660959
vt 0.530842 0.673119
vt 0.539945 0.686949
vt 0.539159 0.671298
vt 0.548220 0.685256
vt 0.542346 0.057895
vt 0.543747 0.049957
vt 0.558520 0.054972
vt 0.550162 0.462763
vt 0.532422 0.468205
vt 0.534071 0.458299
vt 0.551029 0.452807
vt 0.567715 0.454935
vt 0.891771 0.507864
vt 0.881646 0.508164
vt 0.881040 0.494050
vt 0.538041 0.093411
vt 0.891456 0.494634
vt 0.902075 0.507405
vt 0.901583 0.518915
vt 0.891763 0.520137
vt 0.903112 0.529656
vt 0.894825 0.532412
vt 0.911703 0.527819
vt 0.913233 0.535491
vt 0.907401 0.539477
vt 0.508782 0.650640
vt 0.501803 0.654665
vt 0.500180 0.640065
vt 0.506975 0.633948
vt 0.515573 0.646490
vt 0.915092 0.547188
vt 0.919670 0.539490
vt 0.925222 0.553091
vt 0.919619 0.561555
vt 0.908919 0.553589
vt 0.911887 0.518456
vt 0.912694 0.507858
vt 0.922823 0.519822
vt 0.921754 0.529418
vt 0.931675 0.534215
vt 0.929552 0.544369
vt 0.423326 0.961703
vt 0.410816 0.955130
vt 0.911447 0.194931
vt 0.907978 0.207398
vt 0.894851 0.204199
vt 0.898320 0.191731
vt 0.404270 0.967603
vt 0.390950 0.965298
vt 0.683970 0.268487
vt 0.684069 0.258645
vt 0.693993 0.271245
vt 0.690758 0.280575
vt 0.680732 0.277662
vt 0.694197 0.260990
vt 0.683925 0.247034
vt 0.694278 0.249798
vt 0.703975 0.251066
vt 0.699235 0.294014
vt 0.613259 0.755664
vt 0.560539 0.047817
vt 0.576904 0.052966
vt 0.527536 0.657575
vt 0.522763 0.642252
vt 0.535583 0.654984
vt 0.906862 0.572754
vt 0.908931 0.562320
vt 0.903805 0.583602
vt 0.902075 0.495093
vt 0.913234 0.496349
vt 0.867027 0.295362
vt 0.872286 0.305157
vt 0.949512 0.589650
vt 0.373798 0.952657
vt 0.375666 0.966998
vt 0.363714 0.967603
vt 0.286301 0.407717
vt 0.274164 0.405505
vt 0.305445 0.560849
vt 0.317495 0.562917
vt 0.308975 0.583153
vt 0.296360 0.581386
vt 0.820723 0.947596
vt 0.986683 0.431907
vt 0.986645 0.442013
vt 0.976472 0.437708
vt 0.976637 0.429720
vt 0.987041 0.422547
vt 0.833138 0.525189
vt 0.830772 0.503478
vt 0.592492 0.059434
vt 0.594194 0.049861
vt 0.535434 0.449210
vt 0.535933 0.439490
vt 0.552066 0.443130
vt 0.687818 0.290969
vt 0.698737 0.305616
vt 0.684720 0.301636
vt 0.936006 0.525391
vt 0.945226 0.518669
vt 0.940927 0.535415
vt 0.676160 0.286791
vt 0.940637 0.584291
vt 0.941976 0.597028
vt 0.934278 0.592641
vt 0.796834 0.294816
vt 0.783990 0.293170
vt 0.782800 0.279566
vt 0.794567 0.279607
vt 0.704186 0.238893
vt 0.712476 0.239770
vt 0.471900 0.873400
vt 0.473559 0.892599
vt 0.462868 0.891998
vt 0.460040 0.872168
vt 0.547085 0.669648
vt 0.543343 0.652117
vt 0.555169 0.667823
vt 0.556488 0.684660
vt 0.513912 0.629095
vt 0.500298 0.624043
vt 0.001814 0.092873
vt 0.001316 0.091293
vt 0.002160 0.091086
vt 0.509203 0.617969
vt 0.521561 0.624876
vt 0.951462 0.532843
vt 0.940031 0.546436
vt 0.955160 0.514313
vt 0.963025 0.529679
vt 0.963283 0.543365
vt 0.493255 0.631051
vt 0.933794 0.523061
vt 0.923866 0.509024
vt 0.935205 0.512003
vt 0.682616 0.235736
vt 0.816375 0.904504
vt 0.042919 0.259448
vt 0.053158 0.258657
vt 0.052784 0.267741
vt 0.043431 0.268359
vt 0.870190 0.273447
vt 0.879200 0.273410
vt 0.872117 0.283733
vt 0.264060 0.425020
vt 0.251520 0.423075
vt 0.260066 0.403000
vt 0.165084 0.289205
vt 0.177058 0.290480
vt 0.174036 0.314580
vt 0.915014 0.585716
vt 0.924465 0.588774
vt 0.910861 0.595793
vt 0.913335 0.484945
vt 0.923965 0.487314
vt 0.923488 0.497799
vt 0.935315 0.604646
vt 0.927754 0.601154
vt 0.235912 0.583153
vt 0.166067 0.614536
vt 0.153107 0.617711
vt 0.168564 0.606868
vt 0.946809 0.496789
vt 0.952650 0.487101
vt 0.963283 0.508598
vt 0.939580 0.505431
vt 0.876547 0.292139
vt 0.267190 0.577667
vt 0.749307 0.926190
vt 0.750526 0.917630
vt 0.771238 0.927606
vt 0.144341 0.606134
vt 0.156978 0.597854
vt 0.162958 0.602579
vt 0.150737 0.612106
vt 0.206017 0.720328
vt 0.976119 0.447073
vt 0.974266 0.453564
vt 0.964497 0.449240
vt 0.965891 0.442828
vt 0.986567 0.451985
vt 0.219774 0.341710
vt 0.197390 0.327855
vt 0.221369 0.328157
vt 0.395425 0.069111
vt 0.393813 0.083755
vt 0.388079 0.072993
vt 0.545617 0.042377
vt 0.546256 0.033062
vt 0.562521 0.038749
vt 0.578314 0.043661
vt 0.580786 0.033739
vt 0.596112 0.039127
vt 0.530412 0.638809
vt 0.528874 0.620882
vt 0.538147 0.635670
vt 0.881210 0.282563
vt 0.950070 0.603506
vt 0.949759 0.615394
vt 0.942815 0.609661
vt 0.158548 0.333999
vt 0.169436 0.331546
vt 0.169083 0.337303
vt 0.168065 0.342419
vt 0.169134 0.347732
vt 0.387416 0.312603
vt 0.463015 0.787680
vt 0.477374 0.788114
vt 0.472797 0.809104
vt 0.459310 0.809567
vt 0.034557 0.842294
vt 0.942801 0.621353
vt 0.937095 0.616243
vt 0.484258 0.892346
vt 0.486944 0.909465
vt 0.476441 0.910566
vt 0.728166 0.238773
vt 0.720783 0.238865
vt 0.728165 0.228422
vt 0.735676 0.228330
vt 0.736501 0.237736
vt 0.453697 0.892269
vt 0.449720 0.871796
vt 0.807775 0.499062
vt 0.797486 0.498318
vt 0.951495 0.219036
vt 0.956808 0.224717
vt 0.947871 0.228727
vt 0.315966 0.269978
vt 0.314018 0.257740
vt 0.318102 0.261969
vt 0.164080 0.314643
vt 0.173979 0.320696
vt 0.567777 0.443927
vt 0.567675 0.433089
vt 0.582353 0.433780
vt 0.582395 0.445033
vt 0.583014 0.456761
vt 0.905087 0.219362
vt 0.902991 0.230522
vt 0.889522 0.227738
vt 0.891619 0.216579
vt 0.194521 0.596209
vt 0.195117 0.604559
vt 0.919080 0.598050
vt 0.921591 0.609261
vt 0.913558 0.607192
vt 0.905287 0.606253
vt 0.817167 0.923162
vt 0.987012 0.406564
vt 0.986923 0.414572
vt 0.976145 0.413918
vt 0.062196 0.268024
vt 0.066955 0.274937
vt 0.060367 0.277437
vt 0.968245 0.229446
vt 0.957584 0.233160
vt 0.820642 0.525533
vt 0.819342 0.504104
vt 0.693853 0.237397
vt 0.679369 0.224364
vt 0.692339 0.225885
vt 0.703128 0.226376
vt 0.712683 0.227022
vt 0.720494 0.227762
vt 0.052146 0.277264
vt 0.043804 0.277220
vt 0.493214 0.483801
vt 0.495524 0.475371
vt 0.503001 0.483621
vt 0.978696 0.235455
vt 0.969251 0.238154
vt 0.787007 0.476188
vt 0.787920 0.497364
vt 0.777373 0.495837
vt 0.776498 0.474607
vt 0.787675 0.454637
vt 0.551035 0.650241
vt 0.546018 0.632846
vt 0.559384 0.647984
vt 0.563715 0.665731
vt 0.935167 0.500564
vt 0.935205 0.490250
vt 0.676160 0.214098
vt 0.929125 0.612182
vt 0.931311 0.624190
vt 0.923548 0.620541
vt 0.242457 0.443578
vt 0.234636 0.463925
vt 0.229019 0.441768
vt 0.237587 0.421052
vt 0.087343 0.045341
vt 0.099630 0.043246
vt 0.104212 0.069229
vt 0.091932 0.073199
vt 0.075771 0.048521
vt 0.075975 0.016193
vt 0.086920 0.016034
vt 0.551731 0.432379
vt 0.535932 0.428630
vt 0.552562 0.421505
vt 0.567633 0.422532
vt 0.219416 0.602282
vt 0.232729 0.617711
vt 0.217155 0.610510
vt 0.198210 0.586865
vt 0.223533 0.592127
vt 0.066955 0.002160
vt 0.066065 0.002160
vt 0.066737 0.000348
vt 0.519473 0.612180
vt 0.877669 0.227302
vt 0.878751 0.215196
vt 0.748265 0.895567
vt 0.746709 0.882372
vt 0.768601 0.887757
vt 0.769892 0.901891
vt 0.750066 0.907624
vt 0.800603 0.518918
vt 0.789807 0.518558
vt 0.386400 0.087033
vt 0.392212 0.103668
vt 0.378614 0.091942
vt 0.380459 0.074210
vt 0.537595 0.613721
vt 0.530386 0.606986
vt 0.240821 0.587330
vt 0.228721 0.583042
vt 0.541733 0.597275
vt 0.546509 0.610878
vt 0.001316 0.089254
vt 0.496833 0.908299
vt 0.507559 0.906933
vt 0.793827 0.256921
vt 0.793515 0.267767
vt 0.779507 0.257465
vt 0.779005 0.247725
vt 0.794176 0.246934
vt 0.976509 0.421818
vt 0.966253 0.427469
vt 0.966307 0.420108
vt 0.816266 0.480873
vt 0.808051 0.504526
vt 0.002247 0.770891
vt 0.008299 0.748037
vt 0.013864 0.770591
vt 0.004759 0.793635
vt 0.247451 0.331649
vt 0.223646 0.315956
vt 0.250493 0.319014
vt 0.273643 0.336929
vt 0.608674 0.781478
vt 0.608702 0.811028
vt 0.597519 0.781266
vt 0.600898 0.754040
vt 0.050431 0.286325
vt 0.042919 0.286620
vt 0.494756 0.465874
vt 0.504056 0.474167
vt 0.391711 0.485702
vt 0.402808 0.486481
vt 0.400816 0.513690
vt 0.390057 0.512554
vt 0.380720 0.484818
vt 0.384229 0.462192
vt 0.396120 0.460786
vt 0.563014 0.029277
vt 0.545606 0.027057
vt 0.562231 0.019034
vt 0.578067 0.023422
vt 0.866658 0.226939
vt 0.867740 0.214833
vt 0.770965 0.278456
vt 0.770006 0.267474
vt 0.881216 0.203573
vt 0.781323 0.267339
vt 0.768224 0.257594
vt 0.381036 0.315533
vt 0.374740 0.309413
vt 0.388769 0.321814
vt 0.289569 0.239741
vt 0.293750 0.232436
vt 0.294456 0.238358
vt 0.427646 0.221298
vt 0.427153 0.230016
vt 0.421622 0.222468
vt 0.029505 0.000990
vt 0.030238 0.000903
vt 0.030238 0.002160
vt 0.174812 0.334850
vt 0.288987 0.219719
vt 0.295069 0.218611
vt 0.293259 0.222541
vt 0.174938 0.343216
vt 0.479946 0.766328
vt 0.480137 0.745168
vt 0.492149 0.765991
vt 0.489901 0.787811
vt 0.974404 0.407469
vt 0.965850 0.413005
vt 0.063184 0.288052
vt 0.057367 0.286651
vt 0.765601 0.495006
vt 0.764923 0.472343
vt 0.777172 0.453012
vt 0.171499 0.326356
vt 0.293301 0.208487
vt 0.297451 0.204542
vt 0.301205 0.212696
vt 0.297953 0.215747
vt 0.290085 0.211745
vt 0.607054 0.730962
vt 0.593648 0.727733
vt 0.378082 0.511392
vt 0.702489 0.215117
vt 0.712556 0.215915
vt 0.720578 0.216655
vt 0.365489 0.315335
vt 0.360998 0.305082
vt 0.369483 0.304641
vt 0.373650 0.313876
vt 0.942996 0.727863
vt 0.948557 0.730064
vt 0.945568 0.732741
vt 0.285962 0.335753
vt 0.287747 0.341313
vt 0.283433 0.338086
vt 0.940683 0.730369
vt 0.938071 0.724745
vt 0.941147 0.721033
vt 0.946072 0.724151
vt 0.950656 0.727216
vt 0.949609 0.720029
vt 0.955016 0.723347
vt 0.954468 0.730621
vt 0.953343 0.733391
vt 0.950430 0.735163
vt 0.957658 0.736952
vt 0.954460 0.739374
vt 0.291577 0.344965
vt 0.291577 0.350791
vt 0.288615 0.346491
vt 0.284982 0.344846
vt 0.287564 0.350985
vt 0.282378 0.349775
vt 0.280733 0.341851
vt 0.277754 0.337317
vt 0.277568 0.340264
vt 0.935758 0.727251
vt 0.932793 0.727944
vt 0.930840 0.723241
vt 0.554677 0.630251
vt 0.554067 0.608416
vt 0.560901 0.625407
vt 0.399568 0.120047
vt 0.392487 0.125364
vt 0.384131 0.109052
vt 0.771022 0.914873
vt 0.788385 0.907418
vt 0.788455 0.921577
vt 0.540927 0.901979
vt 0.554419 0.896069
vt 0.559395 0.902403
vt 0.546791 0.909445
vt 0.530388 0.912254
vt 0.526348 0.901100
vt 0.688455 0.214941
vt 0.916160 0.618958
vt 0.379674 0.317642
vt 0.381901 0.325359
vt 0.371676 0.325608
vt 0.368652 0.317642
vt 0.551975 0.915860
vt 0.540437 0.920321
vt 0.906451 0.617980
vt 0.933917 0.720340
vt 0.936363 0.716762
vt 0.939874 0.713457
vt 0.511044 0.965443
vt 0.513136 0.957377
vt 0.513261 0.962967
vt 0.942900 0.718265
vt 0.517523 0.962990
vt 0.519248 0.956544
vt 0.952776 0.714868
vt 0.966445 0.434424
vt 0.408382 0.228674
vt 0.415518 0.224927
vt 0.416373 0.234092
vt 0.411132 0.236435
vt 0.961137 0.431970
vt 0.535968 0.417536
vt 0.526155 0.421442
vt 0.589864 0.021472
vt 0.525279 0.406926
vt 0.538712 0.407364
vt 0.553059 0.411551
vt 0.502996 0.464713
vt 0.511879 0.470802
vt 0.493214 0.458518
vt 0.381959 0.341370
vt 0.374295 0.345572
vt 0.372756 0.339964
vt 0.382289 0.333509
vt 0.510185 0.461774
vt 0.957997 0.241815
vt 0.969223 0.245388
vt 0.961688 0.248164
vt 0.954143 0.250540
vt 0.306673 0.241430
vt 0.312768 0.244027
vt 0.311945 0.251377
vt 0.949648 0.241143
vt 0.959840 0.732550
vt 0.959202 0.718972
vt 0.976242 0.170626
vt 0.968634 0.168660
vt 0.974092 0.164452
vt 0.980297 0.528014
vt 0.980001 0.534198
vt 0.974714 0.528564
vt 0.017300 0.793589
vt 0.001001 0.808687
vt 0.026777 0.770344
vt 0.031167 0.793654
vt 0.017931 0.809935
vt 0.181086 0.328335
vt 0.928380 0.725783
vt 0.118742 0.003159
vt 0.121699 0.002806
vt 0.119726 0.009919
vt 0.114878 0.004480
vt 0.463838 0.828574
vt 0.476139 0.829374
vt 0.220607 0.462475
vt 0.211152 0.467647
vt 0.215575 0.440387
vt 0.449370 0.828313
vt 0.375957 0.113436
vt 0.368770 0.097204
vt 0.788364 0.935836
vt 0.771505 0.937683
vt 0.802083 0.925884
vt 0.805131 0.940784
vt 0.799108 0.954644
vt 0.176440 0.584962
vt 0.277505 0.347150
vt 0.278391 0.353204
vt 0.942650 0.745549
vt 0.950109 0.749185
vt 0.944421 0.751261
vt 0.359707 0.066955
vt 0.362827 0.061279
vt 0.366833 0.065857
vt 0.125270 0.000118
vt 0.123167 0.008028
vt 0.926466 0.730106
vt 0.962512 0.741144
vt 0.958761 0.745073
vt 0.951335 0.741890
vt 0.277148 0.324315
vt 0.252859 0.308394
vt 0.080371 0.077321
vt 0.077551 0.107734
vt 0.070179 0.081423
vt 0.065543 0.050741
vt 0.514639 0.950560
vt 0.520970 0.949089
vt 0.955657 0.708615
vt 0.753401 0.492924
vt 0.833693 0.115432
vt 0.824585 0.137248
vt 0.821886 0.116005
vt 0.753177 0.471285
vt 0.765597 0.450750
vt 0.393443 0.443498
vt 0.381434 0.442715
vt 0.181133 0.257570
vt 0.185625 0.243243
vt 0.198474 0.259109
vt 0.190763 0.267500
vt 0.492975 0.744363
vt 0.185745 0.316852
vt 0.546148 0.014191
vt 0.534301 0.013972
vt 0.367861 0.084668
vt 0.539384 0.000555
vt 0.551576 0.004655
vt 0.564129 0.009583
vt 0.887937 0.239472
vt 0.900807 0.240830
vt 0.886620 0.249882
vt 0.875036 0.248144
vt 0.876462 0.238550
vt 0.466909 0.910616
vt 0.795783 0.227522
vt 0.794533 0.236949
vt 0.779317 0.229735
vt 0.779494 0.219983
vt 0.795959 0.217769
vt 0.457015 0.911447
vt 0.272894 0.389774
vt 0.273412 0.492772
vt 0.289523 0.502164
vt 0.270423 0.507587
vt 0.251260 0.496841
vt 0.253788 0.482022
vt 0.275263 0.477575
vt 0.291577 0.483601
vt 0.061071 0.295896
vt 0.056772 0.294963
vt 0.964827 0.162593
vt 0.971948 0.158275
vt 0.979817 0.540636
vt 0.974030 0.534571
vt 0.961135 0.423972
vt 0.972056 0.575674
vt 0.966092 0.568928
vt 0.974224 0.569184
vt 0.961407 0.415431
vt 0.174946 0.347054
vt 0.293224 0.226815
vt 0.300668 0.225612
vt 0.300887 0.229856
vt 0.287858 0.232414
vt 0.582590 0.422768
vt 0.583153 0.412623
vt 0.898993 0.250980
vt 0.897546 0.260572
vt 0.885077 0.258690
vt 0.515483 0.895821
vt 0.515576 0.905050
vt 0.508284 0.896554
vt 0.352704 0.305199
vt 0.358844 0.296730
vt 0.092873 0.079019
vt 0.091474 0.079914
vt 0.091474 0.077332
vt 0.954766 0.747933
vt 0.961827 0.750294
vt 0.957818 0.753573
vt 0.947320 0.743810
vt 0.286474 0.356372
vt 0.321186 0.247679
vt 0.323974 0.253206
vt 0.305298 0.253739
vt 0.422225 0.232006
vt 0.427646 0.237389
vt 0.422882 0.239039
vt 0.306048 0.218047
vt 0.303162 0.220509
vt 0.065671 0.015489
vt 0.055368 0.014787
vt 0.597370 0.812411
vt 0.587124 0.814255
vt 0.587114 0.780912
vt 0.209898 0.578516
vt 0.201871 0.567577
vt 0.060972 0.010596
vt 0.062635 0.012234
vt 0.060972 0.012959
vt 0.524281 0.889577
vt 0.532528 0.874015
vt 0.536867 0.889582
vt 0.215097 0.567767
vt 0.530039 0.924210
vt 0.523940 0.919790
vt 0.513893 0.912711
vt 0.114696 0.011610
vt 0.121064 0.015033
vt 0.115105 0.017681
vt 0.108513 0.012196
vt 0.110421 0.005907
vt 0.199103 0.313977
vt 0.184172 0.310331
vt 0.037944 0.809486
vt 0.046443 0.798148
vt 0.187384 0.294807
vt 0.200309 0.303351
vt 0.582664 0.013939
vt 0.583507 0.004523
vt 0.526006 0.398692
vt 0.526060 0.390205
vt 0.536596 0.398265
vt 0.372953 0.332870
vt 0.365551 0.338206
vt 0.364376 0.331961
vt 0.108317 0.018225
vt 0.103386 0.012667
vt 0.509301 0.954999
vt 0.106852 0.005625
vt 0.245459 0.400674
vt 0.231380 0.398792
vt 0.237184 0.383229
vt 0.285110 0.518390
vt 0.266835 0.519241
vt 0.255084 0.386205
vt 0.370690 0.060736
vt 0.372800 0.066256
vt 0.809096 0.526998
vt 0.818965 0.094418
vt 0.830922 0.093711
vt 0.809410 0.115912
vt 0.806921 0.093862
vt 0.003632 0.725833
vt 0.016283 0.726488
vt 0.588878 0.753211
vt 0.388273 0.807379
vt 0.388999 0.777697
vt 0.398188 0.807796
vt 0.383726 0.826376
vt 0.384418 0.527673
vt 0.365601 0.511005
vt 0.968487 0.651521
vt 0.958480 0.632281
vt 0.971526 0.642272
vt 0.990356 0.646158
vt 0.988986 0.656286
vt 0.969078 0.662622
vt 0.959127 0.659313
vt 0.553311 0.595218
vt 0.866101 0.247556
vt 0.866726 0.237828
vt 0.779398 0.238577
vt 0.766438 0.240907
vt 0.765770 0.231520
vt 0.779691 0.209532
vt 0.796976 0.207640
vt 0.446872 0.911447
vt 0.486678 0.809532
vt 0.499307 0.809225
vt 0.505400 0.824072
vt 0.191463 0.474552
vt 0.195469 0.461630
vt 0.568608 0.412081
vt 0.568829 0.402224
vt 0.576145 0.398613
vt 0.911447 0.263424
vt 0.895616 0.269978
vt 0.513602 0.943411
vt 0.522713 0.942663
vt 0.959084 0.703900
vt 0.963877 0.713832
vt 0.305437 0.208649
vt 0.311204 0.206051
vt 0.310524 0.214989
vt 0.778659 0.517657
vt 0.781301 0.537797
vt 0.769065 0.536574
vt 0.767383 0.516538
vt 0.366802 0.295828
vt 0.365442 0.288414
vt 0.370676 0.286206
vt 0.373650 0.293832
vt 0.971988 0.541006
vt 0.979954 0.546463
vt 0.971930 0.547220
vt 0.967806 0.540452
vt 0.092873 0.014527
vt 0.092873 0.017279
vt 0.090478 0.016685
vt 0.971198 0.532967
vt 0.417989 0.241037
vt 0.960218 0.567331
vt 0.958733 0.559837
vt 0.963489 0.560925
vt 0.961248 0.574557
vt 0.560846 0.608572
vt 0.563715 0.595844
vt 0.958480 0.680346
vt 0.971561 0.670862
vt 0.396289 0.145878
vt 0.396909 0.164891
vt 0.385792 0.150862
vt 0.384301 0.129697
vt 0.375460 0.134257
vt 0.367060 0.118406
vt 0.766926 0.248951
vt 0.755703 0.250692
vt 0.754541 0.242955
vt 0.049302 0.293482
vt 0.964012 0.130674
vt 0.970408 0.132153
vt 0.969050 0.137585
vt 0.964426 0.137013
vt 0.957702 0.131639
vt 0.957255 0.123191
vt 0.756570 0.259219
vt 0.757851 0.267859
vt 0.857929 0.227104
vt 0.857373 0.237627
vt 0.421249 0.915653
vt 0.429043 0.922736
vt 0.424195 0.928867
vt 0.745106 0.251989
vt 0.233989 0.486972
vt 0.236487 0.472194
vt 0.255581 0.468047
vt 0.968583 0.562967
vt 0.974051 0.562930
vt 0.979912 0.569510
vt 0.980562 0.576674
vt 0.952285 0.755143
vt 0.959681 0.758313
vt 0.360637 0.052780
vt 0.359707 0.046155
vt 0.364357 0.047135
vt 0.366394 0.056019
vt 0.021845 0.748202
vt 0.028915 0.725955
vt 0.034099 0.747471
vt 0.225293 0.304098
vt 0.072281 0.008987
vt 0.075270 0.008549
vt 0.075876 0.009678
vt 0.072259 0.009733
vt 0.228215 0.294807
vt 0.359297 0.102518
vt 0.358680 0.122202
vt 0.350722 0.106505
vt 0.341322 0.096629
vt 0.056156 0.005340
vt 0.055164 0.007707
vt 0.054898 0.006716
vt 0.353079 0.091039
vt 0.435145 0.915653
vt 0.442129 0.922446
vt 0.436662 0.929035
vt 0.504808 0.222462
vt 0.500862 0.205598
vt 0.512647 0.205002
vt 0.516135 0.221661
vt 0.792971 0.537767
vt 0.369410 0.051412
vt 0.374170 0.056595
vt 0.301610 0.234823
vt 0.305370 0.230974
vt 0.307276 0.234607
vt 0.302487 0.238660
vt 0.224283 0.419173
vt 0.210605 0.417353
vt 0.217492 0.396253
vt 0.301070 0.222636
vt 0.306957 0.224796
vt 0.304837 0.225929
vt 0.371825 0.461855
vt 0.368162 0.484699
vt 0.358819 0.458189
vt 0.369691 0.440860
vt 0.354957 0.483026
vt 0.788075 0.893964
vt 0.787389 0.879782
vt 0.803656 0.884453
vt 0.803632 0.898043
vt 0.115669 0.023094
vt 0.107588 0.024024
vt 0.103981 0.020195
vt 0.508907 0.949512
vt 0.551933 0.401837
vt 0.614064 0.296976
vt 0.599291 0.292575
vt 0.613060 0.287745
vt 0.624952 0.293533
vt 0.569911 0.394316
vt 0.362778 0.325705
vt 0.181866 0.425859
vt 0.175586 0.424740
vt 0.177004 0.419929
vt 0.183484 0.419722
vt 0.187905 0.427158
vt 0.186515 0.436285
vt 0.962157 0.157970
vt 0.967603 0.710233
vt 0.004320 0.095032
vt 0.003591 0.093186
vt 0.004320 0.092831
vt 0.088553 0.078253
vt 0.088553 0.082073
vt 0.087201 0.079042
vt 0.958194 0.154972
vt 0.970371 0.152815
vt 0.427105 0.242676
vt 0.423141 0.244691
vt 0.202323 0.279129
vt 0.214936 0.275024
vt 0.213630 0.297070
vt 0.201027 0.300756
vt 0.503164 0.787718
vt 0.387900 0.053521
vt 0.388769 0.057519
vt 0.381994 0.053471
vt 0.381176 0.049179
vt 0.317464 0.204542
vt 0.314795 0.212400
vt 0.321357 0.241430
vt 0.087433 0.004336
vt 0.088553 0.004556
vt 0.088519 0.006480
vt 0.052761 0.008328
vt 0.053404 0.009412
vt 0.086119 0.004105
vt 0.086729 0.002217
vt 0.088146 0.002217
vt 0.804253 0.911779
vt 0.814184 0.900895
vt 0.517186 0.845044
vt 0.530027 0.835042
vt 0.529642 0.848028
vt 0.814073 0.918239
vt 0.959124 0.138014
vt 0.952089 0.132423
vt 0.963979 0.141125
vt 0.959832 0.142196
vt 0.953818 0.139452
vt 0.757225 0.535532
vt 0.755135 0.514846
vt 0.964896 0.545311
vt 0.967344 0.550931
vt 0.002160 0.001449
vt 0.001177 0.004320
vt 0.000195 0.001449
vt 0.964543 0.754704
vt 0.966920 0.758899
vt 0.961381 0.556026
vt 0.965134 0.557096
vt 0.313129 0.220147
vt 0.055296 0.052013
vt 0.059270 0.084747
vt 0.042918 0.052545
vt 0.043530 0.014285
vt 0.399711 0.776653
vt 0.383726 0.741422
vt 0.395586 0.740950
vt 0.412930 0.776136
vt 0.411090 0.807045
vt 0.118494 0.037562
vt 0.115166 0.045356
vt 0.111932 0.038317
vt 0.118034 0.032049
vt 0.123285 0.035329
vt 0.357369 0.289377
vt 0.363504 0.283784
vt 0.125270 0.043413
vt 0.376212 0.061914
vt 0.379588 0.059530
vt 0.122094 0.020315
vt 0.122454 0.024755
vt 0.039495 0.771192
vt 0.047715 0.746685
vt 0.050766 0.770848
vt 0.974884 0.137994
vt 0.976242 0.132562
vt 0.979877 0.563708
vt 0.975139 0.558350
vt 0.980107 0.559413
vt 0.973623 0.142050
vt 0.066694 0.112058
vt 0.255094 0.298673
vt 0.655765 0.795867
vt 0.656588 0.818692
vt 0.644640 0.823429
vt 0.644735 0.799565
vt 0.054899 0.116072
vt 0.814255 0.931157
vt 0.530545 0.860083
vt 0.541870 0.849537
vt 0.542774 0.861592
vt 0.519039 0.873024
vt 0.513334 0.936941
vt 0.508284 0.943815
vt 0.100108 0.028315
vt 0.107707 0.028609
vt 0.099805 0.031904
vt 0.517190 0.934107
vt 0.523982 0.937849
vt 0.964767 0.148923
vt 0.955166 0.152938
vt 0.960631 0.147550
vt 0.964630 0.143587
vt 0.969276 0.145604
vt 0.975797 0.148566
vt 0.972514 0.143927
vt 0.977326 0.552890
vt 0.980562 0.557297
vt 0.975545 0.556010
vt 0.308854 0.230527
vt 0.310181 0.234260
vt 0.308596 0.239163
vt 0.304654 0.227917
vt 0.307191 0.227877
vt 0.874468 0.257877
vt 0.455365 0.922839
vt 0.463211 0.915712
vt 0.460971 0.930079
vt 0.455278 0.935072
vt 0.449210 0.929247
vt 0.448338 0.916089
vt 0.309235 0.223525
vt 0.313671 0.225894
vt 0.310656 0.227314
vt 0.599218 0.283192
vt 0.580595 0.289271
vt 0.582598 0.280488
vt 0.600936 0.274538
vt 0.614045 0.278953
vt 0.427075 0.245420
vt 0.422980 0.246854
vt 0.419171 0.245323
vt 0.204056 0.440132
vt 0.191103 0.438915
vt 0.198123 0.415566
vt 0.367087 0.138482
vt 0.376410 0.154007
vt 0.367466 0.157819
vt 0.358715 0.141836
vt 0.883522 0.267498
vt 0.468683 0.922779
vt 0.478989 0.916000
vt 0.473576 0.930438
vt 0.465716 0.936031
vt 0.526383 0.930111
vt 0.532590 0.930900
vt 0.187905 0.415176
vt 0.184046 0.417096
vt 0.525650 0.934466
vt 0.524334 0.931236
vt 0.521849 0.925702
vt 0.360747 0.337186
vt 0.954854 0.144577
vt 0.961399 0.143650
vt 0.957297 0.146456
vt 0.171963 0.419607
vt 0.172040 0.417676
vt 0.359335 0.333539
vt 0.968761 0.141710
vt 0.967712 0.142611
vt 0.124114 0.032445
vt 0.382883 0.057940
vt 0.380294 0.057875
vt 0.379111 0.053858
vt 0.969692 0.558550
vt 0.965887 0.555543
vt 0.970008 0.555981
vt 0.961667 0.761241
vt 0.966785 0.762032
vt 0.962443 0.764129
vt 0.360899 0.040270
vt 0.361930 0.037589
vt 0.366792 0.044312
vt 0.954262 0.760461
vt 0.545270 0.874885
vt 0.553461 0.862493
vt 0.555773 0.874974
vt 0.548104 0.889849
vt 0.931624 0.120100
vt 0.924455 0.133186
vt 0.921406 0.119545
vt 0.929074 0.107164
vt 0.940426 0.107686
vt 0.943150 0.120586
vt 0.934474 0.133338
vt 0.110785 0.033211
vt 0.103491 0.041800
vt 0.103013 0.037293
vt 0.110121 0.031594
vt 0.118230 0.029494
vt 0.116799 0.026523
vt 0.963849 0.142090
vt 0.376913 0.054385
vt 0.372830 0.049676
vt 0.372441 0.045572
vt 0.056117 0.795336
vt 0.056675 0.808367
vt 0.063440 0.770334
vt 0.067170 0.793212
vt 0.069114 0.809935
vt 0.077754 0.006972
vt 0.351576 0.510234
vt 0.365832 0.526952
vt 0.403845 0.827214
vt 0.339006 0.531317
vt 0.337394 0.506369
vt 0.341475 0.481771
vt 0.451004 0.940772
vt 0.444153 0.934713
vt 0.918661 0.107677
vt 0.911337 0.118945
vt 0.909188 0.106761
vt 0.917076 0.095581
vt 0.927097 0.095626
vt 0.023758 0.000317
vt 0.023656 0.002160
vt 0.023146 0.000317
vt 0.523198 0.934150
vt 0.187108 0.411527
vt 0.178603 0.413478
vt 0.178520 0.410203
vt 0.177612 0.417303
vt 0.173596 0.411574
vt 0.952931 0.150222
vt 0.828004 0.158298
vt 0.831432 0.178391
vt 0.818476 0.178501
vt 0.815561 0.159207
vt 0.962975 0.554079
vt 0.960352 0.551874
vt 0.376963 0.049773
vt 0.317495 0.215809
vt 0.967603 0.764579
vt 0.812628 0.137972
vt 0.803755 0.158630
vt 0.800151 0.137879
vt 0.212348 0.254162
vt 0.201784 0.237597
vt 0.226776 0.248932
vt 0.228592 0.271762
vt 0.937944 0.954648
vt 0.932671 0.960996
vt 0.917854 0.961123
vt 0.923641 0.954201
vt 0.943576 0.947868
vt 0.055602 0.008944
vt 0.056156 0.010108
vt 0.053862 0.010799
vt 0.386185 0.168778
vt 0.376589 0.172247
vt 0.420001 0.247550
vt 0.425812 0.248380
vt 0.007891 0.002160
vt 0.007891 0.000460
vt 0.008639 0.001051
vt 0.965101 0.001842
vt 0.978904 0.001111
vt 0.964850 0.009967
vt 0.952543 0.010306
vt 0.951554 0.002988
vt 0.483801 0.923532
vt 0.084233 0.079914
vt 0.083097 0.079914
vt 0.083137 0.078197
vt 0.991361 0.666631
vt 0.559255 0.889512
vt 0.566183 0.875983
vt 0.939640 0.346783
vt 0.951753 0.354231
vt 0.941521 0.354379
vt 0.017279 0.001885
vt 0.016396 0.002160
vt 0.016396 0.000471
vt 0.908244 0.095899
vt 0.901019 0.105860
vt 0.900805 0.095963
vt 0.419346 0.934997
vt 0.427575 0.940891
vt 0.907180 0.086056
vt 0.915460 0.085719
vt 0.384230 0.060913
vt 0.350118 0.125970
vt 0.350393 0.143492
vt 0.863075 0.881871
vt 0.845371 0.877358
vt 0.864293 0.874328
vt 0.341322 0.125923
vt 0.342409 0.110150
vt 0.432423 0.934760
vt 0.439273 0.940819
vt 0.435802 0.946785
vt 0.518547 0.927880
vt 0.102359 0.035054
vt 0.048155 0.087485
vt 0.041801 0.120894
vt 0.034967 0.091365
vt 0.028378 0.052341
vt 0.446764 0.946497
vt 0.248086 0.511128
vt 0.492206 0.561185
vt 0.508025 0.569524
vt 0.485504 0.571757
vt 0.242336 0.522678
vt 0.226745 0.514975
vt 0.231140 0.500976
vt 0.797453 0.116636
vt 0.787377 0.137957
vt 0.784248 0.116861
vt 0.794982 0.093842
vt 0.976724 0.951073
vt 0.978402 0.961123
vt 0.962735 0.957950
vt 0.961948 0.947873
vt 0.977114 0.942635
vt 0.584732 0.270371
vt 0.586527 0.260534
vt 0.602929 0.264820
vt 0.395673 0.181425
vt 0.560473 0.723393
vt 0.572257 0.723463
vt 0.571516 0.731641
vt 0.558426 0.731397
vt 0.498390 0.191741
vt 0.495190 0.179211
vt 0.506528 0.178555
vt 0.509087 0.191046
vt 0.946004 0.133909
vt 0.051382 0.695488
vt 0.059694 0.719222
vt 0.046164 0.716689
vt 0.037849 0.693069
vt 0.043052 0.672153
vt 0.057273 0.674833
vt 0.064795 0.698003
vt 0.625207 0.284670
vt 0.626514 0.276485
vt 0.978969 0.010246
vt 0.977978 0.019332
vt 0.965252 0.018705
vt 0.505172 0.582691
vt 0.528078 0.579245
vt 0.523982 0.593663
vt 0.500686 0.597506
vt 0.482062 0.586118
vt 0.075584 0.011147
vt 0.077754 0.012959
vt 0.164427 0.697643
vt 0.168109 0.677797
vt 0.183198 0.682206
vt 0.649228 0.851106
vt 0.656588 0.871633
vt 0.637493 0.854670
vt 0.071961 0.011270
vt 0.031020 0.010831
vt 0.017606 0.004587
vt 0.410591 0.741710
vt 0.426882 0.743302
vt 0.425803 0.776302
vt 0.042011 0.725056
vt 0.782209 0.093711
vt 0.770997 0.115709
vt 0.340173 0.197222
vt 0.318140 0.186105
vt 0.340054 0.184057
vt 0.051963 0.722686
vt 0.525008 0.204321
vt 0.520967 0.189689
vt 0.533895 0.188394
vt 0.536790 0.203664
vt 0.528439 0.221759
vt 0.882329 0.875597
vt 0.883369 0.884046
vt 0.863303 0.864890
vt 0.880830 0.865068
vt 0.926983 0.945538
vt 0.927538 0.934639
vt 0.943984 0.937663
vt 0.518363 0.177207
vt 0.086393 0.011352
vt 0.085332 0.010724
vt 0.086393 0.009117
vt 0.349016 0.440951
vt 0.344688 0.456923
vt 0.232583 0.226235
vt 0.236274 0.210739
vt 0.246718 0.225616
vt 0.240924 0.247280
vt 0.085332 0.012959
vt 0.330015 0.455470
vt 0.331102 0.440860
vt 0.460020 0.941019
vt 0.463970 0.945906
vt 0.933255 0.006904
vt 0.937612 0.010743
vt 0.933894 0.011656
vt 0.460214 0.949524
vt 0.455688 0.945869
vt 0.814255 0.885083
vt 0.530231 0.821693
vt 0.516303 0.817900
vt 0.530414 0.808346
vt 0.542389 0.811971
vt 0.541621 0.824976
vt 0.516303 0.831936
vt 0.219373 0.478178
vt 0.215983 0.491833
vt 0.202710 0.484620
vt 0.206539 0.471874
vt 0.221545 0.464667
vt 0.212465 0.505106
vt 0.424846 0.805816
vt 0.440247 0.806279
vt 0.325966 0.530325
vt 0.311848 0.528959
vt 0.323576 0.505769
vt 0.615848 0.269481
vt 0.619596 0.260017
vt 0.628534 0.268487
vt 0.541867 0.837063
vt 0.552776 0.827625
vt 0.552372 0.839351
vt 0.204163 0.393492
vt 0.191103 0.390651
vt 0.519642 0.608054
vt 0.515944 0.620165
vt 0.496896 0.611444
vt 0.226985 0.293575
vt 0.242025 0.292340
vt 0.643421 0.997840
vt 0.645582 0.984270
vt 0.667600 0.988127
vt 0.032926 0.714438
vt 0.023865 0.691419
vt 0.961112 0.939027
vt 0.960549 0.928357
vt 0.969602 0.930515
vt 0.577958 0.259746
vt 0.589195 0.250542
vt 0.944120 0.011045
vt 0.944711 0.017679
vt 0.938848 0.016435
vt 0.941854 0.003737
vt 0.061028 0.747076
vt 0.172397 0.631222
vt 0.163293 0.621815
vt 0.171891 0.608517
vt 0.187050 0.613035
vt 0.186331 0.635473
vt 0.171319 0.655473
vt 0.632109 0.828174
vt 0.621965 0.857387
vt 0.616478 0.831077
vt 0.050916 0.145655
vt 0.037589 0.150410
vt 0.316462 0.907404
vt 0.320513 0.909204
vt 0.322559 0.913994
vt 0.457987 0.954453
vt 0.452748 0.950599
vt 0.552704 0.850545
vt 0.561954 0.840489
vt 0.562711 0.852436
vt 0.359222 0.159890
vt 0.063589 0.000124
vt 0.064795 0.000124
vt 0.063881 0.002160
vt 0.550971 0.733949
vt 0.557325 0.740888
vt 0.553229 0.750247
vt 0.828823 0.881875
vt 0.815523 0.881005
vt 0.829387 0.872598
vt 0.845503 0.885529
vt 0.563900 0.863123
vt 0.572122 0.852832
vt 0.964335 0.348176
vt 0.976842 0.351739
vt 0.965405 0.357317
vt 0.555397 0.182103
vt 0.551157 0.167031
vt 0.562876 0.165416
vt 0.567117 0.180488
vt 0.560244 0.199249
vt 0.548525 0.200864
vt 0.953370 0.018107
vt 0.952827 0.025725
vt 0.944394 0.024342
vt 0.431034 0.953762
vt 0.439093 0.958193
vt 0.434420 0.966056
vt 0.426264 0.960739
vt 0.422805 0.947868
vt 0.925158 0.085130
vt 0.923429 0.075493
vt 0.934383 0.074244
vt 0.935878 0.084666
vt 0.938490 0.095672
vt 0.945849 0.082599
vt 0.491912 0.168153
vt 0.499771 0.155515
vt 0.502666 0.165949
vt 0.946004 0.097398
vt 0.367283 0.176893
vt 0.574518 0.739967
vt 0.570026 0.749546
vt 0.442655 0.952186
vt 0.450042 0.956056
vt 0.446473 0.963044
vt 0.954029 0.362321
vt 0.967557 0.365820
vt 0.957342 0.371731
vt 0.947097 0.367116
vt 0.583216 0.724309
vt 0.316462 0.916632
vt 0.326036 0.918713
vt 0.319811 0.922184
vt 0.051122 0.652139
vt 0.038080 0.648571
vt 0.048782 0.630328
vt 0.063487 0.632960
vt 0.064795 0.653907
vt 0.846101 0.867866
vt 0.830069 0.862693
vt 0.845786 0.858091
vt 0.604886 0.255318
vt 0.608515 0.245914
vt 0.622559 0.250080
vt 0.327131 0.480283
vt 0.313757 0.478410
vt 0.316018 0.453403
vt 0.014712 0.061985
vt 0.020990 0.095492
vt 0.001695 0.069534
vt 0.000289 0.037406
vt 0.014827 0.037713
vt 0.038877 0.001707
vt 0.037874 0.004320
vt 0.037874 0.001043
vt 0.441460 0.742523
vt 0.440605 0.775383
vt 0.186378 0.659535
vt 0.201023 0.638818
vt 0.202104 0.663377
vt 0.581384 0.730936
vt 0.952262 0.379695
vt 0.960918 0.381112
vt 0.582520 0.751532
vt 0.242199 0.269944
vt 0.255065 0.247921
vt 0.256955 0.271322
vt 0.256037 0.292357
vt 0.453989 0.776041
vt 0.454644 0.807762
vt 0.943624 0.926763
vt 0.927144 0.923942
vt 0.943732 0.916378
vt 0.960463 0.916587
vt 0.964901 0.026822
vt 0.977386 0.028673
vt 0.963138 0.035285
vt 0.952067 0.033381
vt 0.028364 0.125257
vt 0.023406 0.155934
vt 0.014569 0.130168
vt 0.510537 0.153361
vt 0.514489 0.164605
vt 0.575273 0.163922
vt 0.579992 0.178946
vt 0.573119 0.197707
vt 0.806479 0.179266
vt 0.584915 0.195570
vt 0.592589 0.176767
vt 0.597317 0.194119
vt 0.794002 0.179231
vt 0.790249 0.159303
vt 0.779927 0.179088
vt 0.274940 0.202484
vt 0.256264 0.190288
vt 0.275525 0.189295
vt 0.777037 0.159697
vt 0.938039 0.021814
vt 0.934288 0.019250
vt 0.935677 0.015828
vt 0.328349 0.910653
vt 0.863786 0.854389
vt 0.845289 0.846912
vt 0.863458 0.844647
vt 0.880319 0.854614
vt 0.774172 0.138182
vt 0.296924 0.188185
vt 0.296339 0.201373
vt 0.276963 0.175647
vt 0.297254 0.174430
vt 0.317711 0.199299
vt 0.465228 0.577924
vt 0.461356 0.591579
vt 0.446523 0.583438
vt 0.449193 0.570613
vt 0.466830 0.564033
vt 0.028840 0.669495
vt 0.015097 0.667660
vt 0.024850 0.641451
vt 0.943147 0.031794
vt 0.936297 0.028401
vt 0.592753 0.240287
vt 0.576092 0.241680
vt 0.579602 0.231787
vt 0.596852 0.230242
vt 0.611457 0.235690
vt 0.630670 0.254606
vt 0.975993 0.038179
vt 0.985903 0.045245
vt 0.972630 0.047189
vt 0.960847 0.044520
vt 0.987041 0.031025
vt 0.195390 0.685106
vt 0.179164 0.701944
vt 0.080617 0.010769
vt 0.080670 0.008624
vt 0.082048 0.008711
vt 0.082073 0.010843
vt 0.080617 0.012959
vt 0.632944 0.872359
vt 0.271116 0.029837
vt 0.267486 0.000324
vt 0.283767 0.015879
vt 0.282816 0.046846
vt 0.273810 0.074186
vt 0.261810 0.068393
vt 0.003649 0.000433
vt 0.523123 0.151348
vt 0.526463 0.163307
vt 0.331646 0.914919
vt 0.331545 0.906137
vt 0.336918 0.909412
vt 0.336671 0.919535
vt 0.530226 0.175181
vt 0.538898 0.162594
vt 0.542583 0.174545
vt 0.478528 0.599860
vt 0.474079 0.615005
vt 0.457073 0.605025
vt 0.318200 0.172111
vt 0.298004 0.159391
vt 0.318970 0.157073
vt 0.340173 0.168937
vt 0.330414 0.924298
vt 0.341919 0.926352
vt 0.334802 0.931144
vt 0.323809 0.929191
vt 0.562275 0.828760
vt 0.563152 0.817345
vt 0.571327 0.819522
vt 0.571193 0.830421
vt 0.553653 0.814627
vt 0.449244 0.877275
vt 0.448428 0.888623
vt 0.436984 0.878130
vt 0.439109 0.868009
vt 0.564105 0.805936
vt 0.310906 0.505095
vt 0.297778 0.527579
vt 0.297470 0.501608
vt 0.949673 0.041506
vt 0.940571 0.039319
vt 0.571648 0.841610
vt 0.579425 0.832613
vt 0.493830 0.933036
vt 0.495319 0.944809
vt 0.487973 0.938640
vt 0.986948 0.346783
vt 0.988231 0.354623
vt 0.442479 0.970486
vt 0.327487 0.937462
vt 0.338717 0.939635
vt 0.331122 0.946862
vt 0.323907 0.942921
vt 0.192769 0.477909
vt 0.434848 0.889221
vt 0.433406 0.901915
vt 0.422232 0.889784
vt 0.424725 0.878982
vt 0.446694 0.900981
vt 0.259980 0.226546
vt 0.254454 0.205942
vt 0.266517 0.206681
vt 0.277615 0.208926
vt 0.272575 0.229319
vt 0.881173 0.844139
vt 0.863905 0.833344
vt 0.881821 0.833880
vt 0.926616 0.913609
vt 0.925155 0.903565
vt 0.942655 0.905946
vt 0.429080 0.974261
vt 0.437950 0.979232
vt 0.325708 0.954818
vt 0.335795 0.956727
vt 0.328840 0.961695
vt 0.422960 0.982721
vt 0.420218 0.968740
vt 0.199422 0.497403
vt 0.195675 0.509471
vt 0.420257 0.902808
vt 0.406941 0.902808
vt 0.409619 0.890390
vt 0.188355 0.491153
vt 0.552611 0.760472
vt 0.536429 0.753832
vt 0.567249 0.760030
vt 0.565944 0.770273
vt 0.551580 0.770537
vt 0.535803 0.764109
vt 0.978351 0.360386
vt 0.989201 0.362184
vt 0.980916 0.368482
vt 0.943467 0.071949
vt 0.941390 0.062001
vt 0.495618 0.144772
vt 0.491912 0.134619
vt 0.502759 0.131119
vt 0.507581 0.142062
vt 0.007708 0.101723
vt 0.000444 0.135822
vt 0.767938 0.715373
vt 0.794174 0.727374
vt 0.769025 0.730205
vt 0.739747 0.728194
vt 0.733148 0.713669
vt 0.435085 0.575872
vt 0.208120 0.518273
vt 0.190925 0.522678
vt 0.288482 0.078858
vt 0.290835 0.358478
vt 0.307003 0.360183
vt 0.310820 0.390884
vt 0.296398 0.391402
vt 0.250490 0.091253
vt 0.625557 0.240602
vt 0.628869 0.230693
vt 0.983794 0.053718
vt 0.982056 0.062635
vt 0.971679 0.056716
vt 0.095010 0.012772
vt 0.093961 0.011336
vt 0.095032 0.011154
vt 0.502072 0.502589
vt 0.514251 0.483719
vt 0.516051 0.508327
vt 0.504811 0.526043
vt 0.491375 0.521670
vt 0.491592 0.624190
vt 0.093961 0.012959
vt 0.580260 0.760294
vt 0.578769 0.770422
vt 0.970912 0.374601
vt 0.983343 0.377273
vt 0.974728 0.383009
vt 0.667267 0.973289
vt 0.646322 0.971230
vt 0.666593 0.958819
vt 0.687347 0.961131
vt 0.688985 0.978189
vt 0.959548 0.053057
vt 0.947645 0.050273
vt 0.202344 0.616564
vt 0.340114 0.154353
vt 0.318912 0.142488
vt 0.339684 0.138932
vt 0.218279 0.619781
vt 0.603226 0.861640
vt 0.608166 0.876890
vt 0.671706 0.206071
vt 0.665121 0.226666
vt 0.649924 0.228355
vt 0.579667 0.869897
vt 0.589756 0.858723
vt 0.600298 0.833026
vt 0.960328 0.906624
vt 0.961013 0.895641
vt 0.581521 0.222576
vt 0.583193 0.217031
vt 0.599711 0.221099
vt 0.830032 0.852488
vt 0.534961 0.774489
vt 0.551555 0.781217
vt 0.535532 0.784346
vt 0.519514 0.781206
vt 0.933473 0.035573
vt 0.342785 0.914174
vt 0.349734 0.909402
vt 0.348447 0.920912
vt 0.558688 0.152474
vt 0.554517 0.140389
vt 0.566931 0.137659
vt 0.571259 0.150148
vt 0.963884 0.389605
vt 0.978541 0.390866
vt 0.967830 0.398388
vt 0.514387 0.128569
vt 0.518435 0.140347
vt 0.712106 0.722534
vt 0.717614 0.737214
vt 0.297409 0.009139
vt 0.298432 0.031100
vt 0.287315 0.031934
vt 0.846180 0.836549
vt 0.518946 0.790284
vt 0.535254 0.794522
vt 0.519579 0.799873
vt 0.845921 0.825972
vt 0.034768 0.627586
vt 0.526941 0.489642
vt 0.536181 0.474798
vt 0.541746 0.496548
vt 0.529588 0.514050
vt 0.300828 0.473626
vt 0.363669 0.755410
vt 0.338132 0.756220
vt 0.357646 0.742348
vt 0.384449 0.758139
vt 0.303181 0.449006
vt 0.312819 0.422628
vt 0.299889 0.424226
vt 0.326348 0.421318
vt 0.304116 0.760259
vt 0.307859 0.749185
vt 0.332575 0.744325
vt 0.090713 0.009884
vt 0.090713 0.012959
vt 0.089473 0.012278
vt 0.089608 0.009172
vt 0.616434 0.226542
vt 0.616955 0.215256
vt 0.626136 0.211287
vt 0.458001 0.196544
vt 0.447499 0.180425
vt 0.458259 0.182120
vt 0.458386 0.167991
vt 0.448586 0.166304
vt 0.449139 0.154157
vt 0.458939 0.155845
vt 0.269084 0.250252
vt 0.286699 0.232065
vt 0.283258 0.251714
vt 0.271037 0.272262
vt 0.937532 0.048032
vt 0.933255 0.055465
vt 0.460043 0.134537
vt 0.451319 0.131595
vt 0.453893 0.122040
vt 0.356371 0.914634
vt 0.355428 0.927143
vt 0.580144 0.135938
vt 0.583876 0.149217
vt 0.347280 0.933644
vt 0.457735 0.112767
vt 0.448227 0.108319
vt 0.352605 0.941992
vt 0.588270 0.161716
vt 0.597055 0.146124
vt 0.601890 0.160179
vt 0.216446 0.640980
vt 0.233261 0.623156
vt 0.231704 0.641376
vt 0.218038 0.663243
vt 0.606038 0.174511
vt 0.737085 0.606942
vt 0.737085 0.592135
vt 0.750490 0.592947
vt 0.750927 0.608568
vt 0.737834 0.625021
vt 0.611231 0.192205
vt 0.272206 0.294013
vt 0.286825 0.296730
vt 0.645286 0.956301
vt 0.643421 0.942848
vt 0.666557 0.944274
vt 0.942163 0.895341
vt 0.479808 0.125461
vt 0.459638 0.127430
vt 0.465033 0.118051
vt 0.485212 0.115939
vt 0.499982 0.123542
vt 0.576092 0.199116
vt 0.586586 0.202518
vt 0.526987 0.126227
vt 0.531779 0.137964
vt 0.008280 0.160814
vt 0.016186 0.183585
vt 0.681672 0.912780
vt 0.674004 0.888050
vt 0.689848 0.886434
vt 0.696988 0.909594
vt 0.685892 0.939525
vt 0.081035 0.092446
vt 0.082073 0.094320
vt 0.081035 0.095032
vt 0.490017 0.950209
vt 0.496035 0.956292
vt 0.490194 0.959601
vt 0.484856 0.954715
vt 0.481854 0.943779
vt 0.579832 0.822482
vt 0.580994 0.811820
vt 0.502553 0.951879
vt 0.509719 0.959828
vt 0.501775 0.962856
vt 0.502445 0.940172
vt 0.296388 0.052849
vt 0.310980 0.031641
vt 0.310760 0.056765
vt 0.303406 0.082073
vt 0.862470 0.822637
vt 0.505486 0.809619
vt 0.520166 0.809935
vt 0.867253 0.804716
vt 0.869610 0.816431
vt 0.883369 0.823745
vt 0.342177 0.948813
vt 0.454046 0.098517
vt 0.438679 0.102554
vt 0.444574 0.092026
vt 0.460043 0.089475
vt 0.573169 0.808307
vt 0.439938 0.858507
vt 0.429250 0.858068
vt 0.432062 0.849428
vt 0.442136 0.850297
vt 0.535316 0.149907
vt 0.543933 0.136739
vt 0.547968 0.148322
vt 0.256848 0.177099
vt 0.750923 0.625879
vt 0.765296 0.610177
vt 0.765497 0.627888
vt 0.258783 0.162602
vt 0.477234 0.950368
vt 0.473823 0.938717
vt 0.481015 0.959289
vt 0.472742 0.956060
vt 0.468410 0.945055
vt 0.337429 0.967603
vt 0.775348 0.306660
vt 0.786177 0.305966
vt 0.776885 0.318519
vt 0.766055 0.319213
vt 0.763674 0.306281
vt 0.773565 0.294996
vt 0.784960 0.294777
vt 0.426821 0.867931
vt 0.414763 0.868011
vt 0.417557 0.857566
vt 0.007349 0.644246
vt 0.000660 0.663509
vt 0.306406 0.896788
vt 0.314449 0.878374
vt 0.321580 0.897005
vt 0.307530 0.915767
vt 0.554351 0.484576
vt 0.556696 0.504657
vt 0.003716 0.632602
vt 0.566391 0.779768
vt 0.579066 0.780414
vt 0.579875 0.790371
vt 0.566203 0.789512
vt 0.277901 0.161255
vt 0.259521 0.147379
vt 0.278651 0.146216
vt 0.447240 0.194850
vt 0.436739 0.178730
vt 0.437825 0.164609
vt 0.449693 0.142011
vt 0.439855 0.140350
vt 0.441586 0.128593
vt 0.459551 0.144545
vt 0.442245 0.597681
vt 0.437979 0.610789
vt 0.749201 0.135458
vt 0.762580 0.138610
vt 0.756587 0.152061
vt 0.742597 0.149290
vt 0.429995 0.590518
vt 0.600027 0.211075
vt 0.600664 0.200227
vt 0.619409 0.204764
vt 0.987285 0.385645
vt 0.117128 0.980712
vt 0.111493 0.987041
vt 0.108182 0.977100
vt 0.111262 0.970519
vt 0.121403 0.974148
vt 0.126640 0.985069
vt 0.411953 0.878641
vt 0.399183 0.878259
vt 0.402918 0.866494
vt 0.334490 0.730702
vt 0.359673 0.728421
vt 0.382377 0.744418
vt 0.656319 0.252025
vt 0.671706 0.245178
vt 0.233261 0.662774
vt 0.658201 0.274339
vt 0.640483 0.276414
vt 0.640698 0.252741
vt 0.743231 0.742698
vt 0.769731 0.746161
vt 0.744821 0.758240
vt 0.719364 0.752413
vt 0.971725 0.406047
vt 0.981527 0.399043
vt 0.142326 0.981646
vt 0.131802 0.977844
vt 0.135688 0.968980
vt 0.147054 0.972837
vt 0.382531 0.727615
vt 0.219165 0.244600
vt 0.207383 0.236632
vt 0.227946 0.224986
vt 0.093809 0.008514
vt 0.093809 0.006646
vt 0.095022 0.006708
vt 0.095032 0.008639
vt 0.325273 0.390962
vt 0.323151 0.359917
vt 0.340392 0.390268
vt 0.341880 0.420879
vt 0.396848 0.890008
vt 0.393604 0.902776
vt 0.726429 0.160594
vt 0.730412 0.147780
vt 0.739165 0.162390
vt 0.734749 0.174621
vt 0.386190 0.876874
vt 0.552029 0.790435
vt 0.568088 0.799507
vt 0.552129 0.801010
vt 0.557235 0.134445
vt 0.562857 0.125541
vt 0.571360 0.111132
vt 0.575434 0.123250
vt 0.551418 0.160598
vt 0.492359 0.541726
vt 0.507825 0.546200
vt 0.495714 0.558219
vt 0.452527 0.618325
vt 0.432184 0.624190
vt 0.297932 0.144805
vt 0.278177 0.130795
vt 0.298314 0.128929
vt 0.794812 0.744733
vt 0.700227 0.934809
vt 0.712344 0.906978
vt 0.715106 0.931997
vt 0.795896 0.763502
vt 0.772548 0.762658
vt 0.124720 0.965505
vt 0.285439 0.275262
vt 0.296632 0.255891
vt 0.298507 0.278931
vt 0.301296 0.300756
vt 0.469529 0.108210
vt 0.454603 0.101108
vt 0.716895 0.719222
vt 0.700327 0.718433
vt 0.701508 0.706683
vt 0.460344 0.090692
vt 0.474899 0.098815
vt 0.490616 0.106417
vt 0.444158 0.118236
vt 0.434584 0.113877
vt 0.754623 0.320235
vt 0.751770 0.306865
vt 0.762060 0.294434
vt 0.752750 0.164678
vt 0.731744 0.135458
vt 0.687698 0.944944
vt 0.327317 0.876591
vt 0.336033 0.856826
vt 0.343340 0.879508
vt 0.337502 0.899585
vt 0.438300 0.151599
vt 0.427661 0.149474
vt 0.429101 0.136497
vt 0.534170 0.127430
vt 0.519724 0.120723
vt 0.539957 0.117184
vt 0.435519 0.193138
vt 0.423795 0.191422
vt 0.424989 0.176094
vt 0.494634 0.965167
vt 0.486901 0.966275
vt 0.485825 0.962094
vt 0.479186 0.965138
vt 0.506696 0.971425
vt 0.497438 0.973424
vt 0.312079 0.007719
vt 0.325437 0.032856
vt 0.535101 0.804978
vt 0.667517 0.715264
vt 0.651103 0.713870
vt 0.651625 0.703024
vt 0.667770 0.704538
vt 0.683450 0.716861
vt 0.518251 0.531200
vt 0.532648 0.538234
vt 0.521675 0.553839
vt 0.421261 0.847911
vt 0.425954 0.838942
vt 0.434855 0.840782
vt 0.318450 0.126355
vt 0.298546 0.113728
vt 0.317883 0.110728
vt 0.339118 0.124166
vt 0.630984 0.229984
vt 0.631839 0.208687
vt 0.012587 0.017254
vt 0.012144 0.014827
vt 0.014079 0.015016
vt 0.014414 0.017279
vt 0.675370 0.867336
vt 0.692411 0.863562
vt 0.505424 0.114190
vt 0.511233 0.103957
vt 0.525509 0.110477
vt 0.488266 0.973263
vt 0.478986 0.972947
vt 0.470776 0.962834
vt 0.583937 0.108841
vt 0.588647 0.121529
vt 0.357250 0.417631
vt 0.360427 0.438560
vt 0.310118 0.734119
vt 0.335775 0.715795
vt 0.742021 0.321246
vt 0.739505 0.306674
vt 0.750557 0.293820
vt 0.405718 0.856013
vt 0.409954 0.845808
vt 0.593370 0.134264
vt 0.601852 0.118534
vt 0.606168 0.130967
vt 0.318644 0.086007
vt 0.325543 0.061186
vt 0.340025 0.069261
vt 0.331786 0.091253
vt 0.338876 0.360424
vt 0.355139 0.359547
vt 0.355435 0.389995
vt 0.215279 0.217057
vt 0.195340 0.229781
vt 0.203239 0.210040
vt 0.224979 0.199270
vt 0.237000 0.208115
vt 0.114158 0.962362
vt 0.469189 0.970483
vt 0.479621 0.980912
vt 0.108182 0.951756
vt 0.116397 0.952827
vt 0.430642 0.125257
vt 0.419790 0.120912
vt 0.424544 0.108408
vt 0.769234 0.332439
vt 0.779955 0.330075
vt 0.430055 0.096593
vt 0.773946 0.344522
vt 0.762624 0.347392
vt 0.758190 0.334245
vt 0.737896 0.293139
vt 0.748573 0.281298
vt 0.726818 0.307508
vt 0.724859 0.293477
vt 0.736627 0.280052
vt 0.540074 0.124170
vt 0.777316 0.780198
vt 0.745585 0.774042
vt 0.684852 0.705965
vt 0.668002 0.692750
vt 0.685076 0.694277
vt 0.500102 0.981498
vt 0.490150 0.982312
vt 0.610892 0.143654
vt 0.750369 0.579010
vt 0.749421 0.565613
vt 0.763277 0.567119
vt 0.763951 0.580219
vt 0.543561 0.521491
vt 0.557856 0.528573
vt 0.546150 0.544758
vt 0.328008 0.007269
vt 0.340197 0.035654
vt 0.426103 0.162907
vt 0.414459 0.159995
vt 0.416045 0.146444
vt 0.582177 0.800682
vt 0.149028 0.966823
vt 0.139816 0.959305
vt 0.147780 0.956853
vt 0.640696 0.526057
vt 0.625489 0.518657
vt 0.638952 0.516417
vt 0.585313 0.809935
vt 0.389940 0.864984
vt 0.393878 0.854464
vt 0.351765 0.860187
vt 0.344322 0.837498
vt 0.360297 0.841200
vt 0.367171 0.863346
vt 0.359309 0.883063
vt 0.765101 0.594670
vt 0.778519 0.581789
vt 0.779471 0.596280
vt 0.644815 0.297887
vt 0.659188 0.296241
vt 0.338186 0.107652
vt 0.317760 0.094676
vt 0.338062 0.091601
vt 0.635041 0.301296
vt 0.532319 0.100689
vt 0.353038 0.652268
vt 0.342828 0.646018
vt 0.348644 0.631122
vt 0.358854 0.637372
vt 0.127069 0.956905
vt 0.129311 0.947905
vt 0.627999 0.528078
vt 0.613614 0.521422
vt 0.415298 0.835810
vt 0.420915 0.825842
vt 0.430905 0.829473
vt 0.117042 0.944004
vt 0.747808 0.176639
vt 0.743621 0.187974
vt 0.730759 0.186317
vt 0.706205 0.882745
vt 0.667712 0.788725
vt 0.681079 0.796081
vt 0.679959 0.811718
vt 0.727862 0.865609
vt 0.722879 0.880591
vt 0.496306 0.096117
vt 0.480590 0.088517
vt 0.502316 0.084913
vt 0.517517 0.092945
vt 0.779434 0.611086
vt 0.793451 0.597063
vt 0.777249 0.351375
vt 0.792528 0.338645
vt 0.792548 0.354020
vt 0.794816 0.613774
vt 0.780446 0.628510
vt 0.718453 0.768650
vt 0.715893 0.783347
vt 0.343648 0.006808
vt 0.750921 0.349845
vt 0.745957 0.335782
vt 0.439032 0.571910
vt 0.425400 0.575701
vt 0.423933 0.562242
vt 0.438240 0.559146
vt 0.452484 0.568352
vt 0.552857 0.121279
vt 0.702690 0.694935
vt 0.718143 0.708436
vt 0.686080 0.681594
vt 0.703764 0.683215
vt 0.466039 0.080386
vt 0.471662 0.070096
vt 0.637124 0.702498
vt 0.636602 0.713345
vt 0.652768 0.514025
vt 0.654428 0.524786
vt 0.636075 0.506097
vt 0.650447 0.502536
vt 0.637390 0.690457
vt 0.492034 0.991361
vt 0.399046 0.843219
vt 0.404400 0.833176
vt 0.680346 0.336118
vt 0.679903 0.361771
vt 0.667501 0.352552
vt 0.666655 0.327193
vt 0.677195 0.311812
vt 0.570866 0.512719
vt 0.571215 0.535765
vt 0.572354 0.495936
vt 0.373816 0.419985
vt 0.086393 0.081538
vt 0.086393 0.084233
vt 0.085062 0.082025
vt 0.338095 0.700160
vt 0.361810 0.713655
vt 0.370907 0.389439
vt 0.417487 0.133466
vt 0.403467 0.143376
vt 0.405933 0.130071
vt 0.766585 0.166913
vt 0.761652 0.179132
vt 0.771372 0.154903
vt 0.776800 0.142452
vt 0.634989 0.704368
vt 0.630556 0.719065
vt 0.621615 0.701573
vt 0.627242 0.688312
vt 0.780848 0.170114
vt 0.363947 0.698596
vt 0.384449 0.712115
vt 0.260379 0.132502
vt 0.791948 0.370007
vt 0.777249 0.367883
vt 0.807261 0.355154
vt 0.806808 0.372106
vt 0.261211 0.117459
vt 0.353914 0.618017
vt 0.364559 0.623140
vt 0.337236 0.625474
vt 0.342904 0.610736
vt 0.359369 0.604669
vt 0.211109 0.192049
vt 0.190201 0.202050
vt 0.197389 0.183926
vt 0.219209 0.173597
vt 0.233164 0.180023
vt 0.354110 0.037478
vt 0.354070 0.068107
vt 0.368251 0.083404
vt 0.359850 0.340360
vt 0.370858 0.358572
vt 0.231379 0.156805
vt 0.217730 0.151338
vt 0.635923 0.192669
vt 0.638776 0.178289
vt 0.659545 0.184658
vt 0.656178 0.199545
vt 0.632660 0.206264
vt 0.244061 0.163535
vt 0.013678 0.012743
vt 0.011722 0.012725
vt 0.237336 0.013791
vt 0.252297 0.009295
vt 0.245380 0.032889
vt 0.229521 0.037423
vt 0.015119 0.010564
vt 0.015119 0.012540
vt 0.463368 0.472009
vt 0.459887 0.479158
vt 0.455689 0.465152
vt 0.466223 0.457394
vt 0.470269 0.467962
vt 0.469644 0.479482
vt 0.726133 0.196911
vt 0.739102 0.199935
vt 0.733790 0.209717
vt 0.387029 0.840469
vt 0.523947 0.081974
vt 0.538586 0.089668
vt 0.652877 0.692051
vt 0.637407 0.678676
vt 0.652807 0.679407
vt 0.480559 0.990796
vt 0.468410 0.979506
vt 0.478402 0.470168
vt 0.589706 0.528078
vt 0.572628 0.523429
vt 0.584854 0.518380
vt 0.601741 0.524192
vt 0.108327 0.938765
vt 0.408987 0.116904
vt 0.394172 0.126055
vt 0.412527 0.177027
vt 0.408191 0.193868
vt 0.400325 0.181303
vt 0.768849 0.359904
vt 0.756547 0.362964
vt 0.737876 0.351961
vt 0.733245 0.336791
vt 0.509913 0.564779
vt 0.616145 0.716160
vt 0.614446 0.727862
vt 0.601140 0.712772
vt 0.607067 0.698058
vt 0.769113 0.077887
vt 0.777580 0.054721
vt 0.781857 0.072464
vt 0.727862 0.902721
vt 0.774630 0.101698
vt 0.759345 0.103907
vt 0.752563 0.080374
vt 0.762555 0.051777
vt 0.745713 0.056835
vt 0.739524 0.034522
vt 0.787012 0.794986
vt 0.772217 0.793786
vt 0.777929 0.033130
vt 0.422022 0.549159
vt 0.436868 0.545470
vt 0.451692 0.555588
vt 0.279049 0.115175
vt 0.261587 0.102239
vt 0.279525 0.100007
vt 0.486562 0.077332
vt 0.476690 0.058538
vt 0.492573 0.066128
vt 0.508288 0.073728
vt 0.353533 0.903574
vt 0.367171 0.907037
vt 0.653666 0.343416
vt 0.642712 0.334909
vt 0.652378 0.318810
vt 0.728840 0.321470
vt 0.411769 0.579492
vt 0.397358 0.585313
vt 0.394239 0.572104
vt 0.409322 0.566977
vt 0.757252 0.190479
vt 0.751580 0.202222
vt 0.597124 0.105797
vt 0.450198 0.542133
vt 0.434338 0.531685
vt 0.448218 0.527758
vt 0.611231 0.102394
vt 0.392608 0.828764
vt 0.446026 0.472143
vt 0.435776 0.464073
vt 0.446687 0.456853
vt 0.410845 0.822186
vt 0.622259 0.508489
vt 0.609562 0.511504
vt 0.605210 0.500665
vt 0.618706 0.497405
vt 0.348327 0.597439
vt 0.365011 0.592427
vt 0.331142 0.605326
vt 0.336687 0.591766
vt 0.354078 0.585559
vt 0.668943 0.681018
vt 0.652583 0.667720
vt 0.669951 0.668330
vt 0.596433 0.514686
vt 0.592378 0.504776
vt 0.762330 0.553722
vt 0.748748 0.552514
vt 0.762208 0.539786
vt 0.776082 0.541077
vt 0.776607 0.554147
vt 0.535639 0.560607
vt 0.549797 0.567626
vt 0.593428 0.726485
vt 0.578151 0.721321
vt 0.586084 0.707693
vt 0.528476 0.572129
vt 0.182082 0.222120
vt 0.173771 0.241942
vt 0.160634 0.233617
vt 0.169262 0.214378
vt 0.743670 0.788419
vt 0.744275 0.801296
vt 0.171706 0.144649
vt 0.156091 0.143317
vt 0.160788 0.114353
vt 0.712106 0.796265
vt 0.171706 0.026258
vt 0.169406 0.054513
vt 0.154849 0.051628
vt 0.389356 0.335812
vt 0.383700 0.359501
vt 0.386069 0.389606
vt 0.530172 0.070932
vt 0.331422 0.640369
vt 0.313077 0.649789
vt 0.319165 0.634201
vt 0.579546 0.508889
vt 0.704225 0.809691
vt 0.704989 0.794011
vt 0.726161 0.808185
vt 0.724461 0.825106
vt 0.701883 0.827167
vt 0.776388 0.181862
vt 0.771065 0.193970
vt 0.298471 0.097639
vt 0.280041 0.083830
vt 0.259719 0.069942
vt 0.249441 0.090476
vt 0.243603 0.073942
vt 0.252829 0.051961
vt 0.395779 0.199173
vt 0.387912 0.186607
vt 0.743775 0.367229
vt 0.746951 0.213472
vt 0.739574 0.224622
vt 0.728142 0.220176
vt 0.777280 0.567246
vt 0.790768 0.554549
vt 0.791501 0.568331
vt 0.204278 0.165657
vt 0.183764 0.177280
vt 0.189682 0.159521
vt 0.621398 0.168515
vt 0.626019 0.153551
vt 0.643502 0.162501
vt 0.515582 0.063215
vt 0.360900 0.004984
vt 0.165562 0.084839
vt 0.150997 0.081844
vt 0.391121 0.558894
vt 0.406927 0.554229
vt 0.681727 0.192103
vt 0.681986 0.176133
vt 0.693988 0.185961
vt 0.247449 0.733793
vt 0.261832 0.715911
vt 0.259974 0.730836
vt 0.688716 0.206263
vt 0.671785 0.204343
vt 0.633365 0.494736
vt 0.614777 0.486406
vt 0.629141 0.482816
vt 0.647753 0.491172
vt 0.344027 0.578773
vt 0.360280 0.573473
vt 0.325285 0.584911
vt 0.332268 0.570483
vt 0.350283 0.566147
vt 0.612427 0.684956
vt 0.617236 0.672620
vt 0.631583 0.676013
vt 0.792574 0.582942
vt 0.793166 0.324949
vt 0.793802 0.311252
vt 0.807723 0.313122
vt 0.807948 0.326384
vt 0.559145 0.552143
vt 0.572354 0.559166
vt 0.563248 0.574514
vt 0.686983 0.668865
vt 0.669909 0.655690
vt 0.687034 0.656252
vt 0.703707 0.670565
vt 0.457611 0.449501
vt 0.448489 0.440568
vt 0.468378 0.439288
vt 0.475535 0.448115
vt 0.764479 0.206606
vt 0.759058 0.218728
vt 0.236971 0.056495
vt 0.228000 0.077345
vt 0.220821 0.060360
vt 0.387206 0.417921
vt 0.401315 0.421949
vt 0.401728 0.440497
vt 0.389538 0.440605
vt 0.325923 0.619326
vt 0.307852 0.628053
vt 0.313692 0.612886
vt 0.579531 0.554420
vt 0.607595 0.559586
vt 0.581747 0.567405
vt 0.339722 0.684841
vt 0.340585 0.670110
vt 0.365223 0.683536
vt 0.382883 0.204107
vt 0.375250 0.190265
vt 0.730697 0.369330
vt 0.807622 0.340624
vt 0.821818 0.327485
vt 0.822451 0.341441
vt 0.679205 0.828474
vt 0.665199 0.810552
vt 0.701507 0.843466
vt 0.681144 0.846307
vt 0.660418 0.839936
vt 0.767762 0.123110
vt 0.177377 0.194763
vt 0.157005 0.206273
vt 0.164402 0.188247
vt 0.500129 0.055034
vt 0.522268 0.051299
vt 0.592366 0.694075
vt 0.597553 0.681353
vt 0.146217 0.112314
vt 0.135457 0.079809
vt 0.139456 0.049737
vt 0.637187 0.666895
vt 0.644680 0.479862
vt 0.626144 0.470530
vt 0.641342 0.467625
vt 0.636893 0.654248
vt 0.388485 0.545129
vt 0.404347 0.540455
vt 0.436833 0.448683
vt 0.425322 0.455768
vt 0.426630 0.439481
vt 0.438771 0.430939
vt 0.784017 0.198023
vt 0.777395 0.210421
vt 0.662460 0.302961
vt 0.644108 0.300086
vt 0.309030 0.734017
vt 0.301444 0.722299
vt 0.319028 0.725124
vt 0.668778 0.280148
vt 0.674694 0.289504
vt 0.724859 0.354103
vt 0.379319 0.578473
vt 0.364966 0.585313
vt 0.360741 0.571915
vt 0.375526 0.564569
vt 0.822931 0.355544
vt 0.836727 0.341615
vt 0.837466 0.355441
vt 0.821931 0.372570
vt 0.662630 0.168941
vt 0.666448 0.154403
vt 0.685314 0.159396
vt 0.722098 0.038018
vt 0.729593 0.058602
vt 0.847428 0.133148
vt 0.859969 0.156837
vt 0.847139 0.163598
vt 0.838970 0.138803
vt 0.152813 0.170420
vt 0.136909 0.168426
vt 0.167468 0.171706
vt 0.483054 0.046477
vt 0.704647 0.656918
vt 0.687974 0.642604
vt 0.705581 0.644190
vt 0.489886 0.035680
vt 0.403188 0.211376
vt 0.412527 0.222888
vt 0.399830 0.229192
vt 0.390775 0.216680
vt 0.420216 0.535777
vt 0.402316 0.526078
vt 0.595711 0.049207
vt 0.609543 0.034265
vt 0.609701 0.050077
vt 0.596276 0.063899
vt 0.600429 0.489957
vt 0.586469 0.493428
vt 0.581229 0.482818
vt 0.595822 0.478057
vt 0.469286 0.419684
vt 0.478402 0.429679
vt 0.458762 0.430843
vt 0.450285 0.420195
vt 0.461135 0.409745
vt 0.214197 0.042616
vt 0.221622 0.018780
vt 0.205779 0.064241
vt 0.198371 0.047054
vt 0.205457 0.023827
vt 0.740821 0.817865
vt 0.735542 0.083007
vt 0.741679 0.105855
vt 0.728001 0.109706
vt 0.876890 0.191520
vt 0.863607 0.207359
vt 0.860182 0.185352
vt 0.722098 0.082323
vt 0.318842 0.598658
vt 0.301763 0.605576
vt 0.306879 0.591401
vt 0.611013 0.065564
vt 0.596952 0.078231
vt 0.624440 0.051722
vt 0.624303 0.066563
vt 0.610758 0.079975
vt 0.570162 0.703319
vt 0.577503 0.690015
vt 0.141456 0.141058
vt 0.131653 0.109313
vt 0.414316 0.447286
vt 0.412258 0.462392
vt 0.402675 0.454732
vt 0.403655 0.439905
vt 0.415564 0.431055
vt 0.603023 0.669586
vt 0.608174 0.657021
vt 0.622648 0.660944
vt 0.661578 0.856979
vt 0.678281 0.862171
vt 0.661497 0.872570
vt 0.653591 0.655032
vt 0.636927 0.640674
vt 0.653468 0.641436
vt 0.261869 0.086038
vt 0.838013 0.372225
vt 0.253776 0.107616
vt 0.257747 0.122352
vt 0.242482 0.124253
vt 0.238654 0.109448
vt 0.397389 0.384231
vt 0.396424 0.353453
vt 0.177334 0.519486
vt 0.181785 0.548123
vt 0.162323 0.519706
vt 0.636069 0.551984
vt 0.635540 0.566844
vt 0.634713 0.539847
vt 0.300802 0.643433
vt 0.537122 0.059046
vt 0.529217 0.039415
vt 0.281473 0.652268
vt 0.288889 0.636270
vt 0.147243 0.225623
vt 0.140578 0.244600
vt 0.567974 0.569410
vt 0.583236 0.582970
vt 0.125796 0.232928
vt 0.134819 0.216137
vt 0.790226 0.541480
vt 0.625010 0.080903
vt 0.638554 0.067521
vt 0.639260 0.081846
vt 0.625061 0.094091
vt 0.282265 0.719099
vt 0.283670 0.703231
vt 0.301757 0.706480
vt 0.280885 0.734341
vt 0.401728 0.330405
vt 0.185745 0.577726
vt 0.166785 0.547550
vt 0.832814 0.167216
vt 0.584043 0.422019
vt 0.593489 0.394180
vt 0.598806 0.418468
vt 0.122035 0.165370
vt 0.354339 0.179885
vt 0.361879 0.194565
vt 0.348446 0.199097
vt 0.356465 0.558282
vt 0.372418 0.551210
vt 0.170303 0.170574
vt 0.151410 0.181774
vt 0.614876 0.134896
vt 0.604899 0.115721
vt 0.619956 0.120223
vt 0.630370 0.139586
vt 0.506784 0.043180
vt 0.496676 0.023635
vt 0.513756 0.031249
vt 0.610554 0.474485
vt 0.591601 0.466130
vt 0.606028 0.461646
vt 0.386714 0.235156
vt 0.377658 0.222646
vt 0.647067 0.147766
vt 0.651864 0.133414
vt 0.670049 0.138828
vt 0.808784 0.300260
vt 0.794734 0.298128
vt 0.809841 0.287181
vt 0.639411 0.095032
vt 0.653237 0.081401
vt 0.823373 0.288294
vt 0.822033 0.301347
vt 0.562393 0.716956
vt 0.550296 0.727862
vt 0.546801 0.711193
vt 0.555866 0.699397
vt 0.771242 0.223053
vt 0.494981 0.270927
vt 0.494451 0.280778
vt 0.481384 0.265512
vt 0.488737 0.252918
vt 0.502489 0.258330
vt 0.507574 0.275431
vt 0.582691 0.677384
vt 0.588008 0.664397
vt 0.721935 0.842801
vt 0.740821 0.843326
vt 0.739165 0.859717
vt 0.721445 0.859683
vt 0.288603 0.598524
vt 0.294938 0.583795
vt 0.408570 0.241742
vt 0.395842 0.247987
vt 0.313339 0.577313
vt 0.233736 0.093914
vt 0.225205 0.113271
vt 0.218704 0.097688
vt 0.670817 0.642035
vt 0.652911 0.627741
vt 0.670386 0.628339
vt 0.847268 0.211610
vt 0.842562 0.190798
vt 0.295003 0.620450
vt 0.275584 0.629020
vt 0.282755 0.613686
vt 0.822100 0.313777
vt 0.835883 0.302448
vt 0.835970 0.314877
vt 0.265409 0.699955
vt 0.244025 0.710701
vt 0.247474 0.694785
vt 0.266483 0.684265
vt 0.284292 0.687634
vt 0.608029 0.574802
vt 0.634602 0.581742
vt 0.608792 0.590272
vt 0.369965 0.208788
vt 0.364061 0.228240
vt 0.355843 0.213977
vt 0.462203 0.278179
vt 0.461150 0.291123
vt 0.447530 0.291486
vt 0.353110 0.543617
vt 0.369271 0.537795
vt 0.318832 0.708502
vt 0.331315 0.715650
vt 0.911055 0.205184
vt 0.923054 0.186904
vt 0.922670 0.200774
vt 0.680346 0.267832
vt 0.621913 0.458611
vt 0.601797 0.449728
vt 0.617846 0.445475
vt 0.638008 0.454426
vt 0.614128 0.646126
vt 0.599507 0.641228
vt 0.472428 0.277225
vt 0.458353 0.271330
vt 0.467773 0.260128
vt 0.009483 0.011625
vt 0.010799 0.011625
vt 0.009585 0.012959
vt 0.628393 0.650551
vt 0.562319 0.685415
vt 0.568113 0.672744
vt 0.144469 0.198874
vt 0.123407 0.207566
vt 0.132181 0.192773
vt 0.428982 0.421778
vt 0.418502 0.412423
vt 0.441077 0.410806
vt 0.126808 0.138498
vt 0.108066 0.161239
vt 0.113087 0.135152
vt 0.117086 0.106328
vt 0.836119 0.327754
vt 0.249948 0.906882
vt 0.238521 0.902358
vt 0.243597 0.889746
vt 0.255059 0.893492
vt 0.262455 0.911447
vt 0.385471 0.531680
vt 0.366534 0.522409
vt 0.608248 0.016620
vt 0.622067 0.000694
vt 0.622988 0.018256
vt 0.121860 0.076811
vt 0.111740 0.087129
vt 0.114812 0.072909
vt 0.120992 0.056436
vt 0.169341 0.588341
vt 0.155791 0.573029
vt 0.152514 0.546085
vt 0.148011 0.518755
vt 0.451436 0.398838
vt 0.468584 0.396759
vt 0.432155 0.400647
vt 0.444250 0.389122
vt 0.461745 0.386744
vt 0.212378 0.081975
vt 0.203438 0.100870
vt 0.197070 0.085641
vt 0.634738 0.125231
vt 0.737615 0.833996
vt 0.746099 0.818193
vt 0.756534 0.826579
vt 0.749359 0.842385
vt 0.642451 0.113445
vt 0.688791 0.628812
vt 0.381375 0.012040
vt 0.399692 0.008292
vt 0.403585 0.020742
vt 0.385585 0.024593
vt 0.366957 0.011390
vt 0.362796 0.000429
vt 0.700692 0.859811
vt 0.101327 0.683730
vt 0.081856 0.684635
vt 0.082948 0.669052
vt 0.102410 0.667588
vt 0.121965 0.681883
vt 0.404692 0.261746
vt 0.391126 0.267400
vt 0.382078 0.254995
vt 0.623791 0.035252
vt 0.637621 0.019335
vt 0.638418 0.036388
vt 0.592723 0.652304
vt 0.578501 0.647200
vt 0.582552 0.636214
vt 0.450340 0.280778
vt 0.443802 0.264879
vt 0.245397 0.137377
vt 0.259719 0.136063
vt 0.267434 0.897902
vt 0.259328 0.881180
vt 0.271639 0.883761
vt 0.227845 0.140929
vt 0.688938 0.143736
vt 0.677228 0.125871
vt 0.695464 0.129136
vt 0.249670 0.679551
vt 0.253608 0.663657
vt 0.692236 0.165288
vt 0.695044 0.148731
vt 0.709961 0.152721
vt 0.709629 0.169157
vt 0.269413 0.605946
vt 0.940305 0.201567
vt 0.937493 0.186073
vt 0.950439 0.189451
vt 0.550091 0.687168
vt 0.302824 0.690267
vt 0.318382 0.692457
vt 0.832814 0.215983
vt 0.589471 0.369414
vt 0.598327 0.348067
vt 0.603579 0.369101
vt 0.350437 0.233789
vt 0.342410 0.218509
vt 0.497679 0.239665
vt 0.485100 0.233796
vt 0.494348 0.220792
vt 0.505857 0.227346
vt 0.405841 0.422186
vt 0.509719 0.247720
vt 0.638550 0.052199
vt 0.653047 0.037515
vt 0.653177 0.053327
vt 0.633967 0.441282
vt 0.654035 0.451073
vt 0.613802 0.432331
vt 0.445583 0.000429
vt 0.457117 0.005672
vt 0.444701 0.010888
vt 0.015119 0.001299
vt 0.014198 0.002160
vt 0.014198 0.000113
vt 0.636602 0.626901
vt 0.269109 0.645718
vt 0.536237 0.027375
vt 0.697001 0.131004
vt 0.692236 0.110299
vt 0.705585 0.115122
vt 0.712620 0.136551
vt 0.586830 0.598522
vt 0.610416 0.604376
vt 0.589092 0.612760
vt 0.569222 0.609810
vt 0.566276 0.594505
vt 0.190179 0.069232
vt 0.182250 0.090079
vt 0.175821 0.074406
vt 0.379277 0.586884
vt 0.385266 0.600464
vt 0.365835 0.586941
vt 0.183249 0.052809
vt 0.653115 0.068187
vt 0.666949 0.054402
vt 0.667131 0.068124
vt 0.138379 0.177063
vt 0.120138 0.187846
vt 0.761790 0.810901
vt 0.778786 0.803162
vt 0.774025 0.818297
vt 0.751501 0.802222
vt 0.705620 0.097624
vt 0.692573 0.092984
vt 0.700449 0.082910
vt 0.373623 0.027753
vt 0.389945 0.038734
vt 0.725053 0.086835
vt 0.721229 0.101984
vt 0.453750 0.376825
vt 0.467401 0.373130
vt 0.437333 0.378510
vt 0.684306 0.386304
vt 0.679961 0.364680
vt 0.692630 0.375363
vt 0.689908 0.398490
vt 0.585778 0.453757
vt 0.411182 0.402878
vt 0.424646 0.390901
vt 0.229318 0.127051
vt 0.211657 0.129849
vt 0.122346 0.665855
vt 0.142549 0.679932
vt 0.102758 0.652304
vt 0.122202 0.650844
vt 0.142499 0.664921
vt 0.372439 0.241437
vt 0.368495 0.260636
vt 0.359300 0.247669
vt 0.574177 0.659920
vt 0.562252 0.654434
vt 0.567799 0.641706
vt 0.911982 0.185714
vt 0.925642 0.167703
vt 0.938181 0.170474
vt 0.667253 0.081359
vt 0.653411 0.094587
vt 0.799810 0.244336
vt 0.802016 0.230654
vt 0.815254 0.233770
vt 0.812759 0.246565
vt 0.797213 0.257481
vt 0.667387 0.094148
vt 0.270472 0.668844
vt 0.288246 0.671880
vt 0.608894 0.391508
vt 0.617699 0.368372
vt 0.623102 0.390347
vt 0.614572 0.416141
vt 0.475461 0.247094
vt 0.462016 0.240818
vt 0.471358 0.227992
vt 0.658861 0.120769
vt 0.743418 0.859379
vt 0.762960 0.849288
vt 0.757485 0.864485
vt 0.737615 0.875683
vt 0.108286 0.057952
vt 0.102179 0.076720
vt 0.530139 0.377404
vt 0.524651 0.359068
vt 0.538922 0.358024
vt 0.545425 0.376916
vt 0.539128 0.395248
vt 0.520751 0.386082
vt 0.421865 0.014950
vt 0.417788 0.002790
vt 0.442057 0.023944
vt 0.424452 0.028640
vt 0.451898 0.309432
vt 0.456324 0.327171
vt 0.440722 0.327717
vt 0.435578 0.310031
vt 0.725633 0.158754
vt 0.723609 0.174946
vt 0.000972 0.005058
vt 0.002160 0.005197
vt 0.000972 0.006480
vt 0.276506 0.590213
vt 0.099461 0.131433
vt 0.095270 0.157874
vt 0.087368 0.122536
vt 0.105386 0.104781
vt 0.095660 0.098028
vt 0.811501 0.258422
vt 0.796106 0.269978
vt 0.826631 0.247856
vt 0.825694 0.258939
vt 0.233071 0.885214
vt 0.238046 0.873248
vt 0.806848 0.269049
vt 0.634324 0.596533
vt 0.133698 0.517773
vt 0.137555 0.542146
vt 0.123663 0.538844
vt 0.119130 0.516401
vt 0.634846 0.611382
vt 0.141064 0.566092
vt 0.719803 0.120072
vt 0.727360 0.141720
vt 0.207567 0.115402
vt 0.197216 0.131839
vt 0.193061 0.118625
vt 0.064830 0.668379
vt 0.062627 0.684665
vt 0.366856 0.603424
vt 0.385412 0.616099
vt 0.367838 0.618714
vt 0.066917 0.653702
vt 0.572678 0.624764
vt 0.589854 0.626492
vt 0.108788 0.773292
vt 0.130834 0.773292
vt 0.114501 0.785885
vt 0.093256 0.784486
vt 0.110532 0.201363
vt 0.597362 0.436532
vt 0.700723 0.389044
vt 0.701624 0.365280
vt 0.711546 0.378777
vt 0.711094 0.400648
vt 0.967603 0.187062
vt 0.964467 0.198588
vt 0.965755 0.170777
vt 0.562618 0.945995
vt 0.563674 0.961468
vt 0.551315 0.961744
vt 0.550072 0.946358
vt 0.563715 0.933384
vt 0.556782 0.671468
vt 0.432001 0.292812
vt 0.444517 0.275227
vt 0.419745 0.310813
vt 0.415863 0.293391
vt 0.428262 0.275893
vt 0.305324 0.674133
vt 0.321082 0.675402
vt 0.911016 0.161634
vt 0.911604 0.149896
vt 0.331533 0.696009
vt 0.629766 0.414713
vt 0.636863 0.389137
vt 0.644440 0.413710
vt 0.654428 0.439525
vt 0.499325 0.204837
vt 0.480166 0.213734
vt 0.487914 0.197526
vt 0.419784 0.378971
vt 0.379327 0.044683
vt 0.394023 0.054330
vt 0.910893 0.871246
vt 0.924406 0.885728
vt 0.906557 0.886787
vt 0.892261 0.871174
vt 0.453948 0.254189
vt 0.439797 0.248981
vt 0.448363 0.235293
vt 0.686708 0.115161
vt 0.244025 0.642996
vt 0.257966 0.649870
vt 0.769310 0.833746
vt 0.786210 0.825801
vt 0.781427 0.840492
vt 0.552669 0.356126
vt 0.560244 0.374308
vt 0.142121 0.586896
vt 0.127752 0.582657
vt 0.354149 0.267262
vt 0.462203 0.343027
vt 0.451675 0.360044
vt 0.446097 0.343662
vt 0.103528 0.638849
vt 0.122261 0.636759
vt 0.142421 0.650033
vt 0.248809 0.877303
vt 0.242843 0.861210
vt 0.252808 0.865482
vt 0.636200 0.001149
vt 0.412239 0.276811
vt 0.400752 0.288043
vt 0.399720 0.269536
vt 0.651372 0.002858
vt 0.407188 0.034049
vt 0.427648 0.042976
vt 0.410139 0.049441
vt 0.377362 0.274410
vt 0.387456 0.288337
vt 0.287995 0.334377
vt 0.286917 0.317216
vt 0.302597 0.318910
vt 0.303366 0.335840
vt 0.363590 0.281408
vt 0.081725 0.153625
vt 0.074006 0.127226
vt 0.078292 0.109887
vt 0.652255 0.020476
vt 0.666509 0.004028
vt 0.667387 0.021695
vt 0.951932 0.171074
vt 0.940157 0.155259
vt 0.954076 0.155516
vt 0.188210 0.104574
vt 0.179653 0.122302
vt 0.175140 0.108764
vt 0.275107 0.654540
vt 0.292288 0.657435
vt 0.776378 0.855169
vt 0.772323 0.870216
vt 0.753650 0.880573
vt 0.083834 0.653458
vt 0.068140 0.639928
vt 0.085109 0.639665
vt 0.084589 0.089921
vt 0.534057 0.339210
vt 0.520751 0.338518
vt 0.531228 0.320305
vt 0.543157 0.319613
vt 0.547808 0.337352
vt 0.458197 0.221431
vt 0.468167 0.206825
vt 0.612488 0.618646
vt 0.635046 0.624588
vt 0.613606 0.631137
vt 0.732181 0.126869
vt 0.870270 0.886882
vt 0.887976 0.886678
vt 0.870120 0.902418
vt 0.853560 0.889740
vt 0.457102 0.017149
vt 0.470842 0.007690
vt 0.915767 0.987041
vt 0.897518 0.985846
vt 0.896912 0.972514
vt 0.914046 0.972956
vt 0.460664 0.031491
vt 0.430659 0.259977
vt 0.432747 0.272433
vt 0.421195 0.267667
vt 0.522745 0.947110
vt 0.535979 0.947146
vt 0.524815 0.962430
vt 0.052216 0.405202
vt 0.057403 0.397799
vt 0.070891 0.398307
vt 0.065569 0.407234
vt 0.263223 0.868446
vt 0.256627 0.853329
vt 0.266941 0.855407
vt 0.275372 0.870725
vt 0.278111 0.857131
vt 0.287572 0.872204
vt 0.666819 0.038590
vt 0.800522 0.200769
vt 0.796106 0.185159
vt 0.809179 0.187775
vt 0.814689 0.203644
vt 0.803414 0.216330
vt 0.100746 0.796069
vt 0.121439 0.797410
vt 0.107522 0.807691
vt 0.791802 0.810511
vt 0.803789 0.817845
vt 0.613177 0.347689
vt 0.141858 0.635664
vt 0.122345 0.624030
vt 0.142549 0.622953
vt 0.627101 0.347940
vt 0.687177 0.353996
vt 0.486005 0.180354
vt 0.494666 0.175908
vt 0.473790 0.190569
vt 0.682363 0.331268
vt 0.697150 0.343181
vt 0.126710 0.560996
vt 0.114266 0.578885
vt 0.112606 0.557892
vt 0.922204 0.901181
vt 0.905005 0.901635
vt 0.433913 0.361497
vt 0.429297 0.345445
vt 0.816577 0.219262
vt 0.828468 0.207259
vt 0.830197 0.221643
vt 0.749460 0.465479
vt 0.746654 0.480562
vt 0.737157 0.473422
vt 0.732598 0.458325
vt 0.744236 0.448032
vt 0.926408 0.153865
vt 0.914593 0.135196
vt 0.927093 0.140140
vt 0.798614 0.832500
vt 0.792880 0.846566
vt 0.431039 0.057416
vt 0.413851 0.063999
vt 0.268754 0.843213
vt 0.279791 0.844392
vt 0.290172 0.858109
vt 0.403335 0.613333
vt 0.400547 0.599971
vt 0.168294 0.094490
vt 0.418435 0.612321
vt 0.418500 0.625136
vt 0.402627 0.628104
vt 0.538974 0.962125
vt 0.550445 0.976845
vt 0.537475 0.975963
vt 0.828668 0.235479
vt 0.843454 0.225839
vt 0.840699 0.238655
vt 0.318279 0.320583
vt 0.318521 0.337857
vt 0.457072 0.374170
vt 0.440521 0.375662
vt 0.554566 0.318104
vt 0.559534 0.335524
vt 0.435381 0.236233
vt 0.084461 0.411353
vt 0.085022 0.401940
vt 0.100851 0.405955
vt 0.446818 0.215901
vt 0.631036 0.367046
vt 0.640118 0.346257
vt 0.643516 0.366046
vt 0.444420 0.038137
vt 0.464345 0.045684
vt 0.448139 0.052500
vt 0.302430 0.301635
vt 0.287057 0.300186
vt 0.853284 0.901469
vt 0.302512 0.284605
vt 0.317674 0.286554
vt 0.318132 0.304254
vt 0.309103 0.658521
vt 0.298001 0.645834
vt 0.746330 0.407077
vt 0.735864 0.424086
vt 0.737564 0.407508
vt 0.317250 0.648622
vt 0.323484 0.660117
vt 0.788187 0.861046
vt 0.785584 0.875433
vt 0.769063 0.885529
vt 0.069095 0.627397
vt 0.086561 0.626763
vt 0.135902 0.785790
vt 0.153089 0.774267
vt 0.156242 0.787310
vt 0.140528 0.798532
vt 0.109759 0.535885
vt 0.099544 0.554191
vt 0.096691 0.533604
vt 0.105696 0.514672
vt 0.424589 0.328269
vt 0.413237 0.345232
vt 0.407978 0.328128
vt 0.838931 0.249753
vt 0.851648 0.241117
vt 0.233222 0.857298
vt 0.229308 0.841187
vt 0.238314 0.846454
vt 0.456190 0.199676
vt 0.711315 0.355438
vt 0.707467 0.332130
vt 0.720129 0.343834
vt 0.878709 0.975575
vt 0.878716 0.960600
vt 0.126739 0.808668
vt 0.114196 0.819005
vt 0.095876 0.818601
vt 0.184292 0.134143
vt 0.291976 0.845059
vt 0.282105 0.832613
vt 0.293925 0.832359
vt 0.305696 0.844506
vt 0.887691 0.903495
vt 0.905621 0.916600
vt 0.888557 0.919916
vt 0.870724 0.919072
vt 0.081183 0.088981
vt 0.082042 0.087888
vt 0.082073 0.089731
vt 0.081183 0.090713
vt 0.651401 0.462497
vt 0.663511 0.451455
vt 0.660274 0.464563
vt 0.562785 0.976786
vt 0.563715 0.989201
vt 0.386094 0.630048
vt 0.402736 0.640988
vt 0.386317 0.643952
vt 0.369044 0.633409
vt 0.649200 0.388020
vt 0.654428 0.364119
vt 0.027555 0.004500
vt 0.027314 0.006480
vt 0.026448 0.004767
vt 0.026909 0.002561
vt 0.028078 0.002295
vt 0.026448 0.000601
vt 0.711757 0.531404
vt 0.717063 0.554328
vt 0.704913 0.556165
vt 0.700268 0.533423
vt 0.527602 0.302832
vt 0.539047 0.300349
vt 0.565892 0.353407
vt 0.571243 0.333651
vt 0.578390 0.351542
vt 0.573998 0.371462
vt 0.247167 0.850601
vt 0.242557 0.836453
vt 0.250288 0.839833
vt 0.731387 0.440477
vt 0.720222 0.451529
vt 0.717319 0.436717
vt 0.746491 0.431087
vt 0.402702 0.309903
vt 0.394869 0.325257
vt 0.066608 0.468242
vt 0.050673 0.459937
vt 0.069454 0.456677
vt 0.390120 0.303627
vt 0.062866 0.384614
vt 0.076333 0.384906
vt 0.809443 0.838892
vt 0.804168 0.852432
vt 0.690300 0.545952
vt 0.688922 0.532506
vt 0.550434 0.301182
vt 0.433987 0.073488
vt 0.417087 0.078529
vt 0.396823 0.069330
vt 0.103391 0.625867
vt 0.086589 0.614826
vt 0.103952 0.613371
vt 0.333434 0.322598
vt 0.334581 0.339590
vt 0.320188 0.354355
vt 0.389180 0.283324
vt 0.087690 0.454359
vt 0.087967 0.464207
vt 0.070764 0.440274
vt 0.089176 0.437821
vt 0.106131 0.451467
vt 0.107991 0.459916
vt 0.942887 0.141068
vt 0.657238 0.439619
vt 0.655606 0.425536
vt 0.670365 0.426347
vt 0.672958 0.438469
vt 0.650457 0.446671
vt 0.636069 0.637149
vt 0.092285 0.513801
vt 0.085164 0.695760
vt 0.104906 0.692756
vt 0.102150 0.704978
vt 0.083281 0.708037
vt 0.065912 0.700229
vt 0.066791 0.687063
vt 0.047516 0.012787
vt 0.045629 0.012959
vt 0.045761 0.011568
vt 0.047414 0.011320
vt 0.451506 0.067823
vt 0.118895 0.410601
vt 0.107228 0.392071
vt 0.124508 0.397400
vt 0.136140 0.419006
vt 0.679961 0.308984
vt 0.694298 0.320313
vt 0.801067 0.699201
vt 0.801408 0.713799
vt 0.788776 0.712083
vt 0.782038 0.702199
vt 0.789401 0.690475
vt 0.806139 0.687369
vt 0.713028 0.467213
vt 0.809935 0.715983
vt 0.333768 0.288738
vt 0.333714 0.305693
vt 0.259794 0.842574
vt 0.207755 0.899261
vt 0.210109 0.892289
vt 0.214640 0.898708
vt 0.215286 0.907667
vt 0.261914 0.831954
vt 0.167681 0.125982
vt 0.306695 0.831954
vt 0.209839 0.951987
vt 0.211381 0.939516
vt 0.223659 0.942209
vt 0.220577 0.954644
vt 0.433085 0.625492
vt 0.431649 0.636574
vt 0.161506 0.112433
vt 0.159625 0.799517
vt 0.145828 0.809791
vt 0.101040 0.575298
vt 0.100540 0.593952
vt 0.587660 0.367833
vt 0.590308 0.348508
vt 0.087093 0.589139
vt 0.088364 0.570646
vt 0.897106 0.958028
vt 0.878659 0.945231
vt 0.896927 0.944057
vt 0.914313 0.957895
vt 0.141587 0.405270
vt 0.700795 0.311230
vt 0.064611 0.007560
vt 0.062478 0.006208
vt 0.064795 0.005952
vt 0.106720 0.435899
vt 0.090691 0.421224
vt 0.107991 0.419436
vt 0.064564 0.009316
vt 0.062536 0.007915
vt 0.710445 0.578560
vt 0.714204 0.599775
vt 0.702863 0.599762
vt 0.698984 0.579561
vt 0.651851 0.493242
vt 0.650457 0.481300
vt 0.662418 0.476129
vt 0.663871 0.487768
vt 0.654310 0.505400
vt 0.524178 0.977189
vt 0.739557 0.393424
vt 0.749460 0.389614
vt 0.720376 0.405660
vt 0.868860 0.794617
vt 0.867168 0.774880
vt 0.877326 0.784354
vt 0.879575 0.803456
vt 0.666822 0.412679
vt 0.652225 0.412224
vt 0.132827 0.819818
vt 0.120820 0.828947
vt 0.103393 0.828658
vt 0.121849 0.611909
vt 0.104197 0.602202
vt 0.121557 0.600535
vt 0.142406 0.610043
vt 0.889194 0.172751
vt 0.906995 0.184397
vt 0.889119 0.185745
vt 0.062459 0.009666
vt 0.064795 0.010799
vt 0.871861 0.161327
vt 0.889611 0.159606
vt 0.907265 0.171182
vt 0.401757 0.653988
vt 0.386591 0.655595
vt 0.370454 0.646783
vt 0.559976 0.300906
vt 0.565561 0.316747
vt 0.906111 0.158197
vt 0.915767 0.172671
vt 0.891132 0.146553
vt 0.906133 0.144850
vt 0.018553 0.001274
vt 0.020114 0.001572
vt 0.018730 0.002936
vt 0.850365 0.219364
vt 0.799824 0.866467
vt 0.814255 0.858907
vt 0.810173 0.872147
vt 0.796618 0.880702
vt 0.922538 0.916818
vt 0.399626 0.084220
vt 0.419356 0.093269
vt 0.402051 0.099013
vt 0.922863 0.932033
vt 0.418049 0.362069
vt 0.420821 0.376890
vt 0.335448 0.356291
vt 0.349811 0.341496
vt 0.351512 0.357991
vt 0.407947 0.364266
vt 0.270840 0.832586
vt 0.213760 0.916489
vt 0.208383 0.910482
vt 0.225096 0.910553
vt 0.224672 0.919291
vt 0.212515 0.927587
vt 0.205139 0.923845
vt 0.675304 0.452445
vt 0.675737 0.463091
vt 0.855292 0.229752
vt 0.020349 0.003031
vt 0.021533 0.001274
vt 0.021598 0.002921
vt 0.020922 0.004320
vt 0.720564 0.420267
vt 0.703920 0.430086
vt 0.706192 0.414622
vt 0.098912 0.716855
vt 0.081685 0.719868
vt 0.065628 0.712647
vt 0.087093 0.550732
vt 0.807824 0.543388
vt 0.826443 0.543910
vt 0.824052 0.555445
vt 0.805098 0.556187
vt 0.795496 0.542436
vt 0.796896 0.530422
vt 0.570642 0.299288
vt 0.576221 0.315659
vt 0.090949 0.388668
vt 0.081842 0.372390
vt 0.096936 0.374879
vt 0.650803 0.344653
vt 0.142025 0.599217
vt 0.121561 0.862354
vt 0.126848 0.880304
vt 0.115561 0.881960
vt 0.110040 0.863794
vt 0.717063 0.619870
vt 0.705554 0.618540
vt 0.417713 0.638214
vt 0.431056 0.648848
vt 0.417323 0.651438
vt 0.162906 0.810367
vt 0.149902 0.820467
vt 0.045633 0.010149
vt 0.047516 0.009972
vt 0.455014 0.082880
vt 0.029950 0.943298
vt 0.030604 0.958963
vt 0.022853 0.951979
vt 0.023360 0.935749
vt 0.031315 0.928929
vt 0.037012 0.936737
vt 0.036622 0.949908
vt 0.071136 0.615241
vt 0.370292 0.659839
vt 0.384672 0.667375
vt 0.369116 0.670488
vt 0.072147 0.604251
vt 0.694748 0.559923
vt 0.688448 0.580884
vt 0.684287 0.562203
vt 0.679337 0.548860
vt 0.685522 0.426912
vt 0.686834 0.439684
vt 0.349370 0.291166
vt 0.349281 0.307924
vt 0.036583 0.256197
vt 0.018781 0.255035
vt 0.020060 0.241085
vt 0.037369 0.242044
vt 0.899575 0.931278
vt 0.915767 0.942716
vt 0.797548 0.677337
vt 0.779076 0.681712
vt 0.785726 0.669067
vt 0.802394 0.662504
vt 0.809903 0.665744
vt 0.710183 0.452657
vt 0.110876 0.838740
vt 0.126397 0.839600
vt 0.117562 0.848498
vt 0.100910 0.847353
vt 0.092930 0.837903
vt 0.583255 0.332261
vt 0.587403 0.315067
vt 0.594020 0.329957
vt 0.158174 0.407129
vt 0.160909 0.419006
vt 0.145542 0.389486
vt 0.163067 0.393773
vt 0.000517 0.253774
vt 0.001896 0.239014
vt 0.719906 0.324433
vt 0.732181 0.336651
vt 0.017735 0.538796
vt 0.006316 0.530188
vt 0.025845 0.528690
vt 0.035919 0.537610
vt 0.028278 0.547803
vt 0.009168 0.550489
vt 0.067414 0.369918
vt 0.402293 0.345095
vt 0.032901 0.462681
vt 0.024441 0.473002
vt 0.015963 0.465042
vt 0.017699 0.448798
vt 0.035180 0.446001
vt 0.044715 0.471647
vt 0.041718 0.942078
vt 0.043437 0.954703
vt 0.042940 0.932567
vt 0.044821 0.938235
vt 0.048321 0.946676
vt 0.217374 0.891649
vt 0.224296 0.930313
vt 0.235001 0.921730
vt 0.235077 0.933031
vt 0.906637 0.931840
vt 0.319061 0.269036
vt 0.335060 0.254461
vt 0.334231 0.271908
vt 0.679464 0.533475
vt 0.668908 0.535737
vt 0.876374 0.766196
vt 0.886263 0.774498
vt 0.888151 0.791904
vt 0.088142 0.603269
vt 0.133579 0.912432
vt 0.136069 0.928436
vt 0.124262 0.928726
vt 0.122409 0.913264
vt 0.130967 0.896512
vt 0.097171 0.728159
vt 0.081102 0.730641
vt 0.065505 0.723763
vt 0.104623 0.883016
vt 0.099248 0.866793
vt 0.694354 0.618886
vt 0.821328 0.566263
vt 0.804285 0.567911
vt 0.792553 0.557352
vt 0.116631 0.715914
vt 0.418674 0.107991
vt 0.124900 0.243168
vt 0.107622 0.229027
vt 0.125270 0.228573
vt 0.924406 0.946004
vt 0.676877 0.474770
vt 0.689115 0.462830
vt 0.691385 0.473918
vt 0.678969 0.485479
vt 0.770965 0.693218
vt 0.762967 0.702419
vt 0.753130 0.694415
vt 0.761399 0.684978
vt 0.433109 0.656429
vt 0.003260 0.504319
vt 0.018845 0.500664
vt 0.009505 0.510643
vt 0.415166 0.663252
vt 0.137717 0.830589
vt 0.153587 0.830432
vt 0.142510 0.839770
vt 0.842702 0.554581
vt 0.846602 0.543322
vt 0.602226 0.345475
vt 0.037127 0.010329
vt 0.036284 0.004617
vt 0.039717 0.005462
vt 0.040718 0.010799
vt 0.839394 0.564913
vt 0.226205 0.902999
vt 0.050632 0.938294
vt 0.050754 0.930906
vt 0.234651 0.903030
vt 0.437000 0.088130
vt 0.090281 0.243834
vt 0.072155 0.243736
vt 0.072544 0.229142
vt 0.090672 0.229240
vt 0.107478 0.244099
vt 0.052356 0.443755
vt 0.036219 0.429413
vt 0.054373 0.426906
vt 0.692243 0.599864
vt 0.683627 0.617675
vt 0.681055 0.600130
vt 0.112762 0.378657
vt 0.103635 0.361304
vt 0.119227 0.365213
vt 0.129699 0.384296
vt 0.807258 0.648009
vt 0.790784 0.656149
vt 0.795204 0.642380
vt 0.694725 0.407676
vt 0.707769 0.400780
vt 0.105090 0.590747
vt 0.119673 0.898119
vt 0.111734 0.913771
vt 0.108375 0.898909
vt 0.349494 0.324331
vt 0.129004 0.438825
vt 0.145325 0.438825
vt 0.143320 0.454009
vt 0.126697 0.454541
vt 0.111877 0.439104
vt 0.134749 0.369930
vt 0.688577 0.451905
vt 0.699968 0.442026
vt 0.700402 0.452861
vt 0.443447 0.647023
vt 0.444924 0.638099
vt 0.235438 0.943749
vt 0.021808 0.483526
vt 0.028501 0.475200
vt 0.036175 0.480835
vt 0.028573 0.491552
vt 0.012592 0.492314
vt 0.107777 0.856538
vt 0.813780 0.077221
vt 0.806232 0.085592
vt 0.801612 0.076973
vt 0.807560 0.067958
vt 0.820823 0.067390
vt 0.825977 0.076834
vt 0.092023 0.857451
vt 0.675136 0.566103
vt 0.677872 0.581844
vt 0.668416 0.585642
vt 0.663309 0.564056
vt 0.020435 0.226492
vt 0.037704 0.228276
vt 0.054674 0.243012
vt 0.054759 0.257019
vt 0.072296 0.423961
vt 0.055533 0.410901
vt 0.074643 0.408066
vt 0.400554 0.665392
vt 0.000805 0.520821
vt 0.018524 0.518782
vt 0.346740 0.757276
vt 0.360706 0.768367
vt 0.345785 0.768815
vt 0.397757 0.676044
vt 0.670415 0.600120
vt 0.152837 0.375222
vt 0.017280 0.278686
vt 0.039004 0.284919
vt 0.022876 0.291120
vt 0.000137 0.285041
vt 0.064785 0.734611
vt 0.080237 0.741477
vt 0.064830 0.744884
vt 0.165400 0.821156
vt 0.168342 0.831166
vt 0.819333 0.576304
vt 0.803205 0.579098
vt 0.114210 0.726474
vt 0.111435 0.736412
vt 0.582061 0.297457
vt 0.658030 0.539477
vt 0.653966 0.566289
vt 0.647531 0.542928
vt 0.593359 0.296903
vt 0.235988 0.911653
vt 0.059486 0.930071
vt 0.048775 0.921628
vt 0.058441 0.920119
vt 0.246220 0.911881
vt 0.769707 0.674769
vt 0.776119 0.663021
vt 0.043197 0.006010
vt 0.850972 0.575940
vt 0.835597 0.574654
vt 0.350683 0.256387
vt 0.349125 0.274415
vt 0.020063 0.558503
vt 0.039242 0.556349
vt 0.030999 0.566461
vt 0.011444 0.570823
vt 0.000057 0.562172
vt 0.483900 0.668118
vt 0.495275 0.649583
vt 0.498920 0.667351
vt 0.487528 0.685545
vt 0.473155 0.686499
vt 0.470129 0.668412
vt 0.481619 0.650280
vt 0.874004 0.147247
vt 0.467848 0.650574
vt 0.455596 0.668226
vt 0.454665 0.650319
vt 0.876388 0.133663
vt 0.895949 0.782175
vt 0.894184 0.765523
vt 0.903528 0.773113
vt 0.905459 0.789509
vt 0.897661 0.799239
vt 0.891841 0.133501
vt 0.876441 0.119963
vt 0.892756 0.121357
vt 0.907689 0.132946
vt 0.908130 0.122360
vt 0.915767 0.125855
vt 0.893903 0.110684
vt 0.025415 0.919296
vt 0.030019 0.901983
vt 0.035087 0.914930
vt 0.040035 0.924628
vt 0.424326 0.201063
vt 0.422445 0.203616
vt 0.418539 0.202661
vt 0.419921 0.200625
vt 0.425558 0.198069
vt 0.429806 0.200337
vt 0.427043 0.202953
vt 0.107991 0.214432
vt 0.124588 0.213672
vt 0.459392 0.360993
vt 0.470270 0.350848
vt 0.471541 0.372088
vt 0.351512 0.239910
vt 0.419276 0.205852
vt 0.424368 0.204303
vt 0.422644 0.206811
vt 0.416834 0.209407
vt 0.414017 0.207592
vt 0.417810 0.205041
vt 0.428949 0.205696
vt 0.413934 0.203794
vt 0.418612 0.198396
vt 0.409048 0.198782
vt 0.415174 0.193343
vt 0.323268 0.210807
vt 0.330060 0.209097
vt 0.329450 0.216318
vt 0.322263 0.216506
vt 0.379321 0.677617
vt 0.331726 0.769242
vt 0.331900 0.757624
vt 0.345987 0.779819
vt 0.331283 0.780153
vt 0.317275 0.770264
vt 0.365835 0.680346
vt 0.132256 0.848086
vt 0.147480 0.848908
vt 0.816415 0.954566
vt 0.812758 0.967725
vt 0.806922 0.957946
vt 0.796701 0.086393
vt 0.791272 0.078626
vt 0.123406 0.856994
vt 0.101059 0.914293
vt 0.097959 0.899595
vt 0.598239 0.313338
vt 0.639812 0.527539
vt 0.637034 0.546376
vt 0.842635 0.772012
vt 0.835441 0.790688
vt 0.832895 0.773345
vt 0.843413 0.759394
vt 0.604752 0.329348
vt 0.046010 0.545911
vt 0.053242 0.537344
vt 0.062070 0.545892
vt 0.055674 0.554153
vt 0.044972 0.488839
vt 0.036832 0.499295
vt 0.828823 0.057645
vt 0.814119 0.058684
vt 0.821294 0.048829
vt 0.751594 0.677162
vt 0.696612 0.394707
vt 0.797405 0.629171
vt 0.783941 0.636459
vt 0.885567 0.757500
vt 0.884619 0.740515
vt 0.893457 0.749726
vt 0.325234 0.223084
vt 0.337213 0.219334
vt 0.330593 0.229647
vt 0.319229 0.221889
vt 0.321695 0.219570
vt 0.001323 0.451435
vt 0.000769 0.469024
vt 0.109737 0.455626
vt 0.123933 0.470064
vt 0.107282 0.470558
vt 0.002011 0.434781
vt 0.422083 0.210540
vt 0.429716 0.210373
vt 0.422157 0.215733
vt 0.416928 0.215512
vt 0.093891 0.884379
vt 0.086995 0.900633
vt 0.083159 0.885741
vt 0.088516 0.868155
vt 0.095363 0.738274
vt 0.108721 0.746346
vt 0.093768 0.747637
vt 0.073826 0.215192
vt 0.091042 0.214645
vt 0.246115 0.922960
vt 0.069115 0.919363
vt 0.056334 0.909052
vt 0.068005 0.908332
vt 0.042935 0.473326
vt 0.051995 0.479188
vt 0.246220 0.933091
vt 0.846182 0.585368
vt 0.832250 0.584016
vt 0.959297 0.432374
vt 0.957079 0.424965
vt 0.960208 0.426296
vt 0.408045 0.209948
vt 0.043197 0.009621
vt 0.043197 0.010799
vt 0.042948 0.010175
vt 0.901392 0.388310
vt 0.898964 0.383102
vt 0.909220 0.388101
vt 0.916644 0.395342
vt 0.909137 0.398879
vt 0.957895 0.440941
vt 0.953518 0.433965
vt 0.345572 0.231502
vt 0.345203 0.241901
vt 0.333672 0.241901
vt 0.321498 0.237474
vt 0.314306 0.231515
vt 0.318712 0.226839
vt 0.156868 0.839718
vt 0.170626 0.839956
vt 0.160604 0.848306
vt 0.055064 0.228418
vt 0.038970 0.213507
vt 0.056271 0.214462
vt 0.126604 0.352986
vt 0.141593 0.357681
vt 0.701335 0.463458
vt 0.712055 0.454928
vt 0.712743 0.464373
vt 0.704257 0.473672
vt 0.794318 0.068744
vt 0.800636 0.060015
vt 0.113145 0.928726
vt 0.317665 0.781304
vt 0.331575 0.791197
vt 0.317297 0.792429
vt 0.101992 0.927979
vt 0.078551 0.870070
vt 0.081890 0.851760
vt 0.677491 0.070582
vt 0.671035 0.055531
vt 0.680493 0.053163
vt 0.687187 0.067499
vt 0.686276 0.085388
vt 0.673295 0.617010
vt 0.044982 0.297288
vt 0.028853 0.303489
vt 0.006603 0.299287
vt 0.002246 0.225703
vt 0.780981 0.649368
vt 0.766521 0.655917
vt 0.772466 0.643911
vt 0.338920 0.208085
vt 0.940871 0.438415
vt 0.946692 0.429339
vt 0.949945 0.442743
vt 0.939686 0.454481
vt 0.931807 0.445702
vt 0.075594 0.001504
vt 0.074836 0.003642
vt 0.072578 0.001840
vt 0.657588 0.582749
vt 0.661877 0.603024
vt 0.651048 0.600553
vt 0.648045 0.583997
vt 0.644344 0.567543
vt 0.839658 0.813921
vt 0.843413 0.830684
vt 0.834370 0.829363
vt 0.829651 0.813331
vt 0.825609 0.790971
vt 0.822573 0.775268
vt 0.827444 0.759881
vt 0.043197 0.000627
vt 0.027260 0.509367
vt 0.045518 0.507541
vt 0.036482 0.517801
vt 0.899870 0.403111
vt 0.918906 0.408681
vt 0.961123 0.461579
vt 0.956688 0.463923
vt 0.946555 0.466578
vt 0.694723 0.082294
vt 0.696807 0.064185
vt 0.703824 0.077744
vt 0.817297 0.586281
vt 0.829387 0.594239
vt 0.815226 0.596332
vt 0.801832 0.590119
vt 0.159086 0.454244
vt 0.161882 0.439626
vt 0.178595 0.439946
vt 0.175850 0.455349
vt 0.157081 0.469428
vt 0.034557 0.004093
vt 0.034198 0.007687
vt 0.032196 0.003933
vt 0.031659 0.001481
vt 0.429806 0.216335
vt 0.421647 0.220300
vt 0.760318 0.667895
vt 0.827723 0.038270
vt 0.812970 0.041288
vt 0.818418 0.030878
vt 0.833693 0.026892
vt 0.803655 0.970393
vt 0.797979 0.960759
vt 0.804570 0.952389
vt 0.416933 0.220302
vt 0.013108 0.373842
vt 0.017023 0.371919
vt 0.014311 0.376738
vt 0.903916 0.383131
vt 0.907289 0.382187
vt 0.913078 0.385882
vt 0.080236 0.751440
vt 0.092271 0.757016
vt 0.079906 0.760241
vt 0.064705 0.753844
vt 0.483164 0.362558
vt 0.483925 0.384449
vt 0.481893 0.341319
vt 0.493732 0.352784
vt 0.495296 0.373672
vt 0.192225 0.457059
vt 0.018609 0.432127
vt 0.001817 0.418841
vt 0.019671 0.415851
vt 0.022360 0.578808
vt 0.041089 0.574762
vt 0.032795 0.586179
vt 0.013210 0.591201
vt 0.002293 0.583216
vt 0.912180 0.780289
vt 0.911375 0.765295
vt 0.918805 0.772184
vt 0.920418 0.786057
vt 0.914187 0.794956
vt 0.071611 0.004255
vt 0.921755 0.441513
vt 0.921457 0.451355
vt 0.069966 0.008639
vt 0.069551 0.006005
vt 0.069234 0.001504
vt 0.825214 0.828970
vt 0.819934 0.813244
vt 0.814943 0.791117
vt 0.812232 0.776050
vt 0.816778 0.761955
vt 0.045692 0.911287
vt 0.041697 0.898147
vt 0.058815 0.470677
vt 0.069243 0.477176
vt 0.062020 0.487525
vt 0.330607 0.801729
vt 0.317777 0.802456
vt 0.091893 0.928190
vt 0.806714 0.050622
vt 0.793090 0.052733
vt 0.799637 0.044095
vt 0.902074 0.757749
vt 0.902283 0.742116
vt 0.910429 0.750671
vt 0.359447 0.780076
vt 0.027345 0.528048
vt 0.045366 0.526488
vt 0.372982 0.792157
vt 0.359085 0.791807
vt 0.809963 0.980442
vt 0.814950 0.992838
vt 0.805927 0.992267
vt 0.800724 0.981716
vt 0.106209 0.755552
vt 0.800512 0.599884
vt 0.813498 0.605362
vt 0.116631 0.763163
vt 0.103752 0.764180
vt 0.048880 0.563972
vt 0.064016 0.561452
vt 0.058094 0.570923
vt 0.012844 0.021598
vt 0.011746 0.021488
vt 0.011746 0.018729
vt 0.012959 0.019326
vt 0.018160 0.374441
vt 0.017662 0.370631
vt 0.020023 0.375196
vt 0.016283 0.379559
vt 0.104340 0.947576
vt 0.107991 0.963481
vt 0.098160 0.963811
vt 0.095119 0.948668
vt 0.808960 0.812716
vt 0.073847 0.200918
vt 0.091117 0.200371
vt 0.023977 0.383269
vt 0.022024 0.387272
vt 0.017934 0.385215
vt 0.020115 0.381693
vt 0.026958 0.378469
vt 0.030101 0.381923
vt 0.026838 0.384093
vt 0.914555 0.382035
vt 0.909566 0.379355
vt 0.915263 0.378605
vt 0.921175 0.380615
vt 0.923073 0.386537
vt 0.072588 0.956785
vt 0.056042 0.957258
vt 0.063496 0.948730
vt 0.070709 0.939993
vt 0.080364 0.948841
vt 0.081887 0.965049
vt 0.063815 0.965297
vt 0.980561 0.810219
vt 0.967046 0.812095
vt 0.965233 0.801338
vt 0.977341 0.799017
vt 0.054873 0.940009
vt 0.061605 0.931489
vt 0.090315 0.914509
vt 0.081396 0.927635
vt 0.080150 0.914452
vt 0.806096 0.764038
vt 0.801915 0.776226
vt 0.842983 0.595714
vt 0.850972 0.608719
vt 0.840475 0.605607
vt 0.026680 0.388308
vt 0.032026 0.386792
vt 0.026230 0.392688
vt 0.020866 0.392111
vt 0.015932 0.390773
vt 0.013108 0.396260
vt 0.919444 0.375584
vt 0.926503 0.375338
vt 0.015086 0.385251
vt 0.023009 0.376738
vt 0.787759 0.061314
vt 0.783695 0.068959
vt 0.790486 0.953918
vt 0.789151 0.965027
vt 0.781705 0.957997
vt 0.781164 0.054658
vt 0.090777 0.766396
vt 0.079217 0.769227
vt 0.064722 0.762806
vt 0.039414 0.200551
vt 0.057122 0.200750
vt 0.021157 0.213190
vt 0.012306 0.311326
vt 0.033459 0.316395
vt 0.017528 0.323582
vt 0.022923 0.199986
vt 0.004268 0.604331
vt 0.024474 0.598300
vt 0.015256 0.612216
vt 0.150001 0.346911
vt 0.158175 0.362812
vt 0.036925 0.413352
vt 0.020637 0.400580
vt 0.037872 0.398496
vt 0.069983 0.552554
vt 0.075973 0.546002
vt 0.606911 0.931645
vt 0.602759 0.939525
vt 0.594704 0.935040
vt 0.598856 0.927161
vt 0.076674 0.558854
vt 0.035826 0.378089
vt 0.409745 0.372367
vt 0.414861 0.365103
vt 0.414235 0.370254
vt 0.411208 0.381223
vt 0.401970 0.372338
vt 0.038877 0.385117
vt 0.021279 0.371839
vt 0.273291 0.297753
vt 0.276244 0.302381
vt 0.272734 0.302940
vt 0.267941 0.299577
vt 0.028081 0.374479
vt 0.920293 0.391472
vt 0.936553 0.392311
vt 0.931305 0.398439
vt 0.277738 0.302512
vt 0.280778 0.302481
vt 0.280778 0.309788
vt 0.276394 0.309233
vt 0.279744 0.298673
vt 0.082764 0.085417
vt 0.082764 0.081739
vt 0.084233 0.083523
vt 0.083920 0.086393
vt 0.031944 0.008639
vt 0.031659 0.006685
vt 0.076583 0.901337
vt 0.675921 0.039280
vt 0.671302 0.026732
vt 0.681587 0.024896
vt 0.684930 0.037399
vt 0.713358 0.074616
vt 0.712043 0.092873
vt 0.706434 0.060895
vt 0.715814 0.058068
vt 0.721934 0.071899
vt 0.747612 0.441783
vt 0.755751 0.437938
vt 0.756282 0.455724
vt 0.840628 0.844492
vt 0.774820 0.630853
vt 0.764972 0.636122
vt 0.578834 0.295870
vt 0.562491 0.298056
vt 0.570313 0.288784
vt 0.893469 0.733854
vt 0.902353 0.727217
vt 0.929140 0.461468
vt 0.935509 0.472255
vt 0.924434 0.476198
vt 0.918183 0.465591
vt 0.344584 0.790606
vt 0.356665 0.803332
vt 0.343688 0.801701
vt 0.072411 0.973652
vt 0.089159 0.974729
vt 0.080065 0.982721
vt 0.062536 0.982197
vt 0.054873 0.974611
vt 0.805268 0.791618
vt 0.800235 0.811772
vt 0.796477 0.792427
vt 0.140557 0.469532
vt 0.154164 0.484254
vt 0.138111 0.484466
vt 0.416847 0.377830
vt 0.413952 0.388769
vt 0.264895 0.306821
vt 0.270794 0.308878
vt 0.265076 0.310236
vt 0.823551 0.020540
vt 0.810064 0.024922
vt 0.814403 0.014327
vt 0.828153 0.009572
vt 0.760656 0.647829
vt 0.797412 0.415364
vt 0.781063 0.421298
vt 0.787070 0.409580
vt 0.805616 0.403139
vt 0.009067 0.008639
vt 0.009067 0.003631
vt 0.012959 0.004872
vt 0.012871 0.008255
vt 0.963320 0.789974
vt 0.975872 0.788592
vt 0.067019 0.924191
vt 0.690188 0.050080
vt 0.695081 0.034940
vt 0.700364 0.047708
vt 0.112984 0.771985
vt 0.101355 0.773376
vt 0.827476 0.604391
vt 0.837804 0.615551
vt 0.826516 0.614203
vt 0.022491 0.397408
vt 0.928009 0.829642
vt 0.921000 0.827629
vt 0.925738 0.827157
vt 0.929985 0.823626
vt 0.934114 0.825995
vt 0.931568 0.834165
vt 0.922447 0.832668
vt 0.032250 0.393090
vt 0.922229 0.821487
vt 0.916614 0.818841
vt 0.918982 0.811634
vt 0.926630 0.814714
vt 0.053483 0.497137
vt 0.073365 0.496145
vt 0.063667 0.505950
vt 0.274185 0.308372
vt 0.276006 0.314016
vt 0.273813 0.314843
vt 0.401970 0.383021
vt 0.011778 0.000142
vt 0.920263 0.801661
vt 0.921608 0.789909
vt 0.932023 0.806521
vt 0.077159 0.932929
vt 0.790111 0.791970
vt 0.781752 0.781792
vt 0.792196 0.778700
vt 0.082455 0.930207
vt 0.087478 0.948431
vt 0.795054 0.972821
vt 0.793181 0.983364
vt 0.788037 0.975712
vt 0.709440 0.045242
vt 0.747729 0.425143
vt 0.757058 0.420325
vt 0.765168 0.433607
vt 0.763988 0.450407
vt 0.476167 0.704438
vt 0.491902 0.704105
vt 0.480478 0.722836
vt 0.465257 0.722823
vt 0.461553 0.705120
vt 0.877225 0.107760
vt 0.403423 0.524341
vt 0.392339 0.524838
vt 0.411117 0.510938
vt 0.420702 0.524451
vt 0.022853 0.888482
vt 0.036675 0.884444
vt 0.925964 0.777723
vt 0.925379 0.765016
vt 0.931587 0.771661
vt 0.933045 0.781880
vt 0.929208 0.790220
vt 0.054278 0.896665
vt 0.085863 0.471575
vt 0.082179 0.485191
vt 0.271567 0.314659
vt 0.269882 0.315335
vt 0.268056 0.312157
vt 0.980561 0.776997
vt 0.966889 0.772486
vt 0.971374 0.763319
vt 0.791273 0.769728
vt 0.441639 0.667490
vt 0.444086 0.685447
vt 0.429190 0.684870
vt 0.427441 0.665722
vt 0.440709 0.649583
vt 0.926255 0.403473
vt 0.942200 0.407298
vt 0.935952 0.412447
vt 0.099221 0.978023
vt 0.775538 0.431959
vt 0.769773 0.414385
vt 0.064857 0.771192
vt 0.079094 0.776704
vt 0.065438 0.777538
vt 0.797100 0.992441
vt 0.790593 0.993289
vt 0.458597 0.686336
vt 0.446772 0.704041
vt 0.804803 0.035481
vt 0.791295 0.038305
vt 0.796515 0.029607
vt 0.951678 0.479757
vt 0.941674 0.482883
vt 0.174588 0.898488
vt 0.176271 0.909526
vt 0.164035 0.910707
vt 0.162571 0.898776
vt 0.953136 0.806313
vt 0.951671 0.795167
vt 0.172903 0.470472
vt 0.189458 0.471289
vt 0.186333 0.485448
vt 0.169923 0.484762
vt 0.051161 0.581392
vt 0.042805 0.592900
vt 0.930548 0.382043
vt 0.933767 0.372042
vt 0.939244 0.378427
vt 0.162463 0.886407
vt 0.151322 0.898645
vt 0.144593 0.884493
vt 0.151070 0.913089
vt 0.138139 0.910183
vt 0.141524 0.896863
vt 0.812097 0.614374
vt 0.917956 0.758135
vt 0.918172 0.743628
vt 0.925176 0.751691
vt 0.089474 0.774463
vt 0.138359 0.935430
vt 0.138139 0.922609
vt 0.146688 0.927443
vt 0.146540 0.938522
vt 0.140076 0.946159
vt 0.108144 0.200159
vt 0.470068 0.329836
vt 0.459392 0.316735
vt 0.469887 0.308538
vt 0.481427 0.320579
vt 0.355105 0.814603
vt 0.341883 0.812472
vt 0.786185 0.046328
vt 0.774197 0.952389
vt 0.775486 0.963118
vt 0.768820 0.957809
vt 0.778964 0.040487
vt 0.252878 0.022093
vt 0.255673 0.014611
vt 0.257305 0.017840
vt 0.254246 0.023961
vt 0.047119 0.004386
vt 0.046868 0.002821
vt 0.051836 0.002771
vt 0.051635 0.004516
vt 0.046809 0.007020
vt 0.251101 0.018766
vt 0.256961 0.025258
vt 0.261339 0.020375
vt 0.260119 0.025676
vt 0.260427 0.029267
vt 0.258471 0.029255
vt 0.254709 0.032397
vt 0.251101 0.030209
vt 0.259225 0.019794
vt 0.004614 0.200196
vt 0.002559 0.200743
vt 0.000769 0.197524
vt 0.002779 0.195708
vt 0.006449 0.199121
vt 0.007715 0.201083
vt 0.005436 0.202972
vt 0.001476 0.203678
vt 0.002777 0.207343
vt 0.241213 0.181463
vt 0.240767 0.178265
vt 0.245746 0.179266
vt 0.245544 0.182216
vt 0.243041 0.184186
vt 0.000767 0.202160
vt 0.245552 0.185343
vt 0.241091 0.184249
vt 0.250955 0.183344
vt 0.250787 0.186067
vt 0.243331 0.187019
vt 0.050166 0.309561
vt 0.065548 0.303062
vt 0.006381 0.626350
vt 0.026532 0.619296
vt 0.070737 0.315316
vt 0.054618 0.321541
vt 0.072446 0.567120
vt 0.066804 0.576662
vt 0.910668 0.735775
vt 0.576722 0.278855
vt 0.561804 0.281687
vt 0.568903 0.272092
vt 0.919075 0.729768
vt 0.004713 0.194561
vt 0.008639 0.198225
vt 0.051836 0.006564
vt 0.050253 0.008639
vt 0.008492 0.205946
vt 0.758720 0.403260
vt 0.776318 0.403816
vt 0.329578 0.812257
vt 0.340798 0.822993
vt 0.328992 0.822045
vt 0.317614 0.812856
vt 0.781805 0.968623
vt 0.781723 0.979276
vt 0.776122 0.972921
vt 0.157372 0.922287
vt 0.040987 0.187335
vt 0.057904 0.187774
vt 0.121855 0.484959
vt 0.135458 0.499332
vt 0.119728 0.499847
vt 0.105365 0.486178
vt 0.588870 0.929809
vt 0.590550 0.923662
vt 0.601037 0.918202
vt 0.936954 0.818840
vt 0.945590 0.812477
vt 0.939237 0.821939
vt 0.938519 0.830142
vt 0.945065 0.823272
vt 0.944243 0.835853
vt 0.053840 0.516201
vt 0.072545 0.516059
vt 0.062358 0.525531
vt 0.250783 0.188410
vt 0.254781 0.184303
vt 0.475475 0.436751
vt 0.480712 0.443229
vt 0.478405 0.442705
vt 0.254703 0.188502
vt 0.250960 0.190865
vt 0.242853 0.189309
vt 0.250962 0.180529
vt 0.250865 0.176732
vt 0.093936 0.020670
vt 0.093942 0.020030
vt 0.094982 0.019837
vt 0.095023 0.020276
vt 0.093946 0.021134
vt 0.786339 0.985861
vt 0.785530 0.994327
vt 0.782213 0.990215
vt 0.039109 0.328382
vt 0.023436 0.336173
vt 0.002984 0.331376
vt 0.931560 0.759440
vt 0.584377 0.935361
vt 0.572756 0.933670
vt 0.579705 0.930048
vt 0.818612 0.004657
vt 0.807044 0.006259
vt 0.554691 0.291273
vt 0.540476 0.292786
vt 0.547426 0.283731
vt 0.245427 0.176693
vt 0.241014 0.174905
vt 0.243880 0.211663
vt 0.240767 0.208423
vt 0.249817 0.208902
vt 0.057904 0.010953
vt 0.058315 0.011688
vt 0.057904 0.011743
vt 0.485961 0.136515
vt 0.483514 0.141361
vt 0.481250 0.141024
vt 0.254860 0.192152
vt 0.250927 0.193189
vt 0.243343 0.191682
vt 0.146377 0.948666
vt 0.154162 0.942626
vt 0.152750 0.952435
vt 0.147026 0.955153
vt 0.786313 1.000000
vt 0.142356 0.955949
vt 0.793063 0.397421
vt 0.782126 0.392953
vt 0.797110 0.385627
vt 0.079709 0.005649
vt 0.079927 0.001413
vt 0.084233 0.001093
vt 0.084233 0.006480
vt 0.936335 0.797286
vt 0.938697 0.785308
vt 0.948603 0.800141
vt 0.007898 0.192365
vt 0.244011 0.195865
vt 0.249738 0.196719
vt 0.243570 0.199583
vt 0.679070 0.012847
vt 0.668999 0.013923
vt 0.677829 0.001232
vt 0.317414 0.822218
vt 0.328341 0.831828
vt 0.687635 0.000983
vt 0.688573 0.012131
vt 0.719784 0.042448
vt 0.713703 0.031262
vt 0.723190 0.028005
vt 0.749434 0.409202
vt 0.750509 0.394392
vt 0.725702 0.054556
vt 0.103672 0.470677
vt 0.442630 0.524838
vt 0.428550 0.510256
vt 0.445892 0.517075
vt 0.093861 0.495963
vt 0.787151 0.016526
vt 0.784231 0.031824
vt 0.778478 0.025024
vt 0.987944 0.637149
vt 0.978296 0.628763
vt 0.983001 0.620502
vt 0.992864 0.623592
vt 0.778478 0.005075
vt 0.787021 0.000963
vt 0.798160 0.003389
vt 0.929679 0.417793
vt 0.912406 0.414917
vt 0.945690 0.421051
vt 0.938660 0.426929
vt 0.922304 0.425018
vt 0.931559 0.433442
vt 0.924122 0.440605
vt 0.961123 0.477206
vt 0.956744 0.490281
vt 0.095032 0.020740
vt 0.093936 0.021598
vt 0.483809 0.444208
vt 0.486942 0.444831
vt 0.486869 0.452836
vt 0.483459 0.451732
vt 0.095023 0.021204
vt 0.926051 0.737925
vt 0.933045 0.745975
vt 0.051094 0.001025
vt 0.243051 0.202703
vt 0.250919 0.200674
vt 0.250520 0.203535
vt 0.241989 0.205344
vt 0.250364 0.205806
vt 0.465009 0.139283
vt 0.467631 0.138761
vt 0.469315 0.145990
vt 0.466165 0.146114
vt 0.461916 0.138596
vt 0.177054 0.920363
vt 0.187548 0.907752
vt 0.188122 0.919838
vt 0.177609 0.932092
vt 0.166360 0.931980
vt 0.165688 0.921445
vt 0.691037 0.023874
vt 0.697708 0.011577
vt 0.700567 0.022592
vt 0.704623 0.033727
vt 0.709266 0.020926
vt 0.034923 0.605650
vt 0.053286 0.599533
vt 0.045010 0.611816
vt 0.963689 0.631263
vt 0.956654 0.627596
vt 0.961076 0.621093
vt 0.969353 0.624903
vt 0.972427 0.635964
vt 0.776447 0.985011
vt 0.953362 0.617202
vt 0.952436 0.605967
vt 0.958236 0.610097
vt 0.769364 0.968216
vt 0.156216 0.931065
vt 0.164950 0.947126
vt 0.160074 0.956804
vt 0.780059 0.997200
vt 0.773323 0.992958
vt 0.583705 0.927477
vt 0.577149 0.922667
vt 0.583315 0.921822
vt 0.955599 0.597226
vt 0.962643 0.601662
vt 0.592731 0.914703
vt 0.583915 0.913883
vt 0.594071 0.904413
vt 0.604371 0.907589
vt 0.553996 0.274913
vt 0.560398 0.264990
vt 0.575184 0.263382
vt 0.948164 0.402410
vt 0.946778 0.387841
vt 0.080275 0.838730
vt 0.079244 0.853373
vt 0.071478 0.842701
vt 0.071464 0.827458
vt 0.086361 0.833371
vt 0.373141 0.804356
vt 0.053964 0.535637
vt 0.069748 0.535331
vt 0.382289 0.820841
vt 0.369888 0.816264
vt 0.058274 0.012959
vt 0.463867 0.145993
vt 0.466037 0.155440
vt 0.464145 0.154184
vt 0.492970 0.446822
vt 0.492399 0.453221
vt 0.489756 0.445041
vt 0.493978 0.441119
vt 0.060783 0.587464
vt 0.075625 0.582805
vt 0.606911 0.895536
vt 0.596635 0.892589
vt 0.069430 0.593709
vt 0.254694 0.196996
vt 0.474039 0.136129
vt 0.478572 0.140835
vt 0.475430 0.143584
vt 0.470881 0.137974
vt 0.483066 0.150259
vt 0.480838 0.150461
vt 0.482919 0.136917
vt 0.480365 0.452000
vt 0.480642 0.460263
vt 0.477673 0.460561
vt 0.478204 0.451785
vt 0.493326 0.331954
vt 0.491784 0.312002
vt 0.503350 0.323239
vt 0.504370 0.342942
vt 0.568974 0.926151
vt 0.559927 0.930201
vt 0.556228 0.921006
vt 0.566021 0.916452
vt 0.948155 0.373016
vt 0.076596 0.867192
vt 0.070079 0.858701
vt 0.966005 0.614124
vt 0.974148 0.617266
vt 0.188731 0.931922
vt 0.199490 0.918796
vt 0.199170 0.930694
vt 0.188689 0.942499
vt 0.177569 0.942738
vt 0.969945 0.605313
vt 0.489654 0.454695
vt 0.496760 0.456679
vt 0.478920 0.038559
vt 0.473988 0.032709
vt 0.476657 0.032334
vt 0.486345 0.462203
vt 0.173271 0.954697
vt 0.957665 0.586824
vt 0.966767 0.592767
vt 0.103294 0.501074
vt 0.087513 0.487148
vt 0.117460 0.514039
vt 0.913167 0.375810
vt 0.895244 0.368500
vt 0.909472 0.361158
vt 0.928726 0.368069
vt 0.007803 0.399839
vt 0.074228 0.326617
vt 0.059564 0.333168
vt 0.532386 0.288441
vt 0.539550 0.277545
vt 0.592006 0.967159
vt 0.592153 0.953970
vt 0.606061 0.954423
vt 0.606150 0.966568
vt 0.592878 0.977014
vt 0.766592 0.396448
vt 0.758448 0.389612
vt 0.771949 0.388709
vt 0.074395 0.187329
vt 0.057960 0.174774
vt 0.074944 0.174413
vt 0.459867 0.295813
vt 0.470635 0.288728
vt 0.090875 0.187017
vt 0.044055 0.340008
vt 0.028961 0.347157
vt 0.008187 0.343639
vt 0.574862 0.914088
vt 0.562501 0.906119
vt 0.573793 0.903758
vt 0.410579 0.491210
vt 0.423073 0.486712
vt 0.435542 0.486483
vt 0.439595 0.502331
vt 0.378755 0.832033
vt 0.367521 0.827296
vt 0.179406 0.951453
vt 0.971706 0.588665
vt 0.973417 0.596616
vt 0.567226 0.255492
vt 0.552257 0.258332
vt 0.559109 0.248804
vt 0.574578 0.247548
vt 0.546375 0.925585
vt 0.550797 0.935930
vt 0.082745 0.506452
vt 0.461835 0.520925
vt 0.449974 0.503723
vt 0.466217 0.509187
vt 0.091547 0.517113
vt 0.952484 0.830168
vt 0.601181 0.984143
vt 0.613160 0.978126
vt 0.067038 0.874141
vt 0.978899 0.608569
vt 0.987859 0.611708
vt 0.352508 0.825079
vt 0.364913 0.837782
vt 0.350746 0.835857
vt 0.472232 0.145497
vt 0.475142 0.152678
vt 0.471865 0.154972
vt 0.483732 0.460902
vt 0.478826 0.032673
vt 0.478048 0.020995
vt 0.480034 0.022491
vt 0.481258 0.032921
vt 0.478456 0.150861
vt 0.483483 0.157985
vt 0.480874 0.158601
vt 0.717944 0.019188
vt 0.714896 0.010509
vt 0.723171 0.009441
vt 0.725702 0.016847
vt 0.078322 0.821806
vt 0.093101 0.828264
vt 0.064101 0.817318
vt 0.071328 0.811766
vt 0.085668 0.817097
vt 0.523784 0.282462
vt 0.508232 0.285752
vt 0.515666 0.275596
vt 0.531028 0.271460
vt 0.198875 0.942113
vt 0.209503 0.930435
vt 0.870219 0.014848
vt 0.878212 0.001343
vt 0.880244 0.012630
vt 0.872080 0.024946
vt 0.198481 0.952581
vt 0.188413 0.951798
vt 0.785843 0.382483
vt 0.774539 0.379355
vt 0.788573 0.371118
vt 0.941506 0.774382
vt 0.952484 0.776805
vt 0.950970 0.787983
vt 0.982788 0.599118
vt 0.338650 0.832704
vt 0.829756 0.103708
vt 0.834215 0.091433
vt 0.843625 0.096408
vt 0.839601 0.107339
vt 0.337891 0.842333
vt 0.706595 0.011473
vt 0.845968 0.129007
vt 0.836368 0.127222
vt 0.845938 0.120115
vt 0.853197 0.122088
vt 0.853755 0.130317
vt 0.475475 0.460380
vt 0.181021 0.391632
vt 0.183006 0.391748
vt 0.183572 0.400688
vt 0.181552 0.402696
vt 0.178773 0.391925
vt 0.485961 0.157703
vt 0.151343 0.498396
vt 0.166919 0.499017
vt 0.148736 0.512023
vt 0.469452 0.740497
vt 0.484070 0.739910
vt 0.924555 0.354068
vt 0.906166 0.347026
vt 0.920953 0.339649
vt 0.454429 0.740400
vt 0.584144 0.903618
vt 0.573091 0.890555
vt 0.585003 0.890976
vt 0.470343 0.154654
vt 0.470164 0.159599
vt 0.163554 0.385693
vt 0.168944 0.392429
vt 0.166295 0.392901
vt 0.464234 0.161987
vt 0.545842 0.268271
vt 0.537159 0.261734
vt 0.086432 0.800121
vt 0.099352 0.804056
vt 0.092379 0.810736
vt 0.079054 0.806494
vt 0.889511 0.011279
vt 0.899239 0.009215
vt 0.902149 0.020682
vt 0.891950 0.022486
vt 0.093244 0.794429
vt 0.751504 0.382897
vt 0.747612 0.375902
vt 0.756357 0.374268
vt 0.756509 0.380250
vt 0.980498 0.587728
vt 0.327715 0.841376
vt 0.317275 0.832557
vt 0.837227 0.117310
vt 0.848897 0.110693
vt 0.317865 0.841609
vt 0.182222 0.499619
vt 0.515261 0.333187
vt 0.513923 0.313959
vt 0.524838 0.323734
vt 0.178983 0.512766
vt 0.062949 0.605381
vt 0.055401 0.618589
vt 0.036021 0.626350
vt 0.080792 0.526398
vt 0.481042 0.510940
vt 0.469392 0.496139
vt 0.484423 0.496858
vt 0.494600 0.513077
vt 0.751110 0.712743
vt 0.744185 0.705213
vt 0.753780 0.703616
vt 0.594420 0.942136
vt 0.606958 0.941988
vt 0.059854 0.004845
vt 0.058612 0.001192
vt 0.060819 0.004299
vt 0.064795 0.005010
vt 0.140389 0.340480
vt 0.135496 0.341678
vt 0.134343 0.336963
vt 0.057859 0.008639
vt 0.059022 0.004518
vt 0.057859 0.001156
vt 0.079166 0.338084
vt 0.063408 0.344354
vt 0.450725 0.722697
vt 0.440860 0.740337
vt 0.436614 0.722777
vt 0.598395 0.879309
vt 0.586865 0.876517
vt 0.601046 0.864298
vt 0.997840 0.613628
vt 0.992218 0.602157
vt 0.878351 0.053814
vt 0.871965 0.041433
vt 0.881863 0.044165
vt 0.888746 0.056951
vt 0.884793 0.067661
vt 0.500567 0.278110
vt 0.990784 0.586824
vt 0.992660 0.595330
vt 0.460147 0.160149
vt 0.470840 0.032757
vt 0.465827 0.038877
vt 0.468653 0.032175
vt 0.469413 0.021809
vt 0.471797 0.022506
vt 0.472568 0.038868
vt 0.432224 0.703928
vt 0.422624 0.723393
vt 0.418548 0.704577
vt 0.414897 0.685492
vt 0.552550 0.910162
vt 0.567149 0.238882
vt 0.551129 0.240935
vt 0.558875 0.230959
vt 0.574898 0.231262
vt 0.908111 0.007138
vt 0.911465 0.018316
vt 0.762381 0.383497
vt 0.764718 0.376187
vt 0.881869 0.023479
vt 0.892273 0.033792
vt 0.882713 0.033574
vt 0.477649 0.160367
vt 0.172657 0.392267
vt 0.176227 0.391998
vt 0.175871 0.404097
vt 0.172326 0.403036
vt 0.169597 0.385679
vt 0.474093 0.022051
vt 0.468642 0.013114
vt 0.471262 0.013501
vt 0.481028 0.300806
vt 0.481348 0.281056
vt 0.491043 0.292645
vt 0.041377 0.174413
vt 0.014443 0.354953
vt 0.033675 0.358178
vt 0.019596 0.365861
vt 0.000137 0.363348
vt 0.891716 0.045409
vt 0.872584 0.033731
vt 0.179264 0.403063
vt 0.185656 0.407345
vt 0.138016 0.325614
vt 0.133592 0.330852
vt 0.133035 0.328867
vt 0.180984 0.407852
vt 0.521630 0.265053
vt 0.506660 0.268390
vt 0.895391 0.070736
vt 0.899223 0.060266
vt 0.512727 0.258247
vt 0.528196 0.254536
vt 0.133771 0.334160
vt 0.139350 0.335990
vt 0.123533 0.337686
vt 0.123774 0.334294
vt 0.138331 0.330175
vt 0.190065 0.406056
vt 0.485961 0.017522
vt 0.134631 0.343710
vt 0.138429 0.349892
vt 0.133294 0.346289
vt 0.123142 0.346904
vt 0.123955 0.343818
vt 0.140206 0.345713
vt 0.133190 0.513523
vt 0.170494 0.821882
vt 0.184814 0.817082
vt 0.186052 0.831228
vt 0.172431 0.835354
vt 0.880730 0.374527
vt 0.877316 0.361202
vt 0.559954 0.893555
vt 0.567845 0.220616
vt 0.549964 0.221558
vt 0.558613 0.206318
vt 0.578834 0.212799
vt 0.451869 0.485715
vt 0.544116 0.251674
vt 0.535075 0.244003
vt 0.476784 0.485071
vt 0.489980 0.488622
vt 0.841869 0.049340
vt 0.850500 0.056790
vt 0.836270 0.061166
vt 0.829756 0.052035
vt 0.859992 0.121107
vt 0.855605 0.115084
vt 0.869819 0.121721
vt 0.861192 0.131387
vt 0.094071 0.332156
vt 0.097672 0.342955
vt 0.082419 0.349488
vt 0.574006 0.876270
vt 0.574263 0.199289
vt 0.511694 0.685783
vt 0.527659 0.694985
vt 0.502391 0.700451
vt 0.494306 0.689818
vt 0.502794 0.678243
vt 0.901918 0.047664
vt 0.776800 0.368476
vt 0.734485 0.698956
vt 0.722402 0.704756
vt 0.722017 0.694966
vt 0.735209 0.688632
vt 0.746266 0.694228
vt 0.736420 0.708467
vt 0.123738 0.340884
vt 0.113968 0.346077
vt 0.114725 0.342516
vt 0.163345 0.512797
vt 0.199008 0.814344
vt 0.213201 0.811606
vt 0.213336 0.824633
vt 0.200091 0.827291
vt 0.062818 0.848088
vt 0.060093 0.864700
vt 0.053136 0.854778
vt 0.054783 0.838002
vt 0.063318 0.832048
vt 0.055029 0.822327
vt 0.845618 0.068336
vt 0.831263 0.072085
vt 0.860748 0.063251
vt 0.854453 0.073959
vt 0.838984 0.079450
vt 0.852776 0.100275
vt 0.863429 0.107268
vt 0.048154 0.351354
vt 0.067408 0.355485
vt 0.052807 0.362400
vt 0.620246 0.963736
vt 0.624377 0.972847
vt 0.620864 0.987041
vt 0.902716 0.034097
vt 0.912963 0.033444
vt 0.913134 0.049083
vt 0.848520 0.085297
vt 0.864089 0.079156
vt 0.858723 0.089848
vt 0.868561 0.094603
vt 0.873208 0.113450
vt 0.708888 0.690276
vt 0.712564 0.680345
vt 0.723509 0.684039
vt 0.874620 0.130783
vt 0.866184 0.133909
vt 0.169428 0.403220
vt 0.166925 0.411161
vt 0.163554 0.412527
vt 0.166921 0.403769
vt 0.717017 0.705340
vt 0.132625 0.326076
vt 0.137828 0.322018
vt 0.123117 0.328150
vt 0.121471 0.325215
vt 0.133176 0.323066
vt 0.170307 0.410607
vt 0.123311 0.330445
vt 0.114770 0.334782
vt 0.114166 0.330542
vt 0.114672 0.338360
vt 0.936379 0.881436
vt 0.938294 0.878126
vt 0.946695 0.881833
vt 0.944800 0.885299
vt 0.939695 0.839770
vt 0.949591 0.837682
vt 0.940173 0.842629
vt 0.502158 0.304517
vt 0.501727 0.286139
vt 0.512011 0.296272
vt 0.005953 0.374730
vt 0.731921 0.549074
vt 0.717223 0.542005
vt 0.724737 0.531720
vt 0.738628 0.539013
vt 0.746097 0.555056
vt 0.740276 0.566955
vt 0.725189 0.559973
vt 0.111771 0.338078
vt 0.618295 0.952515
vt 0.619365 0.941075
vt 0.629440 0.950622
vt 0.748543 0.682911
vt 0.609659 0.929757
vt 0.620766 0.929757
vt 0.465827 0.013130
vt 0.164625 0.369574
vt 0.159984 0.377970
vt 0.162050 0.367936
vt 0.166516 0.357979
vt 0.169176 0.359981
vt 0.167507 0.370704
vt 0.430110 0.467921
vt 0.250599 0.935539
vt 0.270283 0.915662
vt 0.271215 0.928796
vt 0.275171 0.941169
vt 0.260577 0.947426
vt 0.463854 0.477748
vt 0.910304 0.062710
vt 0.922276 0.065334
vt 0.918691 0.077754
vt 0.906847 0.074186
vt 0.469435 0.055488
vt 0.464186 0.054792
vt 0.467347 0.051096
vt 0.155507 0.029854
vt 0.157667 0.034046
vt 0.151665 0.035158
vt 0.149331 0.029729
vt 0.154090 0.025454
vt 0.470215 0.060006
vt 0.465072 0.058180
vt 0.463410 0.050574
vt 0.460393 0.052791
vt 0.459485 0.049974
vt 0.059400 0.387211
vt 0.055740 0.388888
vt 0.055962 0.383956
vt 0.060233 0.381183
vt 0.466090 0.045465
vt 0.461193 0.056609
vt 0.460735 0.058856
vt 0.457353 0.056996
vt 0.457717 0.053639
vt 0.920432 0.015293
vt 0.916255 0.004099
vt 0.056710 0.810621
vt 0.927551 0.001343
vt 0.929943 0.013128
vt 0.923762 0.030887
vt 0.171922 0.361155
vt 0.169088 0.372261
vt 0.178082 0.354904
vt 0.180681 0.355961
vt 0.174385 0.362456
vt 0.113683 0.349892
vt 0.183585 0.357915
vt 0.941197 0.871694
vt 0.942490 0.867656
vt 0.951626 0.869845
vt 0.949697 0.874411
vt 0.940046 0.875190
vt 0.949816 0.841343
vt 0.955341 0.834343
vt 0.956297 0.838919
vt 0.950485 0.845129
vt 0.940963 0.846425
vt 0.948430 0.878185
vt 0.958288 0.877401
vt 0.955685 0.884851
vt 0.142789 0.031553
vt 0.145537 0.036580
vt 0.143526 0.039268
vt 0.958158 0.831151
vt 0.140134 0.034253
vt 0.139720 0.027613
vt 0.146576 0.025549
vt 0.154491 0.039330
vt 0.193714 0.038877
vt 0.188961 0.035672
vt 0.192823 0.031116
vt 0.147346 0.041037
vt 0.143973 0.019135
vt 0.152276 0.019728
vt 0.056192 0.377240
vt 0.060475 0.374257
vt 0.185201 0.038877
vt 0.184471 0.031283
vt 0.470842 0.045027
vt 0.458273 0.051919
vt 0.054480 0.391200
vt 0.053566 0.392610
vt 0.051156 0.390972
vt 0.052768 0.389200
vt 0.053157 0.385706
vt 0.051027 0.386581
vt 0.050648 0.383045
vt 0.052186 0.380455
vt 0.891486 0.354614
vt 0.874751 0.348470
vt 0.888343 0.341902
vt 0.418073 0.467470
vt 0.269804 0.902503
vt 0.288495 0.911651
vt 0.289349 0.923943
vt 0.541444 0.233565
vt 0.876381 0.531425
vt 0.888360 0.530333
vt 0.888914 0.543289
vt 0.876508 0.543723
vt 0.861793 0.532111
vt 0.926411 0.048817
vt 0.953129 0.886842
vt 0.956862 0.888449
vt 0.135915 0.028868
vt 0.135516 0.023536
vt 0.953898 0.892009
vt 0.950143 0.889843
vt 0.048695 0.378396
vt 0.052128 0.374257
vt 0.156950 0.023351
vt 0.465021 0.061682
vt 0.470842 0.065344
vt 0.463186 0.065080
vt 0.459251 0.061416
vt 0.049182 0.388763
vt 0.047502 0.390302
vt 0.046260 0.388472
vt 0.047597 0.385901
vt 0.113670 0.327432
vt 0.942668 0.849363
vt 0.951341 0.849173
vt 0.942132 0.852352
vt 0.936379 0.847412
vt 0.067619 0.012959
vt 0.067619 0.010114
vt 0.069114 0.011392
vt 0.957063 0.842762
vt 0.961221 0.840430
vt 0.958676 0.847450
vt 0.959138 0.835696
vt 0.139037 0.015125
vt 0.144384 0.014170
vt 0.150587 0.014254
vt 0.049134 0.384458
vt 0.045875 0.384617
vt 0.047483 0.383362
vt 0.047703 0.381383
vt 0.454919 0.053880
vt 0.454845 0.058825
vt 0.050214 0.392435
vt 0.048645 0.394686
vt 0.045934 0.392340
vt 0.102275 0.355471
vt 0.086809 0.360340
vt 0.726630 0.672429
vt 0.738010 0.677531
vt 0.122903 0.322418
vt 0.117030 0.318473
vt 0.936995 0.851935
vt 0.942627 0.855970
vt 0.162449 0.357257
vt 0.158628 0.349204
vt 0.158628 0.367817
vt 0.045330 0.382334
vt 0.045111 0.378737
vt 0.456895 0.059243
vt 0.523628 0.305698
vt 0.521980 0.289328
vt 0.904356 0.804838
vt 0.905601 0.820120
vt 0.898130 0.810238
vt 0.095032 0.025918
vt 0.093623 0.025751
vt 0.095032 0.024271
vt 0.226711 0.823303
vt 0.213491 0.836950
vt 0.201230 0.839693
vt 0.189120 0.026741
vt 0.186501 0.021373
vt 0.192799 0.019262
vt 0.194384 0.022929
vt 0.150547 0.008093
vt 0.156844 0.009242
vt 0.156718 0.013305
vt 0.045060 0.386036
vt 0.042877 0.384037
vt 0.044356 0.390173
vt 0.043248 0.387884
vt 0.921749 0.852210
vt 0.932392 0.840748
vt 0.933045 0.855033
vt 0.751620 0.545312
vt 0.744182 0.529287
vt 0.909250 0.863498
vt 0.908652 0.850147
vt 0.919032 0.837468
vt 0.038262 0.369250
vt 0.056612 0.373040
vt 0.710884 0.524352
vt 0.705338 0.506302
vt 0.718133 0.515330
vt 0.901801 0.334018
vt 0.884546 0.328681
vt 0.898249 0.321048
vt 0.917585 0.326523
vt 0.632202 0.980953
vt 0.634989 0.969915
vt 0.948195 0.219210
vt 0.942979 0.231416
vt 0.939348 0.222571
vt 0.049840 0.871113
vt 0.041519 0.876890
vt 0.044674 0.861735
vt 0.933045 0.026231
vt 0.890255 0.559997
vt 0.891162 0.583602
vt 0.883004 0.572334
vt 0.877097 0.556678
vt 0.876748 0.102792
vt 0.714192 0.668571
vt 0.706235 0.665121
vt 0.716830 0.656698
vt 0.729299 0.661783
vt 0.960733 0.882638
vt 0.132263 0.017115
vt 0.126622 0.015336
vt 0.130462 0.011347
vt 0.136489 0.008165
vt 0.130061 0.023211
vt 0.181833 0.027711
vt 0.181512 0.036096
vt 0.178415 0.033066
vt 0.179190 0.024144
vt 0.182672 0.018405
vt 0.046789 0.397408
vt 0.044004 0.395097
vt 0.456860 0.062551
vt 0.460456 0.067062
vt 0.453588 0.063800
vt 0.279171 0.950349
vt 0.267341 0.955709
vt 0.249959 0.957566
vt 0.742142 0.665388
vt 0.751723 0.671671
vt 0.043148 0.374905
vt 0.066955 0.152608
vt 0.062099 0.153348
vt 0.066032 0.148773
vt 0.176644 0.029802
vt 0.174024 0.025547
vt 0.176873 0.019469
vt 0.000778 0.079447
vt 0.002160 0.080938
vt 0.000778 0.084233
vt 0.513010 0.709667
vt 0.534231 0.709887
vt 0.521442 0.719819
vt 0.502646 0.723726
vt 0.492405 0.714171
vt 0.863758 0.545884
vt 0.866042 0.557693
vt 0.849499 0.549834
vt 0.545356 0.700469
vt 0.541940 0.687654
vt 0.046555 0.844852
vt 0.038744 0.851853
vt 0.710025 0.951714
vt 0.719630 0.945088
vt 0.716957 0.960804
vt 0.038697 0.835131
vt 0.046369 0.828702
vt 0.708442 0.967206
vt 0.713076 0.974924
vt 0.037989 0.821945
vt 0.044487 0.816257
vt 0.874169 0.083098
vt 0.880180 0.072737
vt 0.708957 0.648689
vt 0.712515 0.638238
vt 0.721232 0.644952
vt 0.881209 0.085560
vt 0.175259 0.352521
vt 0.943307 0.860418
vt 0.937874 0.857612
vt 0.952233 0.856396
vt 0.952722 0.861725
vt 0.942862 0.864593
vt 0.041348 0.380291
vt 0.061232 0.149614
vt 0.056922 0.150259
vt 0.060520 0.146049
vt 0.066254 0.144488
vt 0.041516 0.386498
vt 0.057046 0.147435
vt 0.055199 0.147447
vt 0.056513 0.143911
vt 0.060718 0.142118
vt 0.426818 0.740821
vt 0.913156 0.313252
vt 0.894405 0.309660
vt 0.909469 0.301812
vt 0.928726 0.304568
vt 0.287640 0.899358
vt 0.077754 0.004320
vt 0.076431 0.004320
vt 0.077476 0.002506
vt 0.305178 0.907898
vt 0.306033 0.920190
vt 0.898488 0.594984
vt 0.891214 0.602472
vt 0.883681 0.592187
vt 0.870220 0.067773
vt 0.874884 0.058898
vt 0.707161 0.630321
vt 0.711244 0.623325
vt 0.716952 0.629693
vt 0.951417 0.852382
vt 0.959734 0.851234
vt 0.960051 0.872703
vt 0.961409 0.867855
vt 0.965079 0.870866
vt 0.125413 0.007568
vt 0.130516 0.003553
vt 0.963403 0.877096
vt 0.042158 0.391049
vt 0.053591 0.143665
vt 0.054535 0.140783
vt 0.059121 0.139245
vt 0.071387 0.366873
vt 0.090353 0.372519
vt 0.693095 0.495927
vt 0.690411 0.476277
vt 0.702004 0.487414
vt 0.630933 0.961697
vt 0.944394 0.239837
vt 0.944327 0.249410
vt 0.933011 0.248788
vt 0.933175 0.240809
vt 0.952443 0.865685
vt 0.961228 0.862823
vt 0.456930 0.069114
vt 0.157667 0.004705
vt 0.152052 0.003388
vt 0.002160 0.085543
vt 0.000896 0.088553
vt 0.000896 0.083910
vt 0.258691 0.963584
vt 0.241338 0.969763
vt 0.273712 0.961730
vt 0.267449 0.969604
vt 0.865609 0.052431
vt 0.092873 0.004320
vt 0.091445 0.002962
vt 0.092873 0.001557
vt 0.942075 0.258978
vt 0.948556 0.272822
vt 0.939713 0.270925
vt 0.930686 0.258620
vt 0.952484 0.259835
vt 0.143581 0.006631
vt 0.143705 0.000992
vt 0.893672 0.822092
vt 0.889312 0.810890
vt 0.892448 0.798286
vt 0.226697 0.834446
vt 0.730987 0.522528
vt 0.726096 0.506729
vt 0.737923 0.513734
vt 0.906788 0.836106
vt 0.915982 0.823520
vt 0.896964 0.849448
vt 0.895171 0.835971
vt 0.187248 0.844024
vt 0.201260 0.851474
vt 0.188261 0.856437
vt 0.173626 0.848149
vt 0.733529 0.649926
vt 0.745455 0.653526
vt 0.876680 0.565657
vt 0.875549 0.580942
vt 0.869576 0.570095
vt 0.710870 0.984881
vt 0.724843 0.971829
vt 0.883334 0.611231
vt 0.875346 0.600922
vt 0.066955 0.139377
vt 0.169735 0.015551
vt 0.163253 0.016454
vt 0.168089 0.008577
vt 0.172993 0.003150
vt 0.174010 0.009615
vt 0.171362 0.021328
vt 0.960931 0.856625
vt 0.192071 0.013830
vt 0.186107 0.014150
vt 0.192688 0.007733
vt 0.511790 0.733429
vt 0.528667 0.731306
vt 0.519656 0.742667
vt 0.505387 0.747294
vt 0.495760 0.738595
vt 0.854702 0.562553
vt 0.860293 0.575656
vt 0.539684 0.722694
vt 0.545356 0.735233
vt 0.726769 0.954476
vt 0.735518 0.964676
vt 0.733736 0.982208
vt 0.174468 0.015377
vt 0.179060 0.006427
vt 0.179054 0.012223
vt 0.713322 0.497701
vt 0.711540 0.480042
vt 0.722013 0.490381
vt 0.037989 0.870993
vt 0.933728 0.213498
vt 0.928937 0.226355
vt 0.923472 0.217094
vt 0.721710 0.927741
vt 0.727891 0.919300
vt 0.727898 0.936696
vt 0.714311 0.935117
vt 0.179573 0.016524
vt 0.181892 0.013143
vt 0.887095 0.849371
vt 0.885202 0.837087
vt 0.896614 0.862434
vt 0.750438 0.520098
vt 0.744822 0.504910
vt 0.884604 0.874730
vt 0.886603 0.861648
vt 0.871875 0.336025
vt 0.175575 0.860562
vt 0.190102 0.867630
vt 0.178284 0.872681
vt 0.868350 0.323895
vt 0.291048 0.935313
vt 0.306910 0.931375
vt 0.308030 0.942314
vt 0.292997 0.945802
vt 0.735719 0.946262
vt 0.214348 0.848097
vt 0.226665 0.846249
vt 0.226511 0.856580
vt 0.214410 0.859829
vt 0.867332 0.588477
vt 0.864450 0.610920
vt 0.858391 0.595922
vt 0.932719 0.233487
vt 0.926197 0.237858
vt 0.927234 0.269140
vt 0.938768 0.280778
vt 0.752619 0.654329
vt 0.923379 0.279636
vt 0.917625 0.271059
vt 0.920263 0.256393
vt 0.725187 0.634907
vt 0.736779 0.638990
vt 0.135750 0.001620
vt 0.179469 0.001136
vt 0.186523 0.001148
vt 0.733960 0.498063
vt 0.731512 0.483060
vt 0.741553 0.490549
vt 0.880973 0.316650
vt 0.865742 0.312656
vt 0.877353 0.305560
vt 0.282389 0.958151
vt 0.294240 0.955886
vt 0.290380 0.966415
vt 0.280113 0.964679
vt 0.186154 0.007030
vt 0.192879 0.002504
vt 0.965443 0.865027
vt 0.512221 0.755798
vt 0.526530 0.753065
vt 0.519236 0.765150
vt 0.508527 0.768898
vt 0.500888 0.760961
vt 0.534879 0.743095
vt 0.851557 0.583089
vt 0.849499 0.602413
vt 0.533365 0.764027
vt 0.308855 0.952345
vt 0.718402 0.621176
vt 0.726477 0.624342
vt 0.739592 0.628311
vt 0.983068 0.076869
vt 0.993521 0.077839
vt 0.983068 0.087545
vt 0.973509 0.085604
vt 0.973508 0.074928
vt 0.983067 0.065222
vt 0.993521 0.066192
vt 0.884604 0.817461
vt 0.978709 0.110937
vt 0.973694 0.123110
vt 0.965355 0.117352
vt 0.969446 0.106191
vt 0.981353 0.099227
vt 0.889844 0.298624
vt 0.886386 0.619528
vt 0.900483 0.617157
vt 0.900512 0.627955
vt 0.886096 0.631196
vt 0.870583 0.623053
vt 0.869794 0.610783
vt 0.747185 0.974358
vt 0.744654 0.955932
vt 0.754644 0.964339
vt 0.756117 0.973111
vt 0.758100 0.984881
vt 0.202108 0.863250
vt 0.215193 0.870291
vt 0.202937 0.874612
vt 0.871514 0.634112
vt 0.887100 0.640851
vt 0.873011 0.644980
vt 0.915767 0.475751
vt 0.908233 0.485961
vt 0.900878 0.477306
vt 0.908321 0.468041
vt 0.749306 0.483134
vt 0.751620 0.497386
vt 0.923406 0.246481
vt 0.914082 0.241912
vt 0.919223 0.231372
vt 0.748983 0.642149
vt 0.753780 0.631564
vt 0.877690 0.685749
vt 0.881521 0.675424
vt 0.893639 0.678563
vt 0.915599 0.278874
vt 0.909812 0.268233
vt 0.766739 0.980320
vt 0.877283 0.482151
vt 0.874975 0.470214
vt 0.886393 0.475579
vt 0.892647 0.485824
vt 0.972102 0.095449
vt 0.962041 0.101396
vt 0.964320 0.092423
vt 0.972614 0.065215
vt 0.965216 0.074928
vt 0.963406 0.065190
vt 0.226479 0.867063
vt 0.226228 0.876374
vt 0.894667 0.467947
vt 0.734981 0.927256
vt 0.743088 0.937948
vt 0.914853 0.222109
vt 0.918517 0.207820
vt 0.191950 0.878821
vt 0.204613 0.884729
vt 0.193678 0.888827
vt 0.180132 0.883871
vt 0.957821 0.111441
vt 0.951678 0.121617
vt 0.915767 0.458778
vt 0.903000 0.459698
vt 0.909313 0.451090
vt 0.950385 0.104866
vt 0.301714 0.969762
vt 0.307070 0.960464
vt 0.869794 0.672284
vt 0.873573 0.662935
vt 0.885288 0.665075
vt 0.874737 0.654822
vt 0.764062 0.965413
vt 0.878942 0.451432
vt 0.887415 0.459479
vt 0.910044 0.252364
vt 0.905011 0.681194
vt 0.890080 0.688985
vt 0.909480 0.671084
vt 0.920086 0.675954
vt 0.971840 0.280151
vt 0.962292 0.291763
vt 0.963360 0.281727
vt 0.965216 0.083663
vt 0.957818 0.089479
vt 0.958151 0.082693
vt 0.182968 0.894168
vt 0.168225 0.889807
vt 0.968579 0.345386
vt 0.956041 0.346848
vt 0.955880 0.336697
vt 0.968111 0.335235
vt 0.913707 0.625328
vt 0.913489 0.635593
vt 0.895748 0.451230
vt 0.751708 0.946916
vt 0.749810 0.929372
vt 0.871830 0.441943
vt 0.873030 0.424491
vt 0.880314 0.433678
vt 0.870086 0.459565
vt 0.909812 0.227007
vt 0.952438 0.286541
vt 0.944174 0.295891
vt 0.939054 0.286096
vt 0.948035 0.280436
vt 0.215804 0.879625
vt 0.226782 0.884764
vt 0.930836 0.347732
vt 0.926065 0.341119
vt 0.933469 0.338845
vt 0.216413 0.889045
vt 0.927197 0.290931
vt 0.742149 0.919281
vt 0.910034 0.212643
vt 0.898221 0.668181
vt 0.888301 0.652500
vt 0.902042 0.657196
vt 0.954571 0.096665
vt 0.914629 0.443574
vt 0.902947 0.443832
vt 0.909106 0.438033
vt 0.948222 0.092090
vt 0.957213 0.074924
vt 0.952012 0.082707
vt 0.950334 0.075775
vt 0.955111 0.066134
vt 0.901203 0.638514
vt 0.914388 0.645113
vt 0.902118 0.648033
vt 0.888524 0.442906
vt 0.889593 0.426415
vt 0.896793 0.435618
vt 0.904914 0.430319
vt 0.931609 0.301228
vt 0.944008 0.308625
vt 0.933866 0.311827
vt 0.881423 0.417152
vt 0.890609 0.411766
vt 0.952901 0.087520
vt 0.944774 0.337836
vt 0.943463 0.346461
vt 0.935590 0.329539
vt 0.945328 0.328302
vt 0.956231 0.301898
vt 0.971922 0.297841
vt 0.965100 0.311200
vt 0.951813 0.309116
vt 0.947284 0.068069
vt 0.909807 0.415027
vt 0.911660 0.422691
vt 0.906309 0.424585
vt 0.902844 0.417503
vt 0.926908 0.333110
vt 0.926613 0.326155
vt 0.897685 0.422028
vt 0.913543 0.429568
vt 0.926065 0.315849
vt 0.934327 0.321007
vt 0.898542 0.408435
vt 0.916943 0.658321
vt 0.967224 0.325059
vt 0.954851 0.316994
vt 0.944697 0.318668
vt 0.955184 0.326930
s 1
usemtl material_0
f 1/1/1 3/2/2 5/3/3
f 1/1/1 5/3/3 7/4/4
f 1/1/1 7/4/4 9/5/5
f 1/1/1 9/5/5 10/6/6
f 1/1/1 10/6/6 12/7/7
f 1/1/1 12/7/7 13/8/8
f 1/1/1 13/8/8 3/2/2
f 14/9/9 3/2/2 13/8/8
f 14/9/9 13/8/8 15/10/10
f 14/9/9 15/10/10 16/11/11
f 14/9/9 16/11/11 17/12/12
f 14/9/9 17/12/12 19/13/13
f 14/9/9 19/13/13 3/2/2
f 19/13/13 17/12/12 21/14/14
f 18/15/15 20/16/14 22/17/16
f 18/15/15 22/17/16 23/18/17
f 18/15/15 23/18/17 4/19/3
f 18/15/15 4/19/3 2/20/2
f 27/21/18 9/5/5 7/4/4
f 26/22/18 6/23/4 28/24/19
f 26/22/18 28/24/19 30/25/20
f 25/26/18 29/27/20 32/28/21
f 24/29/18 31/30/21 33/31/22
f 24/29/18 33/31/22 8/32/5
f 33/31/22 31/30/21 34/33/23
f 33/31/22 34/33/23 36/34/24
f 33/31/22 36/34/24 37/35/25
f 33/31/22 37/35/25 38/36/26
f 33/31/22 38/36/26 39/37/27
f 33/31/22 39/37/27 8/32/5
f 39/37/27 38/36/26 41/38/28
f 39/37/27 41/38/28 43/39/29
f 40/40/27 46/41/29 10/6/6
f 40/40/27 10/6/6 9/5/5
f 47/42/30 48/43/31 49/44/32
f 47/42/30 49/44/32 53/45/33
f 47/42/30 53/45/33 58/46/34
f 47/42/30 58/46/34 61/47/35
f 47/42/30 61/47/35 64/48/36
f 47/42/30 64/48/36 48/43/31
f 68/49/37 4/19/3 23/18/17
f 68/49/37 23/18/17 73/50/38
f 68/49/37 73/50/38 79/51/39
f 68/49/37 79/51/39 28/24/19
f 68/49/37 28/24/19 4/19/3
f 28/24/19 6/23/4 4/19/3
f 82/52/40 48/43/31 84/53/41
f 82/52/40 84/53/41 87/54/42
f 82/52/40 87/54/42 72/55/38
f 82/52/40 72/55/38 49/44/32
f 82/52/40 49/44/32 48/43/31
f 65/56/36 62/57/35 91/58/43
f 65/56/36 91/58/43 94/59/44
f 65/56/36 94/59/44 98/60/45
f 64/48/36 97/61/45 84/53/41
f 64/48/36 84/53/41 48/43/31
f 102/62/46 50/63/32 73/50/38
f 102/62/46 73/50/38 23/18/17
f 102/62/46 23/18/17 22/17/16
f 102/62/46 22/17/16 105/64/47
f 102/62/46 105/64/47 54/65/33
f 101/66/46 53/45/33 49/44/32
f 87/54/42 84/53/41 110/67/48
f 87/54/42 110/67/48 113/68/49
f 88/69/42 114/70/49 79/51/39
f 88/69/42 79/51/39 73/50/38
f 118/71/50 28/24/19 79/51/39
f 118/71/50 79/51/39 114/70/49
f 118/71/50 114/70/49 122/72/51
f 118/71/50 122/72/51 125/73/52
f 117/74/50 124/75/52 29/27/20
f 118/71/50 30/25/20 28/24/19
f 129/76/53 32/28/21 29/27/20
f 129/76/53 29/27/20 124/75/52
f 129/76/53 124/75/52 136/77/54
f 129/76/53 136/77/54 35/78/23
f 128/79/53 34/33/23 31/30/21
f 12/7/7 10/6/6 46/41/29
f 12/7/7 46/41/29 143/80/55
f 11/81/56 142/82/55 148/83/57
f 12/7/7 149/84/57 159/85/58
f 12/7/7 159/85/58 13/8/8
f 159/85/58 149/84/57 163/86/59
f 159/85/58 163/86/59 15/10/10
f 159/85/58 15/10/10 13/8/8
f 169/87/60 61/47/35 58/46/34
f 169/87/60 58/46/34 176/88/61
f 169/87/60 176/88/61 179/89/62
f 169/87/60 179/89/62 183/90/63
f 170/91/60 184/92/63 189/93/64
f 169/87/60 188/94/65 61/47/35
f 189/93/64 184/92/63 194/95/66
f 189/93/64 194/95/66 199/96/67
f 189/93/64 199/96/67 91/58/43
f 189/93/64 91/58/43 62/57/35
f 203/97/68 85/98/41 98/60/45
f 203/97/68 98/60/45 94/59/44
f 203/97/68 94/59/44 209/99/69
f 203/97/68 209/99/69 216/100/70
f 203/97/68 216/100/70 217/101/71
f 203/97/68 217/101/71 111/102/48
f 202/103/68 110/67/48 84/53/41
f 221/104/72 58/46/34 53/45/33
f 221/104/72 53/45/33 104/105/47
f 222/106/72 105/64/47 229/107/73
f 221/104/72 228/108/73 232/109/74
f 221/104/72 232/109/74 176/88/61
f 221/104/72 176/88/61 58/46/34
f 238/110/75 34/33/23 135/111/54
f 239/112/75 136/77/54 244/113/76
f 238/110/75 243/114/76 246/115/77
f 238/110/75 246/115/77 248/116/78
f 238/110/75 248/116/78 36/34/24
f 238/110/75 36/34/24 34/33/23
f 250/117/79 113/68/49 110/67/48
f 252/118/79 111/102/48 217/101/71
f 252/118/79 217/101/71 256/119/80
f 251/120/79 255/121/80 260/122/81
f 251/120/79 260/122/81 264/123/82
f 251/120/79 264/123/82 279/124/83
f 251/120/79 279/124/83 115/125/49
f 123/126/51 115/125/49 279/124/83
f 123/126/51 279/124/83 264/123/82
f 123/126/51 264/123/82 288/127/84
f 122/72/51 287/128/85 125/73/52
f 291/129/86 124/75/52 286/130/84
f 291/129/86 286/130/84 294/131/87
f 291/129/86 294/131/87 297/132/88
f 291/129/86 297/132/88 244/113/76
f 291/129/86 244/113/76 136/77/54
f 291/129/86 136/77/54 124/75/52
f 162/133/59 148/83/57 302/134/89
f 163/86/59 303/135/90 309/136/91
f 163/86/59 309/136/91 311/137/92
f 163/86/59 311/137/92 16/11/11
f 163/86/59 16/11/11 15/10/10
f 318/138/93 91/58/43 199/96/67
f 317/139/93 198/140/67 321/141/94
f 317/139/93 321/141/94 322/142/95
f 318/138/93 323/143/95 327/144/96
f 318/138/93 327/144/96 94/59/44
f 318/138/93 94/59/44 91/58/43
f 327/144/96 323/143/95 334/145/97
f 327/144/96 334/145/97 337/146/98
f 327/144/96 337/146/98 209/99/69
f 327/144/96 209/99/69 94/59/44
f 339/147/99 38/36/26 37/35/25
f 339/147/99 37/35/25 343/148/100
f 340/149/99 344/150/100 348/151/101
f 340/149/99 348/151/101 353/152/102
f 340/149/99 353/152/102 42/153/28
f 339/147/99 41/38/28 38/36/26
f 355/154/103 44/155/29 42/153/28
f 355/154/103 42/153/28 353/152/102
f 355/154/103 353/152/102 358/156/104
f 355/154/103 358/156/104 363/157/105
f 356/158/103 364/159/105 142/82/55
f 356/158/103 142/82/55 45/160/29
f 370/161/106 36/34/24 248/116/78
f 370/161/106 248/116/78 374/162/107
f 370/161/106 374/162/107 377/163/108
f 371/164/106 378/165/108 344/150/100
f 370/161/106 343/148/100 37/35/25
f 370/161/106 37/35/25 36/34/24
f 385/166/109 16/11/11 311/137/92
f 385/166/109 311/137/92 388/167/110
f 385/166/109 388/167/110 392/168/111
f 385/166/109 392/168/111 393/169/112
f 385/166/109 393/169/112 17/12/12
f 385/166/109 17/12/12 16/11/11
f 397/170/113 176/88/61 232/109/74
f 397/170/113 232/109/74 400/171/114
f 397/170/113 400/171/114 402/172/115
f 397/170/113 402/172/115 179/89/62
f 397/170/113 179/89/62 176/88/61
f 405/173/116 22/17/16 20/16/14
f 405/173/116 20/16/14 411/174/117
f 405/173/116 411/174/117 416/175/118
f 405/173/116 416/175/118 229/107/73
f 405/173/116 229/107/73 105/64/47
f 405/173/116 105/64/47 22/17/16
f 295/176/87 288/127/84 264/123/82
f 295/176/87 264/123/82 419/177/119
f 295/176/87 419/177/119 423/178/120
f 294/131/87 422/179/120 297/132/88
f 424/180/121 148/83/57 142/82/55
f 424/180/121 142/82/55 425/181/122
f 424/180/121 425/181/122 426/182/123
f 424/180/121 426/182/123 427/183/124
f 424/180/121 427/183/124 148/83/57
f 427/183/124 426/182/123 428/184/125
f 427/183/124 428/184/125 429/185/126
f 427/183/124 429/185/126 302/134/89
f 427/183/124 302/134/89 148/83/57
f 320/186/94 197/187/67 192/188/66
f 321/141/94 193/189/66 430/190/127
f 321/141/94 430/190/127 432/191/128
f 321/141/94 432/191/128 433/192/129
f 321/141/94 433/192/129 322/142/95
f 434/193/130 183/90/63 179/89/62
f 434/193/130 179/89/62 402/172/115
f 434/193/130 402/172/115 437/194/131
f 434/193/130 437/194/131 439/195/132
f 436/196/133 440/197/132 442/198/134
f 435/199/133 441/200/134 184/92/63
f 442/198/134 440/197/132 446/201/135
f 442/198/134 446/201/135 431/202/127
f 442/198/134 431/202/127 195/203/66
f 441/200/134 194/95/66 184/92/63
f 393/169/112 392/168/111 449/204/136
f 393/169/112 449/204/136 453/205/137
f 393/169/112 453/205/137 412/206/117
f 393/169/112 412/206/117 21/14/14
f 393/169/112 21/14/14 17/12/12
f 337/146/98 334/145/97 458/207/138
f 337/146/98 458/207/138 461/208/139
f 337/146/98 461/208/139 216/100/70
f 337/146/98 216/100/70 209/99/69
f 466/209/140 244/113/76 297/132/88
f 466/209/140 297/132/88 468/210/141
f 466/209/140 468/210/141 471/211/142
f 465/212/140 472/213/142 475/214/143
f 465/212/140 475/214/143 246/115/77
f 465/212/140 246/115/77 243/114/76
f 429/185/126 428/184/125 478/215/144
f 429/185/126 478/215/144 480/216/145
f 429/185/126 480/216/145 308/217/91
f 429/185/126 308/217/91 302/134/89
f 425/181/122 142/82/55 364/159/105
f 425/181/122 364/159/105 483/218/146
f 425/181/122 483/218/146 485/219/147
f 425/181/122 485/219/147 488/220/148
f 425/181/122 488/220/148 426/182/123
f 492/221/149 217/101/71 216/100/70
f 492/221/149 216/100/70 461/208/139
f 492/221/149 461/208/139 499/222/150
f 492/221/149 499/222/150 501/223/151
f 492/221/149 501/223/151 256/119/80
f 492/221/149 256/119/80 217/101/71
f 260/122/81 255/121/80 505/224/152
f 260/122/81 505/224/152 510/225/153
f 260/122/81 510/225/153 419/177/119
f 260/122/81 419/177/119 264/123/82
f 423/178/120 419/177/119 513/226/154
f 423/178/120 513/226/154 516/227/155
f 422/179/120 515/228/155 520/229/156
f 422/179/120 520/229/156 468/210/141
f 422/179/120 468/210/141 297/132/88
f 487/230/148 484/231/147 524/232/157
f 487/230/148 524/232/157 525/233/158
f 488/220/148 526/234/158 531/235/159
f 488/220/148 531/235/159 428/184/125
f 488/220/148 428/184/125 426/182/123
f 534/236/160 308/217/91 480/216/145
f 534/236/160 480/216/145 539/237/161
f 536/238/160 541/239/161 544/240/162
f 535/241/160 543/242/162 388/167/110
f 535/241/160 388/167/110 311/137/92
f 535/241/160 311/137/92 309/136/91
f 550/243/163 363/157/105 358/156/104
f 550/243/163 358/156/104 554/244/164
f 549/245/163 553/246/164 556/247/165
f 549/245/163 556/247/165 562/248/166
f 551/249/163 563/250/166 483/218/146
f 551/249/163 483/218/146 364/159/105
f 565/251/167 430/190/127 445/252/135
f 565/251/167 445/252/135 568/253/168
f 565/251/167 568/253/168 572/254/169
f 565/251/167 572/254/169 575/255/170
f 565/251/167 575/255/170 432/191/128
f 565/251/167 432/191/128 430/190/127
f 577/256/171 353/152/102 348/151/101
f 577/256/171 348/151/101 579/257/172
f 577/256/171 579/257/172 581/258/173
f 577/256/171 581/258/173 554/244/164
f 577/256/171 554/244/164 358/156/104
f 577/256/171 358/156/104 353/152/102
f 500/259/151 497/260/150 584/261/174
f 500/259/151 584/261/174 586/262/175
f 500/259/151 586/262/175 504/263/152
f 501/223/151 506/264/152 256/119/80
f 532/265/159 527/266/158 591/267/176
f 532/265/159 591/267/176 595/268/177
f 531/235/159 594/269/178 478/215/144
f 531/235/159 478/215/144 428/184/125
f 598/270/179 483/218/146 563/250/166
f 597/271/179 561/272/166 601/273/180
f 597/271/179 601/273/180 604/274/181
f 597/271/179 604/274/181 484/231/147
f 598/270/179 485/219/147 483/218/146
f 606/275/182 432/191/128 575/255/170
f 606/275/182 575/255/170 611/276/183
f 606/275/182 611/276/183 616/277/184
f 606/275/182 616/277/184 618/278/185
f 606/275/182 618/278/185 433/192/129
f 606/275/182 433/192/129 432/191/128
f 620/279/186 446/201/135 440/197/132
f 620/279/186 440/197/132 623/280/187
f 620/279/186 623/280/187 624/281/188
f 620/279/186 624/281/188 629/282/189
f 620/279/186 629/282/189 569/283/168
f 620/279/186 569/283/168 446/201/135
f 632/284/190 402/172/115 400/171/114
f 632/284/190 400/171/114 634/285/191
f 632/284/190 634/285/191 636/286/192
f 632/284/190 636/286/192 639/287/193
f 632/284/190 639/287/193 437/194/131
f 632/284/190 437/194/131 402/172/115
f 642/288/194 322/142/95 433/192/129
f 642/288/194 433/192/129 618/278/185
f 642/288/194 618/278/185 645/289/195
f 642/288/194 645/289/195 648/290/196
f 642/288/194 648/290/196 322/142/95
f 648/290/196 645/289/195 651/291/197
f 648/290/196 651/291/197 655/292/198
f 648/290/196 655/292/198 333/293/97
f 648/290/196 333/293/97 322/142/95
f 659/294/199 229/107/73 416/175/118
f 659/294/199 416/175/118 661/295/200
f 659/294/199 661/295/200 666/296/201
f 659/294/199 666/296/201 233/297/74
f 659/294/199 233/297/74 229/107/73
f 668/298/202 246/115/77 475/214/143
f 668/298/202 475/214/143 671/299/203
f 668/298/202 671/299/203 673/300/204
f 668/298/202 673/300/204 374/162/107
f 668/298/202 374/162/107 248/116/78
f 668/298/202 248/116/78 246/115/77
f 510/225/153 505/224/152 679/301/205
f 510/225/153 679/301/205 681/302/206
f 510/225/153 681/302/206 513/226/154
f 510/225/153 513/226/154 419/177/119
f 623/280/187 440/197/132 438/303/131
f 623/280/187 438/303/131 640/304/193
f 623/280/187 640/304/193 686/305/207
f 623/280/187 686/305/207 624/281/188
f 687/306/208 568/253/168 628/307/189
f 687/306/208 628/307/189 689/308/209
f 687/306/208 689/308/209 695/309/210
f 687/306/208 695/309/210 697/310/211
f 687/306/208 697/310/211 572/254/169
f 687/306/208 572/254/169 568/253/168
f 700/311/212 478/215/144 594/269/178
f 701/312/212 595/268/177 704/313/213
f 701/312/212 704/313/213 709/314/214
f 700/311/212 708/315/214 539/237/161
f 700/311/212 539/237/161 480/216/145
f 700/311/212 480/216/145 478/215/144
f 714/316/215 572/254/169 697/310/211
f 713/317/215 696/318/211 717/319/216
f 713/317/215 717/319/216 720/320/217
f 713/317/215 720/320/217 609/321/183
f 714/316/215 611/276/183 575/255/170
f 714/316/215 575/255/170 572/254/169
f 656/322/198 652/323/197 725/324/218
f 656/322/198 725/324/218 728/325/219
f 656/322/198 728/325/219 457/326/138
f 655/292/198 456/327/138 333/293/97
f 733/328/220 344/150/100 378/165/108
f 733/328/220 378/165/108 736/329/221
f 733/328/220 736/329/221 741/330/222
f 733/328/220 741/330/222 579/257/172
f 733/328/220 579/257/172 348/151/101
f 733/328/220 348/151/101 344/150/100
f 747/331/223 461/208/139 458/207/138
f 746/332/223 457/326/138 728/325/219
f 746/332/223 728/325/219 750/333/224
f 746/332/223 750/333/224 752/334/225
f 746/332/223 752/334/225 498/335/150
f 745/336/223 496/337/150 460/338/226
f 586/262/175 584/261/174 756/339/227
f 586/262/175 756/339/227 758/340/228
f 586/262/175 758/340/228 678/341/205
f 586/262/175 678/341/205 504/263/152
f 760/342/229 468/210/141 520/229/156
f 760/342/229 520/229/156 762/343/230
f 760/342/229 762/343/230 763/344/231
f 760/342/229 763/344/231 766/345/232
f 760/342/229 766/345/232 471/211/142
f 760/342/229 471/211/142 468/210/141
f 769/346/233 629/282/189 624/281/188
f 769/346/233 624/281/188 772/347/234
f 769/346/233 772/347/234 773/348/235
f 769/346/233 773/348/235 774/349/236
f 769/346/233 774/349/236 691/350/209
f 769/346/233 691/350/209 629/282/189
f 780/351/237 475/214/143 472/213/142
f 780/351/237 472/213/142 767/352/232
f 780/351/237 767/352/232 782/353/238
f 780/351/237 782/353/238 785/354/239
f 780/351/237 785/354/239 671/299/203
f 780/351/237 671/299/203 475/214/143
f 786/355/240 513/226/154 681/302/206
f 786/355/240 681/302/206 790/356/241
f 786/355/240 790/356/241 795/357/242
f 786/355/240 795/357/242 800/358/243
f 786/355/240 800/358/243 516/227/155
f 786/355/240 516/227/155 513/226/154
f 604/274/181 601/273/180 802/359/244
f 604/274/181 802/359/244 803/360/245
f 604/274/181 803/360/245 524/232/157
f 604/274/181 524/232/157 484/231/147
f 807/361/246 618/278/185 616/277/184
f 806/362/246 615/363/184 813/364/247
f 806/362/246 813/364/247 817/365/248
f 806/362/246 817/365/248 818/366/249
f 807/361/246 819/367/249 645/289/195
f 807/361/246 645/289/195 618/278/185
f 823/368/250 232/109/74 665/369/201
f 824/370/250 666/296/201 828/371/251
f 823/368/250 826/372/251 829/373/252
f 823/368/250 829/373/252 634/285/191
f 823/368/250 634/285/191 400/171/114
f 823/368/250 400/171/114 232/109/74
f 834/374/253 374/162/107 673/300/204
f 833/375/253 672/376/204 837/377/254
f 833/375/253 837/377/254 842/378/255
f 833/375/253 842/378/255 735/379/221
f 835/380/253 736/329/221 378/165/108
f 835/380/253 378/165/108 375/381/107
f 844/382/256 680/383/206 678/341/205
f 844/382/256 678/341/205 758/340/228
f 844/382/256 758/340/228 846/384/257
f 844/382/256 846/384/257 848/385/258
f 844/382/256 848/385/258 789/386/241
f 844/382/256 789/386/241 680/383/206
f 851/387/259 695/309/210 689/308/209
f 852/388/259 690/389/209 775/390/236
f 852/388/259 775/390/236 855/391/260
f 852/388/259 855/391/260 859/392/261
f 850/393/259 858/394/261 860/395/262
f 851/387/259 861/396/262 695/309/210
f 863/397/263 694/398/264 860/395/262
f 863/397/263 860/395/262 866/399/265
f 863/397/263 866/399/265 870/400/266
f 863/397/263 870/400/266 717/319/216
f 863/397/263 717/319/216 696/318/211
f 863/397/263 696/318/211 694/398/264
f 872/401/267 412/206/117 453/205/137
f 872/401/267 453/205/137 876/402/268
f 872/401/267 876/402/268 879/403/269
f 872/401/267 879/403/269 662/404/200
f 871/405/267 661/295/200 416/175/118
f 871/405/267 416/175/118 411/174/117
f 882/406/270 595/268/177 591/267/176
f 882/406/270 591/267/176 885/407/271
f 882/406/270 885/407/271 888/408/272
f 882/406/270 888/408/272 889/409/273
f 882/406/270 889/409/273 704/313/213
f 882/406/270 704/313/213 595/268/177
f 891/410/274 610/411/183 721/412/217
f 891/410/274 721/412/217 893/413/275
f 891/410/274 893/413/275 894/414/276
f 891/410/274 894/414/276 813/364/247
f 891/410/274 813/364/247 615/363/184
f 891/410/274 615/363/184 610/411/183
f 895/415/277 561/272/166 557/416/165
f 896/417/277 556/247/165 897/418/278
f 895/415/277 898/419/279 899/420/280
f 895/415/277 899/420/280 900/421/281
f 895/415/277 900/421/281 601/273/180
f 895/415/277 601/273/180 561/272/166
f 901/422/282 553/246/164 580/423/173
f 901/422/282 580/423/173 902/424/283
f 901/422/282 902/424/283 903/425/284
f 901/422/282 903/425/284 897/418/278
f 901/422/282 897/418/278 556/247/165
f 901/422/282 556/247/165 553/246/164
f 904/426/285 392/168/111 388/167/110
f 905/427/285 389/428/110 906/429/286
f 905/427/285 906/429/286 907/430/287
f 905/427/285 907/430/287 908/431/288
f 905/427/285 908/431/288 450/432/136
f 904/426/285 449/204/136 392/168/111
f 752/334/225 750/333/224 909/433/289
f 752/334/225 909/433/289 911/434/290
f 752/334/225 911/434/290 585/435/291
f 751/436/225 584/261/174 497/260/150
f 762/343/230 520/229/156 515/228/155
f 762/343/230 515/228/155 799/437/243
f 762/343/230 799/437/243 912/438/292
f 762/343/230 912/438/292 763/344/231
f 686/305/207 640/304/193 914/439/293
f 686/305/207 914/439/293 915/440/294
f 686/305/207 915/440/294 772/347/234
f 686/305/207 772/347/234 624/281/188
f 818/366/249 817/365/248 916/441/295
f 818/366/249 916/441/295 918/442/296
f 819/367/249 919/443/296 651/291/197
f 819/367/249 651/291/197 645/289/195
f 906/429/286 389/428/110 544/240/162
f 906/429/286 544/240/162 923/444/297
f 906/429/286 923/444/297 924/445/298
f 906/429/286 924/445/298 926/446/299
f 906/429/286 926/446/299 907/430/287
f 928/447/300 525/233/158 524/232/157
f 928/447/300 524/232/157 803/360/245
f 928/447/300 803/360/245 932/448/301
f 928/447/300 932/448/301 935/449/302
f 928/447/300 935/449/302 937/450/303
f 928/447/300 937/450/303 525/233/158
f 937/450/303 935/449/302 938/451/304
f 937/450/303 938/451/304 884/452/271
f 937/450/303 884/452/271 590/453/305
f 937/450/303 590/453/305 525/233/158
f 709/314/214 704/313/213 942/454/306
f 709/314/214 942/454/306 944/455/307
f 709/314/214 944/455/307 922/456/297
f 709/314/214 922/456/297 540/457/161
f 923/444/297 544/240/162 541/239/161
f 636/286/192 634/285/191 948/458/308
f 637/459/309 949/460/308 953/461/310
f 637/459/309 953/461/310 914/439/293
f 637/459/309 914/439/293 640/304/193
f 959/462/311 789/386/241 848/385/258
f 959/462/311 848/385/258 961/463/312
f 959/462/311 961/463/312 963/464/313
f 959/462/311 963/464/313 967/465/314
f 958/466/311 965/467/314 793/468/242
f 959/462/311 794/469/242 789/386/241
f 970/470/315 860/395/262 858/394/261
f 970/470/315 858/394/261 971/471/316
f 970/470/315 971/471/316 973/472/317
f 970/470/315 973/472/317 974/473/318
f 970/470/315 974/473/318 866/399/265
f 970/470/315 866/399/265 860/395/262
f 889/409/273 888/408/272 977/474/319
f 889/409/273 977/474/319 978/475/320
f 889/409/273 978/475/320 942/454/306
f 889/409/273 942/454/306 704/313/213
f 986/476/321 774/349/236 773/348/235
f 986/476/321 773/348/235 988/477/322
f 986/476/321 988/477/322 991/478/323
f 986/476/321 991/478/323 992/479/324
f 987/480/321 993/481/324 855/391/260
f 986/476/321 854/482/260 774/349/236
f 997/483/325 581/258/173 579/257/172
f 997/483/325 579/257/172 741/330/222
f 997/483/325 741/330/222 1003/484/326
f 996/485/325 1002/486/326 1006/487/327
f 996/485/325 1006/487/327 902/424/283
f 996/485/325 902/424/283 580/423/173
f 1009/488/328 673/300/204 671/299/203
f 1009/488/328 671/299/203 785/354/239
f 1009/488/328 785/354/239 1012/489/329
f 1010/490/328 1013/491/329 1016/492/330
f 1010/490/328 1016/492/330 839/493/254
f 1009/488/328 838/494/254 673/300/204
f 1017/495/331 717/319/216 870/400/266
f 1017/495/331 870/400/266 1022/496/332
f 1018/497/331 1023/498/332 1025/499/333
f 1018/497/331 1025/499/333 893/413/275
f 1018/497/331 893/413/275 721/412/217
f 1017/495/331 720/320/217 717/319/216
f 920/500/296 917/501/295 1028/502/334
f 920/500/296 1028/502/334 1029/503/335
f 921/504/296 1030/505/335 725/324/218
f 921/504/296 725/324/218 652/323/197
f 1032/506/336 728/325/219 725/324/218
f 1032/506/336 725/324/218 1030/505/335
f 1032/506/336 1030/505/335 1034/507/337
f 1032/506/336 1034/507/337 1037/508/338
f 1032/506/336 1037/508/338 750/333/224
f 1032/506/336 750/333/224 728/325/219
f 911/434/290 909/433/289 1040/509/339
f 911/434/290 1040/509/339 1043/510/340
f 911/434/290 1043/510/340 757/511/227
f 910/512/290 756/339/227 584/261/174
f 1046/513/341 887/514/272 884/452/271
f 1046/513/341 884/452/271 938/451/304
f 1046/513/341 938/451/304 1049/515/342
f 1046/513/341 1049/515/342 1055/516/343
f 1046/513/341 1055/516/343 1058/517/344
f 1047/518/341 1060/519/345 888/408/272
f 1057/520/345 1054/521/343 1062/522/346
f 1059/523/345 1063/524/346 1066/525/347
f 1060/519/345 1067/526/347 1069/527/348
f 1060/519/345 1069/527/348 977/474/319
f 1060/519/345 977/474/319 888/408/272
f 900/421/281 899/420/280 1073/528/349
f 900/421/281 1073/528/349 1077/529/350
f 900/421/281 1077/529/350 802/359/244
f 900/421/281 802/359/244 601/273/180
f 830/530/252 827/531/251 1083/532/351
f 829/373/252 1082/533/351 1085/534/352
f 829/373/252 1085/534/352 948/458/308
f 829/373/252 948/458/308 634/285/191
f 1089/535/353 766/345/232 763/344/231
f 1089/535/353 763/344/231 1095/536/354
f 1091/537/353 1096/538/354 1102/539/355
f 1090/540/353 1100/541/355 1106/542/356
f 1090/540/353 1106/542/356 782/353/238
f 1090/540/353 782/353/238 767/352/232
f 1110/543/357 1111/544/358 1114/545/359
f 1110/543/357 1114/545/359 1116/546/360
f 1109/547/357 1115/548/360 1118/549/361
f 1110/543/357 1119/550/361 1123/551/362
f 1110/543/357 1123/551/362 1125/552/363
f 1110/543/357 1125/552/363 1111/544/358
f 1127/553/364 859/392/261 855/391/260
f 1127/553/364 855/391/260 993/481/324
f 1127/553/364 993/481/324 1130/554/365
f 1127/553/364 1130/554/365 1131/555/366
f 1127/553/364 1131/555/366 972/556/316
f 1127/553/364 972/556/316 859/392/261
f 1135/557/367 450/432/136 908/431/288
f 1135/557/367 908/431/288 1140/558/368
f 1133/559/367 1139/560/368 1141/561/369
f 1133/559/367 1141/561/369 875/562/268
f 1134/563/367 876/402/268 453/205/137
f 1134/563/367 453/205/137 449/204/136
f 1144/564/370 666/296/201 661/295/200
f 1145/565/370 662/404/200 879/403/269
f 1142/566/370 878/567/269 1149/568/371
f 1142/566/370 1149/568/371 1150/569/372
f 1143/570/370 1151/571/372 827/531/251
f 1144/564/370 828/371/251 666/296/201
f 1155/572/373 1111/544/358 1157/573/374
f 1155/572/373 1157/573/374 1164/574/375
f 1155/572/373 1164/574/375 1167/575/376
f 1155/572/373 1167/575/376 1174/576/377
f 1155/572/373 1174/576/377 1176/577/378
f 1155/572/373 1176/577/378 1111/544/358
f 1125/552/363 1123/551/362 1178/578/379
f 1125/552/363 1178/578/379 1181/579/380
f 1125/552/363 1181/579/380 1157/573/374
f 1125/552/363 1157/573/374 1111/544/358
f 1176/577/378 1174/576/377 1184/580/381
f 1176/577/378 1184/580/381 1187/581/382
f 1176/577/378 1187/581/382 1114/545/359
f 1176/577/378 1114/545/359 1111/544/358
f 1190/582/383 1120/583/361 1194/584/384
f 1190/582/383 1194/584/384 1195/585/385
f 1190/582/383 1195/585/385 1198/586/386
f 1191/587/383 1199/588/386 1201/589/387
f 1191/587/383 1201/589/387 1203/590/388
f 1191/587/383 1203/590/388 1124/591/362
f 1191/587/383 1124/591/362 1121/592/361
f 1205/593/389 1118/549/361 1115/548/360
f 1205/593/389 1115/548/360 1207/594/390
f 1205/593/389 1207/594/390 1209/595/391
f 1205/593/389 1209/595/391 1212/596/392
f 1205/593/389 1212/596/392 1193/597/384
f 1205/593/389 1193/597/384 1118/549/361
f 1203/590/388 1201/589/387 1215/598/393
f 1203/590/388 1215/598/393 1218/599/394
f 1203/590/388 1218/599/394 1179/600/379
f 1203/590/388 1179/600/379 1124/591/362
f 1221/601/395 1068/602/348 1066/525/347
f 1221/601/395 1066/525/347 1225/603/396
f 1221/601/395 1225/603/396 1226/604/397
f 1221/601/395 1226/604/397 1228/605/398
f 1221/601/395 1228/605/398 1230/606/399
f 1221/601/395 1230/606/399 1068/602/348
f 1230/606/399 1228/605/398 1233/607/400
f 1231/608/399 1234/609/400 978/475/320
f 1231/608/399 978/475/320 977/474/319
f 1231/608/399 977/474/319 1069/527/348
f 1237/610/401 942/454/306 978/475/320
f 1237/610/401 978/475/320 1234/609/400
f 1237/610/401 1234/609/400 1240/611/402
f 1237/610/401 1240/611/402 1245/612/403
f 1237/610/401 1245/612/403 944/455/307
f 1237/610/401 944/455/307 942/454/306
f 924/445/298 923/444/297 945/613/307
f 924/445/298 945/613/307 1246/614/403
f 924/445/298 1246/614/403 926/446/299
f 1253/615/404 772/347/234 915/440/294
f 1253/615/404 915/440/294 1255/616/405
f 1253/615/404 1255/616/405 1263/617/406
f 1253/615/404 1263/617/406 988/477/322
f 1253/615/404 988/477/322 773/348/235
f 1253/615/404 773/348/235 772/347/234
f 1266/618/407 735/379/221 842/378/255
f 1266/618/407 842/378/255 1272/619/408
f 1266/618/407 1272/619/408 1275/620/409
f 1266/618/407 1275/620/409 1001/621/326
f 1267/622/407 1003/484/326 741/330/222
f 1267/622/407 741/330/222 736/329/221
f 1282/623/410 758/340/228 756/339/227
f 1282/623/410 756/339/227 1042/624/340
f 1283/625/410 1043/510/340 1288/626/411
f 1282/623/410 1287/627/411 1292/628/412
f 1282/623/410 1292/628/412 846/384/257
f 1282/623/410 846/384/257 758/340/228
f 1296/629/413 800/358/243 795/357/242
f 1296/629/413 795/357/242 968/630/314
f 1296/629/413 968/630/314 1301/631/414
f 1295/632/413 1300/633/414 1302/634/415
f 1295/632/413 1302/634/415 913/635/292
f 1294/636/413 912/438/292 799/437/243
f 1305/637/416 1166/638/376 1163/639/375
f 1305/637/416 1163/639/375 1307/640/4
f 1305/637/416 1307/640/4 1311/641/417
f 1305/637/416 1311/641/417 1315/642/418
f 1305/637/416 1315/642/418 1316/643/419
f 1305/637/416 1316/643/419 1166/638/376
f 1318/644/420 1166/638/376 1316/643/419
f 1318/644/420 1316/643/419 1321/645/421
f 1318/644/420 1321/645/421 1323/646/422
f 1319/647/420 1322/648/422 1325/649/423
f 1319/647/420 1325/649/423 1174/576/377
f 1319/647/420 1174/576/377 1167/575/376
f 1328/650/424 1113/651/359 1186/652/382
f 1328/650/424 1186/652/382 1332/653/425
f 1328/650/424 1332/653/425 1335/654/426
f 1328/650/424 1335/654/426 1207/594/390
f 1328/650/424 1207/594/390 1115/548/360
f 1328/650/424 1115/548/360 1113/651/359
f 1341/655/427 1165/656/375 1158/657/374
f 1340/658/427 1157/573/374 1181/579/380
f 1341/655/427 1182/659/380 1345/660/428
f 1341/655/427 1345/660/428 1346/661/429
f 1341/655/427 1346/661/429 1308/662/4
f 1341/655/427 1308/662/4 1165/656/375
f 1352/663/4 1312/664/417 1308/662/4
f 1352/663/4 1308/662/4 1346/661/429
f 1352/663/4 1346/661/429 1353/665/430
f 1352/663/4 1353/665/430 1355/666/431
f 1352/663/4 1355/666/431 1357/667/432
f 1352/663/4 1357/667/432 1312/664/417
f 1359/668/433 1311/641/417 1356/669/432
f 1359/668/433 1356/669/432 1362/670/434
f 1359/668/433 1362/670/434 1366/671/435
f 1359/668/433 1366/671/435 1369/672/436
f 1359/668/433 1369/672/436 1315/642/418
f 1359/668/433 1315/642/418 1311/641/417
f 1372/673/437 1357/667/432 1355/666/431
f 1372/673/437 1355/666/431 1376/674/438
f 1372/673/437 1376/674/438 1380/675/439
f 1372/673/437 1380/675/439 1382/676/440
f 1372/673/437 1382/676/440 1363/677/434
f 1372/673/437 1363/677/434 1357/667/432
f 1386/678/441 1346/661/429 1345/660/428
f 1386/678/441 1345/660/428 1390/679/442
f 1386/678/441 1390/679/442 1393/680/443
f 1386/678/441 1393/680/443 1395/681/444
f 1386/678/441 1395/681/444 1353/665/430
f 1386/678/441 1353/665/430 1346/661/429
f 1395/681/444 1393/680/443 1399/682/445
f 1395/681/444 1399/682/445 1401/683/446
f 1395/681/444 1401/683/446 1376/674/438
f 1395/681/444 1376/674/438 1355/666/431
f 1395/681/444 1355/666/431 1353/665/430
f 972/556/316 1131/555/366 1195/585/385
f 972/556/316 1195/585/385 1194/584/384
f 971/471/316 1192/684/384 1406/685/447
f 971/471/316 1406/685/447 973/472/317
f 1213/686/392 1210/687/391 1409/688/448
f 1213/686/392 1409/688/448 1413/689/449
f 1211/690/450 1411/691/449 1406/685/447
f 1211/690/450 1406/685/447 1192/684/384
f 1400/692/446 1398/693/445 1416/694/451
f 1400/692/446 1416/694/451 1418/695/452
f 1400/692/446 1418/695/452 1379/696/439
f 1401/683/446 1380/675/439 1376/674/438
f 1421/697/453 1066/525/347 1416/694/451
f 1421/697/453 1416/694/451 1398/693/445
f 1421/697/453 1398/693/445 1423/698/454
f 1421/697/453 1423/698/454 1425/699/455
f 1421/697/453 1425/699/455 1428/700/456
f 1421/697/453 1428/700/456 1225/603/396
f 1421/697/453 1225/603/396 1066/525/347
f 1063/524/346 1056/701/343 1418/695/452
f 1063/524/346 1418/695/452 1416/694/451
f 1063/524/346 1416/694/451 1066/525/347
f 1095/536/354 763/344/231 912/438/292
f 1096/538/354 913/635/292 1302/634/415
f 1096/538/354 1302/634/415 1435/702/457
f 1096/538/354 1435/702/457 1102/539/355
f 1325/649/423 1322/648/422 1436/703/458
f 1325/649/423 1436/703/458 1437/704/459
f 1325/649/423 1437/704/459 1184/580/381
f 1325/649/423 1184/580/381 1174/576/377
f 1443/705/460 1316/643/419 1315/642/418
f 1443/705/460 1315/642/418 1369/672/436
f 1443/705/460 1369/672/436 1445/706/461
f 1443/705/460 1445/706/461 1450/707/462
f 1443/705/460 1450/707/462 1321/645/421
f 1443/705/460 1321/645/421 1316/643/419
f 1454/708/463 1183/709/380 1179/600/379
f 1454/708/463 1179/600/379 1218/599/394
f 1454/708/463 1218/599/394 1457/710/464
f 1453/711/463 1458/712/464 1390/679/442
f 1453/711/463 1390/679/442 1345/660/428
f 1453/711/463 1345/660/428 1182/659/380
f 1198/586/386 1195/585/385 1131/555/366
f 1198/586/386 1131/555/366 1461/713/465
f 1198/586/386 1461/713/465 1463/714/466
f 1199/588/386 1464/715/466 1201/589/387
f 1467/716/467 866/399/265 974/473/318
f 1467/716/467 974/473/318 1470/717/468
f 1467/716/467 1470/717/468 1474/718/469
f 1467/716/467 1474/718/469 1022/496/332
f 1467/716/467 1022/496/332 870/400/266
f 1467/716/467 870/400/266 866/399/265
f 1477/719/470 897/418/278 903/425/284
f 1477/719/470 903/425/284 1481/720/471
f 1478/721/470 1483/722/471 1485/723/472
f 1478/721/470 1485/723/472 1488/724/473
f 1478/721/470 1488/724/473 899/420/280
f 1478/721/470 899/420/280 898/419/279
f 1491/725/474 914/439/293 953/461/310
f 1492/726/474 954/727/310 1495/728/475
f 1492/726/474 1495/728/475 1498/729/476
f 1492/726/474 1498/729/476 1256/730/405
f 1491/725/474 1255/616/405 915/440/294
f 1491/725/474 915/440/294 914/439/293
f 1037/508/338 1034/507/337 1501/731/477
f 1037/508/338 1501/731/477 1504/732/478
f 1037/508/338 1504/732/478 909/433/289
f 1037/508/338 909/433/289 750/333/224
f 1507/733/479 1184/580/381 1437/704/459
f 1507/733/479 1437/704/459 1510/734/480
f 1506/735/479 1509/736/480 1513/737/481
f 1506/735/479 1513/737/481 1332/653/425
f 1506/735/479 1332/653/425 1186/652/382
f 1507/733/479 1187/581/382 1184/580/381
f 1515/738/482 1379/696/439 1418/695/452
f 1515/738/482 1418/695/452 1056/701/343
f 1515/738/482 1056/701/343 1050/739/342
f 1515/738/482 1050/739/342 1518/740/483
f 1516/741/482 1519/742/483 1383/743/440
f 1515/738/482 1381/744/484 1379/696/439
f 1522/745/485 1201/589/387 1464/715/466
f 1522/745/485 1464/715/466 1525/746/486
f 1522/745/485 1525/746/486 1527/747/487
f 1522/745/485 1527/747/487 1215/598/393
f 1522/745/485 1215/598/393 1201/589/387
f 1412/748/449 1408/749/448 1530/750/488
f 1412/748/449 1530/750/488 1471/751/468
f 1411/691/449 1470/717/468 974/473/318
f 1411/691/449 974/473/318 973/472/317
f 1411/691/449 973/472/317 1406/685/447
f 1428/700/456 1425/699/455 1534/752/489
f 1428/700/456 1534/752/489 1538/753/490
f 1428/700/456 1538/753/490 1226/604/397
f 1428/700/456 1226/604/397 1225/603/396
f 1541/754/491 813/364/247 894/414/276
f 1541/754/491 894/414/276 1544/755/492
f 1541/754/491 1544/755/492 1545/756/493
f 1541/754/491 1545/756/493 1548/757/494
f 1541/754/491 1548/757/494 817/365/248
f 1541/754/491 817/365/248 813/364/247
f 1551/758/495 1321/645/421 1450/707/462
f 1551/758/495 1450/707/462 1556/759/496
f 1551/758/495 1556/759/496 1560/760/497
f 1551/758/495 1560/760/497 1563/761/498
f 1551/758/495 1563/761/498 1323/646/422
f 1551/758/495 1323/646/422 1321/645/421
f 1566/762/499 1369/672/436 1366/671/435
f 1566/762/499 1366/671/435 1570/763/500
f 1565/764/499 1569/765/500 1572/766/501
f 1566/762/499 1574/767/502 1579/768/503
f 1566/762/499 1579/768/503 1445/706/461
f 1566/762/499 1445/706/461 1369/672/436
f 1581/769/504 1364/770/434 1383/743/440
f 1581/769/504 1383/743/440 1519/742/483
f 1581/769/504 1519/742/483 1583/771/505
f 1581/769/504 1583/771/505 1571/772/500
f 1581/769/504 1571/772/500 1367/773/506
f 1580/774/504 1366/671/435 1362/670/434
f 1424/775/454 1399/682/445 1393/680/443
f 1424/775/454 1393/680/443 1587/776/507
f 1424/775/454 1587/776/507 1589/777/508
f 1423/698/454 1588/778/508 1425/699/455
f 1592/779/509 992/479/324 991/478/323
f 1591/780/510 990/781/323 1595/782/511
f 1591/780/510 1595/782/511 1596/783/512
f 1593/784/509 1598/785/513 1602/786/514
f 1593/784/509 1602/786/514 1130/554/365
f 1593/784/509 1130/554/365 993/481/324
f 1604/787/515 902/424/283 1006/487/327
f 1604/787/515 1006/487/327 1607/788/516
f 1604/787/515 1607/788/516 1610/789/517
f 1604/787/515 1610/789/517 1481/720/471
f 1604/787/515 1481/720/471 903/425/284
f 1604/787/515 903/425/284 902/424/283
f 1614/790/518 785/354/239 782/353/238
f 1614/790/518 782/353/238 1106/542/356
f 1614/790/518 1106/542/356 1621/791/519
f 1614/790/518 1621/791/519 1623/792/520
f 1614/790/518 1623/792/520 1012/489/329
f 1614/790/518 1012/489/329 785/354/239
f 1629/793/521 1218/599/394 1215/598/393
f 1629/793/521 1215/598/393 1632/794/522
f 1629/793/521 1632/794/522 1635/795/523
f 1628/796/521 1636/797/523 1639/798/524
f 1628/796/521 1639/798/524 1458/712/464
f 1629/793/521 1457/710/464 1218/599/394
f 1587/776/507 1393/680/443 1390/679/442
f 1587/776/507 1390/679/442 1458/712/464
f 1587/776/507 1458/712/464 1639/798/524
f 1587/776/507 1639/798/524 1589/777/508
f 1527/747/487 1525/746/486 1644/799/525
f 1527/747/487 1644/799/525 1647/800/526
f 1527/747/487 1647/800/526 1632/794/522
f 1527/747/487 1632/794/522 1215/598/393
f 1651/801/527 938/451/304 935/449/302
f 1650/802/527 934/803/302 1654/804/528
f 1652/805/527 1655/806/528 1659/807/529
f 1652/805/527 1659/807/529 1583/771/505
f 1652/805/527 1583/771/505 1519/742/483
f 1652/805/527 1519/742/483 1051/808/342
f 1651/801/527 1049/515/342 938/451/304
f 1461/713/465 1131/555/366 1130/554/365
f 1461/713/465 1130/554/365 1602/786/514
f 1461/713/465 1602/786/514 1669/809/530
f 1461/713/465 1669/809/530 1463/714/466
f 1673/810/531 803/360/245 802/359/244
f 1673/810/531 802/359/244 1077/529/350
f 1674/811/531 1078/812/350 1677/813/532
f 1672/814/531 1676/815/532 1679/816/533
f 1672/814/531 1679/816/533 931/817/301
f 1673/810/531 932/448/301 803/360/245
f 1683/818/534 948/458/308 1085/534/352
f 1684/819/534 1087/820/352 1687/821/535
f 1684/819/534 1687/821/535 1692/822/536
f 1684/819/534 1692/822/536 1495/728/475
f 1684/819/534 1495/728/475 954/727/310
f 1684/819/534 954/727/310 950/823/308
f 1695/824/537 848/385/258 846/384/257
f 1695/824/537 846/384/257 1292/628/412
f 1695/824/537 1292/628/412 1699/825/538
f 1695/824/537 1699/825/538 1701/826/539
f 1695/824/537 1701/826/539 961/463/312
f 1695/824/537 961/463/312 848/385/258
f 1561/827/498 1559/828/497 1705/829/540
f 1562/830/498 1706/831/540 1707/832/541
f 1562/830/498 1707/832/541 1436/703/458
f 1562/830/498 1436/703/458 1322/648/422
f 1709/833/542 1437/704/459 1436/703/458
f 1709/833/542 1436/703/458 1707/832/541
f 1709/833/542 1707/832/541 1714/834/543
f 1709/833/542 1714/834/543 1716/835/544
f 1709/833/542 1716/835/544 1510/734/480
f 1709/833/542 1510/734/480 1437/704/459
f 1719/836/545 1450/707/462 1445/706/461
f 1719/836/545 1445/706/461 1579/768/503
f 1719/836/545 1579/768/503 1725/837/546
f 1719/836/545 1725/837/546 1728/838/547
f 1719/836/545 1728/838/547 1556/759/496
f 1719/836/545 1556/759/496 1450/707/462
f 1669/809/530 1602/786/514 1732/839/548
f 1670/840/530 1733/841/549 1736/842/550
f 1670/840/530 1736/842/550 1525/746/486
f 1670/840/530 1525/746/486 1464/715/466
f 1739/843/551 875/562/268 1141/561/369
f 1739/843/551 1141/561/369 1742/844/552
f 1739/843/551 1742/844/552 1744/845/553
f 1739/843/551 1744/845/553 1149/568/371
f 1739/843/551 1149/568/371 878/567/269
f 1739/843/551 878/567/269 875/562/268
f 1150/569/372 1149/568/371 1751/846/554
f 1150/569/372 1751/846/554 1756/847/555
f 1151/571/372 1758/848/555 1083/532/351
f 1151/571/372 1083/532/351 827/531/251
f 1761/849/556 839/493/254 1016/492/330
f 1761/849/556 1016/492/330 1764/850/557
f 1761/849/556 1764/850/557 1766/851/558
f 1761/849/556 1766/851/558 1273/852/559
f 1760/853/556 1272/619/408 842/378/255
f 1760/853/556 842/378/255 837/377/254
f 1736/842/550 1733/841/549 1770/854/560
f 1736/842/550 1770/854/560 1772/855/561
f 1736/842/550 1772/855/561 1644/799/525
f 1736/842/550 1644/799/525 1525/746/486
f 1774/856/562 893/413/275 1025/499/333
f 1774/856/562 1025/499/333 1776/857/563
f 1774/856/562 1776/857/563 1779/858/564
f 1774/856/562 1779/858/564 1544/755/492
f 1774/856/562 1544/755/492 894/414/276
f 1774/856/562 894/414/276 893/413/275
f 1785/859/565 1233/607/400 1228/605/398
f 1785/859/565 1228/605/398 1788/860/566
f 1785/859/565 1788/860/566 1794/861/567
f 1785/859/565 1794/861/567 1797/862/568
f 1785/859/565 1797/862/568 1239/863/402
f 1785/859/565 1239/863/402 1233/607/400
f 1548/757/494 1545/756/493 1805/864/569
f 1548/757/494 1805/864/569 1807/865/570
f 1549/866/494 1808/867/570 917/501/295
f 1548/757/494 916/441/295 817/365/248
f 1816/868/571 908/431/288 907/430/287
f 1816/868/571 907/430/287 1817/869/572
f 1816/868/571 1817/869/572 1821/870/573
f 1815/871/571 1820/872/573 1826/873/574
f 1814/874/571 1824/875/574 1139/560/368
f 1816/868/571 1140/558/368 908/431/288
f 1829/876/575 1332/653/425 1513/737/481
f 1829/876/575 1513/737/481 1833/877/576
f 1829/876/575 1833/877/576 1834/878/577
f 1829/876/575 1834/878/577 1837/879/578
f 1829/876/575 1837/879/578 1335/654/426
f 1829/876/575 1335/654/426 1332/653/425
f 1840/880/579 1207/594/390 1335/654/426
f 1840/880/579 1335/654/426 1837/879/578
f 1841/881/579 1838/882/578 1846/883/580
f 1841/881/579 1846/883/580 1849/884/581
f 1841/881/579 1849/884/581 1210/687/391
f 1840/880/579 1209/595/391 1207/594/390
f 1654/804/528 934/803/302 931/817/301
f 1654/804/528 931/817/301 1679/816/533
f 1654/804/528 1679/816/533 1854/885/582
f 1654/804/528 1854/885/582 1658/886/583
f 1857/887/584 1632/794/522 1647/800/526
f 1857/887/584 1647/800/526 1860/888/585
f 1857/887/584 1860/888/585 1864/889/586
f 1857/887/584 1864/889/586 1868/890/587
f 1857/887/584 1868/890/587 1635/795/523
f 1857/887/584 1635/795/523 1632/794/522
f 1873/891/588 991/478/323 988/477/322
f 1873/891/588 988/477/322 1263/617/406
f 1874/892/589 1264/893/590 1881/894/591
f 1872/895/588 1880/896/591 1882/897/592
f 1872/895/588 1882/897/592 1595/782/511
f 1872/895/588 1595/782/511 990/781/323
f 1817/869/572 907/430/287 926/446/299
f 1817/869/572 926/446/299 1888/898/593
f 1817/869/572 1888/898/593 1892/899/594
f 1817/869/572 1892/899/594 1821/870/573
f 1504/732/478 1501/731/477 1896/900/595
f 1504/732/478 1896/900/595 1900/901/596
f 1504/732/478 1900/901/596 1040/509/339
f 1504/732/478 1040/509/339 909/433/289
f 1906/902/597 1425/699/455 1588/778/508
f 1906/902/597 1588/778/508 1907/903/598
f 1906/902/597 1907/903/598 1911/904/599
f 1906/902/597 1911/904/599 1912/905/600
f 1906/902/597 1912/905/600 1534/752/489
f 1906/902/597 1534/752/489 1425/699/455
f 1538/753/490 1534/752/489 1915/906/601
f 1538/753/490 1915/906/601 1919/907/602
f 1538/753/490 1919/907/602 1788/860/566
f 1538/753/490 1788/860/566 1226/604/397
f 1788/860/566 1228/605/398 1226/604/397
f 1596/783/512 1595/782/511 1925/908/603
f 1596/783/512 1925/908/603 1927/909/604
f 1597/910/512 1928/911/604 1731/912/549
f 1598/785/513 1732/839/548 1602/786/514
f 1888/898/593 926/446/299 1246/614/403
f 1888/898/593 1246/614/403 1241/913/605
f 1888/898/593 1241/913/605 1798/914/606
f 1888/898/593 1798/914/606 1892/899/594
f 1930/915/607 1029/503/335 1028/502/334
f 1930/915/607 1028/502/334 1933/916/608
f 1930/915/607 1933/916/608 1934/917/609
f 1930/915/607 1934/917/609 1937/918/610
f 1930/915/607 1937/918/610 1033/919/337
f 1930/915/607 1033/919/337 1029/503/335
f 1940/920/611 1556/759/496 1728/838/547
f 1940/920/611 1728/838/547 1943/921/612
f 1940/920/611 1943/921/612 1948/922/613
f 1940/920/611 1948/922/613 1951/923/614
f 1940/920/611 1951/923/614 1560/760/497
f 1940/920/611 1560/760/497 1556/759/496
f 1908/924/598 1589/777/508 1639/798/524
f 1908/924/598 1639/798/524 1636/797/523
f 1908/924/598 1636/797/523 1869/925/587
f 1907/903/598 1867/926/587 1911/904/599
f 1954/927/615 1647/800/526 1644/799/525
f 1954/927/615 1644/799/525 1772/855/561
f 1954/927/615 1772/855/561 1960/928/616
f 1954/927/615 1960/928/616 1965/929/617
f 1954/927/615 1965/929/617 1860/888/585
f 1954/927/615 1860/888/585 1647/800/526
f 1967/930/618 1002/486/326 1276/931/409
f 1967/930/618 1276/931/409 1970/932/619
f 1967/930/618 1970/932/619 1972/933/620
f 1967/930/618 1972/933/620 1607/788/516
f 1967/930/618 1607/788/516 1006/487/327
f 1967/930/618 1006/487/327 1002/486/326
f 1975/934/621 966/935/314 962/936/313
f 1975/934/621 962/936/313 1980/937/622
f 1975/934/621 1980/937/622 1984/938/623
f 1975/934/621 1984/938/623 1985/939/624
f 1975/934/621 1985/939/624 1299/940/414
f 1975/934/621 1299/940/414 966/935/314
f 1989/941/625 1509/736/480 1715/942/544
f 1989/941/625 1715/942/544 1993/943/626
f 1989/941/625 1993/943/626 1996/944/627
f 1989/941/625 1996/944/627 1833/877/576
f 1989/941/625 1833/877/576 1513/737/481
f 1989/941/625 1513/737/481 1509/736/480
f 1998/945/628 1578/946/503 1573/947/501
f 1998/945/628 1573/947/501 1854/885/582
f 1998/945/628 1854/885/582 2006/948/629
f 1998/945/628 2006/948/629 2009/949/630
f 1997/950/628 2008/951/630 1724/952/546
f 1999/953/628 1725/837/546 1579/768/503
f 1849/884/581 1846/883/580 2013/954/631
f 1849/884/581 2013/954/631 2015/955/632
f 1849/884/581 2015/955/632 1409/688/448
f 1849/884/581 1409/688/448 1210/687/391
f 1489/956/473 1486/957/633 2018/958/634
f 1489/956/473 2018/958/634 2020/959/635
f 1489/956/473 2020/959/635 1074/960/349
f 1488/724/473 1073/528/349 899/420/280
f 1808/867/570 1806/961/636 2023/962/637
f 1808/867/570 2023/962/637 1933/916/608
f 1808/867/570 1933/916/608 1028/502/334
f 1808/867/570 1028/502/334 917/501/295
f 1950/963/614 1947/964/638 2028/965/639
f 1950/963/614 2028/965/639 2030/966/640
f 1950/963/614 2030/966/640 1705/829/540
f 1950/963/614 1705/829/540 1559/828/497
f 2036/967/641 1728/838/547 1725/837/546
f 2036/967/641 1725/837/546 2010/968/630
f 2035/969/641 2009/949/630 2038/970/642
f 2036/967/641 2039/971/642 2043/972/643
f 2036/967/641 2043/972/643 1943/921/612
f 2036/967/641 1943/921/612 1728/838/547
f 1658/886/583 1854/885/582 1573/947/501
f 1657/973/529 1572/766/501 1569/765/500
f 1659/807/529 1571/772/500 1583/771/505
f 2047/974/644 1023/498/332 1475/975/469
f 2048/976/644 1476/977/469 2051/978/645
f 2048/976/644 2051/978/645 2053/979/646
f 2048/976/644 2053/979/646 1777/980/563
f 2047/974/644 1776/857/563 1025/499/333
f 2047/974/644 1025/499/333 1023/498/332
f 2056/981/647 1256/730/405 1498/729/476
f 2056/981/647 1498/729/476 2058/982/648
f 2056/981/647 2058/982/648 2062/983/649
f 2056/981/647 2062/983/649 1881/894/591
f 2056/981/647 1881/894/591 1264/893/590
f 2056/981/647 1264/893/590 1256/730/405
f 2067/984/650 1043/510/340 1040/509/339
f 2067/984/650 1040/509/339 1900/901/596
f 2067/984/650 1900/901/596 2070/985/651
f 2066/986/650 2069/987/651 2072/988/652
f 2066/986/650 2072/988/652 1286/989/411
f 2067/984/650 1288/626/411 1043/510/340
f 2075/990/653 963/464/313 961/463/312
f 2075/990/653 961/463/312 1701/826/539
f 2075/990/653 1701/826/539 2078/991/654
f 2075/990/653 2078/991/654 2079/992/655
f 2075/990/653 2079/992/655 1981/993/622
f 2075/990/653 1981/993/622 963/464/313
f 2084/994/656 1302/634/415 1300/633/414
f 2084/994/656 1300/633/414 1986/995/624
f 2084/994/656 1986/995/624 2086/996/657
f 2084/994/656 2086/996/657 2089/997/658
f 2084/994/656 2089/997/658 1435/702/457
f 2084/994/656 1435/702/457 1302/634/415
f 1927/909/604 1925/908/603 2091/998/659
f 1927/909/604 2091/998/659 2094/999/660
f 1928/911/604 2095/1000/660 1769/1001/661
f 1928/911/604 1769/1001/661 1731/912/549
f 2099/1002/662 1107/1003/356 1101/1004/355
f 2099/1002/662 1101/1004/355 2102/1005/663
f 2099/1002/662 2102/1005/663 2105/1006/664
f 2099/1002/662 2105/1006/664 2108/1007/665
f 2099/1002/662 2108/1007/665 1622/1008/519
f 2099/1002/662 1622/1008/519 1107/1003/356
f 2112/1009/666 1707/832/541 1706/831/540
f 2112/1009/666 1706/831/540 2031/1010/640
f 2112/1009/666 2031/1010/640 2115/1011/667
f 2112/1009/666 2115/1011/667 2118/1012/668
f 2112/1009/666 2118/1012/668 1714/834/543
f 2112/1009/666 1714/834/543 1707/832/541
f 2015/955/632 2013/954/631 2122/1013/669
f 2015/955/632 2122/1013/669 2126/1014/670
f 2014/1015/632 2125/1016/670 1530/750/488
f 2015/955/632 1531/1017/488 1409/688/448
f 2127/1018/671 1471/751/468 1530/750/488
f 2127/1018/671 1530/750/488 2125/1016/670
f 2127/1018/671 2125/1016/670 2132/1019/672
f 2127/1018/671 2132/1019/672 2051/978/645
f 2127/1018/671 2051/978/645 1476/977/469
f 2127/1018/671 1476/977/469 1471/751/468
f 2137/1020/673 1086/1021/352 1083/532/351
f 2137/1020/673 1083/532/351 1758/848/555
f 2137/1020/673 1758/848/555 2141/1022/674
f 2136/1023/673 2140/1024/674 2142/1025/675
f 2138/1026/673 2143/1027/675 1686/1028/535
f 2135/1029/673 1685/1030/535 1084/1031/352
f 1744/845/553 1742/844/552 2148/1032/676
f 1745/1033/553 2149/1034/676 2153/1035/677
f 1744/845/553 2152/1036/677 1751/846/554
f 1744/845/553 1751/846/554 1149/568/371
f 2156/1037/678 1013/491/329 1624/1038/520
f 2156/1037/678 1624/1038/520 2160/1039/679
f 2156/1037/678 2160/1039/679 2163/1040/680
f 2156/1037/678 2163/1040/680 1764/850/557
f 2156/1037/678 1764/850/557 1016/492/330
f 2156/1037/678 1016/492/330 1013/491/329
f 1883/1041/592 1881/894/591 2168/1042/681
f 1882/897/592 2167/1043/682 2171/1044/683
f 1882/897/592 2171/1044/683 1925/908/603
f 1882/897/592 1925/908/603 1595/782/511
f 1937/918/610 1934/917/609 2172/1045/684
f 1937/918/610 2172/1045/684 2174/1046/685
f 1937/918/610 2174/1046/685 1500/1047/477
f 1937/918/610 1500/1047/477 1033/919/337
f 2179/1048/686 1141/561/369 1139/560/368
f 2179/1048/686 1139/560/368 1824/875/574
f 2180/1049/686 1825/1050/574 2181/1051/687
f 2180/1049/686 2181/1051/687 2183/1052/688
f 2180/1049/686 2183/1052/688 1743/1053/552
f 2179/1048/686 1742/844/552 1141/561/369
f 2103/1054/663 1102/539/355 1435/702/457
f 2103/1054/663 1435/702/457 2089/997/658
f 2103/1054/663 2089/997/658 2188/1055/689
f 2102/1005/663 2187/1056/689 2105/1006/664
f 1912/905/600 1911/904/599 2193/1057/690
f 1912/905/600 2193/1057/690 2198/1058/691
f 1912/905/600 2198/1058/691 1915/906/601
f 1912/905/600 1915/906/601 1534/752/489
f 1919/907/602 1915/906/601 2204/1059/692
f 1918/1060/602 2203/1061/692 2207/1062/693
f 1918/1060/602 2207/1062/693 1793/1063/567
f 1919/907/602 1794/861/567 1788/860/566
f 2212/1064/694 2214/1065/695 2216/1066/696
f 2211/1067/694 2215/1068/696 2219/1069/697
f 2212/1064/694 2220/1070/697 2221/1071/698
f 2212/1064/694 2221/1071/698 2225/1072/699
f 2212/1064/694 2225/1072/699 2228/1073/700
f 2212/1064/694 2228/1073/700 2214/1065/695
f 2229/1074/701 2214/1065/695 2228/1073/700
f 2229/1074/701 2228/1073/700 2232/1075/702
f 2229/1074/701 2232/1075/702 2234/1076/703
f 2229/1074/701 2234/1076/703 2235/1077/704
f 2229/1074/701 2235/1077/704 2238/1078/705
f 2229/1074/701 2238/1078/705 2214/1065/695
f 2242/1079/706 2214/1065/695 2238/1078/705
f 2242/1079/706 2238/1078/705 2245/1080/707
f 2242/1079/706 2245/1080/707 2249/1081/708
f 2241/1082/706 2248/1083/709 2250/1084/710
f 2241/1082/706 2250/1084/710 2215/1068/696
f 2242/1079/706 2216/1066/696 2214/1065/695
f 2253/1085/711 2219/1069/697 2215/1068/696
f 2253/1085/711 2215/1068/696 2250/1084/710
f 2253/1085/711 2250/1084/710 2255/1086/712
f 2253/1085/711 2255/1086/712 2259/1087/713
f 2253/1085/711 2259/1087/713 2264/1088/714
f 2253/1085/711 2264/1088/714 2219/1069/697
f 2266/1089/715 2219/1069/697 2264/1088/714
f 2266/1089/715 2264/1088/714 2268/1090/716
f 2267/1091/717 2269/1092/718 2271/1093/719
f 2267/1091/717 2271/1093/719 2221/1071/698
f 2267/1091/717 2221/1071/698 2220/1070/697
f 2274/1094/720 1943/921/612 2043/972/643
f 2274/1094/720 2043/972/643 2276/1095/721
f 2274/1094/720 2276/1095/721 2280/1096/722
f 2273/1097/720 2279/1098/722 2283/1099/723
f 2273/1097/720 2283/1099/723 1947/964/638
f 2274/1094/720 1948/922/613 1943/921/612
f 2285/1100/724 1078/812/350 1074/960/349
f 2285/1100/724 1074/960/349 2020/959/635
f 2285/1100/724 2020/959/635 2288/1101/725
f 2285/1100/724 2288/1101/725 2291/1102/726
f 2285/1100/724 2291/1102/726 1677/813/532
f 2285/1100/724 1677/813/532 1078/812/350
f 2296/1103/727 1866/1104/587 1863/1105/728
f 2296/1103/727 1863/1105/728 2299/1106/729
f 2296/1103/727 2299/1106/729 2302/1107/730
f 2296/1103/727 2302/1107/730 2192/1108/731
f 2297/1109/727 2193/1057/690 1911/904/599
f 2297/1109/727 1911/904/599 1867/926/587
f 2307/1110/732 1864/889/586 1860/888/585
f 2307/1110/732 1860/888/585 1965/929/617
f 2305/1111/732 1964/1112/617 2309/1113/733
f 2305/1111/732 2309/1113/733 2313/1114/734
f 2306/1115/732 2314/1116/734 2299/1106/729
f 2307/1110/732 2300/1117/729 1864/889/586
f 2225/1072/699 2221/1071/698 2318/1118/735
f 2225/1072/699 2318/1118/735 2322/1119/736
f 2225/1072/699 2322/1119/736 2327/1120/737
f 2224/1121/699 2326/1122/737 2329/1123/738
f 2225/1072/699 2330/1124/738 2228/1073/700
f 2232/1075/702 2228/1073/700 2330/1124/738
f 2231/1125/702 2329/1123/738 2326/1122/737
f 2231/1125/702 2326/1122/737 2333/1126/739
f 2232/1075/702 2334/1127/739 2234/1076/703
f 2339/1128/740 1495/728/475 1692/822/536
f 2338/1129/740 1691/1130/536 2343/1131/741
f 2338/1129/740 2343/1131/741 2346/1132/742
f 2339/1128/740 2348/1133/742 2058/982/648
f 2339/1128/740 2058/982/648 1498/729/476
f 2339/1128/740 1498/729/476 1495/728/475
f 2351/1134/743 1715/942/544 1713/1135/543
f 2352/1136/743 1714/834/543 2118/1012/668
f 2351/1134/743 2117/1137/668 2353/1138/744
f 2351/1134/743 2353/1138/744 2356/1139/745
f 2351/1134/743 2356/1139/745 1993/943/626
f 2351/1134/743 1993/943/626 1715/942/544
f 2360/1140/746 1771/1141/561 1769/1001/661
f 2360/1140/746 1769/1001/661 2095/1000/660
f 2360/1140/746 2095/1000/660 2364/1142/747
f 2359/1143/746 2363/1144/748 2367/1145/749
f 2359/1143/746 2367/1145/749 1958/1146/616
f 2360/1140/746 1959/1147/616 1771/1141/561
f 2371/1148/750 1798/914/606 1795/1149/567
f 2371/1148/750 1795/1149/567 2208/1150/693
f 2371/1148/750 2208/1150/693 2375/1151/751
f 2370/1152/750 2373/1153/751 2377/1154/752
f 2371/1148/750 2378/1155/752 1892/899/594
f 2371/1148/750 1892/899/594 1798/914/606
f 2381/1156/753 2235/1077/704 2234/1076/703
f 2381/1156/753 2234/1076/703 2386/1157/754
f 2382/1158/753 2387/1159/754 2388/1160/755
f 2383/1161/753 2389/1162/755 2246/1163/756
f 2381/1156/753 2245/1080/707 2238/1078/705
f 2381/1156/753 2238/1078/705 2235/1077/704
f 2396/1164/757 1291/1165/412 1286/989/411
f 2396/1164/757 1286/989/411 2072/988/652
f 2396/1164/757 2072/988/652 2399/1166/758
f 2396/1164/757 2399/1166/758 2402/1167/759
f 2396/1164/757 2402/1167/759 1698/1168/538
f 2397/1169/757 1699/825/538 1292/628/412
f 2271/1093/719 2269/1092/718 2408/1170/760
f 2270/1171/719 2407/1172/760 2410/1173/761
f 2270/1171/719 2410/1173/761 2317/1174/735
f 2271/1093/719 2318/1118/735 2221/1071/698
f 2414/1175/762 1273/852/559 1766/851/558
f 2414/1175/762 1766/851/558 2418/1176/763
f 2413/1177/762 2417/1178/763 2420/1179/764
f 2413/1177/762 2420/1179/764 1970/932/619
f 2413/1177/762 1970/932/619 1276/931/409
f 2414/1175/762 1277/1180/409 1273/852/559
f 2283/1099/723 2279/1098/722 2422/1181/765
f 2283/1099/723 2422/1181/765 2425/1182/766
f 2283/1099/723 2425/1182/766 2028/965/639
f 2283/1099/723 2028/965/639 1947/964/638
f 2430/1183/767 1680/1184/533 1677/813/532
f 2430/1183/767 1677/813/532 2291/1102/726
f 2430/1183/767 2291/1102/726 2431/1185/768
f 2430/1183/767 2431/1185/768 2438/1186/769
f 2430/1183/767 2438/1186/769 2007/1187/629
f 2429/1188/770 2006/948/629 1679/816/533
f 2006/948/629 1854/885/582 1679/816/533
f 2445/1189/771 2264/1088/714 2259/1087/713
f 2445/1189/771 2259/1087/713 2451/1190/772
f 2448/1191/771 2452/1192/773 2455/1193/774
f 2446/1194/771 2454/1195/774 2458/1196/775
f 2444/1197/771 2457/1198/775 2407/1172/760
f 2447/1199/771 2408/1170/760 2269/1092/718
f 2445/1189/771 2268/1090/716 2264/1088/714
f 2249/1081/708 2245/1080/707 2460/1200/776
f 2249/1081/708 2460/1200/776 2464/1201/777
f 2249/1081/708 2464/1201/777 2256/1202/712
f 2248/1083/709 2255/1086/712 2250/1084/710
f 2468/1203/778 1981/993/622 2079/992/655
f 2468/1203/778 2079/992/655 2470/1204/779
f 2467/1205/778 2469/1206/779 2471/1207/780
f 2467/1205/778 2471/1207/780 2475/1208/781
f 2467/1205/778 2475/1208/781 1984/938/623
f 2467/1205/778 1984/938/623 1980/937/622
f 2333/1126/739 2326/1122/737 2480/1209/782
f 2333/1126/739 2480/1209/782 2483/1210/783
f 2334/1127/739 2484/1211/783 2386/1157/754
f 2334/1127/739 2386/1157/754 2234/1076/703
f 2174/1046/685 2172/1045/684 2485/1212/784
f 2175/1213/685 2486/1214/784 2491/1215/785
f 2174/1046/685 2490/1216/785 1895/1217/595
f 2174/1046/685 1895/1217/595 1500/1047/477
f 2494/1218/786 1622/1008/519 2108/1007/665
f 2494/1218/786 2108/1007/665 2499/1219/787
f 2492/1220/786 2498/1221/788 2502/1222/789
f 2492/1220/786 2502/1222/789 2159/1223/679
f 2495/1224/786 2160/1039/679 1624/1038/520
f 2493/1225/786 1623/792/520 1621/791/519
f 2506/1226/790 2031/1010/640 2029/1227/639
f 2505/1228/790 2028/965/639 2425/1182/766
f 2506/1226/790 2426/1229/766 2514/1230/791
f 2506/1226/790 2514/1230/791 2516/1231/792
f 2506/1226/790 2516/1231/792 2115/1011/667
f 2506/1226/790 2115/1011/667 2031/1010/640
f 2519/1232/793 1838/882/578 1835/1233/794
f 2519/1232/793 1835/1233/794 2521/1234/795
f 2519/1232/793 2521/1234/795 2525/1235/796
f 2519/1232/793 2525/1235/796 2527/1236/797
f 2519/1232/793 2527/1236/797 1846/883/580
f 2519/1232/793 1846/883/580 1838/882/578
f 2530/1237/798 1544/755/492 1779/858/564
f 2531/1238/798 1780/1239/564 2534/1240/799
f 2531/1238/798 2534/1240/799 2537/1241/800
f 2531/1238/798 2537/1241/800 2542/1242/801
f 2530/1237/798 2541/1243/801 1545/756/493
f 2530/1237/798 1545/756/493 1544/755/492
f 2545/1244/802 1481/720/471 1610/789/517
f 2546/1245/802 1611/1246/517 2549/1247/803
f 2546/1245/802 2549/1247/803 2552/1248/804
f 2546/1245/802 2552/1248/804 2553/1249/805
f 2546/1245/802 2553/1249/805 1484/1250/472
f 2546/1245/802 1484/1250/472 1482/1251/471
f 2171/1044/683 2167/1043/682 2555/1252/806
f 2171/1044/683 2555/1252/806 2559/1253/807
f 2171/1044/683 2559/1253/807 2091/998/659
f 2171/1044/683 2091/998/659 1925/908/603
f 2388/1160/755 2387/1159/754 2565/1254/808
f 2388/1160/755 2565/1254/808 2567/1255/809
f 2389/1162/755 2568/1256/809 2461/1257/776
f 2389/1162/755 2461/1257/776 2246/1163/756
f 2062/983/649 2058/982/648 2571/1258/810
f 2063/1259/649 2572/1260/810 2574/1261/811
f 2062/983/649 2573/1262/812 2168/1042/681
f 2062/983/649 2168/1042/681 1881/894/591
f 2578/1263/813 1756/847/555 1751/846/554
f 2578/1263/813 1751/846/554 2152/1036/677
f 2579/1264/813 2153/1035/677 2581/1265/814
f 2579/1264/813 2581/1265/814 2583/1266/815
f 2579/1264/813 2583/1266/815 2140/1024/674
f 2579/1264/813 2140/1024/674 1757/1267/816
f 2585/1268/817 1833/877/576 1996/944/627
f 2585/1268/817 1996/944/627 2588/1269/818
f 2586/1270/817 2589/1271/818 2591/1272/819
f 2586/1270/817 2591/1272/819 2521/1234/795
f 2586/1270/817 2521/1234/795 1835/1233/794
f 2585/1268/817 1834/878/577 1833/877/576
f 2197/1273/691 2192/1108/731 2595/1274/820
f 2197/1273/691 2595/1274/820 2598/1275/821
f 2196/1276/691 2597/1277/821 2203/1061/692
f 2195/1278/691 2202/1279/692 1914/1280/601
f 2602/1281/822 2256/1202/712 2464/1201/777
f 2602/1281/822 2464/1201/777 2605/1282/823
f 2602/1281/822 2605/1282/823 2609/1283/824
f 2602/1281/822 2609/1283/824 2452/1192/773
f 2602/1281/822 2452/1192/773 2260/1284/713
f 2601/1285/822 2259/1087/713 2255/1086/712
f 2377/1154/752 2373/1153/751 2612/1286/825
f 2377/1154/752 2612/1286/825 2615/1287/826
f 2377/1154/752 2615/1287/826 1820/872/573
f 2377/1154/752 1820/872/573 1891/1288/594
f 2617/1289/827 1686/1028/535 2143/1027/675
f 2617/1289/827 2143/1027/675 2620/1290/828
f 2617/1289/827 2620/1290/828 2624/1291/829
f 2617/1289/827 2624/1291/829 2343/1131/741
f 2617/1289/827 2343/1131/741 1691/1130/536
f 2617/1289/827 1691/1130/536 1686/1028/535
f 2183/1052/688 2181/1051/687 2628/1292/830
f 2183/1052/688 2628/1292/830 2631/1293/831
f 2183/1052/688 2631/1293/831 2149/1034/676
f 2183/1052/688 2149/1034/676 1743/1053/552
f 2633/1294/832 1985/939/624 1984/938/623
f 2633/1294/832 1984/938/623 2475/1208/781
f 2633/1294/832 2475/1208/781 2635/1295/833
f 2634/1296/832 2637/1297/833 2639/1298/834
f 2634/1296/832 2639/1298/834 2086/996/657
f 2634/1296/832 2086/996/657 1986/995/624
f 2642/1299/835 2009/949/630 2006/948/629
f 2642/1299/835 2006/948/629 2436/1300/769
f 2641/1301/835 2435/1302/769 2644/1303/836
f 2643/1304/835 2645/1305/837 2647/1306/838
f 2642/1299/835 2646/1307/838 2038/970/642
f 2642/1299/835 2038/970/642 2009/949/630
f 2302/1107/730 2299/1106/729 2314/1116/734
f 2302/1107/730 2314/1116/734 2653/1308/839
f 2302/1107/730 2653/1308/839 2656/1309/840
f 2302/1107/730 2656/1309/840 2658/1310/841
f 2302/1107/730 2658/1310/841 2595/1274/820
f 2302/1107/730 2595/1274/820 2192/1108/731
f 2661/1311/842 2317/1174/735 2410/1173/761
f 2661/1311/842 2410/1173/761 2664/1312/843
f 2661/1311/842 2664/1312/843 2667/1313/844
f 2661/1311/842 2667/1313/844 2668/1314/845
f 2661/1311/842 2668/1314/845 2321/1315/736
f 2661/1311/842 2321/1315/736 2317/1174/735
f 2674/1316/846 1701/826/539 1699/825/538
f 2674/1316/846 1699/825/538 2403/1317/759
f 2673/1318/846 2402/1167/759 2676/1319/847
f 2674/1316/846 2677/1320/847 2681/1321/848
f 2674/1316/846 2681/1321/848 2078/991/654
f 2674/1316/846 2078/991/654 1701/826/539
f 2684/1322/849 2118/1012/668 2115/1011/667
f 2684/1322/849 2115/1011/667 2516/1231/792
f 2684/1322/849 2516/1231/792 2692/1323/850
f 2683/1324/849 2690/1325/850 2694/1326/851
f 2683/1324/849 2694/1326/851 2353/1138/744
f 2683/1324/849 2353/1138/744 2117/1137/668
f 2698/1327/852 1964/1112/617 1958/1146/616
f 2698/1327/852 1958/1146/616 2367/1145/749
f 2698/1327/852 2367/1145/749 2699/1328/853
f 2698/1327/852 2699/1328/853 2704/1329/854
f 2698/1327/852 2704/1329/854 2309/1113/733
f 2698/1327/852 2309/1113/733 1964/1112/617
f 2668/1314/845 2667/1313/844 2707/1330/855
f 2668/1314/845 2707/1330/855 2479/1331/856
f 2669/1332/845 2480/1209/782 2326/1122/737
f 2668/1314/845 2325/1333/857 2321/1315/736
f 2714/1334/858 1607/788/516 1972/933/620
f 2714/1334/858 1972/933/620 2717/1335/859
f 2714/1334/858 2717/1335/859 2721/1336/860
f 2715/1337/858 2722/1338/860 2549/1247/803
f 2714/1334/858 2548/1339/803 1610/789/517
f 2714/1334/858 1610/789/517 1607/788/516
f 2458/1196/775 2454/1195/774 2725/1340/861
f 2458/1196/775 2725/1340/861 2665/1341/843
f 2457/1198/775 2664/1312/843 2410/1173/761
f 2457/1198/775 2410/1173/761 2407/1172/760
f 2728/1342/862 1900/901/596 1896/900/595
f 2729/1343/862 1897/1344/595 2491/1215/785
f 2729/1343/862 2491/1215/785 2735/1345/863
f 2729/1343/862 2735/1345/863 2737/1346/864
f 2727/1347/862 2736/1348/864 2069/987/651
f 2728/1342/862 2070/985/651 1900/901/596
f 2742/1349/865 2089/997/658 2086/996/657
f 2742/1349/865 2086/996/657 2639/1298/834
f 2741/1350/865 2638/1351/834 2745/1352/866
f 2741/1350/865 2745/1352/866 2748/1353/867
f 2740/1354/865 2747/1355/867 2187/1056/689
f 2742/1349/865 2188/1055/689 2089/997/658
f 2753/1356/868 2044/1357/643 2040/1358/642
f 2753/1356/868 2040/1358/642 2648/1359/838
f 2753/1356/868 2648/1359/838 2759/1360/869
f 2753/1356/868 2759/1360/869 2761/1361/870
f 2753/1356/868 2761/1361/870 2277/1362/721
f 2752/1363/871 2276/1095/721 2043/972/643
f 2527/1236/797 2525/1235/796 2766/1364/872
f 2527/1236/797 2766/1364/872 2769/1365/873
f 2527/1236/797 2769/1365/873 2013/954/631
f 2527/1236/797 2013/954/631 1846/883/580
f 2771/1366/874 1777/980/563 2053/979/646
f 2771/1366/874 2053/979/646 2773/1367/875
f 2771/1366/874 2773/1367/875 2776/1368/876
f 2771/1366/874 2776/1368/876 2534/1240/799
f 2771/1366/874 2534/1240/799 1780/1239/564
f 2771/1366/874 1780/1239/564 1777/980/563
f 2542/1242/801 2537/1241/800 2784/1369/877
f 2542/1242/801 2784/1369/877 2789/1370/878
f 2541/1243/801 2786/1371/878 1805/864/569
f 2541/1243/801 1805/864/569 1545/756/493
f 2793/1372/879 1764/850/557 2163/1040/680
f 2793/1372/879 2163/1040/680 2797/1373/880
f 2793/1372/879 2797/1373/880 2801/1374/881
f 2792/1375/879 2800/1376/881 2417/1178/763
f 2793/1372/879 2418/1176/763 1766/851/558
f 2793/1372/879 1766/851/558 1764/850/557
f 2805/1377/882 1993/943/626 2356/1139/745
f 2805/1377/882 2356/1139/745 2811/1378/883
f 2805/1377/882 2811/1378/883 2814/1379/884
f 2806/1380/882 2815/1381/884 2589/1271/818
f 2805/1377/882 2588/1269/818 1996/944/627
f 2805/1377/882 1996/944/627 1993/943/626
f 2483/1210/783 2480/1209/782 2820/1382/885
f 2483/1210/783 2820/1382/885 2823/1383/886
f 2484/1211/783 2824/1384/887 2564/1385/808
f 2484/1211/783 2564/1385/808 2386/1157/754
f 2614/1386/826 2611/1387/825 2827/1388/888
f 2614/1386/826 2827/1388/888 2181/1051/687
f 2614/1386/826 2181/1051/687 1825/1050/574
f 2615/1287/826 1826/873/574 1820/872/573
f 2829/1389/889 1933/916/608 2023/962/637
f 2829/1389/889 2023/962/637 2834/1390/890
f 2829/1389/889 2834/1390/890 2838/1391/891
f 2829/1389/889 2838/1391/891 2840/1392/892
f 2829/1389/889 2840/1392/892 1934/917/609
f 2829/1389/889 1934/917/609 1933/916/608
f 2843/1393/893 2207/1062/693 2203/1061/692
f 2843/1393/893 2203/1061/692 2597/1277/821
f 2843/1393/893 2597/1277/821 2845/1394/894
f 2843/1393/893 2845/1394/894 2851/1395/895
f 2843/1393/893 2851/1395/895 2374/1396/751
f 2843/1393/893 2374/1396/751 2207/1062/693
f 2855/1397/896 2461/1257/776 2568/1256/809
f 2855/1397/896 2568/1256/809 2858/1398/897
f 2855/1397/896 2858/1398/897 2860/1399/898
f 2855/1397/896 2860/1399/898 2606/1400/899
f 2854/1401/900 2604/1402/901 2463/1403/902
f 2855/1397/896 2465/1404/902 2461/1257/776
f 2346/1132/742 2343/1131/741 2864/1405/903
f 2347/1406/742 2865/1407/903 2866/1408/904
f 2347/1406/742 2866/1408/904 2572/1260/810
f 2347/1406/742 2572/1260/810 2057/1409/648
f 2870/1410/905 2280/1096/722 2276/1095/721
f 2870/1410/905 2276/1095/721 2760/1411/870
f 2871/1412/905 2761/1361/870 2876/1413/906
f 2869/1414/905 2875/1415/906 2879/1416/907
f 2869/1414/905 2879/1416/907 2881/1417/908
f 2869/1414/905 2881/1417/908 2279/1098/722
f 2881/1417/908 2879/1416/907 2886/1418/909
f 2881/1417/908 2886/1418/909 2887/1419/910
f 2881/1417/908 2887/1419/910 2422/1181/765
f 2881/1417/908 2422/1181/765 2279/1098/722
f 2890/1420/911 2051/978/645 2132/1019/672
f 2890/1420/911 2132/1019/672 2893/1421/912
f 2890/1420/911 2893/1421/912 2895/1422/913
f 2890/1420/911 2895/1422/913 2773/1367/875
f 2890/1420/911 2773/1367/875 2053/979/646
f 2890/1420/911 2053/979/646 2051/978/645
f 2906/1423/914 2094/999/660 2091/998/659
f 2906/1423/914 2091/998/659 2559/1253/807
f 2907/1424/914 2560/1425/807 2914/1426/915
f 2907/1424/914 2914/1426/915 2915/1427/916
f 2907/1424/914 2915/1427/916 2365/1428/917
f 2907/1424/914 2365/1428/917 2096/1429/918
f 2918/1430/919 2125/1016/670 2121/1431/669
f 2919/1432/919 2122/1013/669 2926/1433/920
f 2917/1434/919 2925/1435/921 2927/1436/922
f 2918/1430/919 2928/1437/922 2893/1421/912
f 2918/1430/919 2893/1421/912 2132/1019/672
f 2918/1430/919 2132/1019/672 2125/1016/670
f 2553/1249/805 2552/1248/804 2931/1438/923
f 2553/1249/805 2931/1438/923 2932/1439/924
f 2553/1249/805 2932/1439/924 2017/1440/634
f 2553/1249/805 2017/1440/634 1484/1250/472
f 2574/1261/811 2572/1260/810 2936/1441/925
f 2574/1261/811 2936/1441/925 2937/1442/926
f 2574/1261/811 2937/1442/926 2557/1443/806
f 2574/1261/811 2557/1443/806 2169/1444/681
f 2941/1445/927 2452/1192/773 2609/1283/824
f 2941/1445/927 2609/1283/824 2945/1446/928
f 2940/1447/927 2944/1448/928 2947/1449/929
f 2940/1447/927 2947/1449/929 2949/1450/930
f 2940/1447/927 2949/1450/930 2454/1195/774
f 2941/1445/927 2455/1193/774 2452/1192/773
f 2952/1451/931 2072/988/652 2069/987/651
f 2952/1451/931 2069/987/651 2736/1348/864
f 2952/1451/931 2736/1348/864 2957/1452/932
f 2952/1451/931 2957/1452/932 2961/1453/933
f 2952/1451/931 2961/1453/933 2399/1166/758
f 2952/1451/931 2399/1166/758 2072/988/652
f 2964/1454/934 2079/992/655 2078/991/654
f 2964/1454/934 2078/991/654 2681/1321/848
f 2963/1455/934 2680/1456/848 2968/1457/935
f 2963/1455/934 2968/1457/935 2970/1458/936
f 2964/1454/934 2971/1459/936 2470/1204/779
f 2964/1454/934 2470/1204/779 2079/992/655
f 2976/1460/937 2425/1182/766 2422/1181/765
f 2976/1460/937 2422/1181/765 2887/1419/910
f 2976/1460/937 2887/1419/910 2980/1461/938
f 2976/1460/937 2980/1461/938 2982/1462/939
f 2976/1460/937 2982/1462/939 2986/1463/940
f 2975/1464/937 2985/1465/940 2511/1466/791
f 2976/1460/937 2513/1467/791 2425/1182/766
f 2768/1468/873 2765/1469/872 2990/1470/941
f 2768/1468/873 2990/1470/941 2925/1435/921
f 2769/1365/873 2926/1433/920 2122/1013/669
f 2769/1365/873 2122/1013/669 2013/954/631
f 2787/1471/878 2783/1472/877 2992/1473/942
f 2787/1471/878 2992/1473/942 2833/1474/890
f 2788/1475/878 2834/1390/890 2023/962/637
f 2788/1475/878 2023/962/637 1806/961/636
f 2949/1450/930 2947/1449/929 2996/1476/943
f 2949/1450/930 2996/1476/943 2997/1477/944
f 2949/1450/930 2997/1477/944 2725/1340/861
f 2949/1450/930 2725/1340/861 2454/1195/774
f 2999/1478/945 2142/1025/675 2140/1024/674
f 2999/1478/945 2140/1024/674 2583/1266/815
f 2999/1478/945 2583/1266/815 3003/1479/946
f 2999/1478/945 3003/1479/946 3004/1480/947
f 2999/1478/945 3004/1480/947 2619/1481/828
f 2999/1478/945 2619/1481/828 2142/1025/675
f 3007/1482/948 1970/932/619 2420/1179/764
f 3007/1482/948 2420/1179/764 3009/1483/949
f 3007/1482/948 3009/1483/949 3013/1484/950
f 3007/1482/948 3013/1484/950 2717/1335/859
f 3007/1482/948 2717/1335/859 1972/933/620
f 3007/1482/948 1972/933/620 1970/932/619
f 3017/1485/951 2153/1035/677 2149/1034/676
f 3017/1485/951 2149/1034/676 2631/1293/831
f 3017/1485/951 2631/1293/831 3020/1486/952
f 3017/1485/951 3020/1486/952 3024/1487/953
f 3017/1485/951 3024/1487/953 2581/1265/814
f 3017/1485/951 2581/1265/814 2153/1035/677
f 3027/1488/954 2108/1007/665 2105/1006/664
f 3027/1488/954 2105/1006/664 3030/1489/955
f 3027/1488/954 3030/1489/955 3032/1490/956
f 3027/1488/954 3032/1490/956 3036/1491/957
f 3027/1488/954 3036/1491/957 2499/1219/787
f 3027/1488/954 2499/1219/787 2108/1007/665
f 3030/1489/955 2105/1006/664 2187/1056/689
f 3030/1489/955 2187/1056/689 2747/1355/867
f 3030/1489/955 2747/1355/867 3039/1492/958
f 3030/1489/955 3039/1492/958 3032/1490/956
f 3040/1493/959 2020/959/635 2018/958/634
f 3040/1493/959 2018/958/634 2933/1494/924
f 3040/1493/959 2933/1494/924 3045/1495/960
f 3040/1493/959 3045/1495/960 3048/1496/961
f 3040/1493/959 3048/1496/961 2288/1101/725
f 3040/1493/959 2288/1101/725 2020/959/635
f 2707/1330/855 2667/1313/844 3053/1497/962
f 2707/1330/855 3053/1497/962 3054/1498/963
f 2707/1330/855 3054/1498/963 2819/1499/885
f 2708/1500/964 2820/1382/885 2480/1209/782
f 3057/1501/965 2353/1138/744 2694/1326/851
f 3058/1502/965 2695/1503/851 3060/1504/966
f 3058/1502/965 3060/1504/966 3064/1505/967
f 3057/1501/965 3063/1506/967 2811/1378/883
f 3057/1501/965 2811/1378/883 2356/1139/745
f 3057/1501/965 2356/1139/745 2353/1138/744
f 3068/1507/968 2313/1114/734 2309/1113/733
f 3068/1507/968 2309/1113/733 2704/1329/854
f 3067/1508/968 2703/1509/854 3071/1510/969
f 3067/1508/968 3071/1510/969 3075/1511/970
f 3067/1508/968 3075/1511/970 2652/1512/839
f 3067/1508/968 2652/1512/839 2312/1513/734
f 3080/1514/971 2567/1255/809 2565/1254/808
f 3081/1515/971 2564/1385/808 2824/1384/887
f 3078/1516/971 2822/1517/886 3085/1518/972
f 3079/1519/971 3087/1520/972 3094/1521/973
f 3080/1514/971 3096/1522/973 2857/1523/974
f 3080/1514/971 2857/1523/974 2567/1255/809
f 2624/1291/829 2620/1290/828 3100/1524/975
f 2624/1291/829 3100/1524/975 3103/1525/976
f 2624/1291/829 3103/1525/976 2864/1405/903
f 2624/1291/829 2864/1405/903 2343/1131/741
f 3105/1526/977 2159/1223/679 2502/1222/789
f 3105/1526/977 2502/1222/789 3108/1527/978
f 3105/1526/977 3108/1527/978 3112/1528/979
f 3105/1526/977 3112/1528/979 2796/1529/880
f 3106/1530/977 2797/1373/880 2163/1040/680
f 3106/1530/977 2163/1040/680 2160/1039/679
f 2852/1531/980 2846/1532/981 3116/1533/982
f 2852/1531/980 3116/1533/982 3121/1534/983
f 2849/1535/984 3120/1536/985 2611/1387/825
f 2850/1537/980 2612/1286/825 2373/1153/751
f 3125/1538/986 2515/1539/792 2512/1540/791
f 3124/1541/986 2511/1466/791 2985/1465/940
f 3124/1541/986 2985/1465/940 3127/1542/987
f 3125/1538/986 3128/1543/987 3130/1544/988
f 3125/1538/986 3130/1544/988 2689/1545/850
f 3125/1538/986 2689/1545/850 2515/1539/792
f 3136/1546/989 2291/1102/726 2288/1101/725
f 3136/1546/989 2288/1101/725 3048/1496/961
f 3136/1546/989 3048/1496/961 3141/1547/990
f 3135/1548/989 3140/1549/990 3143/1550/991
f 3136/1546/989 3144/1551/991 2431/1185/768
f 3136/1546/989 2431/1185/768 2291/1102/726
f 3147/1552/992 2368/1553/749 2365/1428/917
f 3147/1552/992 2365/1428/917 2915/1427/916
f 3147/1552/992 2915/1427/916 3148/1554/993
f 3147/1552/992 3148/1554/993 3151/1555/994
f 3147/1552/992 3151/1555/994 2700/1556/853
f 3147/1552/992 2700/1556/853 2368/1553/749
f 2840/1392/892 2838/1391/891 3154/1557/995
f 2840/1392/892 3154/1557/995 3157/1558/996
f 2840/1392/892 3157/1558/996 2172/1045/684
f 2840/1392/892 2172/1045/684 1934/917/609
f 3162/1559/997 2606/1400/899 2860/1399/898
f 3162/1559/997 2860/1399/898 3165/1560/998
f 3160/1561/999 3164/1562/998 3166/1563/1000
f 3161/1564/1001 3169/1565/1000 2945/1446/928
f 3161/1564/1001 2945/1446/928 2609/1283/824
f 3161/1564/1001 2609/1283/824 2605/1282/823
f 2866/1408/904 2865/1407/903 3173/1566/1002
f 2866/1408/904 3173/1566/1002 3174/1567/1003
f 2866/1408/904 3174/1567/1003 2936/1441/925
f 2866/1408/904 2936/1441/925 2572/1260/810
f 2827/1388/888 2611/1387/825 3120/1536/985
f 2827/1388/888 3120/1536/985 3183/1568/1004
f 2827/1388/888 3183/1568/1004 2628/1292/830
f 2827/1388/888 2628/1292/830 2181/1051/687
f 3185/1569/1005 2475/1208/781 2471/1207/780
f 3185/1569/1005 2471/1207/780 3189/1570/1006
f 3185/1569/1005 3189/1570/1006 3192/1571/1007
f 3185/1569/1005 3192/1571/1007 3193/1572/1008
f 3185/1569/1005 3193/1572/1008 2635/1295/833
f 3185/1569/1005 2635/1295/833 2475/1208/781
f 3197/1573/1009 2638/1351/834 2636/1574/833
f 3197/1573/1009 2636/1574/833 3194/1575/1008
f 3197/1573/1009 3194/1575/1008 3199/1576/1010
f 3197/1573/1009 3199/1576/1010 3201/1577/1011
f 3197/1573/1009 3201/1577/1011 2745/1352/866
f 3197/1573/1009 2745/1352/866 2638/1351/834
f 3203/1578/1012 2594/1579/1013 2657/1580/1014
f 3203/1578/1012 2657/1580/1014 3207/1581/1015
f 3203/1578/1012 3207/1581/1015 3209/1582/1016
f 3204/1583/1012 3210/1584/1016 2845/1394/894
f 3204/1583/1012 2845/1394/894 2597/1277/821
f 3203/1578/1012 2596/1585/821 2594/1579/1013
f 3216/1586/1017 2665/1341/843 2725/1340/861
f 3216/1586/1017 2725/1340/861 2997/1477/944
f 3216/1586/1017 2997/1477/944 3218/1587/1018
f 3215/1588/1017 3217/1589/1019 3053/1497/962
f 3215/1588/1017 3053/1497/962 2667/1313/844
f 3215/1588/1017 2667/1313/844 2664/1312/843
f 3222/1590/1020 2402/1167/759 2399/1166/758
f 3222/1590/1020 2399/1166/758 2961/1453/933
f 3222/1590/1020 2961/1453/933 3223/1591/1021
f 3222/1590/1020 3223/1591/1021 3226/1592/1022
f 3222/1590/1020 3226/1592/1022 2676/1319/847
f 3222/1590/1020 2676/1319/847 2402/1167/759
f 3229/1593/1023 2560/1425/807 2556/1594/806
f 3230/1595/1023 2557/1443/806 2937/1442/926
f 3230/1595/1023 2937/1442/926 3231/1596/1024
f 3230/1595/1023 3231/1596/1024 3235/1597/1025
f 3229/1593/1023 3234/1598/1025 2914/1426/915
f 3229/1593/1023 2914/1426/915 2560/1425/807
f 3238/1599/1026 2471/1207/780 2469/1206/779
f 3239/1600/1027 2470/1204/779 2971/1459/936
f 3240/1601/1026 2972/1602/936 3243/1603/1028
f 3240/1601/1026 3243/1603/1028 3247/1604/1029
f 3238/1599/1026 3246/1605/1029 3189/1570/1006
f 3238/1599/1026 3189/1570/1006 2471/1207/780
f 3250/1606/1030 2438/1186/769 2431/1185/768
f 3250/1606/1030 2431/1185/768 3144/1551/991
f 3249/1607/1030 3143/1550/991 3253/1608/1031
f 3249/1607/1030 3253/1608/1031 3254/1609/1032
f 3249/1607/1030 3254/1609/1032 2645/1305/837
f 3249/1607/1030 2645/1305/837 2437/1610/769
f 3259/1611/1033 2820/1382/885 3055/1612/963
f 3258/1613/1034 3054/1498/963 3262/1614/1035
f 3258/1613/1034 3262/1614/1035 3263/1615/1036
f 3259/1611/1033 3264/1616/1036 3088/1617/972
f 3259/1611/1033 3088/1617/972 2823/1383/886
f 3259/1611/1033 2823/1383/886 2820/1382/885
f 3266/1618/1037 2857/1523/974 3096/1522/973
f 3266/1618/1037 3096/1522/973 3270/1619/1038
f 3266/1618/1037 3270/1619/1038 3277/1620/1039
f 3266/1618/1037 3277/1620/1039 3278/1621/1040
f 3266/1618/1037 3278/1621/1040 3281/1622/1041
f 3266/1618/1037 3281/1622/1041 2857/1523/974
f 3283/1623/1042 2857/1523/974 3281/1622/1041
f 3283/1623/1042 3281/1622/1041 3285/1624/1043
f 3284/1625/1042 3286/1626/1043 3289/1627/1044
f 3284/1625/1042 3289/1627/1044 3165/1560/998
f 3284/1625/1042 3165/1560/998 2860/1399/898
f 3284/1625/1042 2860/1399/898 2858/1398/897
f 3004/1480/947 3003/1479/946 3291/1628/1045
f 3004/1480/947 3291/1628/1045 3294/1629/1046
f 3004/1480/947 3294/1629/1046 3099/1630/975
f 3004/1480/947 3099/1630/975 2619/1481/828
f 3300/1631/1047 2583/1266/815 2581/1265/814
f 3300/1631/1047 2581/1265/814 3024/1487/953
f 3300/1631/1047 3024/1487/953 3304/1632/1048
f 3300/1631/1047 3304/1632/1048 3003/1479/946
f 3300/1631/1047 3003/1479/946 2583/1266/815
f 3307/1633/1049 2521/1234/795 2591/1272/819
f 3306/1634/1049 2590/1635/819 3310/1636/1050
f 3306/1634/1049 3310/1636/1050 3313/1637/1051
f 3306/1634/1049 3313/1637/1051 3316/1638/1052
f 3306/1634/1049 3316/1638/1052 2524/1639/796
f 3307/1633/1049 2525/1235/796 2521/1234/795
f 3318/1640/1053 2631/1293/831 2628/1292/830
f 3318/1640/1053 2628/1292/830 3183/1568/1004
f 3318/1640/1053 3183/1568/1004 3320/1641/1054
f 3318/1640/1053 3320/1641/1054 3323/1642/1055
f 3318/1640/1053 3323/1642/1055 3020/1486/952
f 3318/1640/1053 3020/1486/952 2631/1293/831
f 3325/1643/1056 2695/1503/851 2691/1644/850
f 3325/1643/1056 2691/1644/850 3131/1645/988
f 3325/1643/1056 3131/1645/988 3330/1646/1057
f 3325/1643/1056 3330/1646/1057 3332/1647/1058
f 3325/1643/1056 3332/1647/1058 3060/1504/966
f 3325/1643/1056 3060/1504/966 2695/1503/851
f 3103/1525/976 3100/1524/975 3333/1648/1059
f 3103/1525/976 3333/1648/1059 3340/1649/1060
f 3103/1525/976 3340/1649/1060 3172/1650/1061
f 3103/1525/976 3172/1650/1061 2864/1405/903
f 3343/1651/1062 2417/1178/763 2800/1376/881
f 3343/1651/1062 2800/1376/881 3347/1652/1063
f 3343/1651/1062 3347/1652/1063 3352/1653/1064
f 3343/1651/1062 3352/1653/1064 3009/1483/949
f 3343/1651/1062 3009/1483/949 2420/1179/764
f 3343/1651/1062 2420/1179/764 2417/1178/763
f 3354/1654/1065 2887/1419/910 2886/1418/909
f 3354/1654/1065 2886/1418/909 3355/1655/1066
f 3354/1654/1065 3355/1655/1066 3357/1656/1067
f 3354/1654/1065 3357/1656/1067 3360/1657/1068
f 3354/1654/1065 3360/1657/1068 2980/1461/938
f 3354/1654/1065 2980/1461/938 2887/1419/910
f 3367/1658/1069 2589/1271/818 2815/1381/884
f 3366/1659/1070 2813/1660/884 3368/1661/1071
f 3366/1659/1070 3368/1661/1071 3372/1662/1072
f 3366/1659/1070 3372/1662/1072 3310/1636/1050
f 3366/1659/1070 3310/1636/1050 2590/1635/819
f 3367/1658/1069 2591/1272/819 2589/1271/818
f 3378/1663/1073 2653/1308/839 3076/1664/970
f 3377/1665/1073 3075/1511/970 3379/1666/1074
f 3378/1663/1073 3380/1667/1074 3381/1668/1075
f 3378/1663/1073 3381/1668/1075 3385/1669/1076
f 3378/1663/1073 3385/1669/1076 2656/1309/840
f 3378/1663/1073 2656/1309/840 2653/1308/839
f 3389/1670/1077 2704/1329/854 2699/1328/853
f 3390/1671/1077 2700/1556/853 3151/1555/994
f 3390/1671/1077 3151/1555/994 3394/1672/1078
f 3390/1671/1077 3394/1672/1078 3397/1673/1079
f 3388/1674/1077 3396/1675/1080 3071/1510/969
f 3389/1670/1077 3072/1676/969 2704/1329/854
f 3399/1677/1081 2915/1427/916 2914/1426/915
f 3399/1677/1081 2914/1426/915 3234/1598/1025
f 3399/1677/1081 3234/1598/1025 3285/1624/1043
f 3399/1677/1081 3285/1624/1043 3405/1678/1082
f 3399/1677/1081 3405/1678/1082 3148/1554/993
f 3399/1677/1081 3148/1554/993 2915/1427/916
f 3209/1582/1016 3207/1581/1015 3407/1679/1083
f 3211/1680/1016 3408/1681/1084 3411/1682/1085
f 3211/1680/1016 3411/1682/1085 3116/1533/982
f 3211/1680/1016 3116/1533/982 2846/1532/981
f 3413/1683/1086 2937/1442/926 2936/1441/925
f 3413/1683/1086 2936/1441/925 3174/1567/1003
f 3413/1683/1086 3174/1567/1003 3418/1684/1087
f 3413/1683/1086 3418/1684/1087 3422/1685/1088
f 3413/1683/1086 3422/1685/1088 3231/1596/1024
f 3413/1683/1086 3231/1596/1024 2937/1442/926
f 3426/1686/1089 2945/1446/928 3169/1565/1000
f 3426/1686/1089 3169/1565/1000 3334/1687/1059
f 3426/1686/1089 3334/1687/1059 3296/1688/1046
f 3425/1689/1089 3295/1690/1090 3321/1691/1054
f 3425/1689/1089 3321/1691/1054 2947/1449/929
f 3426/1686/1089 2948/1692/929 2945/1446/928
f 3433/1693/1091 2647/1306/838 2645/1305/837
f 3433/1693/1091 2645/1305/837 3254/1609/1032
f 3433/1693/1091 3254/1609/1032 3434/1694/1092
f 3433/1693/1091 3434/1694/1092 3437/1695/1093
f 3433/1693/1091 3437/1695/1093 2758/1696/869
f 3433/1693/1091 2758/1696/869 2647/1306/838
f 3445/1697/1094 2535/1698/799 2777/1699/876
f 3445/1697/1094 2777/1699/876 3448/1700/1095
f 3445/1697/1094 3448/1700/1095 3450/1701/1096
f 3445/1697/1094 3450/1701/1096 3453/1702/1097
f 3445/1697/1094 3453/1702/1097 2538/1703/800
f 3445/1697/1094 2538/1703/800 2535/1698/799
f 3455/1704/1098 2655/1705/840 3384/1706/1076
f 3455/1704/1098 3384/1706/1076 3457/1707/1099
f 3455/1704/1098 3457/1707/1099 3459/1708/1100
f 3455/1704/1098 3459/1708/1100 3207/1581/1015
f 3455/1704/1098 3207/1581/1015 2657/1580/1014
f 3455/1704/1098 2657/1580/1014 2655/1705/840
f 3464/1709/1101 3054/1498/963 3053/1497/962
f 3464/1709/1101 3053/1497/962 3217/1589/1019
f 3464/1709/1101 3217/1589/1019 3459/1708/1100
f 3464/1709/1101 3459/1708/1100 3457/1707/1099
f 3464/1709/1101 3457/1707/1099 3262/1614/1035
f 3464/1709/1101 3262/1614/1035 3054/1498/963
f 3278/1621/1040 3277/1620/1039 3394/1672/1078
f 3278/1621/1040 3394/1672/1078 3470/1710/1102
f 3278/1621/1040 3470/1710/1102 3405/1678/1082
f 3278/1621/1040 3405/1678/1082 3281/1622/1041
f 3405/1678/1082 3285/1624/1043 3281/1622/1041
f 3477/1711/1103 2997/1477/944 2996/1476/943
f 3477/1711/1103 2996/1476/943 3479/1712/1104
f 3477/1711/1103 3479/1712/1104 3411/1682/1085
f 3477/1711/1103 3411/1682/1085 3408/1681/1084
f 3477/1711/1103 3408/1681/1084 3218/1587/1018
f 3477/1711/1103 3218/1587/1018 2997/1477/944
f 3321/1691/1054 3184/1713/1105 3479/1712/1104
f 3321/1691/1054 3479/1712/1104 2996/1476/943
f 3321/1691/1054 2996/1476/943 2947/1449/929
f 3291/1628/1045 3003/1479/946 3304/1632/1048
f 3291/1628/1045 3304/1632/1048 3020/1486/952
f 3291/1628/1045 3020/1486/952 3323/1642/1055
f 3291/1628/1045 3323/1642/1055 3294/1629/1046
f 3024/1487/953 3020/1486/952 3304/1632/1048
f 3489/1714/1106 2679/1715/848 2676/1319/847
f 3489/1714/1106 2676/1319/847 3226/1592/1022
f 3489/1714/1106 3226/1592/1022 3494/1716/1107
f 3489/1714/1106 3494/1716/1107 3496/1717/1108
f 3489/1714/1106 3496/1717/1108 2967/1718/935
f 3490/1719/1106 2968/1457/935 2680/1456/848
f 3504/1720/1109 2747/1355/867 2744/1721/866
f 3505/1722/1109 2745/1352/866 3201/1577/1011
f 3504/1720/1109 3200/1723/1011 3507/1724/1110
f 3504/1720/1109 3507/1724/1110 3510/1725/1111
f 3504/1720/1109 3510/1725/1111 3039/1492/958
f 3504/1720/1109 3039/1492/958 2747/1355/867
f 3316/1638/1052 3313/1637/1051 3516/1726/1112
f 3316/1638/1052 3516/1726/1112 3518/1727/1113
f 3316/1638/1052 3518/1727/1113 2765/1469/872
f 3316/1638/1052 2765/1469/872 2524/1639/796
f 3520/1728/1114 2774/1729/875 2896/1730/913
f 3520/1728/1114 2896/1730/913 3522/1731/1115
f 3520/1728/1114 3522/1731/1115 3524/1732/1116
f 3520/1728/1114 3524/1732/1116 3448/1700/1095
f 3520/1728/1114 3448/1700/1095 2777/1699/876
f 3520/1728/1114 2777/1699/876 2774/1729/875
f 3529/1733/1117 3093/1734/973 3086/1735/972
f 3531/1736/1117 3088/1617/972 3264/1616/1036
f 3531/1736/1117 3264/1616/1036 3381/1668/1075
f 3531/1736/1117 3381/1668/1075 3380/1667/1074
f 3530/1737/1118 3379/1666/1074 3269/1738/1038
f 3530/1737/1118 3269/1738/1038 3095/1739/973
f 3536/1740/1119 3276/1741/1039 3269/1738/1038
f 3536/1740/1119 3269/1738/1038 3379/1666/1074
f 3536/1740/1119 3379/1666/1074 3075/1511/970
f 3536/1740/1119 3075/1511/970 3071/1510/969
f 3536/1740/1119 3071/1510/969 3396/1675/1080
f 3537/1742/1119 3397/1673/1079 3277/1620/1039
f 3394/1672/1078 3277/1620/1039 3397/1673/1079
f 3158/1743/996 3155/1744/995 3543/1745/1120
f 3158/1743/996 3543/1745/1120 3545/1746/1121
f 3158/1743/996 3545/1746/1121 2486/1214/784
f 3157/1558/996 2485/1212/784 2172/1045/684
f 3165/1560/998 3289/1627/1044 3422/1685/1088
f 3165/1560/998 3422/1685/1088 3418/1684/1087
f 3165/1560/998 3418/1684/1087 3549/1747/1122
f 3165/1560/998 3549/1747/1122 3168/1748/1000
f 3551/1749/1123 3121/1534/983 3116/1533/982
f 3551/1749/1123 3116/1533/982 3411/1682/1085
f 3551/1749/1123 3411/1682/1085 3479/1712/1104
f 3551/1749/1123 3479/1712/1104 3184/1713/1105
f 3550/1750/1123 3183/1568/1004 3120/1536/985
f 3334/1687/1059 3101/1751/975 3296/1688/1046
f 3553/1752/1124 2491/1215/785 2486/1214/784
f 3553/1752/1124 2486/1214/784 3545/1746/1121
f 3553/1752/1124 3545/1746/1121 3556/1753/1125
f 3553/1752/1124 3556/1753/1125 3558/1754/1126
f 3553/1752/1124 3558/1754/1126 2735/1345/863
f 3553/1752/1124 2735/1345/863 2491/1215/785
f 3560/1755/1127 2502/1222/789 2498/1221/788
f 3560/1755/1127 2498/1221/788 3035/1756/957
f 3560/1755/1127 3035/1756/957 3563/1757/1128
f 3560/1755/1127 3563/1757/1128 3568/1758/1129
f 3560/1755/1127 3568/1758/1129 3108/1527/978
f 3560/1755/1127 3108/1527/978 2502/1222/789
f 3570/1759/1130 2987/1760/940 2983/1761/939
f 3570/1759/1130 2983/1761/939 3578/1762/1131
f 3570/1759/1130 3578/1762/1131 3581/1763/1132
f 3569/1764/1130 3580/1765/1132 3582/1766/1133
f 3569/1764/1130 3582/1766/1133 3127/1542/987
f 3569/1764/1130 3127/1542/987 2985/1465/940
f 3355/1655/1066 2886/1418/909 2879/1416/907
f 3355/1655/1066 2879/1416/907 3586/1767/1134
f 3355/1655/1066 3586/1767/1134 3591/1768/1135
f 3355/1655/1066 3591/1768/1135 3357/1656/1067
f 3470/1710/1102 3394/1672/1078 3151/1555/994
f 3470/1710/1102 3151/1555/994 3148/1554/993
f 3470/1710/1102 3148/1554/993 3405/1678/1082
f 3289/1627/1044 3286/1626/1043 3235/1597/1025
f 3289/1627/1044 3235/1597/1025 3231/1596/1024
f 3289/1627/1044 3231/1596/1024 3422/1685/1088
f 3549/1747/1122 3418/1684/1087 3174/1567/1003
f 3549/1747/1122 3174/1567/1003 3173/1566/1002
f 3548/1769/1136 3172/1650/1061 3340/1649/1060
f 3548/1769/1136 3340/1649/1060 3167/1770/1000
f 3167/1770/1000 3340/1649/1060 3333/1648/1059
f 3601/1771/1137 2809/1772/883 3062/1773/967
f 3604/1774/1137 3065/1775/967 3608/1776/1138
f 3604/1774/1137 3608/1776/1138 3609/1777/1139
f 3604/1774/1137 3609/1777/1139 3369/1778/1140
f 3603/1779/1137 3368/1661/1071 2813/1660/884
f 3602/1780/1137 2812/1781/884 2810/1782/883
f 3615/1783/1141 2761/1361/870 2759/1360/869
f 3613/1784/1142 2758/1696/869 3437/1695/1093
f 3613/1784/1142 3437/1695/1093 3618/1785/1143
f 3614/1786/1141 3619/1787/1143 3624/1788/1144
f 3612/1789/1145 3621/1790/1144 2874/1791/906
f 3615/1783/1141 2876/1413/906 2761/1361/870
f 3627/1792/1146 2894/1793/912 2929/1794/922
f 3626/1795/1146 2927/1436/922 3629/1796/1147
f 3627/1792/1146 3630/1797/1147 3633/1798/1148
f 3627/1792/1146 3633/1798/1148 3522/1731/1115
f 3627/1792/1146 3522/1731/1115 2896/1730/913
f 3627/1792/1146 2896/1730/913 2894/1793/912
f 3407/1679/1083 3207/1581/1015 3459/1708/1100
f 3408/1681/1084 3460/1799/1100 3218/1587/1018
f 3320/1641/1054 3294/1629/1046 3323/1642/1055
f 3641/1800/1149 2982/1462/939 2980/1461/938
f 3641/1800/1149 2980/1461/938 3360/1657/1068
f 3641/1800/1149 3360/1657/1068 3646/1801/1150
f 3642/1802/1149 3647/1803/1150 3650/1804/1151
f 3641/1800/1149 3649/1805/1151 3576/1806/1131
f 3641/1800/1149 3576/1806/1131 2982/1462/939
f 3651/1807/1152 2925/1435/921 2990/1470/941
f 3651/1807/1152 2990/1470/941 3654/1808/1153
f 3651/1807/1152 3654/1808/1153 3655/1809/1154
f 3651/1807/1152 3655/1809/1154 3629/1796/1147
f 3651/1807/1152 3629/1796/1147 2927/1436/922
f 3651/1807/1152 2927/1436/922 2925/1435/921
f 3659/1810/1155 3385/1669/1076 3381/1668/1075
f 3659/1810/1155 3381/1668/1075 3264/1616/1036
f 3658/1811/1156 3263/1615/1036 3262/1614/1035
f 3658/1811/1156 3262/1614/1035 3457/1707/1099
f 3658/1811/1156 3457/1707/1099 3384/1706/1076
f 3662/1812/1157 3189/1570/1006 3246/1605/1029
f 3662/1812/1157 3246/1605/1029 3664/1813/1158
f 3662/1812/1157 3664/1813/1158 3665/1814/1159
f 3662/1812/1157 3665/1814/1159 3667/1815/1160
f 3662/1812/1157 3667/1815/1160 3192/1571/1007
f 3662/1812/1157 3192/1571/1007 3189/1570/1006
f 3518/1727/1113 3516/1726/1112 3672/1816/1161
f 3518/1727/1113 3672/1816/1161 3654/1808/1153
f 3518/1727/1113 3654/1808/1153 2990/1470/941
f 3518/1727/1113 2990/1470/941 2765/1469/872
f 3674/1817/1162 2549/1247/803 2722/1338/860
f 3675/1818/1162 2723/1819/860 3677/1820/1163
f 3674/1817/1162 3676/1821/1164 3679/1822/1165
f 3674/1817/1162 3679/1822/1165 3682/1823/1166
f 3674/1817/1162 3682/1823/1166 2552/1248/804
f 3674/1817/1162 2552/1248/804 2549/1247/803
f 3686/1824/1167 2737/1346/864 2735/1345/863
f 3686/1824/1167 2735/1345/863 3558/1754/1126
f 3686/1824/1167 3558/1754/1126 3693/1825/1168
f 3686/1824/1167 3693/1825/1168 3696/1826/1169
f 3686/1824/1167 3696/1826/1169 2958/1827/932
f 3686/1824/1167 2958/1827/932 2737/1346/864
f 3699/1828/1170 3132/1829/988 3129/1830/987
f 3699/1828/1170 3129/1830/987 3583/1831/1133
f 3699/1828/1170 3583/1831/1133 3703/1832/1171
f 3698/1833/1170 3702/1834/1172 3704/1835/1173
f 3698/1833/1170 3704/1835/1173 3330/1646/1057
f 3698/1833/1170 3330/1646/1057 3131/1645/988
f 3586/1767/1134 2879/1416/907 2875/1415/906
f 3586/1767/1134 2875/1415/906 3622/1836/1144
f 3587/1837/1134 3623/1838/1144 3709/1839/1174
f 3587/1837/1134 3709/1839/1174 3592/1840/1135
f 3452/1841/1097 3449/1842/1096 3711/1843/1175
f 3452/1841/1097 3711/1843/1175 3712/1844/1176
f 3452/1841/1097 3712/1844/1176 2783/1472/877
f 3453/1702/1097 2785/1845/877 2538/1703/800
f 3714/1846/1177 2795/1847/880 3111/1848/979
f 3714/1846/1177 3111/1848/979 3718/1849/1178
f 3714/1846/1177 3718/1849/1178 3719/1850/1179
f 3714/1846/1177 3719/1850/1179 3346/1851/1063
f 3714/1846/1177 3346/1851/1063 2799/1852/881
f 3714/1846/1177 2799/1852/881 2795/1847/880
f 3721/1853/1180 3060/1504/966 3332/1647/1058
f 3721/1853/1180 3332/1647/1058 3723/1854/1181
f 3722/1855/1182 3724/1856/1181 3727/1857/1183
f 3722/1855/1182 3727/1857/1183 3608/1776/1138
f 3722/1855/1182 3608/1776/1138 3065/1775/967
f 3721/1853/1180 3064/1505/967 3060/1504/966
f 3730/1858/1184 2718/1859/859 3014/1860/950
f 3730/1858/1184 3014/1860/950 3731/1861/1185
f 3730/1858/1184 3731/1861/1185 3732/1862/1186
f 3730/1858/1184 3732/1862/1186 3677/1820/1163
f 3730/1858/1184 3677/1820/1163 2723/1819/860
f 3730/1858/1184 2723/1819/860 2718/1859/859
f 3736/1863/1187 2970/1458/936 2968/1457/935
f 3736/1863/1187 2968/1457/935 3497/1864/1108
f 3737/1865/1187 3498/1866/1188 3741/1867/1189
f 3738/1868/1187 3742/1869/1189 3744/1870/1190
f 3738/1868/1187 3744/1870/1190 3243/1603/1028
f 3736/1863/1187 3242/1871/1028 2970/1458/936
f 3748/1872/1191 3193/1572/1008 3192/1571/1007
f 3748/1872/1191 3192/1571/1007 3667/1815/1160
f 3748/1872/1191 3667/1815/1160 3751/1873/1192
f 3749/1874/1191 3753/1875/1192 3755/1876/1193
f 3749/1874/1191 3755/1876/1193 3199/1576/1010
f 3749/1874/1191 3199/1576/1010 3194/1575/1008
f 3757/1877/1194 2961/1453/933 2957/1452/932
f 3759/1878/1194 2958/1827/932 3696/1826/1169
f 3759/1878/1194 3696/1826/1169 3763/1879/1195
f 3758/1880/1194 3762/1881/1195 3766/1882/1196
f 3757/1877/1194 3764/1883/1196 3223/1591/1021
f 3757/1877/1194 3223/1591/1021 2961/1453/933
f 3769/1884/1197 2833/1474/890 2992/1473/942
f 3769/1884/1197 2992/1473/942 3772/1885/1198
f 3769/1884/1197 3772/1885/1198 3773/1886/1199
f 3769/1884/1197 3773/1886/1199 3775/1887/1200
f 3769/1884/1197 3775/1887/1200 2836/1888/891
f 3769/1884/1197 2836/1888/891 2833/1474/890
f 3778/1889/1201 3577/1890/1131 3650/1804/1151
f 3778/1889/1201 3650/1804/1151 3783/1891/1202
f 3778/1889/1201 3783/1891/1202 3784/1892/1203
f 3779/1893/1201 3785/1894/1203 3788/1895/1204
f 3779/1893/1201 3788/1895/1204 3581/1763/1132
f 3779/1893/1201 3581/1763/1132 3578/1762/1131
f 3712/1844/1176 3711/1843/1175 3790/1896/1205
f 3712/1844/1176 3790/1896/1205 3772/1885/1198
f 3712/1844/1176 3772/1885/1198 2992/1473/942
f 3712/1844/1176 2992/1473/942 2783/1472/877
f 3793/1897/1206 3034/1898/957 3031/1899/956
f 3795/1900/1206 3032/1490/956 3798/1901/1207
f 3794/1902/1206 3797/1903/1207 3799/1904/1208
f 3794/1902/1206 3799/1904/1208 3803/1905/1209
f 3794/1902/1206 3803/1905/1209 3563/1757/1128
f 3793/1897/1206 3562/1906/1128 3034/1898/957
f 3798/1901/1207 3032/1490/956 3039/1492/958
f 3798/1901/1207 3039/1492/958 3510/1725/1111
f 3798/1901/1207 3510/1725/1111 3807/1907/1210
f 3798/1901/1207 3807/1907/1210 3800/1908/1208
f 3809/1909/1211 3310/1636/1050 3372/1662/1072
f 3809/1909/1211 3372/1662/1072 3812/1910/1212
f 3810/1911/1211 3813/1912/1212 3816/1913/1213
f 3809/1909/1211 3815/1914/1213 3818/1915/1214
f 3809/1909/1211 3818/1915/1214 3313/1637/1051
f 3809/1909/1211 3313/1637/1051 3310/1636/1050
f 3821/1916/1215 3048/1496/961 3045/1495/960
f 3820/1917/1215 3044/1918/960 3825/1919/1216
f 3820/1917/1215 3825/1919/1216 3828/1920/1217
f 3820/1917/1215 3828/1920/1217 3831/1921/1218
f 3820/1917/1215 3831/1921/1218 3140/1549/990
f 3820/1917/1215 3140/1549/990 3047/1922/961
f 3832/1923/1219 2932/1439/924 2931/1438/923
f 3832/1923/1219 2931/1438/923 3834/1924/1220
f 3832/1923/1219 3834/1924/1220 3836/1925/1221
f 3832/1923/1219 3836/1925/1221 3823/1926/1216
f 3832/1923/1219 3823/1926/1216 3043/1927/960
f 3832/1923/1219 3043/1927/960 2932/1439/924
f 3682/1823/1166 3679/1822/1165 3840/1928/1222
f 3682/1823/1166 3840/1928/1222 3834/1924/1220
f 3682/1823/1166 3834/1924/1220 2931/1438/923
f 3682/1823/1166 2931/1438/923 2552/1248/804
f 3846/1929/1223 3201/1577/1011 3199/1576/1010
f 3846/1929/1223 3199/1576/1010 3755/1876/1193
f 3846/1929/1223 3755/1876/1193 3849/1930/1224
f 3845/1931/1223 3848/1932/1224 3852/1933/1225
f 3845/1931/1223 3852/1933/1225 3507/1724/1110
f 3845/1931/1223 3507/1724/1110 3200/1723/1011
f 3858/1934/1226 3330/1646/1057 3704/1835/1173
f 3858/1934/1226 3704/1835/1173 3859/1935/1227
f 3858/1934/1226 3859/1935/1227 3863/1936/1228
f 3858/1934/1226 3863/1936/1228 3723/1854/1181
f 3858/1934/1226 3723/1854/1181 3332/1647/1058
f 3858/1934/1226 3332/1647/1058 3330/1646/1057
f 3869/1937/1229 3143/1550/991 3140/1549/990
f 3869/1937/1229 3140/1549/990 3831/1921/1218
f 3869/1937/1229 3831/1921/1218 3876/1938/1230
f 3869/1937/1229 3876/1938/1230 3877/1939/1231
f 3869/1937/1229 3877/1939/1231 3253/1608/1031
f 3869/1937/1229 3253/1608/1031 3143/1550/991
f 3881/1940/1232 3009/1483/949 3352/1653/1064
f 3881/1940/1232 3352/1653/1064 3887/1941/1233
f 3882/1942/1232 3888/1943/1233 3893/1944/1234
f 3882/1942/1232 3893/1944/1234 3731/1861/1185
f 3882/1942/1232 3731/1861/1185 3014/1860/950
f 3881/1940/1232 3013/1484/950 3009/1483/949
f 3898/1945/1235 3108/1527/978 3568/1758/1129
f 3898/1945/1235 3568/1758/1129 3907/1946/1236
f 3899/1947/1235 3908/1948/1237 3910/1949/1238
f 3897/1950/1235 3909/1951/1239 3718/1849/1178
f 3897/1950/1235 3718/1849/1178 3111/1848/979
f 3898/1945/1235 3112/1528/979 3108/1527/978
f 3913/1952/1240 3583/1831/1133 3581/1763/1132
f 3913/1952/1240 3581/1763/1132 3788/1895/1204
f 3913/1952/1240 3788/1895/1204 3916/1953/1241
f 3913/1952/1240 3916/1953/1241 3920/1954/1242
f 3912/1955/1243 3919/1956/1242 3702/1834/1172
f 3913/1952/1240 3703/1832/1171 3583/1831/1133
f 3925/1957/1244 3369/1778/1140 3609/1777/1139
f 3925/1957/1244 3609/1777/1139 3929/1958/1245
f 3925/1957/1244 3929/1958/1245 3930/1959/1246
f 3925/1957/1244 3930/1959/1246 3813/1912/1212
f 3925/1957/1244 3813/1912/1212 3373/1960/1072
f 3925/1957/1244 3373/1960/1072 3369/1778/1140
f 3934/1961/1247 3226/1592/1022 3223/1591/1021
f 3935/1962/1247 3224/1963/1021 3765/1964/1196
f 3935/1962/1247 3765/1964/1196 3938/1965/1248
f 3935/1962/1247 3938/1965/1248 3940/1966/1249
f 3935/1962/1247 3940/1966/1249 3495/1967/1107
f 3934/1961/1247 3494/1716/1107 3226/1592/1022
f 3946/1968/1250 3247/1604/1029 3243/1603/1028
f 3946/1968/1250 3243/1603/1028 3744/1870/1190
f 3946/1968/1250 3744/1870/1190 3949/1969/1251
f 3946/1968/1250 3949/1969/1251 3955/1970/1252
f 3945/1971/1250 3954/1972/1252 3664/1813/1158
f 3945/1971/1250 3664/1813/1158 3246/1605/1029
f 3817/1973/1214 3814/1974/1213 3958/1975/1253
f 3818/1915/1214 3959/1976/1253 3962/1977/1254
f 3818/1915/1214 3962/1977/1254 3516/1726/1112
f 3818/1915/1214 3516/1726/1112 3313/1637/1051
f 3965/1978/1255 3254/1609/1032 3253/1608/1031
f 3965/1978/1255 3253/1608/1031 3877/1939/1231
f 3965/1978/1255 3877/1939/1231 3968/1979/1256
f 3965/1978/1255 3968/1979/1256 3969/1980/1257
f 3965/1978/1255 3969/1980/1257 3434/1694/1092
f 3965/1978/1255 3434/1694/1092 3254/1609/1032
f 3974/1981/1258 3360/1657/1068 3357/1656/1067
f 3973/1982/1258 3356/1983/1067 3977/1984/1259
f 3975/1985/1258 3979/1986/1259 3981/1987/1260
f 3976/1988/1258 3982/1989/1260 3985/1990/1261
f 3976/1988/1258 3985/1990/1261 3647/1803/1150
f 3976/1988/1258 3647/1803/1150 3361/1991/1068
f 3987/1992/1262 3437/1695/1093 3434/1694/1092
f 3987/1992/1262 3434/1694/1092 3969/1980/1257
f 3987/1992/1262 3969/1980/1257 3990/1993/1263
f 3988/1994/1262 3991/1995/1263 3994/1996/1264
f 3988/1994/1262 3994/1996/1264 3619/1787/1143
f 3987/1992/1262 3618/1785/1143 3437/1695/1093
f 3776/1997/1265 3774/1998/1199 3996/1999/1266
f 3776/1997/1265 3996/1999/1266 3998/2000/1267
f 3776/1997/1265 3998/2000/1267 3153/2001/995
f 3776/1997/1265 3153/2001/995 2837/2002/891
f 4001/2003/1268 3608/1776/1138 3727/1857/1183
f 4001/2003/1268 3727/1857/1183 4002/2004/1269
f 4001/2003/1268 4002/2004/1269 4004/2005/1270
f 4001/2003/1268 4004/2005/1270 3929/1958/1245
f 4001/2003/1268 3929/1958/1245 3609/1777/1139
f 4001/2003/1268 3609/1777/1139 3608/1776/1138
f 4007/2006/1271 3629/1796/1147 3655/1809/1154
f 4007/2006/1271 3655/1809/1154 4009/2007/1272
f 4007/2006/1271 4009/2007/1272 4011/2008/1273
f 4007/2006/1271 4011/2008/1273 4013/2009/1274
f 4007/2006/1271 4013/2009/1274 3632/2010/1148
f 4007/2006/1271 3632/2010/1148 3629/1796/1147
f 4016/2011/1275 3522/1731/1115 3633/1798/1148
f 4016/2011/1275 3633/1798/1148 4014/2012/1274
f 4016/2011/1275 4014/2012/1274 4019/2013/1276
f 4016/2011/1275 4019/2013/1276 4021/2014/1277
f 4016/2011/1275 4021/2014/1277 3524/1732/1116
f 4016/2011/1275 3524/1732/1116 3522/1731/1115
f 4024/2015/1278 3448/1700/1095 3524/1732/1116
f 4024/2015/1278 3524/1732/1116 4021/2014/1277
f 4024/2015/1278 4021/2014/1277 4027/2016/1279
f 4023/2017/1278 4026/2018/1279 4030/2019/1280
f 4024/2015/1278 4031/2020/1280 3450/1701/1096
f 4024/2015/1278 3450/1701/1096 3448/1700/1095
f 3978/2021/1259 3357/1656/1067 3591/1768/1135
f 3979/1986/1259 3592/1840/1135 4033/2022/1281
f 3979/1986/1259 4033/2022/1281 4035/2023/1282
f 3979/1986/1259 4035/2023/1282 3981/1987/1260
f 4036/2024/1283 3654/1808/1153 3672/1816/1161
f 4036/2024/1283 3672/1816/1161 4040/2025/1284
f 4036/2024/1283 4040/2025/1284 4043/2026/1285
f 4036/2024/1283 4043/2026/1285 4009/2007/1272
f 4036/2024/1283 4009/2007/1272 3655/1809/1154
f 4036/2024/1283 3655/1809/1154 3654/1808/1153
f 4046/2027/1286 3624/1788/1144 3619/1787/1143
f 4046/2027/1286 3619/1787/1143 3994/1996/1264
f 4046/2027/1286 3994/1996/1264 4048/2028/1287
f 4046/2027/1286 4048/2028/1287 4052/2029/1288
f 4046/2027/1286 4052/2029/1288 3710/2030/1174
f 4045/2031/1286 3709/1839/1174 3623/1838/1144
f 3961/2032/1254 3958/1975/1253 4059/2033/1289
f 3961/2032/1254 4059/2033/1289 4039/2034/1284
f 3962/1977/1254 4040/2025/1284 3672/1816/1161
f 3962/1977/1254 3672/1816/1161 3516/1726/1112
f 4062/2035/1290 3346/1851/1063 3719/1850/1179
f 4062/2035/1290 3719/1850/1179 4069/2036/1291
f 4062/2035/1290 4069/2036/1291 4072/2037/1292
f 4062/2035/1290 4072/2037/1292 3885/2038/1233
f 4062/2035/1290 3885/2038/1233 3351/2039/1064
f 4062/2035/1290 3351/2039/1064 3346/1851/1063
f 4078/2040/1293 3650/1804/1151 3647/1803/1150
f 4078/2040/1293 3647/1803/1150 3985/1990/1261
f 4078/2040/1293 3985/1990/1261 4082/2041/1294
f 4078/2040/1293 4082/2041/1294 4084/2042/1295
f 4078/2040/1293 4084/2042/1295 3783/1891/1202
f 4078/2040/1293 3783/1891/1202 3650/1804/1151
f 4086/2043/1296 3704/1835/1173 3702/1834/1172
f 4086/2043/1296 3702/1834/1172 3919/1956/1242
f 4086/2043/1296 3919/1956/1242 4088/2044/1297
f 4086/2043/1296 4088/2044/1297 4089/2045/1298
f 4086/2043/1296 4089/2045/1298 3859/1935/1227
f 4086/2043/1296 3859/1935/1227 3704/1835/1173
f 4094/2046/1299 3507/1724/1110 3852/1933/1225
f 4094/2046/1299 3852/1933/1225 4097/2047/1300
f 4094/2046/1299 4097/2047/1300 4101/2048/1301
f 4094/2046/1299 4101/2048/1301 3807/1907/1210
f 4094/2046/1299 3807/1907/1210 3510/1725/1111
f 4094/2046/1299 3510/1725/1111 3507/1724/1110
f 4111/2049/1302 3667/1815/1160 3665/1814/1159
f 4111/2049/1302 3665/1814/1159 4112/2050/1303
f 4111/2049/1302 4112/2050/1303 4113/2051/1304
f 4111/2049/1302 4113/2051/1304 4116/2052/1305
f 4111/2049/1302 4116/2052/1305 4120/2053/1306
f 4111/2049/1302 4120/2053/1306 3667/1815/1160
f 3751/1873/1192 3667/1815/1160 4120/2053/1306
f 3752/2054/1192 4121/2055/1307 4123/2056/1308
f 3753/1875/1192 4125/2057/1308 4128/2058/1309
f 3753/1875/1192 4128/2058/1309 3755/1876/1193
f 4130/2059/1310 3498/1866/1188 3495/1967/1107
f 4130/2059/1310 3495/1967/1107 3940/1966/1249
f 4130/2059/1310 3940/1966/1249 4133/2060/1311
f 4130/2059/1310 4133/2060/1311 4135/2061/1312
f 4130/2059/1310 4135/2061/1312 3741/1867/1189
f 4130/2059/1310 3741/1867/1189 3498/1866/1188
f 4033/2022/1281 3592/1840/1135 3709/1839/1174
f 4033/2022/1281 3709/1839/1174 4051/2062/1288
f 4034/2063/1313 4052/2029/1288 4140/2064/1314
f 4033/2022/1281 4139/2065/1314 4035/2023/1282
f 4144/2066/1315 3563/1757/1128 3803/1905/1209
f 4144/2066/1315 3803/1905/1209 4147/2067/1316
f 4144/2066/1315 4147/2067/1316 4150/2068/1317
f 4144/2066/1315 4150/2068/1317 4151/2069/1318
f 4144/2066/1315 4151/2069/1318 3907/1946/1236
f 4144/2066/1315 3907/1946/1236 3568/1758/1129
f 4144/2066/1315 3568/1758/1129 3563/1757/1128
f 4128/2058/1309 4125/2057/1308 4159/2070/1319
f 4128/2058/1309 4159/2070/1319 4165/2071/1320
f 4128/2058/1309 4165/2071/1320 3849/1930/1224
f 4128/2058/1309 3849/1930/1224 3755/1876/1193
f 4168/2072/1321 3788/1895/1204 3785/1894/1203
f 4168/2072/1321 3785/1894/1203 4173/2073/1322
f 4168/2072/1321 4173/2073/1322 4176/2074/1323
f 4168/2072/1321 4176/2074/1323 4182/2075/1324
f 4168/2072/1321 4182/2075/1324 3916/1953/1241
f 4168/2072/1321 3916/1953/1241 3788/1895/1204
f 4185/2076/1325 3724/1856/1181 3864/2077/1228
f 4185/2076/1325 3864/2077/1228 4190/2078/1326
f 4185/2076/1325 4190/2078/1326 4192/2079/1327
f 4185/2076/1325 4192/2079/1327 4002/2004/1269
f 4185/2076/1325 4002/2004/1269 3727/1857/1183
f 4185/2076/1325 3727/1857/1183 3724/1856/1181
f 4196/2080/1328 3665/1814/1159 3664/1813/1158
f 4196/2080/1328 3664/1813/1158 3954/1972/1252
f 4196/2080/1328 3954/1972/1252 4199/2081/1329
f 4196/2080/1328 4199/2081/1329 4203/2082/1330
f 4196/2080/1328 4203/2082/1330 4112/2050/1303
f 4196/2080/1328 4112/2050/1303 3665/1814/1159
f 4030/2019/1280 4026/2018/1279 4206/2083/1331
f 4030/2019/1280 4206/2083/1331 4209/2084/1332
f 4030/2019/1280 4209/2084/1332 3711/1843/1175
f 4030/2019/1280 3711/1843/1175 3449/1842/1096
f 3998/2000/1267 3996/1999/1266 4218/2085/1333
f 3998/2000/1267 4218/2085/1333 4222/2086/1334
f 3998/2000/1267 4222/2086/1334 3542/2087/1120
f 3998/2000/1267 3542/2087/1120 3153/2001/995
f 4226/2088/1335 3545/1746/1121 3543/1745/1120
f 4225/2089/1335 3542/2087/1120 4222/2086/1334
f 4225/2089/1335 4222/2086/1334 4228/2090/1336
f 4225/2089/1335 4228/2090/1336 4229/2091/1337
f 4226/2088/1335 4230/2092/1337 3556/1753/1125
f 4226/2088/1335 3556/1753/1125 3545/1746/1121
f 4233/2093/1338 3558/1754/1126 3556/1753/1125
f 4233/2093/1338 3556/1753/1125 4230/2092/1337
f 4233/2093/1338 4230/2092/1337 4240/2094/1339
f 4232/2095/1338 4237/2096/1339 4241/2097/1340
f 4233/2093/1338 4242/2098/1341 3693/1825/1168
f 4233/2093/1338 3693/1825/1168 3558/1754/1126
f 3930/1959/1246 3929/1958/1245 4246/2099/1342
f 3930/1959/1246 4246/2099/1342 4250/2100/1343
f 3930/1959/1246 4250/2100/1343 4253/2101/1344
f 3930/1959/1246 4253/2101/1344 3813/1912/1212
f 3816/1913/1213 3813/1912/1212 4253/2101/1344
f 3816/1913/1213 4253/2101/1344 4250/2100/1343
f 3814/1974/1213 4249/2102/1343 3958/1975/1253
f 4256/2103/1345 3784/1892/1203 3783/1891/1202
f 4256/2103/1345 3783/1891/1202 4084/2042/1295
f 4256/2103/1345 4084/2042/1295 4259/2104/1346
f 4256/2103/1345 4259/2104/1346 4261/2105/1347
f 4256/2103/1345 4261/2105/1347 4172/2106/1348
f 4256/2103/1345 4172/2106/1348 3784/1892/1203
f 4263/2107/1349 3696/1826/1169 3693/1825/1168
f 4262/2108/1349 3692/2109/1168 4241/2097/1340
f 4262/2108/1349 4241/2097/1340 4266/2110/1350
f 4262/2108/1349 4266/2110/1350 4267/2111/1351
f 4262/2108/1349 4267/2111/1351 3762/1881/1195
f 4262/2108/1349 3762/1881/1195 3695/2112/1352
f 4269/2113/1353 3677/1820/1163 3732/1862/1186
f 4269/2113/1353 3732/1862/1186 4271/2114/1354
f 4269/2113/1353 4271/2114/1354 4273/2115/1355
f 4269/2113/1353 4273/2115/1355 4276/2116/1356
f 4269/2113/1353 4276/2116/1356 3680/2117/1165
f 4269/2113/1353 3680/2117/1165 3677/1820/1163
f 4280/2118/1357 3718/1849/1178 3909/1951/1239
f 4280/2118/1357 3909/1951/1239 4282/2119/1358
f 4280/2118/1357 4282/2119/1358 4285/2120/1359
f 4280/2118/1357 4285/2120/1359 4069/2036/1291
f 4280/2118/1357 4069/2036/1291 3719/1850/1179
f 4280/2118/1357 3719/1850/1179 3718/1849/1178
f 4004/2005/1270 4002/2004/1269 4288/2121/1360
f 4004/2005/1270 4288/2121/1360 4290/2122/1361
f 4004/2005/1270 4290/2122/1361 4246/2099/1342
f 4004/2005/1270 4246/2099/1342 3929/1958/1245
f 4293/2123/1362 3919/1956/1242 3915/2124/1241
f 4293/2123/1362 3915/2124/1241 4181/2125/1324
f 4293/2123/1362 4181/2125/1324 4295/2126/1363
f 4293/2123/1362 4295/2126/1363 4296/2127/1364
f 4293/2123/1362 4296/2127/1364 4088/2044/1297
f 4293/2123/1362 4088/2044/1297 3919/1956/1242
f 4299/2128/1365 3859/1935/1227 4089/2045/1298
f 4300/2129/1365 4090/2130/1298 4302/2131/1366
f 4300/2129/1365 4302/2131/1366 4303/2132/1367
f 4300/2129/1365 4303/2132/1367 4190/2078/1326
f 4300/2129/1365 4190/2078/1326 3864/2077/1228
f 4300/2129/1365 3864/2077/1228 3860/2133/1227
f 4308/2134/1368 3743/2135/1190 3741/1867/1189
f 4308/2134/1368 3741/1867/1189 4135/2061/1312
f 4307/2136/1368 4134/2137/1312 4311/2138/1369
f 4307/2136/1368 4311/2138/1369 4314/2139/1370
f 4307/2136/1368 4314/2139/1370 3948/2140/1251
f 4309/2141/1368 3949/1969/1251 3744/1870/1190
f 4117/2142/1305 4114/2143/1304 4322/2144/1371
f 4117/2142/1305 4322/2144/1371 4324/2145/1372
f 4117/2142/1305 4324/2145/1372 4325/2146/1373
f 4117/2142/1305 4325/2146/1373 4124/2147/1308
f 4116/2052/1305 4122/2148/1308 4120/2053/1306
f 4209/2084/1332 4206/2083/1331 4329/2149/1374
f 4209/2084/1332 4329/2149/1374 4331/2150/1375
f 4209/2084/1332 4331/2150/1375 3790/1896/1205
f 4209/2084/1332 3790/1896/1205 3711/1843/1175
f 4332/2151/1376 3958/1975/1253 4249/2102/1343
f 4332/2151/1376 4249/2102/1343 4245/2152/1377
f 4332/2151/1376 4245/2152/1377 4289/2153/1361
f 4332/2151/1376 4289/2153/1361 4334/2154/1378
f 4332/2151/1376 4334/2154/1378 4059/2033/1289
f 4332/2151/1376 4059/2033/1289 3958/1975/1253
f 4336/2155/1379 3772/1885/1198 3790/1896/1205
f 4336/2155/1379 3790/1896/1205 4331/2150/1375
f 4336/2155/1379 4331/2150/1375 4338/2156/1380
f 4336/2155/1379 4338/2156/1380 4342/2157/1381
f 4336/2155/1379 4342/2157/1381 3773/1886/1199
f 4336/2155/1379 3773/1886/1199 3772/1885/1198
f 4346/2158/1382 3731/1861/1185 3893/1944/1234
f 4346/2158/1382 3893/1944/1234 4347/2159/1383
f 4346/2158/1382 4347/2159/1383 4351/2160/1384
f 4346/2158/1382 4351/2160/1384 4271/2114/1354
f 4346/2158/1382 4271/2114/1354 3732/1862/1186
f 4346/2158/1382 3732/1862/1186 3731/1861/1185
f 4354/2161/1385 3766/1882/1196 3762/1881/1195
f 4354/2161/1385 3762/1881/1195 4267/2111/1351
f 4354/2161/1385 4267/2111/1351 4356/2162/1386
f 4354/2161/1385 4356/2162/1386 4358/2163/1387
f 4354/2161/1385 4358/2163/1387 3939/2164/1248
f 4354/2161/1385 3939/2164/1248 3766/1882/1196
f 4365/2165/1388 4039/2034/1284 4059/2033/1289
f 4365/2165/1388 4059/2033/1289 4334/2154/1378
f 4365/2165/1388 4334/2154/1378 4367/2166/1389
f 4365/2165/1388 4367/2166/1389 4368/2167/1390
f 4365/2165/1388 4368/2167/1390 4042/2168/1285
f 4365/2165/1388 4042/2168/1285 4039/2034/1284
f 4372/2169/1391 3877/1939/1231 3876/1938/1230
f 4372/2169/1391 3876/1938/1230 4373/2170/1392
f 4372/2169/1391 4373/2170/1392 4376/2171/1393
f 4372/2169/1391 4376/2171/1393 4381/2172/1394
f 4372/2169/1391 4381/2172/1394 3968/1979/1256
f 4372/2169/1391 3968/1979/1256 3877/1939/1231
f 4385/2173/1395 3831/1921/1218 3828/1920/1217
f 4384/2174/1395 3827/2175/1217 4386/2176/1396
f 4384/2174/1395 4386/2176/1396 4389/2177/1397
f 4385/2173/1395 4390/2178/1398 4373/2170/1392
f 4385/2173/1395 4373/2170/1392 3876/1938/1230
f 4385/2173/1395 3876/1938/1230 3831/1921/1218
f 4393/2179/1399 3852/1933/1225 3848/1932/1224
f 4393/2179/1399 3848/1932/1224 4163/2180/1320
f 4393/2179/1399 4163/2180/1320 4396/2181/1400
f 4393/2179/1399 4396/2181/1400 4097/2047/1300
f 4393/2179/1399 4097/2047/1300 3852/1933/1225
f 4192/2079/1327 4190/2078/1326 4401/2182/1401
f 4192/2079/1327 4401/2182/1401 4404/2183/1402
f 4192/2079/1327 4404/2183/1402 4288/2121/1360
f 4192/2079/1327 4288/2121/1360 4002/2004/1269
f 4409/2184/1403 3969/1980/1257 3968/1979/1256
f 4409/2184/1403 3968/1979/1256 4381/2172/1394
f 4409/2184/1403 4381/2172/1394 4415/2185/1404
f 4408/2186/1403 4414/2187/1404 4417/2188/1405
f 4410/2189/1403 4418/2190/1405 3991/1995/1263
f 4409/2184/1403 3990/1993/1263 3969/1980/1257
f 4421/2191/1406 4009/2007/1272 4043/2026/1285
f 4420/2192/1406 4042/2168/1285 4368/2167/1390
f 4420/2192/1406 4368/2167/1390 4423/2193/1407
f 4420/2192/1406 4423/2193/1407 4425/2194/1408
f 4420/2192/1406 4425/2194/1408 4010/2195/1273
f 4421/2191/1406 4011/2008/1273 4009/2007/1272
f 4429/2196/1409 3823/1926/1216 3836/1925/1221
f 4430/2197/1410 3837/2198/1221 4433/2199/1411
f 4430/2197/1410 4433/2199/1411 4438/2200/1412
f 4430/2197/1410 4438/2200/1412 4386/2176/1396
f 4430/2197/1410 4386/2176/1396 3827/2175/1217
f 4430/2197/1410 3827/2175/1217 3824/2201/1216
f 4440/2202/1413 3799/1904/1208 3806/2203/1210
f 4440/2202/1413 3806/2203/1210 4100/2204/1301
f 4440/2202/1413 4100/2204/1301 4444/2205/1414
f 4440/2202/1413 4444/2205/1414 4449/2206/1415
f 4440/2202/1413 4449/2206/1415 4147/2067/1316
f 4440/2202/1413 4147/2067/1316 3799/1904/1208
f 4147/2067/1316 3803/1905/1209 3799/1904/1208
f 4452/2207/1416 4172/2106/1348 4261/2105/1347
f 4452/2207/1416 4261/2105/1347 4454/2208/1417
f 4452/2207/1416 4454/2208/1417 4457/2209/1418
f 4453/2210/1416 4458/2211/1418 4461/2212/1419
f 4453/2210/1416 4461/2212/1419 4176/2074/1323
f 4453/2210/1416 4176/2074/1323 4173/2073/1322
f 4467/2213/1420 4013/2009/1274 4011/2008/1273
f 4467/2213/1420 4011/2008/1273 4426/2214/1421
f 4466/2215/1420 4425/2194/1408 4468/2216/1422
f 4466/2215/1420 4468/2216/1422 4473/2217/1423
f 4467/2213/1420 4474/2218/1423 4018/2219/1276
f 4467/2213/1420 4018/2219/1276 4013/2009/1274
f 4481/2220/1424 3834/1924/1220 3840/1928/1222
f 4481/2220/1424 3840/1928/1222 4485/2221/1425
f 4482/2222/1424 4486/2223/1425 4488/2224/1426
f 4482/2222/1424 4488/2224/1426 4433/2199/1411
f 4481/2220/1424 4432/2225/1411 3836/1925/1221
f 4481/2220/1424 3836/1925/1221 3834/1924/1220
f 4492/2226/1427 3984/2227/1428 3981/1987/1260
f 4492/2226/1427 3981/1987/1260 4494/2228/1429
f 4492/2226/1427 4494/2228/1429 4495/2229/1430
f 4492/2226/1427 4495/2229/1430 4497/2230/1431
f 4492/2226/1427 4497/2230/1431 4081/2231/1294
f 4492/2226/1427 4081/2231/1294 3984/2227/1428
f 4499/2232/1432 3994/1996/1264 3991/1995/1263
f 4499/2232/1432 3991/1995/1263 4418/2190/1405
f 4499/2232/1432 4418/2190/1405 4502/2233/1433
f 4499/2232/1432 4502/2233/1433 4506/2234/1434
f 4499/2232/1432 4506/2234/1434 4048/2028/1287
f 4499/2232/1432 4048/2028/1287 3994/1996/1264
f 4510/2235/1435 4021/2014/1277 4019/2013/1276
f 4510/2235/1435 4019/2013/1276 4477/2236/1423
f 4509/2237/1435 4475/2238/1423 4517/2239/1436
f 4509/2237/1435 4517/2239/1436 4519/2240/1437
f 4509/2237/1435 4519/2240/1437 4026/2018/1279
f 4510/2235/1435 4027/2016/1279 4021/2014/1277
f 4521/2241/1438 4112/2050/1303 4203/2082/1330
f 4521/2241/1438 4203/2082/1330 4524/2242/1439
f 4522/2243/1438 4527/2244/1439 4529/2245/1440
f 4522/2243/1438 4529/2245/1440 4532/2246/1441
f 4522/2243/1438 4532/2246/1441 4115/2247/1442
f 4521/2241/1438 4113/2051/1304 4112/2050/1303
f 4276/2116/1356 4273/2115/1355 4536/2248/1443
f 4275/2249/1356 4534/2250/1444 4485/2221/1425
f 4275/2249/1356 4485/2221/1425 3840/1928/1222
f 4275/2249/1356 3840/1928/1222 3679/1822/1165
f 4325/2146/1373 4324/2145/1372 4540/2251/1445
f 4326/2252/1373 4541/2253/1445 4543/2254/1446
f 4326/2252/1373 4543/2254/1446 4158/2255/1319
f 4325/2146/1373 4157/2256/1319 4124/2147/1308
f 4545/2257/1447 4088/2044/1297 4296/2127/1364
f 4545/2257/1447 4296/2127/1364 4552/2258/1448
f 4546/2259/1447 4553/2260/1448 4555/2261/1449
f 4546/2259/1447 4555/2261/1449 4302/2131/1366
f 4546/2259/1447 4302/2131/1366 4090/2130/1298
f 4545/2257/1447 4089/2045/1298 4088/2044/1297
f 4559/2262/1450 3886/2263/1233 4073/2264/1292
f 4561/2265/1450 4074/2266/1292 4564/2267/1451
f 4561/2265/1450 4564/2267/1451 4566/2268/1452
f 4561/2265/1450 4566/2268/1452 4348/2269/1383
f 4560/2270/1450 4347/2159/1383 3893/1944/1234
f 4559/2262/1450 3892/2271/1234 3886/2263/1233
f 4494/2228/1429 3981/1987/1260 4035/2023/1282
f 4494/2228/1429 4035/2023/1282 4568/2272/1453
f 4494/2228/1429 4568/2272/1453 4572/2273/1454
f 4494/2228/1429 4572/2273/1454 4495/2229/1430
f 4575/2274/1455 4052/2029/1288 4048/2028/1287
f 4575/2274/1455 4048/2028/1287 4506/2234/1434
f 4575/2274/1455 4506/2234/1434 4580/2275/1456
f 4575/2274/1455 4580/2275/1456 4581/2276/1457
f 4575/2274/1455 4581/2276/1457 4140/2064/1314
f 4575/2274/1455 4140/2064/1314 4052/2029/1288
f 4584/2277/1458 3908/1948/1237 4152/2278/1318
f 4584/2277/1458 4152/2278/1318 4586/2279/1459
f 4584/2277/1458 4586/2279/1459 4589/2280/1460
f 4584/2277/1458 4589/2280/1460 4283/2281/1358
f 4584/2277/1458 4283/2281/1358 3910/1949/1238
f 4584/2277/1458 3910/1949/1238 3908/1948/1237
f 4303/2132/1367 4302/2131/1366 4593/2282/1461
f 4303/2132/1367 4593/2282/1461 4595/2283/1462
f 4303/2132/1367 4595/2283/1462 4401/2182/1401
f 4303/2132/1367 4401/2182/1401 4190/2078/1326
f 4598/2284/1463 3940/1966/1249 3938/1965/1248
f 4599/2285/1463 3939/2164/1248 4358/2163/1387
f 4599/2285/1463 4358/2163/1387 4602/2286/1464
f 4599/2285/1463 4602/2286/1464 4606/2287/1465
f 4598/2284/1463 4605/2288/1465 4133/2060/1311
f 4598/2284/1463 4133/2060/1311 3940/1966/1249
f 4609/2289/1466 3955/1970/1252 3949/1969/1251
f 4609/2289/1466 3949/1969/1251 4315/2290/1370
f 4610/2291/1466 4316/2292/1370 4614/2293/1467
f 4609/2289/1466 4613/2294/1467 4616/2295/1468
f 4609/2289/1466 4616/2295/1468 4200/2296/1329
f 4609/2289/1466 4200/2296/1329 3955/1970/1252
f 4625/2297/1469 4182/2075/1324 4176/2074/1323
f 4625/2297/1469 4176/2074/1323 4461/2212/1419
f 4625/2297/1469 4461/2212/1419 4628/2298/1470
f 4624/2299/1469 4627/2300/1470 4631/2301/1471
f 4624/2299/1469 4631/2301/1471 4295/2126/1363
f 4624/2299/1469 4295/2126/1363 4181/2125/1324
f 4635/2302/1472 4084/2042/1295 4082/2041/1294
f 4634/2303/1472 4081/2231/1294 4497/2230/1431
f 4634/2303/1472 4497/2230/1431 4637/2304/1473
f 4634/2303/1472 4637/2304/1473 4640/2305/1474
f 4634/2303/1472 4640/2305/1474 4258/2306/1346
f 4635/2302/1472 4259/2104/1346 4084/2042/1295
f 4642/2307/1475 4290/2122/1361 4288/2121/1360
f 4642/2307/1475 4288/2121/1360 4404/2183/1402
f 4641/2308/1475 4403/2309/1402 4646/2310/1476
f 4641/2308/1475 4646/2310/1476 4367/2166/1389
f 4641/2308/1475 4367/2166/1389 4334/2154/1378
f 4641/2308/1475 4334/2154/1378 4289/2153/1361
f 4343/2311/1477 4339/2312/1380 4651/2313/1478
f 4343/2311/1477 4651/2313/1478 4652/2314/1479
f 4343/2311/1477 4652/2314/1479 3996/1999/1266
f 4343/2311/1477 3996/1999/1266 3774/1998/1199
f 4568/2272/1453 4035/2023/1282 4139/2065/1314
f 4569/2315/1453 4140/2064/1314 4581/2276/1457
f 4569/2315/1453 4581/2276/1457 4660/2316/1480
f 4569/2315/1453 4660/2316/1480 4573/2317/1454
f 4519/2240/1437 4517/2239/1436 4662/2318/1481
f 4519/2240/1437 4662/2318/1481 4666/2319/1482
f 4519/2240/1437 4666/2319/1482 4206/2083/1331
f 4519/2240/1437 4206/2083/1331 4026/2018/1279
f 4323/2320/1371 4115/2247/1442 4532/2246/1441
f 4323/2320/1371 4532/2246/1441 4670/2321/1483
f 4322/2144/1371 4669/2322/1483 4674/2323/1484
f 4322/2144/1371 4674/2323/1484 4677/2324/1485
f 4322/2144/1371 4677/2324/1485 4324/2145/1372
f 4681/2325/1486 4261/2105/1347 4259/2104/1346
f 4680/2326/1487 4258/2306/1346 4640/2305/1474
f 4680/2326/1487 4640/2305/1474 4687/2327/1488
f 4680/2326/1487 4687/2327/1488 4692/2328/1489
f 4681/2325/1486 4693/2329/1489 4454/2208/1417
f 4681/2325/1486 4454/2208/1417 4261/2105/1347
f 4696/2330/1490 4069/2036/1291 4285/2120/1359
f 4697/2331/1490 4286/2332/1359 4700/2333/1491
f 4697/2331/1490 4700/2333/1491 4703/2334/1492
f 4697/2331/1490 4703/2334/1492 4564/2267/1451
f 4697/2331/1490 4564/2267/1451 4074/2266/1292
f 4696/2330/1490 4072/2037/1292 4069/2036/1291
f 4706/2335/1493 4101/2048/1301 4097/2047/1300
f 4706/2335/1493 4097/2047/1300 4396/2181/1400
f 4707/2336/1493 4397/2337/1494 4710/2338/1495
f 4707/2336/1493 4710/2338/1495 4446/2339/1414
f 4706/2335/1493 4445/2340/1414 4101/2048/1301
f 4716/2341/1496 4164/2342/1320 4158/2255/1319
f 4716/2341/1496 4158/2255/1319 4543/2254/1446
f 4716/2341/1496 4543/2254/1446 4721/2343/1497
f 4715/2344/1496 4720/2345/1498 4725/2346/1499
f 4714/2347/1496 4724/2348/1499 4395/2349/1494
f 4714/2347/1496 4395/2349/1494 4162/2350/1320
f 4729/2351/1500 4296/2127/1364 4295/2126/1363
f 4729/2351/1500 4295/2126/1363 4631/2301/1471
f 4729/2351/1500 4631/2301/1471 4733/2352/1501
f 4729/2351/1500 4733/2352/1501 4737/2353/1502
f 4728/2354/1500 4736/2355/1503 4551/2356/1448
f 4729/2351/1500 4552/2258/1448 4296/2127/1364
f 4554/2357/1449 4551/2356/1448 4741/2358/1504
f 4554/2357/1449 4741/2358/1504 4742/2359/1505
f 4554/2357/1449 4742/2359/1505 4592/2360/1461
f 4555/2261/1449 4593/2282/1461 4302/2131/1366
f 4744/2361/1506 4147/2067/1316 4449/2206/1415
f 4744/2361/1506 4449/2206/1415 4749/2362/1507
f 4744/2361/1506 4749/2362/1507 4752/2363/1508
f 4744/2361/1506 4752/2363/1508 4753/2364/1509
f 4744/2361/1506 4753/2364/1509 4150/2068/1317
f 4744/2361/1506 4150/2068/1317 4147/2067/1316
f 4758/2365/1510 4401/2182/1401 4595/2283/1462
f 4758/2365/1510 4595/2283/1462 4762/2366/1511
f 4757/2367/1510 4761/2368/1511 4767/2369/1512
f 4756/2370/1510 4766/2371/1512 4646/2310/1476
f 4756/2370/1510 4646/2310/1476 4403/2309/1402
f 4758/2365/1510 4404/2183/1402 4401/2182/1401
f 4652/2314/1479 4651/2313/1478 4769/2372/1513
f 4652/2314/1479 4769/2372/1513 4770/2373/1514
f 4652/2314/1479 4770/2373/1514 4218/2085/1333
f 4652/2314/1479 4218/2085/1333 3996/1999/1266
f 4772/2374/1515 4368/2167/1390 4367/2166/1389
f 4772/2374/1515 4367/2166/1389 4646/2310/1476
f 4772/2374/1515 4646/2310/1476 4766/2371/1512
f 4773/2375/1515 4767/2369/1512 4777/2376/1516
f 4772/2374/1515 4776/2377/1516 4423/2193/1407
f 4772/2374/1515 4423/2193/1407 4368/2167/1390
f 4780/2378/1517 4222/2086/1334 4218/2085/1333
f 4780/2378/1517 4218/2085/1333 4770/2373/1514
f 4780/2378/1517 4770/2373/1514 4782/2379/1518
f 4780/2378/1517 4782/2379/1518 4784/2380/1519
f 4780/2378/1517 4784/2380/1519 4228/2090/1336
f 4780/2378/1517 4228/2090/1336 4222/2086/1334
f 4789/2381/1520 4135/2061/1312 4133/2060/1311
f 4789/2381/1520 4133/2060/1311 4605/2288/1465
f 4789/2381/1520 4605/2288/1465 4791/2382/1521
f 4789/2381/1520 4791/2382/1521 4794/2383/1522
f 4789/2381/1520 4794/2383/1522 4312/2384/1369
f 4789/2381/1520 4312/2384/1369 4135/2061/1312
f 4798/2385/1523 4229/2091/1337 4228/2090/1336
f 4798/2385/1523 4228/2090/1336 4784/2380/1519
f 4799/2386/1523 4785/2387/1519 4801/2388/1524
f 4799/2386/1523 4801/2388/1524 4802/2389/1525
f 4799/2386/1523 4802/2389/1525 4239/2390/1339
f 4798/2385/1523 4238/2391/1339 4229/2091/1337
f 4805/2392/1526 4150/2068/1317 4753/2364/1509
f 4805/2392/1526 4753/2364/1509 4808/2393/1527
f 4806/2394/1526 4810/2395/1527 4815/2396/1528
f 4806/2394/1526 4815/2396/1528 4586/2279/1459
f 4806/2394/1526 4586/2279/1459 4152/2278/1318
f 4805/2392/1526 4151/2069/1318 4150/2068/1317
f 4820/2397/1529 4461/2212/1419 4458/2211/1418
f 4818/2398/1529 4456/2399/1418 4824/2400/1530
f 4818/2398/1529 4824/2400/1530 4829/2401/1531
f 4818/2398/1529 4829/2401/1531 4832/2402/1532
f 4819/2403/1529 4833/2404/1532 4627/2300/1470
f 4820/2397/1529 4628/2298/1470 4461/2212/1419
f 4666/2319/1482 4662/2318/1481 4836/2405/1533
f 4666/2319/1482 4836/2405/1533 4840/2406/1534
f 4666/2319/1482 4840/2406/1534 4329/2149/1374
f 4666/2319/1482 4329/2149/1374 4206/2083/1331
f 4844/2407/1535 4203/2082/1330 4199/2081/1329
f 4844/2407/1535 4199/2081/1329 4615/2408/1468
f 4846/2409/1535 4618/2410/1468 4849/2411/1536
f 4846/2409/1535 4849/2411/1536 4850/2412/1537
f 4846/2409/1535 4850/2412/1537 4526/2413/1538
f 4845/2414/1535 4525/2415/1538 4204/2416/1330
f 4853/2417/1539 4417/2188/1405 4414/2187/1404
f 4853/2417/1539 4414/2187/1404 4854/2418/1540
f 4853/2417/1539 4854/2418/1540 4856/2419/1541
f 4853/2417/1539 4856/2419/1541 4859/2420/1542
f 4853/2417/1539 4859/2420/1542 4501/2421/1433
f 4853/2417/1539 4501/2421/1433 4417/2188/1405
f 4862/2422/1543 4381/2172/1394 4376/2171/1393
f 4862/2422/1543 4376/2171/1393 4868/2423/1544
f 4861/2424/1543 4867/2425/1544 4869/2426/1545
f 4861/2424/1543 4869/2426/1545 4854/2418/1540
f 4861/2424/1543 4854/2418/1540 4414/2187/1404
f 4861/2424/1543 4414/2187/1404 4380/2427/1394
f 4873/2428/1546 4324/2145/1372 4677/2324/1485
f 4873/2428/1546 4677/2324/1485 4674/2323/1484
f 4873/2428/1546 4674/2323/1484 4876/2429/1547
f 4873/2428/1546 4876/2429/1547 4878/2430/1548
f 4873/2428/1546 4878/2430/1548 4881/2431/1549
f 4873/2428/1546 4881/2431/1549 4540/2251/1445
f 4873/2428/1546 4540/2251/1445 4324/2145/1372
f 4884/2432/1550 4457/2209/1418 4454/2208/1417
f 4884/2432/1550 4454/2208/1417 4693/2329/1489
f 4883/2433/1550 4692/2328/1489 4887/2434/1551
f 4884/2432/1550 4889/2435/1551 4892/2436/1552
f 4884/2432/1550 4892/2436/1552 4825/2437/1530
f 4884/2432/1550 4825/2437/1530 4457/2209/1418
f 4895/2438/1553 4425/2194/1408 4423/2193/1407
f 4895/2438/1553 4423/2193/1407 4776/2377/1516
f 4896/2439/1553 4777/2376/1516 4901/2440/1554
f 4896/2439/1553 4901/2440/1554 4904/2441/1555
f 4896/2439/1553 4904/2441/1555 4469/2442/1422
f 4895/2438/1553 4468/2216/1422 4425/2194/1408
f 4911/2443/1556 4373/2170/1392 4390/2178/1398
f 4910/2444/1556 4389/2177/1397 4915/2445/1557
f 4910/2444/1556 4915/2445/1557 4918/2446/1558
f 4910/2444/1556 4918/2446/1558 4866/2447/1544
f 4911/2443/1556 4868/2423/1544 4376/2171/1393
f 4911/2443/1556 4376/2171/1393 4373/2170/1392
f 4920/2448/1559 4331/2150/1375 4329/2149/1374
f 4920/2448/1559 4329/2149/1374 4840/2406/1534
f 4920/2448/1559 4840/2406/1534 4922/2449/1560
f 4920/2448/1559 4922/2449/1560 4924/2450/1561
f 4920/2448/1559 4924/2450/1561 4338/2156/1380
f 4920/2448/1559 4338/2156/1380 4331/2150/1375
f 4926/2451/1562 4241/2097/1340 4237/2096/1339
f 4927/2452/1562 4239/2390/1339 4802/2389/1525
f 4927/2452/1562 4802/2389/1525 4929/2453/1563
f 4927/2452/1562 4929/2453/1563 4932/2454/1564
f 4926/2451/1562 4931/2455/1564 4266/2110/1350
f 4926/2451/1562 4266/2110/1350 4241/2097/1340
f 4935/2456/1565 4505/2457/1434 4501/2421/1433
f 4935/2456/1565 4501/2421/1433 4859/2420/1542
f 4935/2456/1565 4859/2420/1542 4937/2458/1566
f 4935/2456/1565 4937/2458/1566 4939/2459/1567
f 4935/2456/1565 4939/2459/1567 4579/2460/1456
f 4935/2456/1565 4579/2460/1456 4505/2457/1434
f 4942/2461/1568 4473/2217/1423 4468/2216/1422
f 4943/2462/1569 4470/2463/1422 4905/2464/1555
f 4943/2462/1569 4905/2464/1555 4946/2465/1570
f 4943/2462/1569 4946/2465/1570 4947/2466/1571
f 4943/2462/1569 4947/2466/1571 4518/2467/1436
f 4943/2462/1569 4518/2467/1436 4476/2468/1423
f 4951/2469/1572 4386/2176/1396 4438/2200/1412
f 4951/2469/1572 4438/2200/1412 4952/2470/1573
f 4951/2469/1572 4952/2470/1573 4953/2471/1574
f 4951/2469/1572 4953/2471/1574 4915/2445/1557
f 4951/2469/1572 4915/2445/1557 4389/2177/1397
f 4951/2469/1572 4389/2177/1397 4386/2176/1396
f 4955/2472/1575 4282/2119/1358 4587/2473/1460
f 4956/2474/1575 4588/2475/1460 4963/2476/1576
f 4956/2474/1575 4963/2476/1576 4966/2477/1577
f 4957/2478/1575 4967/2479/1577 4700/2333/1491
f 4955/2472/1575 4699/2480/1491 4285/2120/1359
f 4955/2472/1575 4285/2120/1359 4282/2119/1358
f 4969/2481/1578 4497/2230/1431 4495/2229/1430
f 4969/2481/1578 4495/2229/1430 4971/2482/1579
f 4969/2481/1578 4971/2482/1579 4974/2483/1580
f 4969/2481/1578 4974/2483/1580 4978/2484/1581
f 4969/2481/1578 4978/2484/1581 4637/2304/1473
f 4969/2481/1578 4637/2304/1473 4497/2230/1431
f 4981/2485/1582 4267/2111/1351 4266/2110/1350
f 4981/2485/1582 4266/2110/1350 4931/2455/1564
f 4981/2485/1582 4931/2455/1564 4984/2486/1583
f 4981/2485/1582 4984/2486/1583 4987/2487/1584
f 4981/2485/1582 4987/2487/1584 4356/2162/1386
f 4981/2485/1582 4356/2162/1386 4267/2111/1351
f 4736/2355/1503 4732/2488/1501 4989/2489/1585
f 4736/2355/1503 4989/2489/1585 4992/2490/1586
f 4736/2355/1503 4992/2490/1586 4741/2358/1504
f 4736/2355/1503 4741/2358/1504 4551/2356/1448
f 4994/2491/1587 4592/2360/1461 4742/2359/1505
f 4994/2491/1587 4742/2359/1505 4997/2492/1588
f 4994/2491/1587 4997/2492/1588 4998/2493/1589
f 4994/2491/1587 4998/2493/1589 4761/2368/1511
f 4994/2491/1587 4761/2368/1511 4594/2494/1590
f 4994/2491/1587 4594/2494/1590 4592/2360/1461
f 5003/2495/1591 4271/2114/1354 4351/2160/1384
f 5003/2495/1591 4351/2160/1384 5007/2496/1592
f 5004/2497/1591 5008/2498/1592 5011/2499/1593
f 5004/2497/1591 5011/2499/1593 5015/2500/1594
f 5003/2495/1591 5014/2501/1594 4273/2115/1355
f 5003/2495/1591 4273/2115/1355 4271/2114/1354
f 5016/2502/1595 4631/2301/1471 4627/2300/1470
f 5016/2502/1595 4627/2300/1470 4833/2404/1532
f 5016/2502/1595 4833/2404/1532 5021/2503/1596
f 5016/2502/1595 5021/2503/1596 5025/2504/1597
f 5016/2502/1595 5025/2504/1597 4733/2352/1501
f 5016/2502/1595 4733/2352/1501 4631/2301/1471
f 5029/2505/1598 4581/2276/1457 4580/2275/1456
f 5028/2506/1598 4578/2507/1456 4938/2508/1567
f 5028/2506/1598 4938/2508/1567 5032/2509/1599
f 5028/2506/1598 5032/2509/1599 5035/2510/1600
f 5028/2506/1598 5035/2510/1600 4659/2511/1480
f 5029/2505/1598 4660/2316/1480 4581/2276/1457
f 5039/2512/1601 4433/2199/1411 4488/2224/1426
f 5039/2512/1601 4488/2224/1426 5041/2513/1602
f 5039/2512/1601 5041/2513/1602 5044/2514/1603
f 5039/2512/1601 5044/2514/1603 4952/2470/1573
f 5039/2512/1601 4952/2470/1573 4438/2200/1412
f 5039/2512/1601 4438/2200/1412 4433/2199/1411
f 4710/2338/1495 4397/2337/1494 4725/2346/1499
f 4710/2338/1495 4725/2346/1499 5052/2515/1604
f 4710/2338/1495 5052/2515/1604 5053/2516/1605
f 4710/2338/1495 5053/2516/1605 5056/2517/1606
f 4710/2338/1495 5056/2517/1606 4446/2339/1414
f 5061/2518/1607 4316/2292/1370 4313/2519/1369
f 5060/2520/1607 4312/2384/1369 4794/2383/1522
f 5061/2518/1607 4795/2521/1522 5064/2522/1608
f 5061/2518/1607 5064/2522/1608 5069/2523/1609
f 5061/2518/1607 5069/2523/1609 4614/2293/1467
f 5061/2518/1607 4614/2293/1467 4316/2292/1370
f 5072/2524/1610 4532/2246/1441 4529/2245/1440
f 5072/2524/1610 4529/2245/1440 5076/2525/1611
f 5072/2524/1610 5076/2525/1611 5078/2526/1612
f 5072/2524/1610 5078/2526/1612 5081/2527/1613
f 5072/2524/1610 5081/2527/1613 4670/2321/1483
f 5072/2524/1610 4670/2321/1483 4532/2246/1441
f 4971/2482/1579 4495/2229/1430 4572/2273/1454
f 4972/2528/1579 4573/2317/1454 5085/2529/1614
f 4970/2530/1579 5084/2531/1614 5086/2532/1615
f 4970/2530/1579 5086/2532/1615 4973/2533/1580
f 5056/2517/1606 5053/2516/1605 5090/2534/1616
f 5055/2535/1606 5089/2536/1616 4748/2537/1507
f 5054/2538/1606 4747/2539/1507 4448/2540/1415
f 5054/2538/1606 4448/2540/1415 4443/2541/1414
f 5095/2542/1617 4543/2254/1446 4541/2253/1445
f 5095/2542/1617 4541/2253/1445 4882/2543/1549
f 5095/2542/1617 4882/2543/1549 5098/2544/1618
f 5095/2542/1617 5098/2544/1618 5100/2545/1619
f 5095/2542/1617 5100/2545/1619 4721/2343/1497
f 5095/2542/1617 4721/2343/1497 4543/2254/1446
f 5102/2546/1620 4486/2223/1425 4535/2547/1444
f 5103/2548/1621 4537/2549/1444 5106/2550/1622
f 5103/2548/1621 5106/2550/1622 5108/2551/1623
f 5102/2546/1620 5107/2552/1623 5041/2513/1602
f 5102/2546/1620 5041/2513/1602 4488/2224/1426
f 5102/2546/1620 4488/2224/1426 4486/2223/1425
f 5112/2553/1624 4640/2305/1474 4637/2304/1473
f 5112/2553/1624 4637/2304/1473 4978/2484/1581
f 5112/2553/1624 4978/2484/1581 5115/2554/1625
f 5112/2553/1624 5115/2554/1625 5118/2555/1626
f 5112/2553/1624 5118/2555/1626 4687/2327/1488
f 5112/2553/1624 4687/2327/1488 4640/2305/1474
f 4924/2450/1561 4922/2449/1560 5124/2556/1627
f 4925/2557/1561 5125/2558/1627 5128/2559/1628
f 4925/2557/1561 5128/2559/1628 4651/2313/1478
f 4924/2450/1561 4650/2560/1478 4338/2156/1380
f 5132/2561/1629 4348/2269/1383 4566/2268/1452
f 5132/2561/1629 4566/2268/1452 5136/2562/1630
f 5132/2561/1629 5136/2562/1630 5138/2563/1631
f 5131/2564/1629 5137/2565/1631 5007/2496/1592
f 5131/2564/1629 5007/2496/1592 4351/2160/1384
f 5131/2564/1629 4351/2160/1384 4347/2159/1383
f 5142/2566/1632 4358/2163/1387 4356/2162/1386
f 5142/2566/1632 4356/2162/1386 4987/2487/1584
f 5142/2566/1632 4987/2487/1584 5145/2567/1633
f 5142/2566/1632 5145/2567/1633 5147/2568/1634
f 5142/2566/1632 5147/2568/1634 4602/2286/1464
f 5142/2566/1632 4602/2286/1464 4358/2163/1387
f 5150/2569/1635 4529/2245/1440 4527/2244/1439
f 5149/2570/1635 4526/2413/1538 4850/2412/1537
f 5149/2570/1635 4850/2412/1537 5152/2571/1636
f 5149/2570/1635 5152/2571/1636 5156/2572/1637
f 5150/2569/1635 5158/2573/1637 5159/2574/1638
f 5150/2569/1635 5159/2574/1638 5076/2525/1611
f 5150/2569/1635 5076/2525/1611 4529/2245/1440
f 5085/2529/1614 4573/2317/1454 4660/2316/1480
f 5084/2531/1614 4659/2511/1480 5035/2510/1600
f 5084/2531/1614 5035/2510/1600 5163/2575/1639
f 5084/2531/1614 5163/2575/1639 5086/2532/1615
f 5164/2576/1640 4753/2364/1509 4752/2363/1508
f 5164/2576/1640 4752/2363/1508 5167/2577/1641
f 5164/2576/1640 5167/2577/1641 5170/2578/1642
f 5164/2576/1640 5170/2578/1642 5173/2579/1643
f 5164/2576/1640 5173/2579/1643 4808/2393/1527
f 5164/2576/1640 4808/2393/1527 4753/2364/1509
f 5177/2580/1644 4824/2400/1530 4890/2581/1552
f 5178/2582/1644 4891/2583/1552 5181/2584/1645
f 5177/2580/1644 5180/2585/1646 5182/2586/1647
f 5177/2580/1644 5182/2586/1647 5185/2587/1648
f 5177/2580/1644 5185/2587/1648 4829/2401/1531
f 5177/2580/1644 4829/2401/1531 4824/2400/1530
f 5187/2588/1649 4767/2369/1512 4761/2368/1511
f 5187/2588/1649 4761/2368/1511 4998/2493/1589
f 5187/2588/1649 4998/2493/1589 5190/2589/1650
f 5187/2588/1649 5190/2589/1650 4901/2440/1554
f 5187/2588/1649 4901/2440/1554 4777/2376/1516
f 5187/2588/1649 4777/2376/1516 4767/2369/1512
f 4947/2466/1571 4946/2465/1570 5192/2590/1651
f 4947/2466/1571 5192/2590/1651 5194/2591/1652
f 4947/2466/1571 5194/2591/1652 4663/2592/1481
f 4947/2466/1571 4663/2592/1481 4518/2467/1436
f 5015/2500/1594 5011/2499/1593 5197/2593/1653
f 5015/2500/1594 5197/2593/1653 5106/2550/1622
f 5015/2500/1594 5106/2550/1622 4537/2549/1444
f 5015/2500/1594 4537/2549/1444 4274/2594/1355
f 5201/2595/1654 4586/2279/1459 4815/2396/1528
f 5200/2596/1654 4814/2597/1528 5202/2598/1655
f 5200/2596/1654 5202/2598/1655 5206/2599/1656
f 5200/2596/1654 5206/2599/1656 4963/2476/1576
f 5200/2596/1654 4963/2476/1576 4588/2475/1460
f 5201/2595/1654 4589/2280/1460 4586/2279/1459
f 5209/2600/1657 4741/2358/1504 4992/2490/1586
f 5209/2600/1657 4992/2490/1586 5213/2601/1658
f 5209/2600/1657 5213/2601/1658 5216/2602/1659
f 5209/2600/1657 5216/2602/1659 4997/2492/1588
f 5209/2600/1657 4997/2492/1588 4742/2359/1505
f 5209/2600/1657 4742/2359/1505 4741/2358/1504
f 5024/2603/1597 5020/2604/1596 5219/2605/1660
f 5023/2606/1597 5218/2607/1660 5223/2608/1661
f 5023/2606/1597 5223/2608/1661 4989/2489/1585
f 5023/2606/1597 4989/2489/1585 4732/2488/1501
f 4856/2419/1541 4854/2418/1540 5227/2609/1662
f 4856/2419/1541 5227/2609/1662 5229/2610/1663
f 4856/2419/1541 5229/2610/1663 5234/2611/1664
f 4856/2419/1541 5234/2611/1664 4859/2420/1542
f 4937/2458/1566 4859/2420/1542 5234/2611/1664
f 4937/2458/1566 5234/2611/1664 5229/2610/1663
f 4937/2458/1566 5229/2610/1663 5238/2612/1665
f 4937/2458/1566 5238/2612/1665 4939/2459/1567
f 4869/2426/1545 4867/2425/1544 5243/2613/1666
f 4869/2426/1545 5243/2613/1666 5244/2614/1667
f 4869/2426/1545 5244/2614/1667 5227/2609/1662
f 4869/2426/1545 5227/2609/1662 4854/2418/1540
f 4876/2429/1547 4674/2323/1484 4669/2322/1483
f 4876/2429/1547 4669/2322/1483 5080/2615/1613
f 4876/2429/1547 5080/2615/1613 5248/2616/1668
f 4876/2429/1547 5248/2616/1668 4878/2430/1548
f 5251/2617/1669 4692/2328/1489 4687/2327/1488
f 5251/2617/1669 4687/2327/1488 5118/2555/1626
f 5252/2618/1669 5119/2619/1626 5255/2620/1670
f 5252/2618/1669 5255/2620/1670 5257/2621/1671
f 5252/2618/1669 5257/2621/1671 4888/2622/1551
f 5251/2617/1669 4887/2434/1551 4692/2328/1489
f 5259/2623/1672 4564/2267/1451 4703/2334/1492
f 5259/2623/1672 4703/2334/1492 5260/2624/1673
f 5259/2623/1672 5260/2624/1673 5262/2625/1674
f 5259/2623/1672 5262/2625/1674 5136/2562/1630
f 5259/2623/1672 5136/2562/1630 4566/2268/1452
f 5259/2623/1672 4566/2268/1452 4564/2267/1451
f 4918/2446/1558 4915/2445/1557 5267/2626/1675
f 4918/2446/1558 5267/2626/1675 5268/2627/1676
f 4918/2446/1558 5268/2627/1676 5242/2628/1666
f 4918/2446/1558 5242/2628/1666 4866/2447/1544
f 5271/2629/1677 4606/2287/1465 4602/2286/1464
f 5271/2629/1677 4602/2286/1464 5147/2568/1634
f 5271/2629/1677 5147/2568/1634 5276/2630/1678
f 5271/2629/1677 5276/2630/1678 5277/2631/1679
f 5271/2629/1677 5277/2631/1679 4792/2632/1521
f 5271/2629/1677 4792/2632/1521 4606/2287/1465
f 5281/2633/1680 4617/2634/1468 4614/2293/1467
f 5281/2633/1680 4614/2293/1467 5069/2523/1609
f 5280/2635/1680 5068/2636/1609 5283/2637/1681
f 5280/2635/1680 5283/2637/1681 5287/2638/1682
f 5282/2639/1683 5289/2640/1682 4849/2411/1536
f 5282/2639/1683 4849/2411/1536 4618/2410/1468
f 5291/2641/1684 4832/2402/1532 4829/2401/1531
f 5291/2641/1684 4829/2401/1531 5185/2587/1648
f 5291/2641/1684 5185/2587/1648 5294/2642/1685
f 5291/2641/1684 5294/2642/1685 5297/2643/1686
f 5291/2641/1684 5297/2643/1686 5020/2604/1596
f 5291/2641/1684 5020/2604/1596 4832/2402/1532
f 5238/2612/1665 5229/2610/1663 5301/2644/1687
f 5238/2612/1665 5301/2644/1687 5303/2645/1688
f 5238/2612/1665 5303/2645/1688 5033/2646/1599
f 5238/2612/1665 5033/2646/1599 4939/2459/1567
f 5128/2559/1628 5125/2558/1627 5307/2647/1689
f 5128/2559/1628 5307/2647/1689 5308/2648/1690
f 5128/2559/1628 5308/2648/1690 4769/2372/1513
f 5128/2559/1628 4769/2372/1513 4651/2313/1478
f 5100/2545/1619 5098/2544/1618 5312/2649/1691
f 5100/2545/1619 5312/2649/1691 5317/2650/1692
f 5099/2651/1619 5316/2652/1692 5052/2515/1604
f 5099/2651/1619 5052/2515/1604 4720/2345/1498
f 5052/2515/1604 4725/2346/1499 4720/2345/1498
f 5194/2591/1652 5192/2590/1651 5323/2653/1693
f 5194/2591/1652 5323/2653/1693 5325/2654/1694
f 5194/2591/1652 5325/2654/1694 4837/2655/1533
f 5194/2591/1652 4837/2655/1533 4663/2592/1481
f 4953/2471/1574 4952/2470/1573 5329/2656/1695
f 4953/2471/1574 5329/2656/1695 5332/2657/1696
f 4953/2471/1574 5332/2657/1696 5267/2626/1675
f 4953/2471/1574 5267/2626/1675 4915/2445/1557
f 5337/2658/1697 4770/2373/1514 4769/2372/1513
f 5337/2658/1697 4769/2372/1513 5308/2648/1690
f 5337/2658/1697 5308/2648/1690 5339/2659/1698
f 5337/2658/1697 5339/2659/1698 5343/2660/1699
f 5337/2658/1697 5343/2660/1699 4782/2379/1518
f 5337/2658/1697 4782/2379/1518 4770/2373/1514
f 5347/2661/1700 4881/2431/1549 4878/2430/1548
f 5347/2661/1700 4878/2430/1548 5351/2662/1701
f 5347/2661/1700 5351/2662/1701 5352/2663/1702
f 5347/2661/1700 5352/2663/1702 5357/2664/1703
f 5348/2665/1700 5358/2666/1703 5360/2667/1704
f 5348/2665/1700 5360/2667/1704 5098/2544/1618
f 5348/2665/1700 5098/2544/1618 4882/2543/1549
f 5362/2668/1705 4748/2537/1507 5089/2536/1616
f 5362/2668/1705 5089/2536/1616 5363/2669/1706
f 5362/2668/1705 5363/2669/1706 5367/2670/1707
f 5362/2668/1705 5367/2670/1707 5166/2671/1641
f 5362/2668/1705 5166/2671/1641 4751/2672/1508
f 5362/2668/1705 4751/2672/1508 4748/2537/1507
f 5370/2673/1708 5035/2510/1600 5032/2509/1599
f 5371/2674/1708 5033/2646/1599 5303/2645/1688
f 5371/2674/1708 5303/2645/1688 5376/2675/1709
f 5370/2673/1708 5375/2676/1709 5378/2677/1710
f 5370/2673/1708 5378/2677/1710 5163/2575/1639
f 5370/2673/1708 5163/2575/1639 5035/2510/1600
f 5381/2678/1711 4998/2493/1589 4997/2492/1588
f 5381/2678/1711 4997/2492/1588 5216/2602/1659
f 5381/2678/1711 5216/2602/1659 5383/2679/1712
f 5381/2678/1711 5383/2679/1712 5384/2680/1713
f 5381/2678/1711 5384/2680/1713 5190/2589/1650
f 5381/2678/1711 5190/2589/1650 4998/2493/1589
f 5393/2681/1714 4905/2464/1555 4902/2682/1554
f 5392/2683/1714 4901/2440/1554 5190/2589/1650
f 5392/2683/1714 5190/2589/1650 5384/2680/1713
f 5393/2681/1714 5385/2684/1713 5395/2685/1715
f 5393/2681/1714 5395/2685/1715 5396/2686/1716
f 5393/2681/1714 5396/2686/1716 4946/2465/1570
f 5393/2681/1714 4946/2465/1570 4905/2464/1555
f 5402/2687/1717 4841/2688/1534 4837/2655/1533
f 5402/2687/1717 4837/2655/1533 5325/2654/1694
f 5402/2687/1717 5325/2654/1694 5406/2689/1718
f 5402/2687/1717 5406/2689/1718 5412/2690/1719
f 5402/2687/1717 5412/2690/1719 4923/2691/1560
f 5401/2692/1717 4922/2449/1560 4840/2406/1534
f 5159/2574/1638 5158/2573/1637 5415/2693/1720
f 5159/2574/1638 5415/2693/1720 5418/2694/1721
f 5159/2574/1638 5418/2694/1721 5078/2526/1612
f 5159/2574/1638 5078/2526/1612 5076/2525/1611
f 5419/2695/1722 4891/2583/1552 4888/2622/1551
f 5419/2695/1722 4888/2622/1551 5257/2621/1671
f 5419/2695/1722 5257/2621/1671 5427/2696/1723
f 5419/2695/1722 5427/2696/1723 5429/2697/1724
f 5419/2695/1722 5429/2697/1724 5181/2584/1645
f 5419/2695/1722 5181/2584/1645 4891/2583/1552
f 5244/2614/1667 5243/2613/1666 5434/2698/1725
f 5244/2614/1667 5434/2698/1725 5437/2699/1726
f 5244/2614/1667 5437/2699/1726 5301/2644/1687
f 5244/2614/1667 5301/2644/1687 5227/2609/1662
f 5301/2644/1687 5229/2610/1663 5227/2609/1662
f 5442/2700/1727 4784/2380/1519 4782/2379/1518
f 5442/2700/1727 4782/2379/1518 5343/2660/1699
f 5443/2701/1727 5344/2702/1699 5445/2703/1728
f 5443/2701/1727 5445/2703/1728 5447/2704/1729
f 5443/2701/1727 5447/2704/1729 4801/2388/1524
f 5443/2701/1727 4801/2388/1524 4785/2387/1519
f 5449/2705/1730 4700/2333/1491 4967/2479/1577
f 5449/2705/1730 4967/2479/1577 5451/2706/1731
f 5449/2705/1730 5451/2706/1731 5453/2707/1732
f 5449/2705/1730 5453/2707/1732 5260/2624/1673
f 5449/2705/1730 5260/2624/1673 4703/2334/1492
f 5449/2705/1730 4703/2334/1492 4700/2333/1491
f 5248/2616/1668 5080/2615/1613 5456/2708/1733
f 5248/2616/1668 5456/2708/1733 5458/2709/1734
f 5248/2616/1668 5458/2709/1734 5351/2662/1701
f 5248/2616/1668 5351/2662/1701 4878/2430/1548
f 5462/2710/1735 4992/2490/1586 4989/2489/1585
f 5462/2710/1735 4989/2489/1585 5223/2608/1661
f 5462/2710/1735 5223/2608/1661 5464/2711/1736
f 5462/2710/1735 5464/2711/1736 5468/2712/1737
f 5462/2710/1735 5468/2712/1737 5213/2601/1658
f 5462/2710/1735 5213/2601/1658 4992/2490/1586
f 5471/2713/1738 4978/2484/1581 4974/2483/1580
f 5470/2714/1738 4973/2533/1580 5473/2715/1739
f 5470/2714/1738 5473/2715/1739 5477/2716/1740
f 5472/2717/1738 5478/2718/1740 5480/2719/1741
f 5471/2713/1738 5479/2720/1741 5115/2554/1625
f 5471/2713/1738 5115/2554/1625 4978/2484/1581
f 5044/2514/1603 5041/2513/1602 5482/2721/1742
f 5044/2514/1603 5482/2721/1742 5484/2722/1743
f 5044/2514/1603 5484/2722/1743 5329/2656/1695
f 5044/2514/1603 5329/2656/1695 4952/2470/1573
f 5486/2723/1744 4809/2724/1527 5174/2725/1643
f 5486/2723/1744 5174/2725/1643 5489/2726/1745
f 5486/2723/1744 5489/2726/1745 5493/2727/1746
f 5486/2723/1744 5493/2727/1746 5202/2598/1655
f 5486/2723/1744 5202/2598/1655 4814/2597/1528
f 5486/2723/1744 4814/2597/1528 4809/2724/1527
f 5497/2728/1747 4802/2389/1525 4801/2388/1524
f 5497/2728/1747 4801/2388/1524 5447/2704/1729
f 5497/2728/1747 5447/2704/1729 5500/2729/1748
f 5497/2728/1747 5500/2729/1748 5504/2730/1749
f 5497/2728/1747 5504/2730/1749 4929/2453/1563
f 5497/2728/1747 4929/2453/1563 4802/2389/1525
f 5506/2731/1750 4795/2521/1522 4793/2732/1521
f 5505/2733/1750 4792/2632/1521 5277/2631/1679
f 5505/2733/1750 5277/2631/1679 5512/2734/1751
f 5505/2733/1750 5512/2734/1751 5514/2735/1752
f 5506/2731/1750 5515/2736/1752 5064/2522/1608
f 5506/2731/1750 5064/2522/1608 4795/2521/1522
f 5297/2643/1686 5294/2642/1685 5518/2737/1753
f 5296/2738/1686 5517/2739/1753 5520/2740/1754
f 5296/2738/1686 5520/2740/1754 5217/2741/1660
f 5297/2643/1686 5219/2605/1660 5020/2604/1596
f 5473/2715/1739 4973/2533/1580 5086/2532/1615
f 5473/2715/1739 5086/2532/1615 5524/2742/1755
f 5473/2715/1739 5524/2742/1755 5527/2743/1756
f 5474/2744/1739 5528/2745/1756 5478/2718/1740
f 5268/2627/1676 5267/2626/1675 5529/2746/1757
f 5268/2627/1676 5529/2746/1757 5532/2747/1758
f 5268/2627/1676 5532/2747/1758 5432/2748/1725
f 5268/2627/1676 5432/2748/1725 5242/2628/1666
f 5524/2742/1755 5086/2532/1615 5163/2575/1639
f 5524/2742/1755 5163/2575/1639 5378/2677/1710
f 5524/2742/1755 5378/2677/1710 5536/2749/1759
f 5524/2742/1755 5536/2749/1759 5527/2743/1756
f 5108/2551/1623 5106/2550/1622 5540/2750/1760
f 5108/2551/1623 5540/2750/1760 5543/2751/1761
f 5108/2551/1623 5543/2751/1761 5483/2752/1742
f 5107/2552/1623 5482/2721/1742 5041/2513/1602
f 5545/2753/1762 4850/2412/1537 4849/2411/1536
f 5545/2753/1762 4849/2411/1536 5289/2640/1682
f 5544/2754/1762 5288/2755/1682 5547/2756/1763
f 5545/2753/1762 5548/2757/1763 5551/2758/1764
f 5545/2753/1762 5551/2758/1764 5152/2571/1636
f 5545/2753/1762 5152/2571/1636 4850/2412/1537
f 5554/2759/1765 5185/2587/1648 5182/2586/1647
f 5554/2759/1765 5182/2586/1647 5555/2760/1766
f 5554/2759/1765 5555/2760/1766 5557/2761/1767
f 5554/2759/1765 5557/2761/1767 5558/2762/1768
f 5554/2759/1765 5558/2762/1768 5294/2642/1685
f 5554/2759/1765 5294/2642/1685 5185/2587/1648
f 5562/2763/1769 4932/2454/1564 4929/2453/1563
f 5562/2763/1769 4929/2453/1563 5504/2730/1749
f 5562/2763/1769 5504/2730/1749 5565/2764/1770
f 5561/2765/1769 5564/2766/1770 5568/2767/1771
f 5562/2763/1769 5569/2768/1771 4986/2769/1583
f 5562/2763/1769 4986/2769/1583 4932/2454/1564
f 5457/2770/1733 5081/2527/1613 5078/2526/1612
f 5457/2770/1733 5078/2526/1612 5418/2694/1721
f 5457/2770/1733 5418/2694/1721 5574/2771/1772
f 5456/2708/1733 5573/2772/1772 5458/2709/1734
f 5396/2686/1716 5395/2685/1715 5577/2773/1773
f 5396/2686/1716 5577/2773/1773 5578/2774/1774
f 5396/2686/1716 5578/2774/1774 5192/2590/1651
f 5396/2686/1716 5192/2590/1651 4946/2465/1570
f 5410/2775/1719 5405/2776/1718 5581/2777/1775
f 5410/2775/1719 5581/2777/1775 5585/2778/1776
f 5410/2775/1719 5585/2778/1776 5123/2779/1627
f 5411/2780/1719 5124/2556/1627 4922/2449/1560
f 5589/2781/1777 5183/2782/1647 5181/2584/1645
f 5589/2781/1777 5181/2584/1645 5429/2697/1724
f 5589/2781/1777 5429/2697/1724 5590/2783/1778
f 5589/2781/1777 5590/2783/1778 5593/2784/1779
f 5588/2785/1777 5592/2786/1779 5555/2760/1766
f 5588/2785/1777 5555/2760/1766 5182/2586/1647
f 5596/2787/1780 5119/2619/1626 5116/2788/1625
f 5597/2789/1780 5117/2790/1625 5480/2719/1741
f 5597/2789/1780 5480/2719/1741 5599/2791/1781
f 5597/2789/1780 5599/2791/1781 5601/2792/1782
f 5596/2787/1780 5600/2793/1782 5255/2620/1670
f 5596/2787/1780 5255/2620/1670 5119/2619/1626
f 5437/2699/1726 5434/2698/1725 5609/2794/1783
f 5437/2699/1726 5609/2794/1783 5376/2675/1709
f 5437/2699/1726 5376/2675/1709 5303/2645/1688
f 5437/2699/1726 5303/2645/1688 5301/2644/1687
f 5332/2657/1696 5329/2656/1695 5613/2795/1784
f 5332/2657/1696 5613/2795/1784 5617/2796/1785
f 5332/2657/1696 5617/2796/1785 5529/2746/1757
f 5332/2657/1696 5529/2746/1757 5267/2626/1675
f 5621/2797/1786 4965/2798/1576 5207/2799/1656
f 5621/2797/1786 5207/2799/1656 5623/2800/1787
f 5621/2797/1786 5623/2800/1787 5625/2801/1788
f 5620/2802/1786 5624/2803/1788 5451/2706/1731
f 5620/2802/1786 5451/2706/1731 4967/2479/1577
f 5620/2802/1786 4967/2479/1577 4964/2804/1576
f 5317/2650/1692 5312/2649/1691 5629/2805/1789
f 5315/2806/1692 5628/2807/1790 5631/2808/1791
f 5316/2652/1692 5632/2809/1791 5636/2810/1792
f 5316/2652/1692 5636/2810/1792 5053/2516/1605
f 5316/2652/1692 5053/2516/1605 5052/2515/1604
f 5360/2667/1704 5358/2666/1703 5638/2811/1793
f 5360/2667/1704 5638/2811/1793 5629/2805/1789
f 5360/2667/1704 5629/2805/1789 5312/2649/1691
f 5360/2667/1704 5312/2649/1691 5098/2544/1618
f 5643/2812/1794 5216/2602/1659 5213/2601/1658
f 5643/2812/1794 5213/2601/1658 5468/2712/1737
f 5643/2812/1794 5468/2712/1737 5647/2813/1795
f 5643/2812/1794 5647/2813/1795 5651/2814/1796
f 5643/2812/1794 5651/2814/1796 5383/2679/1712
f 5643/2812/1794 5383/2679/1712 5216/2602/1659
f 5197/2593/1653 5011/2499/1593 5654/2815/1797
f 5197/2593/1653 5654/2815/1797 5656/2816/1798
f 5197/2593/1653 5656/2816/1798 5540/2750/1760
f 5197/2593/1653 5540/2750/1760 5106/2550/1622
f 5660/2817/1799 5008/2498/1592 5140/2818/1631
f 5659/2819/1799 5139/2820/1800 5663/2821/1801
f 5659/2819/1799 5663/2821/1801 5664/2822/1802
f 5660/2817/1799 5665/2823/1802 5654/2815/1797
f 5660/2817/1799 5654/2815/1797 5011/2499/1593
f 5660/2817/1799 5011/2499/1593 5008/2498/1592
f 5636/2810/1792 5632/2809/1791 5668/2824/1803
f 5636/2810/1792 5668/2824/1803 5364/2825/1706
f 5636/2810/1792 5364/2825/1706 5090/2534/1616
f 5636/2810/1792 5090/2534/1616 5053/2516/1605
f 5672/2826/1804 4987/2487/1584 4984/2486/1583
f 5673/2827/1804 4985/2828/1583 5568/2767/1771
f 5673/2827/1804 5568/2767/1771 5677/2829/1805
f 5673/2827/1804 5677/2829/1805 5681/2830/1806
f 5672/2826/1804 5680/2831/1806 5145/2567/1633
f 5672/2826/1804 5145/2567/1633 4987/2487/1584
f 5684/2832/1807 5222/2833/1661 5217/2741/1660
f 5684/2832/1807 5217/2741/1660 5520/2740/1754
f 5684/2832/1807 5520/2740/1754 5687/2834/1808
f 5684/2832/1807 5687/2834/1808 5690/2835/1809
f 5684/2832/1807 5690/2835/1809 5463/2836/1736
f 5684/2832/1807 5463/2836/1736 5222/2833/1661
f 5692/2837/1810 5166/2671/1641 5367/2670/1707
f 5692/2837/1810 5367/2670/1707 5694/2838/1811
f 5692/2837/1810 5694/2838/1811 5695/2839/1812
f 5692/2837/1810 5695/2839/1812 5698/2840/1813
f 5692/2837/1810 5698/2840/1813 5169/2841/1642
f 5692/2837/1810 5169/2841/1642 5166/2671/1641
f 5352/2663/1702 5351/2662/1701 5458/2709/1734
f 5352/2663/1702 5458/2709/1734 5703/2842/1814
f 5352/2663/1702 5703/2842/1814 5707/2843/1815
f 5352/2663/1702 5707/2843/1815 5711/2844/1816
f 5353/2845/1702 5712/2846/1816 5358/2666/1703
f 5713/2847/1817 5169/2841/1642 5698/2840/1813
f 5713/2847/1817 5698/2840/1813 5716/2848/1818
f 5714/2849/1819 5717/2850/1818 5718/2851/1820
f 5714/2849/1819 5718/2851/1820 5490/2852/1745
f 5714/2849/1819 5490/2852/1745 5175/2853/1821
f 5713/2847/1817 5172/2854/1643 5169/2841/1642
f 5721/2855/1822 5068/2636/1609 5062/2856/1608
f 5722/2857/1822 5063/2858/1608 5513/2859/1752
f 5722/2857/1822 5513/2859/1752 5725/2860/1823
f 5721/2855/1822 5724/2861/1823 5726/2862/1824
f 5721/2855/1822 5726/2862/1824 5283/2637/1681
f 5721/2855/1822 5283/2637/1681 5068/2636/1609
f 5533/2863/1758 5530/2864/1757 5735/2865/1825
f 5533/2863/1758 5735/2865/1825 5736/2866/1826
f 5533/2863/1758 5736/2866/1826 5608/2867/1783
f 5533/2863/1758 5608/2867/1783 5433/2868/1725
f 5485/2869/1743 5483/2752/1742 5738/2870/1827
f 5485/2869/1743 5738/2870/1827 5741/2871/1828
f 5484/2722/1743 5740/2872/1828 5613/2795/1784
f 5484/2722/1743 5613/2795/1784 5329/2656/1695
f 5558/2762/1768 5557/2761/1767 5743/2873/1829
f 5558/2762/1768 5743/2873/1829 5747/2874/1830
f 5558/2762/1768 5747/2874/1830 5518/2737/1753
f 5558/2762/1768 5518/2737/1753 5294/2642/1685
f 5750/2875/1831 5257/2621/1671 5255/2620/1670
f 5750/2875/1831 5255/2620/1670 5600/2793/1782
f 5750/2875/1831 5600/2793/1782 5755/2876/1832
f 5750/2875/1831 5755/2876/1832 5757/2877/1833
f 5750/2875/1831 5757/2877/1833 5427/2696/1723
f 5750/2875/1831 5427/2696/1723 5257/2621/1671
f 5763/2878/1834 5379/2879/1710 5376/2675/1709
f 5763/2878/1834 5376/2675/1709 5609/2794/1783
f 5762/2880/1834 5608/2867/1783 5736/2866/1826
f 5764/2881/1834 5737/2882/1826 5769/2883/1835
f 5764/2881/1834 5769/2883/1835 5537/2884/1759
f 5761/2885/1834 5536/2749/1759 5378/2677/1710
f 5771/2886/1836 5384/2680/1713 5383/2679/1712
f 5771/2886/1836 5383/2679/1712 5651/2814/1796
f 5771/2886/1836 5651/2814/1796 5778/2887/1837
f 5772/2888/1838 5779/2889/1837 5780/2890/1839
f 5773/2891/1836 5781/2892/1839 5395/2685/1715
f 5773/2891/1836 5395/2685/1715 5385/2684/1713
f 5578/2774/1774 5577/2773/1773 5785/2893/1840
f 5578/2774/1774 5785/2893/1840 5787/2894/1841
f 5578/2774/1774 5787/2894/1841 5323/2653/1693
f 5578/2774/1774 5323/2653/1693 5192/2590/1651
f 5790/2895/1842 5136/2562/1630 5262/2625/1674
f 5791/2896/1842 5263/2897/1674 5795/2898/1843
f 5791/2896/1842 5795/2898/1843 5798/2899/1844
f 5791/2896/1842 5798/2899/1844 5663/2821/1801
f 5791/2896/1842 5663/2821/1801 5139/2820/1800
f 5790/2895/1842 5138/2563/1631 5136/2562/1630
f 5802/2900/1845 5157/2901/1637 5153/2902/1636
f 5801/2903/1845 5152/2571/1636 5551/2758/1764
f 5802/2900/1845 5552/2904/1764 5807/2905/1846
f 5802/2900/1845 5807/2905/1846 5808/2906/1847
f 5802/2900/1845 5808/2906/1847 5809/2907/1848
f 5802/2900/1845 5809/2907/1848 5157/2901/1637
f 5809/2907/1848 5808/2906/1847 5813/2908/1849
f 5809/2907/1848 5813/2908/1849 5817/2909/1850
f 5810/2910/1848 5818/2911/1850 5415/2693/1720
f 5809/2907/1848 5416/2912/1720 5157/2901/1637
f 5585/2778/1776 5581/2777/1775 5820/2913/1851
f 5585/2778/1776 5820/2913/1851 5823/2914/1852
f 5585/2778/1776 5823/2914/1852 5306/2915/1689
f 5585/2778/1776 5306/2915/1689 5123/2779/1627
f 5825/2916/1853 5147/2568/1634 5145/2567/1633
f 5825/2916/1853 5145/2567/1633 5680/2831/1806
f 5825/2916/1853 5680/2831/1806 5829/2917/1854
f 5825/2916/1853 5829/2917/1854 5831/2918/1855
f 5825/2916/1853 5831/2918/1855 5276/2630/1678
f 5825/2916/1853 5276/2630/1678 5147/2568/1634
f 5832/2919/1856 5555/2760/1766 5592/2786/1779
f 5832/2919/1856 5592/2786/1779 5833/2920/1857
f 5832/2919/1856 5833/2920/1857 5835/2921/1858
f 5832/2919/1856 5835/2921/1858 5836/2922/1859
f 5832/2919/1856 5836/2922/1859 5557/2761/1767
f 5832/2919/1856 5557/2761/1767 5555/2760/1766
f 5837/2923/1860 5202/2598/1655 5493/2727/1746
f 5837/2923/1860 5493/2727/1746 5840/2924/1861
f 5838/2925/1860 5841/2926/1861 5844/2927/1862
f 5838/2925/1860 5844/2927/1862 5623/2800/1787
f 5838/2925/1860 5623/2800/1787 5207/2799/1656
f 5837/2923/1860 5206/2599/1656 5202/2598/1655
f 5846/2928/1863 5325/2654/1694 5323/2653/1693
f 5846/2928/1863 5323/2653/1693 5787/2894/1841
f 5845/2929/1863 5786/2930/1841 5847/2931/1864
f 5845/2929/1863 5847/2931/1864 5848/2932/1865
f 5845/2929/1863 5848/2932/1865 5405/2776/1718
f 5846/2928/1863 5406/2689/1718 5325/2654/1694
f 5543/2751/1761 5540/2750/1760 5849/2933/1866
f 5543/2751/1761 5849/2933/1866 5850/2934/1867
f 5543/2751/1761 5850/2934/1867 5738/2870/1827
f 5543/2751/1761 5738/2870/1827 5483/2752/1742
f 5852/2935/1868 5308/2648/1690 5307/2647/1689
f 5851/2936/1868 5306/2915/1689 5823/2914/1852
f 5851/2936/1868 5823/2914/1852 5913/2937/1869
f 5851/2936/1868 5913/2937/1869 5915/2938/1870
f 5852/2935/1868 5917/2939/1870 5339/2659/1698
f 5852/2935/1868 5339/2659/1698 5308/2648/1690
f 5617/2796/1785 5613/2795/1784 5921/2940/1871
f 5618/2941/1785 5922/2942/1872 5929/2943/1873
f 5618/2941/1785 5929/2943/1873 5735/2865/1825
f 5617/2796/1785 5734/2944/1825 5529/2746/1757
f 5931/2945/1874 5480/2719/1741 5478/2718/1740
f 5931/2945/1874 5478/2718/1740 5933/2946/1875
f 5931/2945/1874 5933/2946/1875 5935/2947/1876
f 5931/2945/1874 5935/2947/1876 5936/2948/1877
f 5931/2945/1874 5936/2948/1877 5599/2791/1781
f 5931/2945/1874 5599/2791/1781 5480/2719/1741
f 5938/2949/1878 5467/2950/1737 5463/2836/1736
f 5938/2949/1878 5463/2836/1736 5690/2835/1809
f 5938/2949/1878 5690/2835/1809 5941/2951/1879
f 5938/2949/1878 5941/2951/1879 5942/2952/1880
f 5938/2949/1878 5942/2952/1880 5646/2953/1795
f 5938/2949/1878 5646/2953/1795 5467/2950/1737
f 5944/2954/1881 5429/2697/1724 5427/2696/1723
f 5944/2954/1881 5427/2696/1723 5757/2877/1833
f 5944/2954/1881 5757/2877/1833 5947/2955/1882
f 5944/2954/1881 5947/2955/1882 5948/2956/1883
f 5944/2954/1881 5948/2956/1883 5590/2783/1778
f 5944/2954/1881 5590/2783/1778 5429/2697/1724
f 5933/2946/1875 5478/2718/1740 5528/2745/1756
f 5933/2946/1875 5528/2745/1756 5952/2957/1884
f 5933/2946/1875 5952/2957/1884 5955/2958/1885
f 5933/2946/1875 5955/2958/1885 5935/2947/1876
f 5957/2959/1886 5344/2702/1699 5340/2960/1698
f 5957/2959/1886 5340/2960/1698 5918/2961/1870
f 5957/2959/1886 5918/2961/1870 5960/2962/1887
f 5957/2959/1886 5960/2962/1887 5961/2963/1888
f 5957/2959/1886 5961/2963/1888 5445/2703/1728
f 5957/2959/1886 5445/2703/1728 5344/2702/1699
f 5966/2964/1889 5260/2624/1673 5453/2707/1732
f 5966/2964/1889 5453/2707/1732 165/2965/1890
f 5967/2966/1889 166/2967/1890 5970/2968/1891
f 5967/2966/1889 5970/2968/1891 5795/2898/1843
f 5966/2964/1889 5794/2969/1843 5262/2625/1674
f 5966/2964/1889 5262/2625/1674 5260/2624/1673
f 5974/2970/1892 5363/2669/1706 5667/2971/1803
f 5974/2970/1892 5667/2971/1803 5977/2972/1893
f 5974/2970/1892 5977/2972/1893 5980/2973/1894
f 5974/2970/1892 5980/2973/1894 5694/2838/1811
f 5974/2970/1892 5694/2838/1811 5367/2670/1707
f 5974/2970/1892 5367/2670/1707 5363/2669/1706
f 5983/2974/1895 5418/2694/1721 5415/2693/1720
f 5983/2974/1895 5415/2693/1720 5818/2911/1850
f 5983/2974/1895 5818/2911/1850 5987/2975/1896
f 5982/2976/1895 5986/2977/1896 5990/2978/1897
f 5983/2974/1895 5992/2979/1897 5574/2771/1772
f 5983/2974/1895 5574/2771/1772 5418/2694/1721
f 5710/2980/1816 5706/2981/1898 5995/2982/1899
f 5712/2846/1816 5996/2983/1899 5997/2984/1900
f 5712/2846/1816 5997/2984/1900 5999/2985/1901
f 5712/2846/1816 5999/2985/1901 5638/2811/1793
f 5712/2846/1816 5638/2811/1793 5358/2666/1703
f 5747/2874/1830 5743/2873/1829 6005/2986/1902
f 5746/2987/1830 6004/2988/1902 6007/2989/1903
f 5746/2987/1830 6007/2989/1903 5687/2834/1808
f 5746/2987/1830 5687/2834/1808 5520/2740/1754
f 5746/2987/1830 5520/2740/1754 5517/2739/1753
f 5952/2957/1884 5528/2745/1756 5537/2884/1759
f 5952/2957/1884 5537/2884/1759 5769/2883/1835
f 5952/2957/1884 5769/2883/1835 6012/2990/1904
f 5952/2957/1884 6012/2990/1904 5955/2958/1885
f 6016/2991/1905 5288/2755/1682 5284/2992/1681
f 6016/2991/1905 5284/2992/1681 5728/2993/1824
f 6016/2991/1905 5728/2993/1824 208/2994/1906
f 6016/2991/1905 208/2994/1906 206/2995/1907
f 6016/2991/1905 206/2995/1907 5547/2756/1763
f 6016/2991/1905 5547/2756/1763 5288/2755/1682
f 5656/2816/1798 5654/2815/1797 6022/2996/1908
f 5656/2816/1798 6022/2996/1908 6024/2997/1909
f 5656/2816/1798 6024/2997/1909 5849/2933/1866
f 5656/2816/1798 5849/2933/1866 5540/2750/1760
f 6027/2998/1910 5277/2631/1679 5276/2630/1678
f 6027/2998/1910 5276/2630/1678 5831/2918/1855
f 6027/2998/1910 5831/2918/1855 241/2999/1911
f 6026/3000/1910 240/3001/1911 237/3002/1912
f 6026/3000/1910 237/3002/1912 5511/3003/1751
f 6027/2998/1910 5512/2734/1751 5277/2631/1679
f 5780/2890/1839 5779/2889/1837 119/3004/1913
f 5780/2890/1839 119/3004/1913 6032/3005/1914
f 5781/2892/1839 6033/3006/1914 5577/2773/1773
f 5781/2892/1839 5577/2773/1773 5395/2685/1715
f 5741/2871/1828 5738/2870/1827 6037/3007/1915
f 5741/2871/1828 6037/3007/1915 6042/3008/1916
f 5741/2871/1828 6042/3008/1916 5923/3009/1917
f 5740/2872/1828 5921/2940/1871 5613/2795/1784
f 6045/3010/1918 5447/2704/1729 5445/2703/1728
f 6045/3010/1918 5445/2703/1728 5961/2963/1888
f 6045/3010/1918 5961/2963/1888 138/3011/1919
f 6045/3010/1918 138/3011/1919 133/3012/1920
f 6045/3010/1918 133/3012/1920 5500/2729/1748
f 6045/3010/1918 5500/2729/1748 5447/2704/1729
f 6051/3013/1921 5698/2840/1813 5695/2839/1812
f 6051/3013/1921 5695/2839/1812 63/3014/1922
f 6051/3013/1921 63/3014/1922 59/3015/1923
f 6052/3016/1921 60/3017/1924 130/3018/1925
f 6052/3016/1921 130/3018/1925 5717/2850/1818
f 6051/3013/1921 5716/2848/1818 5698/2840/1813
f 5836/2922/1859 5835/2921/1858 6059/3019/1926
f 5836/2922/1859 6059/3019/1926 5743/2873/1829
f 5836/2922/1859 5743/2873/1829 5557/2761/1767
f 5703/2842/1814 5458/2709/1734 5573/2772/1772
f 5703/2842/1814 5573/2772/1772 5991/3020/1897
f 5702/3021/1814 5990/2978/1897 6062/3022/1927
f 5702/3021/1814 6062/3022/1927 5706/2981/1898
f 5848/2932/1865 5847/2931/1864 379/3023/1928
f 5848/2932/1865 379/3023/1928 6066/3024/1929
f 5848/2932/1865 6066/3024/1929 5581/2777/1775
f 5848/2932/1865 5581/2777/1775 5405/2776/1718
f 6069/3025/1930 5490/2852/1745 5718/2851/1820
f 6069/3025/1930 5718/2851/1820 313/3026/1931
f 6069/3025/1930 313/3026/1931 326/3027/1932
f 6068/3028/1930 325/3029/1932 5839/3030/1861
f 6069/3025/1930 5842/3031/1861 5494/3032/1746
f 6069/3025/1930 5494/3032/1746 5490/2852/1745
f 6075/3033/1933 5601/2792/1782 5599/2791/1781
f 6075/3033/1933 5599/2791/1781 5936/2948/1877
f 6075/3033/1933 5936/2948/1877 90/3034/1934
f 6075/3033/1933 90/3034/1934 89/3035/1935
f 6075/3033/1933 89/3035/1935 5756/3036/1832
f 6075/3033/1933 5756/3036/1832 5601/2792/1782
f 6079/3037/1936 5650/3038/1796 5646/2953/1795
f 6079/3037/1936 5646/2953/1795 5942/2952/1880
f 6079/3037/1936 5942/2952/1880 234/3039/1937
f 6079/3037/1936 234/3039/1937 6083/3040/1938
f 6079/3037/1936 6083/3040/1938 5777/3041/1837
f 6079/3037/1936 5777/3041/1837 5650/3038/1796
f 5664/2822/1802 5663/2821/1801 204/3042/1939
f 5664/2822/1802 204/3042/1939 6087/3043/1940
f 5664/2822/1802 6087/3043/1940 6021/3044/1908
f 5665/2823/1802 6022/2996/1908 5654/2815/1797
f 6090/3045/1941 5504/2730/1749 5500/2729/1748
f 6090/3045/1941 5500/2729/1748 133/3012/1920
f 6091/3046/1941 134/3047/1920 150/3048/1942
f 6091/3046/1941 150/3048/1942 298/3049/1943
f 6091/3046/1941 298/3049/1943 5564/2766/1770
f 6090/3045/1941 5565/2764/1770 5504/2730/1749
f 6096/3050/1944 5451/2706/1731 5624/2803/1788
f 6096/3050/1944 5624/2803/1788 154/3051/1945
f 6096/3050/1944 154/3051/1945 152/3052/1946
f 6096/3050/1944 152/3052/1946 165/2965/1890
f 6096/3050/1944 165/2965/1890 5453/2707/1732
f 6096/3050/1944 5453/2707/1732 5451/2706/1731
f 6102/3053/1947 5593/2784/1779 5590/2783/1778
f 6102/3053/1947 5590/2783/1778 5948/2956/1883
f 6102/3053/1947 5948/2956/1883 257/3054/1948
f 6102/3053/1947 257/3054/1948 254/3055/1949
f 6102/3053/1947 254/3055/1949 5834/3056/1857
f 6102/3053/1947 5834/3056/1857 5593/2784/1779
f 6108/3057/1950 5735/2865/1825 5929/2943/1873
f 6108/3057/1950 5929/2943/1873 6111/3058/1951
f 6108/3057/1950 6111/3058/1951 6011/3059/1952
f 6108/3057/1950 6011/3059/1952 5768/3060/1835
f 6108/3057/1950 5768/3060/1835 5736/2866/1826
f 6108/3057/1950 5736/2866/1826 5735/2865/1825
f 5850/2934/1867 5849/2933/1866 171/3061/1953
f 5850/2934/1867 171/3061/1953 187/3062/1954
f 5850/2934/1867 187/3062/1954 6037/3007/1915
f 5850/2934/1867 6037/3007/1915 5738/2870/1827
f 6117/3063/1955 5513/2859/1752 5511/3003/1751
f 6117/3063/1955 5511/3003/1751 237/3002/1912
f 6117/3063/1955 237/3002/1912 249/3064/1956
f 6117/3063/1955 249/3064/1956 583/3065/1957
f 6117/3063/1955 583/3065/1957 5725/2860/1823
f 6117/3063/1955 5725/2860/1823 5513/2859/1752
f 6127/3066/1958 5629/2805/1789 5638/2811/1793
f 6127/3066/1958 5638/2811/1793 5999/2985/1901
f 6127/3066/1958 5999/2985/1901 329/3067/1959
f 6127/3066/1958 329/3067/1959 6131/3068/1960
f 6127/3066/1958 6131/3068/1960 5633/3069/1791
f 6127/3066/1958 5633/3069/1791 5629/2805/1789
f 6133/3070/1961 5690/2835/1809 5687/2834/1808
f 6133/3070/1961 5687/2834/1808 6007/2989/1903
f 6133/3070/1961 6007/2989/1903 284/3071/1962
f 6133/3070/1961 284/3071/1962 283/3072/1963
f 6133/3070/1961 283/3072/1963 5941/2951/1879
f 6133/3070/1961 5941/2951/1879 5690/2835/1809
f 6132/3073/1960 330/3074/1959 347/3075/1964
f 6130/3076/1960 346/3077/1964 5978/3078/1893
f 6130/3076/1960 5978/3078/1893 5668/2824/1803
f 6130/3076/1960 5668/2824/1803 5632/2809/1791
f 6032/3005/1914 119/3004/1913 116/3079/1965
f 6032/3005/1914 116/3079/1965 351/3080/1966
f 6033/3006/1914 352/3081/1966 5785/2893/1840
f 6033/3006/1914 5785/2893/1840 5577/2773/1773
f 6143/3082/1967 5568/2767/1771 5564/2766/1770
f 6143/3082/1967 5564/2766/1770 298/3049/1943
f 6143/3082/1967 298/3049/1943 307/3083/1968
f 6143/3082/1967 307/3083/1968 509/3084/1969
f 6143/3082/1967 509/3084/1969 5677/2829/1805
f 6143/3082/1967 5677/2829/1805 5568/2767/1771
f 6147/3085/1970 5550/3086/1764 5547/2756/1763
f 6147/3085/1970 5547/2756/1763 206/2995/1907
f 6147/3085/1970 206/2995/1907 220/3087/1971
f 6147/3085/1970 220/3087/1971 614/3088/1972
f 6147/3085/1970 614/3088/1972 5806/3089/1846
f 6148/3090/1970 5807/2905/1846 5552/2904/1764
f 6151/3091/1973 5694/2838/1811 5980/2973/1894
f 6151/3091/1973 5980/2973/1894 448/3092/1974
f 6151/3091/1973 448/3092/1974 467/3093/1975
f 6151/3091/1973 467/3093/1975 63/3014/1922
f 6151/3091/1973 63/3014/1922 5695/2839/1812
f 6151/3091/1973 5695/2839/1812 5694/2838/1811
f 6059/3019/1926 5835/2921/1858 67/3094/1976
f 6059/3019/1926 67/3094/1976 83/3095/1977
f 6059/3019/1926 83/3095/1977 6005/2986/1902
f 6059/3019/1926 6005/2986/1902 5743/2873/1829
f 5798/2899/1844 5795/2898/1843 191/3096/1978
f 5798/2899/1844 191/3096/1978 190/3097/1979
f 5798/2899/1844 190/3097/1979 204/3042/1939
f 5798/2899/1844 204/3042/1939 5663/2821/1801
f 6062/3022/1927 5990/2978/1897 6160/3098/1980
f 6062/3022/1927 6160/3098/1980 548/3099/1981
f 6062/3022/1927 548/3099/1981 545/3100/1982
f 6062/3022/1927 545/3100/1982 5995/2982/1899
f 6062/3022/1927 5995/2982/1899 5706/2981/1898
f 6162/3101/1983 5757/2877/1833 5755/2876/1832
f 6163/3102/1983 5756/3036/1832 89/3035/1935
f 6163/3102/1983 89/3035/1935 103/3103/1984
f 6163/3102/1983 103/3103/1984 396/3104/1985
f 6162/3101/1983 395/3105/1985 5947/2955/1882
f 6162/3101/1983 5947/2955/1882 5757/2877/1833
f 6066/3024/1929 379/3023/1928 376/3106/1986
f 6066/3024/1929 376/3106/1986 523/3107/1987
f 6066/3024/1929 523/3107/1987 5820/2913/1851
f 6066/3024/1929 5820/2913/1851 5581/2777/1775
f 6169/3108/1988 5922/2942/1872 6041/3109/1916
f 6169/3108/1988 6041/3109/1916 470/3110/1989
f 6169/3108/1988 470/3110/1989 482/3111/1990
f 6169/3108/1988 482/3111/1990 6111/3058/1951
f 6169/3108/1988 6111/3058/1951 5929/2943/1873
f 6169/3108/1988 5929/2943/1873 5922/2942/1872
f 6024/2997/1909 6022/2996/1908 410/3112/1991
f 6024/2997/1909 410/3112/1991 175/3113/1992
f 6024/2997/1909 175/3113/1992 171/3061/1953
f 6024/2997/1909 171/3061/1953 5849/2933/1866
f 6181/3114/1993 5623/2800/1787 5844/2927/1862
f 6181/3114/1993 5844/2927/1862 384/3115/1994
f 6180/3116/1993 383/3117/1994 380/3118/1995
f 6181/3114/1993 381/3119/1995 155/3120/1945
f 6181/3114/1993 155/3120/1945 5625/2801/1788
f 6181/3114/1993 5625/2801/1788 5623/2800/1787
f 6184/3121/1996 5787/2894/1841 5785/2893/1840
f 6184/3121/1996 5785/2893/1840 352/3081/1966
f 6183/3122/1996 350/3123/1966 359/3124/1997
f 6183/3122/1996 359/3124/1997 6187/3125/1998
f 6183/3122/1996 6187/3125/1998 5847/2931/1864
f 6183/3122/1996 5847/2931/1864 5786/2930/1841
f 6190/3126/1999 5681/2830/1806 5677/2829/1805
f 6190/3126/1999 5677/2829/1805 509/3084/1969
f 6190/3126/1999 509/3084/1969 519/3127/2000
f 6190/3126/1999 519/3127/2000 658/3128/2001
f 6190/3126/1999 658/3128/2001 5830/3129/1854
f 6190/3126/1999 5830/3129/1854 5681/2830/1806
f 6196/3130/2002 5717/2850/1818 130/3018/1925
f 6196/3130/2002 130/3018/1925 127/3131/2003
f 6196/3130/2002 127/3131/2003 315/3132/2004
f 6196/3130/2002 315/3132/2004 313/3026/1931
f 6196/3130/2002 313/3026/1931 5718/2851/1820
f 6196/3130/2002 5718/2851/1820 5717/2850/1818
f 6199/3133/2005 5817/2909/1850 5813/2908/1849
f 6199/3133/2005 5813/2908/1849 280/3134/2006
f 6200/3135/2005 281/3136/2006 278/3137/2007
f 6200/3135/2005 278/3137/2007 6206/3138/2008
f 6198/3139/2005 6204/3140/2009 5986/2977/1896
f 6198/3139/2005 5986/2977/1896 5816/3141/2010
f 6207/3142/2011 5835/2921/1858 5833/2920/1857
f 6208/3143/2011 5834/3056/1857 254/3055/1949
f 6208/3143/2011 254/3055/1949 267/3144/2012
f 6208/3143/2011 267/3144/2012 71/3145/2013
f 6207/3142/2011 70/3146/2014 67/3094/1976
f 6207/3142/2011 67/3094/1976 5835/2921/1858
f 6084/3147/1938 235/3148/1937 108/3149/2015
f 6084/3147/1938 108/3149/2015 106/3150/2016
f 6084/3147/1938 106/3150/2016 119/3004/1913
f 6084/3147/1938 119/3004/1913 5779/2889/1837
f 6214/3151/2017 5823/2914/1852 5820/2913/1851
f 6214/3151/2017 5820/2913/1851 523/3107/1987
f 6214/3151/2017 523/3107/1987 537/3152/2018
f 6215/3153/2017 538/3154/2018 633/3155/2019
f 6215/3153/2017 633/3155/2019 5914/3156/1869
f 6214/3151/2017 5913/2937/1869 5823/2914/1852
f 6218/3157/2020 5936/2948/1877 5935/2947/1876
f 6218/3157/2020 5935/2947/1876 6222/3158/2021
f 6218/3157/2020 6222/3158/2021 574/3159/2022
f 6218/3157/2020 574/3159/2022 93/3160/2023
f 6218/3157/2020 93/3160/2023 90/3034/1934
f 6218/3157/2020 90/3034/1934 5936/2948/1877
f 6222/3158/2021 5935/2947/1876 5955/2958/1885
f 6221/3161/2021 5954/3162/1885 6228/3163/2024
f 6221/3161/2021 6228/3163/2024 481/3164/2025
f 6221/3161/2021 481/3164/2025 573/3165/2022
f 6228/3163/2024 5954/3162/1885 6011/3059/1952
f 6228/3163/2024 6011/3059/1952 6111/3058/1951
f 6228/3163/2024 6111/3058/1951 482/3111/1990
f 6228/3163/2024 482/3111/1990 481/3164/2025
f 6230/3166/2026 5727/3167/1824 5725/2860/1823
f 6230/3166/2026 5725/2860/1823 583/3065/1957
f 6230/3166/2026 583/3065/1957 589/3168/2027
f 6230/3166/2026 589/3168/2027 210/3169/2028
f 6230/3166/2026 210/3169/2028 207/3170/1906
f 6231/3171/2026 208/2994/1906 5728/2993/1824
f 6235/3172/2029 5813/2908/1849 5808/2906/1847
f 6235/3172/2029 5808/2906/1847 6241/3173/2030
f 6235/3172/2029 6241/3173/2030 272/3174/2031
f 6236/3175/2029 273/3176/2031 269/3177/2032
f 6235/3172/2029 268/3178/2033 280/3134/2006
f 6235/3172/2029 280/3134/2006 5813/2908/1849
f 6248/3179/2034 5942/2952/1880 5941/2951/1879
f 6248/3179/2034 5941/2951/1879 283/3072/1963
f 6248/3179/2034 283/3072/1963 225/3180/2035
f 6248/3179/2034 225/3180/2035 223/3181/2036
f 6248/3179/2034 223/3181/2036 234/3039/1937
f 6248/3179/2034 234/3039/1937 5942/2952/1880
f 6253/3182/2037 5916/3183/1870 5914/3156/1869
f 6253/3182/2037 5914/3156/1869 633/3155/2019
f 6253/3182/2037 633/3155/2019 641/3184/2038
f 6253/3182/2037 641/3184/2038 730/3185/2039
f 6253/3182/2037 730/3185/2039 5959/3186/1887
f 6253/3182/2037 5959/3186/1887 5916/3183/1870
f 5970/2968/1891 166/2967/1890 164/3187/2040
f 5970/2968/1891 164/3187/2040 418/3188/2041
f 5970/2968/1891 418/3188/2041 191/3096/1978
f 5970/2968/1891 191/3096/1978 5795/2898/1843
f 6160/3098/1980 5990/2978/1897 5986/2977/1896
f 6160/3098/1980 5986/2977/1896 489/3189/2042
f 6160/3098/1980 489/3189/2042 503/3190/2043
f 6160/3098/1980 503/3190/2043 548/3099/1981
f 6263/3191/2044 6036/3192/1915 185/3193/1954
f 6263/3191/2044 185/3193/1954 181/3194/2045
f 6263/3191/2044 181/3194/2045 473/3195/2046
f 6263/3191/2044 473/3195/2046 470/3110/1989
f 6263/3191/2044 470/3110/1989 6041/3109/1916
f 6263/3191/2044 6041/3109/1916 6036/3192/1915
f 6087/3043/1940 204/3042/1939 201/3196/2047
f 6087/3043/1940 201/3196/2047 413/3197/2048
f 6087/3043/1940 413/3197/2048 409/3198/1991
f 6087/3043/1940 409/3198/1991 6021/3044/1908
f 6241/3173/2030 5808/2906/1847 5807/2905/1846
f 6240/3199/2030 5806/3089/1846 614/3088/1972
f 6240/3199/2030 614/3088/1972 622/3200/2049
f 6240/3199/2030 622/3200/2049 271/3201/2031
f 6276/3202/2050 5948/2956/1883 5947/2955/1882
f 6276/3202/2050 5947/2955/1882 395/3105/1985
f 6276/3202/2050 395/3105/1985 403/3203/2051
f 6276/3202/2050 403/3203/2051 258/3204/2052
f 6276/3202/2050 258/3204/2052 257/3054/1948
f 6276/3202/2050 257/3054/1948 5948/2956/1883
f 6280/3205/2053 5831/2918/1855 5829/2917/1854
f 6281/3206/2053 5830/3129/1854 658/3128/2001
f 6279/3207/2053 657/3208/2001 667/3209/2054
f 6279/3207/2053 667/3209/2054 242/3210/2055
f 6279/3207/2053 242/3210/2055 240/3001/1911
f 6280/3205/2053 241/2999/1911 5831/2918/1855
f 6286/3211/2056 5999/2985/1901 5997/2984/1900
f 6286/3211/2056 5997/2984/1900 6289/3212/2057
f 6285/3213/2056 6288/3214/2057 331/3215/2058
f 6287/3216/2056 332/3217/2058 330/3074/1959
f 6287/3216/2056 330/3074/1959 6000/3218/2059
f 6295/3219/2060 6007/2989/1903 6004/2988/1902
f 6296/3220/2060 6005/2986/1902 83/3095/1977
f 6296/3220/2060 83/3095/1977 81/3221/2061
f 6295/3219/2060 80/3222/2061 285/3223/2062
f 6295/3219/2060 285/3223/2062 284/3071/1962
f 6295/3219/2060 284/3071/1962 6007/2989/1903
f 6298/3224/2063 5977/2972/1893 345/3225/2064
f 6299/3226/2063 347/3075/1964 342/3227/2065
f 6298/3224/2063 341/3228/2065 451/3229/2066
f 6298/3224/2063 451/3229/2066 448/3092/1974
f 6298/3224/2063 448/3092/1974 5980/2973/1894
f 6298/3224/2063 5980/2973/1894 5977/2972/1893
f 6306/3230/2067 5961/2963/1888 5960/2962/1887
f 6305/3231/2067 5959/3186/1887 730/3185/2039
f 6305/3231/2067 730/3185/2039 734/3232/2068
f 6305/3231/2067 734/3232/2068 140/3233/2069
f 6305/3231/2067 140/3233/2069 137/3234/1919
f 6306/3230/2067 138/3011/1919 5961/2963/1888
f 6309/3235/2070 5839/3030/1861 325/3029/1932
f 6309/3235/2070 325/3029/1932 324/3236/2071
f 6309/3235/2070 324/3236/2071 698/3237/2072
f 6309/3235/2070 698/3237/2072 383/3117/1994
f 6309/3235/2070 383/3117/1994 5843/3238/1862
f 6309/3235/2070 5843/3238/1862 5839/3030/1861
f 6289/3212/2057 5997/2984/1900 5996/2983/1899
f 6289/3212/2057 5996/2983/1899 547/3239/1982
f 6288/3214/2057 546/3240/1982 564/3241/2073
f 6288/3214/2057 564/3241/2073 331/3215/2058
f 6206/3138/2008 278/3137/2007 712/3242/2074
f 6205/3243/2075 711/3244/2074 491/3245/2076
f 6204/3140/2009 490/3246/2077 489/3189/2042
f 6204/3140/2009 489/3189/2042 5986/2977/1896
f 6186/3247/1998 360/3248/1997 365/3249/2078
f 6187/3125/1998 366/3250/2078 361/3251/2079
f 6187/3125/1998 361/3251/2079 379/3023/1928
f 6187/3125/1998 379/3023/1928 5847/2931/1864
f 51/3252/2080 63/3014/1922 467/3093/1975
f 51/3252/2080 467/3093/1975 462/3253/2081
f 52/3254/2080 463/3255/2081 55/3256/2082
f 52/3254/2080 55/3256/2082 57/3257/2083
f 52/3254/2080 57/3257/2083 60/3017/1924
f 51/3252/2080 59/3015/1923 63/3014/1922
f 66/3258/2084 67/3094/1976 70/3146/2014
f 66/3258/2084 70/3146/2014 75/3259/2085
f 66/3258/2084 75/3259/2085 77/3260/2086
f 66/3258/2084 77/3260/2086 81/3221/2061
f 66/3258/2084 81/3221/2061 83/3095/1977
f 66/3258/2084 83/3095/1977 67/3094/1976
f 86/3261/2087 89/3035/1935 90/3034/1934
f 86/3261/2087 90/3034/1934 93/3160/2023
f 86/3261/2087 93/3160/2023 96/3262/2088
f 86/3261/2087 96/3262/2088 100/3263/2089
f 86/3261/2087 100/3263/2089 103/3103/1984
f 86/3261/2087 103/3103/1984 89/3035/1935
f 106/3150/2016 108/3149/2015 109/3264/2090
f 106/3150/2016 109/3264/2090 112/3265/2091
f 106/3150/2016 112/3265/2091 116/3079/1965
f 106/3150/2016 116/3079/1965 119/3004/1913
f 120/3266/2092 60/3017/1924 57/3257/2083
f 120/3266/2092 57/3257/2083 121/3267/2093
f 120/3266/2092 121/3267/2093 126/3268/2094
f 120/3266/2092 126/3268/2094 127/3131/2003
f 120/3266/2092 127/3131/2003 130/3018/1925
f 120/3266/2092 130/3018/1925 60/3017/1924
f 132/3269/2095 134/3047/1920 139/3270/1919
f 132/3269/2095 139/3270/1919 141/3271/2069
f 131/3272/2095 140/3233/2069 144/3273/2096
f 132/3269/2095 145/3274/2096 147/3275/2097
f 132/3269/2095 147/3275/2097 150/3048/1942
f 132/3269/2095 150/3048/1942 134/3047/1920
f 151/3276/1946 153/3277/1945 156/3278/2098
f 151/3276/1946 156/3278/2098 160/3279/2099
f 151/3276/1946 160/3279/2099 164/3187/2040
f 151/3276/1946 164/3187/2040 166/2967/1890
f 168/3280/2100 171/3061/1953 175/3113/1992
f 167/3281/2100 173/3282/1992 178/3283/2101
f 167/3281/2100 178/3283/2101 180/3284/2102
f 167/3281/2100 180/3284/2102 182/3285/2045
f 167/3281/2100 182/3285/2045 186/3286/1954
f 168/3280/2100 187/3062/1954 171/3061/1953
f 190/3097/1979 191/3096/1978 196/3287/2103
f 190/3097/1979 196/3287/2103 200/3288/2104
f 190/3097/1979 200/3288/2104 201/3196/2047
f 190/3097/1979 201/3196/2047 204/3042/1939
f 205/3289/2105 206/2995/1907 208/2994/1906
f 205/3289/2105 208/2994/1906 211/3290/2028
f 205/3289/2105 211/3290/2028 215/3291/2106
f 205/3289/2105 215/3291/2106 219/3292/2107
f 205/3289/2105 219/3292/2107 220/3087/1971
f 205/3289/2105 220/3087/1971 206/2995/1907
f 223/3181/2036 225/3180/2035 226/3293/2108
f 223/3181/2036 226/3293/2108 230/3294/2109
f 224/3295/2036 231/3296/2110 108/3149/2015
f 223/3181/2036 107/3297/2111 234/3039/1937
f 236/3298/2112 237/3002/1912 240/3001/1911
f 236/3298/2112 240/3001/1911 242/3210/2055
f 236/3298/2112 242/3210/2055 245/3299/2113
f 236/3298/2112 245/3299/2113 247/3300/2114
f 236/3298/2112 247/3300/2114 249/3064/1956
f 236/3298/2112 249/3064/1956 237/3002/1912
f 253/3301/2115 254/3055/1949 257/3054/1948
f 253/3301/2115 257/3054/1948 258/3204/2052
f 253/3301/2115 258/3204/2052 263/3302/2116
f 253/3301/2115 263/3302/2116 266/3303/2117
f 253/3301/2115 266/3303/2117 267/3144/2012
f 253/3301/2115 267/3144/2012 254/3055/1949
f 269/3177/2032 273/3176/2031 275/3304/2118
f 269/3177/2032 275/3304/2118 277/3305/2119
f 269/3177/2032 277/3305/2119 278/3137/2007
f 269/3177/2032 278/3137/2007 281/3136/2006
f 282/3306/2120 283/3072/1963 284/3071/1962
f 282/3306/2120 284/3071/1962 285/3223/2062
f 282/3306/2120 285/3223/2062 289/3307/2121
f 282/3306/2120 289/3307/2121 292/3308/2122
f 282/3306/2120 292/3308/2122 225/3180/2035
f 282/3306/2120 225/3180/2035 283/3072/1963
f 296/3309/2123 298/3049/1943 150/3048/1942
f 296/3309/2123 150/3048/1942 147/3275/2097
f 296/3309/2123 147/3275/2097 301/3310/2124
f 296/3309/2123 301/3310/2124 306/3311/2125
f 296/3309/2123 306/3311/2125 307/3083/1968
f 296/3309/2123 307/3083/1968 298/3049/1943
f 310/3312/2126 312/3313/1931 314/3314/2004
f 310/3312/2126 314/3314/2004 316/3315/2127
f 310/3312/2126 316/3315/2127 319/3316/2128
f 310/3312/2126 319/3316/2128 324/3236/2071
f 310/3312/2126 324/3236/2071 325/3029/1932
f 310/3312/2126 325/3029/1932 312/3313/1931
f 328/3317/2129 330/3074/1959 332/3217/2058
f 328/3317/2129 332/3217/2058 336/3318/2130
f 328/3317/2129 336/3318/2130 338/3319/2131
f 328/3317/2129 338/3319/2131 342/3227/2065
f 328/3317/2129 342/3227/2065 347/3075/1964
f 328/3317/2129 347/3075/1964 330/3074/1959
f 349/3320/2132 351/3080/1966 116/3079/1965
f 349/3320/2132 116/3079/1965 112/3265/2091
f 349/3320/2132 112/3265/2091 354/3321/2133
f 349/3320/2132 354/3321/2133 357/3322/2134
f 349/3320/2132 357/3322/2134 360/3248/1997
f 349/3320/2132 360/3248/1997 351/3080/1966
f 362/3323/2079 367/3324/2078 369/3325/2135
f 361/3251/2079 368/3326/2135 372/3327/2136
f 361/3251/2079 372/3327/2136 376/3106/1986
f 361/3251/2079 376/3106/1986 379/3023/1928
f 380/3118/1995 383/3117/1994 386/3328/2137
f 380/3118/1995 386/3328/2137 390/3329/2138
f 382/3330/1995 391/3331/2138 158/3332/2098
f 381/3119/1995 157/3333/2098 155/3120/1945
f 394/3334/2139 396/3104/1985 103/3103/1984
f 394/3334/2139 103/3103/1984 100/3263/2089
f 394/3334/2139 100/3263/2089 398/3335/2140
f 394/3334/2139 398/3335/2140 401/3336/2141
f 394/3334/2139 401/3336/2141 404/3337/2051
f 394/3334/2139 404/3337/2051 396/3104/1985
f 408/3338/2142 409/3198/1991 413/3197/2048
f 408/3338/2142 413/3197/2048 415/3339/2143
f 407/3340/2142 414/3341/2143 417/3342/2144
f 407/3340/2142 417/3342/2144 178/3283/2101
f 406/3343/2142 177/3344/2145 172/3345/1992
f 408/3338/2142 174/3346/1992 409/3198/1991
f 418/3188/2041 164/3187/2040 420/3347/2146
f 418/3188/2041 420/3347/2146 444/3348/2147
f 418/3188/2041 444/3348/2147 196/3287/2103
f 418/3188/2041 196/3287/2103 191/3096/1978
f 447/3349/2148 448/3092/1974 451/3229/2066
f 447/3349/2148 451/3229/2066 454/3350/2149
f 447/3349/2148 454/3350/2149 459/3351/2150
f 447/3349/2148 459/3351/2150 462/3253/2081
f 447/3349/2148 462/3253/2081 467/3093/1975
f 447/3349/2148 467/3093/1975 448/3092/1974
f 469/3352/2151 470/3110/1989 473/3195/2046
f 469/3352/2151 473/3195/2046 476/3353/2152
f 469/3352/2151 476/3353/2152 479/3354/2153
f 469/3352/2151 479/3354/2153 481/3164/2025
f 469/3352/2151 481/3164/2025 482/3111/1990
f 469/3352/2151 482/3111/1990 470/3110/1989
f 486/3355/2154 489/3189/2042 490/3246/2077
f 486/3355/2154 490/3246/2077 493/3356/2155
f 486/3355/2154 493/3356/2155 495/3357/2156
f 486/3355/2154 495/3357/2156 502/3358/2157
f 486/3355/2154 502/3358/2157 503/3190/2043
f 486/3355/2154 503/3190/2043 489/3189/2042
f 508/3359/2158 509/3084/1969 307/3083/1968
f 508/3359/2158 307/3083/1968 306/3311/2125
f 507/3360/2158 304/3361/2125 511/3362/2159
f 507/3360/2158 511/3362/2159 514/3363/2160
f 507/3360/2158 514/3363/2160 518/3364/2000
f 508/3359/2158 519/3127/2000 509/3084/1969
f 521/3365/2161 523/3107/1987 376/3106/1986
f 521/3365/2161 376/3106/1986 372/3327/2136
f 521/3365/2161 372/3327/2136 528/3366/2162
f 522/3367/2161 530/3368/2162 533/3369/2163
f 522/3367/2161 533/3369/2163 538/3154/2018
f 521/3365/2161 537/3152/2018 523/3107/1987
f 542/3370/2164 545/3100/1982 548/3099/1981
f 542/3370/2164 548/3099/1981 502/3358/2157
f 542/3370/2164 502/3358/2157 552/3371/2165
f 542/3370/2164 552/3371/2165 555/3372/2166
f 542/3370/2164 555/3372/2166 558/3373/2167
f 542/3370/2164 558/3373/2167 545/3100/1982
f 564/3241/2073 546/3240/1982 559/3374/2167
f 564/3241/2073 559/3374/2167 566/3375/2168
f 564/3241/2073 566/3375/2168 570/3376/2169
f 564/3241/2073 570/3376/2169 335/3377/2130
f 564/3241/2073 335/3377/2130 331/3215/2058
f 571/3378/2170 92/3379/2023 573/3165/2022
f 571/3378/2170 573/3165/2022 479/3354/2153
f 571/3378/2170 479/3354/2153 576/3380/2171
f 571/3378/2170 576/3380/2171 578/3381/2172
f 571/3378/2170 578/3381/2172 95/3382/2088
f 571/3378/2170 95/3382/2088 92/3379/2023
f 479/3354/2153 573/3165/2022 481/3164/2025
f 582/3383/2173 583/3065/1957 249/3064/1956
f 582/3383/2173 249/3064/1956 247/3300/2114
f 582/3383/2173 247/3300/2114 587/3384/2174
f 582/3383/2173 587/3384/2174 588/3385/2175
f 582/3383/2173 588/3385/2175 589/3168/2027
f 582/3383/2173 589/3168/2027 583/3065/1957
f 592/3386/2176 57/3257/2083 55/3256/2082
f 593/3387/2176 56/3388/2082 596/3389/2177
f 593/3387/2176 596/3389/2177 600/3390/2178
f 592/3386/2176 599/3391/2178 121/3267/2093
f 592/3386/2176 121/3267/2093 57/3257/2083
f 603/3392/2179 71/3145/2013 267/3144/2012
f 603/3392/2179 267/3144/2012 266/3303/2117
f 602/3393/2179 265/3394/2117 605/3395/2180
f 602/3393/2179 605/3395/2180 607/3396/2181
f 602/3393/2179 607/3396/2181 74/3397/2085
f 602/3393/2179 74/3397/2085 69/3398/2013
f 613/3399/2182 614/3088/1972 220/3087/1971
f 613/3399/2182 220/3087/1971 219/3292/2107
f 612/3400/2182 218/3401/2107 617/3402/2183
f 612/3400/2182 617/3402/2183 619/3403/2184
f 612/3400/2182 619/3403/2184 621/3404/2049
f 613/3399/2182 622/3200/2049 614/3088/1972
f 231/3296/2110 227/3405/2108 627/3406/2185
f 231/3296/2110 627/3406/2185 630/3407/2186
f 231/3296/2110 630/3407/2186 109/3264/2090
f 231/3296/2110 109/3264/2090 108/3149/2015
f 631/3408/2187 633/3155/2019 538/3154/2018
f 631/3408/2187 538/3154/2018 533/3369/2163
f 631/3408/2187 533/3369/2163 635/3409/2188
f 631/3408/2187 635/3409/2188 638/3410/2189
f 631/3408/2187 638/3410/2189 641/3184/2038
f 631/3408/2187 641/3184/2038 633/3155/2019
f 502/3358/2157 548/3099/1981 503/3190/2043
f 644/3411/2190 201/3196/2047 200/3288/2104
f 644/3411/2190 200/3288/2104 647/3412/2191
f 644/3411/2190 647/3412/2191 650/3413/2192
f 643/3414/2190 649/3415/2192 414/3341/2143
f 644/3411/2190 415/3339/2143 413/3197/2048
f 644/3411/2190 413/3197/2048 201/3196/2047
f 653/3416/2193 657/3208/2001 517/3417/2000
f 654/3418/2193 518/3364/2000 514/3363/2160
f 654/3418/2193 514/3363/2160 660/3419/2194
f 654/3418/2193 660/3419/2194 664/3420/2195
f 653/3416/2193 663/3421/2196 667/3209/2054
f 653/3416/2193 667/3209/2054 657/3208/2001
f 670/3422/2197 127/3131/2003 126/3268/2094
f 670/3422/2197 126/3268/2094 674/3423/2198
f 670/3422/2197 674/3423/2198 677/3424/2199
f 669/3425/2200 676/3426/2199 316/3315/2127
f 669/3425/2200 316/3315/2127 314/3314/2004
f 670/3422/2197 315/3132/2004 127/3131/2003
f 293/3427/2122 290/3428/2121 682/3429/2201
f 293/3427/2122 682/3429/2201 685/3430/2202
f 292/3308/2122 684/3431/2202 226/3293/2108
f 292/3308/2122 226/3293/2108 225/3180/2035
f 161/3432/2099 158/3332/2098 688/3433/2203
f 161/3432/2099 688/3433/2203 693/3434/2204
f 160/3279/2099 692/3435/2204 420/3347/2146
f 160/3279/2099 420/3347/2146 164/3187/2040
f 698/3237/2072 324/3236/2071 699/3436/2205
f 698/3237/2072 699/3436/2205 702/3437/2206
f 698/3237/2072 702/3437/2206 386/3328/2137
f 698/3237/2072 386/3328/2137 383/3117/1994
f 277/3305/2119 275/3304/2118 707/3438/2207
f 276/3439/2119 706/3440/2207 710/3441/2208
f 276/3439/2119 710/3441/2208 711/3244/2074
f 277/3305/2119 712/3242/2074 278/3137/2007
f 357/3322/2134 354/3321/2133 715/3442/2209
f 357/3322/2134 715/3442/2209 718/3443/2210
f 357/3322/2134 718/3443/2210 365/3249/2078
f 357/3322/2134 365/3249/2078 360/3248/1997
f 723/3444/2211 182/3285/2045 180/3284/2102
f 723/3444/2211 180/3284/2102 724/3445/2212
f 723/3444/2211 724/3445/2212 727/3446/2213
f 723/3444/2211 727/3446/2213 477/3447/2152
f 722/3448/2211 476/3353/2152 473/3195/2046
f 723/3444/2211 474/3449/2046 182/3285/2045
f 729/3450/2214 730/3185/2039 641/3184/2038
f 729/3450/2214 641/3184/2038 638/3410/2189
f 729/3450/2214 638/3410/2189 731/3451/2215
f 729/3450/2214 731/3451/2215 732/3452/2216
f 729/3450/2214 732/3452/2216 734/3232/2068
f 729/3450/2214 734/3232/2068 730/3185/2039
f 739/3453/2217 259/3454/2052 404/3337/2051
f 739/3453/2217 404/3337/2051 401/3336/2141
f 739/3453/2217 401/3336/2141 743/3455/2218
f 738/3456/2217 742/3457/2218 749/3458/2219
f 737/3459/2217 748/3460/2219 261/3461/2116
f 740/3462/2217 263/3302/2116 258/3204/2052
f 753/3463/2220 285/3223/2062 80/3222/2061
f 754/3464/2220 81/3221/2061 77/3260/2086
f 755/3465/2220 78/3466/2086 759/3467/2221
f 755/3465/2220 759/3467/2221 761/3468/2222
f 755/3465/2220 761/3468/2222 290/3428/2121
f 753/3463/2220 289/3307/2121 285/3223/2062
f 764/3469/2223 342/3227/2065 338/3319/2131
f 764/3469/2223 338/3319/2131 765/3470/2224
f 764/3469/2223 765/3470/2224 768/3471/2225
f 764/3469/2223 768/3471/2225 455/3472/2149
f 764/3469/2223 455/3472/2149 452/3473/2066
f 764/3469/2223 452/3473/2066 342/3227/2065
f 770/3474/2226 210/3169/2028 589/3168/2027
f 770/3474/2226 589/3168/2027 588/3385/2175
f 770/3474/2226 588/3385/2175 776/3475/2227
f 770/3474/2226 776/3475/2227 778/3476/2228
f 771/3477/2226 779/3478/2228 214/3479/2106
f 770/3474/2226 213/3480/2229 210/3169/2028
f 781/3481/2230 140/3233/2069 734/3232/2068
f 781/3481/2230 734/3232/2068 732/3452/2216
f 781/3481/2230 732/3452/2216 783/3482/2231
f 781/3481/2230 783/3482/2231 787/3483/2232
f 781/3481/2230 787/3483/2232 144/3273/2096
f 781/3481/2230 144/3273/2096 140/3233/2069
f 791/3484/2233 462/3253/2081 459/3351/2150
f 791/3484/2233 459/3351/2150 797/3485/2234
f 792/3486/2233 798/3487/2234 801/3488/2235
f 792/3486/2233 801/3488/2235 596/3389/2177
f 792/3486/2233 596/3389/2177 56/3388/2082
f 792/3486/2233 56/3388/2082 464/3489/2081
f 805/3490/2236 78/3466/2086 76/3491/2085
f 805/3490/2236 76/3491/2085 608/3492/2181
f 804/3493/2236 607/3396/2181 808/3494/2237
f 805/3490/2236 809/3495/2237 811/3496/2238
f 805/3490/2236 811/3496/2238 759/3467/2221
f 805/3490/2236 759/3467/2221 78/3466/2086
f 814/3497/2239 99/3498/2089 95/3382/2088
f 814/3497/2239 95/3382/2088 578/3381/2172
f 814/3497/2239 578/3381/2172 820/3499/2240
f 816/3500/2239 822/3501/2240 825/3502/2241
f 816/3500/2239 825/3502/2241 399/3503/2140
f 815/3504/2239 398/3335/2140 100/3263/2089
f 576/3380/2171 479/3354/2153 476/3353/2152
f 576/3380/2171 476/3353/2152 726/3505/2213
f 576/3380/2171 726/3505/2213 831/3506/2242
f 576/3380/2171 831/3506/2242 578/3381/2172
f 836/3507/2243 242/3210/2055 667/3209/2054
f 836/3507/2243 667/3209/2054 663/3421/2196
f 836/3507/2243 663/3421/2196 840/3508/2244
f 836/3507/2243 840/3508/2244 245/3299/2113
f 836/3507/2243 245/3299/2113 242/3210/2055
f 843/3509/2245 270/3510/2031 621/3404/2049
f 843/3509/2245 621/3404/2049 619/3403/2184
f 843/3509/2245 619/3403/2184 845/3511/2246
f 843/3509/2245 845/3511/2246 847/3512/2247
f 843/3509/2245 847/3512/2247 274/3513/2118
f 843/3509/2245 274/3513/2118 270/3510/2031
f 849/3514/2248 112/3265/2091 109/3264/2090
f 849/3514/2248 109/3264/2090 630/3407/2186
f 849/3514/2248 630/3407/2186 853/3515/2249
f 849/3514/2248 853/3515/2249 856/3516/2250
f 849/3514/2248 856/3516/2250 354/3321/2133
f 849/3514/2248 354/3321/2133 112/3265/2091
f 862/3517/2251 196/3287/2103 444/3348/2147
f 862/3517/2251 444/3348/2147 865/3518/2252
f 862/3517/2251 865/3518/2252 869/3519/2253
f 862/3517/2251 869/3519/2253 647/3412/2191
f 862/3517/2251 647/3412/2191 200/3288/2104
f 862/3517/2251 200/3288/2104 196/3287/2103
f 391/3331/2138 387/3520/2137 874/3521/2254
f 391/3331/2138 874/3521/2254 877/3522/2255
f 391/3331/2138 877/3522/2255 688/3433/2203
f 391/3331/2138 688/3433/2203 158/3332/2098
f 880/3523/2256 146/3524/2097 144/3273/2096
f 880/3523/2256 144/3273/2096 787/3483/2232
f 881/3525/2256 788/3526/2232 883/3527/2257
f 881/3525/2256 883/3527/2257 886/3528/2258
f 881/3525/2256 886/3528/2258 300/3529/2124
f 880/3523/2256 299/3530/2259 146/3524/2097
f 319/3316/2128 316/3315/2127 890/3531/2260
f 319/3316/2128 890/3531/2260 892/3532/2261
f 319/3316/2128 892/3532/2261 699/3436/2205
f 319/3316/2128 699/3436/2205 324/3236/2071
f 925/3533/2262 491/3245/2076 711/3244/2074
f 925/3533/2262 711/3244/2074 710/3441/2208
f 925/3533/2262 710/3441/2208 927/3534/2263
f 925/3533/2262 927/3534/2263 929/3535/2264
f 925/3533/2262 929/3535/2264 494/3536/2155
f 925/3533/2262 494/3536/2155 491/3245/2076
f 930/3537/2265 178/3283/2101 417/3342/2144
f 930/3537/2265 417/3342/2144 933/3538/2266
f 930/3537/2265 933/3538/2266 936/3539/2267
f 930/3537/2265 936/3539/2267 724/3445/2212
f 930/3537/2265 724/3445/2212 180/3284/2102
f 930/3537/2265 180/3284/2102 178/3283/2101
f 939/3540/2268 121/3267/2093 599/3391/2178
f 940/3541/2268 600/3390/2178 941/3542/2269
f 940/3541/2268 941/3542/2269 943/3543/2270
f 940/3541/2268 943/3543/2270 675/3544/2198
f 939/3540/2268 674/3423/2198 126/3268/2094
f 939/3540/2268 126/3268/2094 121/3267/2093
f 946/3545/2271 558/3373/2167 555/3372/2166
f 946/3545/2271 555/3372/2166 951/3546/2272
f 947/3547/2271 952/3548/2272 955/3549/2273
f 947/3547/2271 955/3549/2273 957/3550/2274
f 947/3547/2271 957/3550/2274 567/3551/2168
f 947/3547/2271 567/3551/2168 560/3552/2167
f 960/3553/2275 265/3394/2117 262/3554/2116
f 960/3553/2275 262/3554/2116 749/3458/2219
f 960/3553/2275 749/3458/2219 964/3555/2276
f 960/3553/2275 964/3555/2276 969/3556/2277
f 960/3553/2275 969/3556/2277 605/3395/2180
f 960/3553/2275 605/3395/2180 265/3394/2117
f 719/3557/2210 716/3558/2209 975/3559/2278
f 719/3557/2210 975/3559/2278 976/3560/2279
f 719/3557/2210 976/3560/2279 369/3325/2135
f 719/3557/2210 369/3325/2135 367/3324/2078
f 685/3430/2202 682/3429/2201 980/3561/2280
f 685/3430/2202 980/3561/2280 985/3562/2281
f 683/3563/2202 982/3564/2281 625/3565/2185
f 684/3431/2202 626/3566/2185 226/3293/2108
f 989/3567/2282 502/3358/2157 495/3357/2156
f 989/3567/2282 495/3357/2156 994/3568/2283
f 989/3567/2282 994/3568/2283 998/3569/2284
f 989/3567/2282 998/3569/2284 1000/3570/2285
f 989/3567/2282 1000/3570/2285 502/3358/2157
f 552/3371/2165 502/3358/2157 1000/3570/2285
f 552/3371/2165 1000/3570/2285 1004/3571/2286
f 552/3371/2165 1004/3571/2286 951/3546/2272
f 552/3371/2165 951/3546/2272 555/3372/2166
f 1008/3572/2287 305/3573/2125 300/3529/2124
f 1008/3572/2287 300/3529/2124 886/3528/2258
f 1008/3572/2287 886/3528/2258 1011/3574/2288
f 1008/3572/2287 1011/3574/2288 1015/3575/2289
f 1007/3576/2287 1014/3577/2289 511/3362/2159
f 1008/3572/2287 512/3578/2159 305/3573/2125
f 1020/3579/2290 338/3319/2131 336/3318/2130
f 1019/3580/2290 335/3377/2130 1021/3581/2291
f 1019/3580/2290 1021/3581/2291 1024/3582/2292
f 1019/3580/2290 1024/3582/2292 1026/3583/2293
f 1020/3579/2290 1027/3584/2293 765/3470/2224
f 1020/3579/2290 765/3470/2224 338/3319/2131
f 1021/3581/2291 335/3377/2130 570/3376/2169
f 1021/3581/2291 570/3376/2169 566/3375/2168
f 1021/3581/2291 566/3375/2168 1031/3585/2294
f 1021/3581/2291 1031/3585/2294 1024/3582/2292
f 761/3468/2222 759/3467/2221 1035/3586/2295
f 761/3468/2222 1035/3586/2295 1038/3587/2296
f 761/3468/2222 1038/3587/2296 682/3429/2201
f 761/3468/2222 682/3429/2201 290/3428/2121
f 1041/3588/2297 247/3300/2114 245/3299/2113
f 1041/3588/2297 245/3299/2113 840/3508/2244
f 1041/3588/2297 840/3508/2244 1044/3589/2298
f 1041/3588/2297 1044/3589/2298 1048/3590/2299
f 1041/3588/2297 1048/3590/2299 587/3384/2174
f 1041/3588/2297 587/3384/2174 247/3300/2114
f 1052/3591/2300 218/3401/2107 212/3592/2106
f 1053/3593/2300 214/3479/2106 779/3478/2228
f 1053/3593/2300 779/3478/2228 1061/3594/2301
f 1053/3593/2300 1061/3594/2301 1065/3595/2302
f 1052/3591/2300 1064/3596/2302 617/3402/2183
f 1052/3591/2300 617/3402/2183 218/3401/2107
f 1072/3597/2303 455/3472/2149 768/3471/2225
f 1072/3597/2303 768/3471/2225 1076/3598/2304
f 1070/3599/2303 1075/3600/2304 1079/3601/2305
f 1070/3599/2303 1079/3601/2305 796/3602/2234
f 1071/3603/2303 797/3485/2234 459/3351/2150
f 1071/3603/2303 459/3351/2150 454/3350/2149
f 1080/3604/2306 401/3336/2141 398/3335/2140
f 1081/3605/2306 399/3503/2140 825/3502/2241
f 1081/3605/2306 825/3502/2241 1088/3606/2307
f 1081/3605/2306 1088/3606/2307 1093/3607/2308
f 1081/3605/2306 1093/3607/2308 744/3608/2218
f 1080/3604/2306 743/3455/2218 401/3336/2141
f 1099/3609/2309 421/3610/2146 693/3434/2204
f 1099/3609/2309 693/3434/2204 1105/3611/2310
f 1098/3612/2309 1104/3613/2310 1108/3614/2311
f 1098/3612/2309 1108/3614/2311 864/3615/2252
f 1098/3612/2309 864/3615/2252 443/3616/2147
f 1097/3617/2309 444/3348/2147 420/3347/2146
f 1112/3618/2312 373/3619/2136 369/3325/2135
f 1112/3618/2312 369/3325/2135 976/3560/2279
f 1112/3618/2312 976/3560/2279 1117/3620/2313
f 1112/3618/2312 1117/3620/2313 1122/3621/2314
f 1112/3618/2312 1122/3621/2314 529/3622/2162
f 1112/3618/2312 529/3622/2162 373/3619/2136
f 702/3437/2206 699/3436/2205 1126/3623/2315
f 702/3437/2206 1126/3623/2315 1128/3624/2316
f 703/3625/2206 1129/3626/2316 874/3521/2254
f 702/3437/2206 873/3627/2254 386/3328/2137
f 994/3568/2283 495/3357/2156 493/3356/2155
f 995/3628/2283 494/3536/2155 929/3535/2264
f 995/3628/2283 929/3535/2264 1132/3629/2317
f 995/3628/2283 1132/3629/2317 1138/3630/2318
f 995/3628/2283 1138/3630/2318 999/3631/2284
f 832/3632/2242 727/3446/2213 1146/3633/2319
f 832/3632/2242 1146/3633/2319 1148/3634/2320
f 831/3506/2242 1147/3635/2320 820/3499/2240
f 831/3506/2242 820/3499/2240 578/3381/2172
f 810/3636/2238 808/3494/2237 1152/3637/2321
f 812/3638/2238 1153/3639/2321 1154/3640/2322
f 812/3638/2238 1154/3640/2322 1036/3641/2295
f 811/3496/2238 1035/3586/2295 759/3467/2221
f 1156/3642/2323 414/3341/2143 649/3415/2192
f 1156/3642/2323 649/3415/2192 1160/3643/2324
f 1156/3642/2323 1160/3643/2324 1162/3644/2325
f 1156/3642/2323 1162/3644/2325 933/3538/2266
f 1156/3642/2323 933/3538/2266 417/3342/2144
f 1156/3642/2323 417/3342/2144 414/3341/2143
f 677/3424/2199 674/3423/2198 1169/3645/2326
f 676/3426/2199 1168/3646/2326 1172/3647/2327
f 676/3426/2199 1172/3647/2327 890/3531/2260
f 676/3426/2199 890/3531/2260 316/3315/2127
f 1175/3648/2328 596/3389/2177 801/3488/2235
f 1175/3648/2328 801/3488/2235 1177/3649/2329
f 1175/3648/2328 1177/3649/2329 1180/3650/2330
f 1175/3648/2328 1180/3650/2330 941/3542/2269
f 1175/3648/2328 941/3542/2269 600/3390/2178
f 1175/3648/2328 600/3390/2178 596/3389/2177
f 957/3550/2274 955/3549/2273 1185/3651/2331
f 957/3550/2274 1185/3651/2331 1189/3652/2332
f 956/3653/2274 1188/3654/2333 1031/3585/2294
f 956/3653/2274 1031/3585/2294 566/3375/2168
f 856/3516/2250 853/3515/2249 1196/3655/2334
f 857/3656/2250 1197/3657/2334 1200/3658/2335
f 857/3656/2250 1200/3658/2335 716/3558/2209
f 856/3516/2250 715/3442/2209 354/3321/2133
f 847/3512/2247 845/3511/2246 1202/3659/2336
f 847/3512/2247 1202/3659/2336 1204/3660/2337
f 847/3512/2247 1204/3660/2337 705/3661/2207
f 847/3512/2247 705/3661/2207 274/3513/2118
f 1206/3662/2338 514/3363/2160 511/3362/2159
f 1206/3662/2338 511/3362/2159 1014/3577/2289
f 1206/3662/2338 1014/3577/2289 1208/3663/2339
f 1206/3662/2338 1208/3663/2339 1214/3664/2340
f 1206/3662/2338 1214/3664/2340 660/3419/2194
f 1206/3662/2338 660/3419/2194 514/3363/2160
f 1217/3665/2341 533/3369/2163 530/3368/2162
f 1216/3666/2341 529/3622/2162 1122/3621/2314
f 1216/3666/2341 1122/3621/2314 1220/3667/2342
f 1216/3666/2341 1220/3667/2342 1223/3668/2343
f 1217/3665/2341 1224/3669/2343 635/3409/2188
f 1217/3665/2341 635/3409/2188 533/3369/2163
f 1227/3670/2344 607/3396/2181 605/3395/2180
f 1227/3670/2344 605/3395/2180 969/3556/2277
f 1227/3670/2344 969/3556/2277 1229/3671/2345
f 1227/3670/2344 1229/3671/2345 1232/3672/2346
f 1227/3670/2344 1232/3672/2346 808/3494/2237
f 1227/3670/2344 808/3494/2237 607/3396/2181
f 1236/3673/2347 630/3407/2186 627/3406/2185
f 1236/3673/2347 627/3406/2185 984/3674/2281
f 1235/3675/2347 983/3676/2281 1238/3677/2348
f 1235/3675/2347 1238/3677/2348 1242/3678/2349
f 1236/3673/2347 1243/3679/2349 853/3515/2249
f 1236/3673/2347 853/3515/2249 630/3407/2186
f 998/3569/2284 1137/3680/2318 1248/3681/2350
f 998/3569/2284 1248/3681/2350 1251/3682/2351
f 998/3569/2284 1251/3682/2351 1004/3571/2286
f 998/3569/2284 1004/3571/2286 1000/3570/2285
f 1254/3683/2352 638/3410/2189 635/3409/2188
f 1254/3683/2352 635/3409/2188 1224/3669/2343
f 1254/3683/2352 1224/3669/2343 1259/3684/2353
f 1254/3683/2352 1259/3684/2353 1261/3685/2354
f 1254/3683/2352 1261/3685/2354 731/3451/2215
f 1254/3683/2352 731/3451/2215 638/3410/2189
f 1265/3686/2355 688/3433/2203 877/3522/2255
f 1265/3686/2355 877/3522/2255 1268/3687/2356
f 1265/3686/2355 1268/3687/2356 1271/3688/2357
f 1265/3686/2355 1271/3688/2357 1105/3611/2310
f 1265/3686/2355 1105/3611/2310 693/3434/2204
f 1265/3686/2355 693/3434/2204 688/3433/2203
f 1274/3689/2358 588/3385/2175 587/3384/2174
f 1274/3689/2358 587/3384/2174 1048/3590/2299
f 1274/3689/2358 1048/3590/2299 1278/3690/2359
f 1274/3689/2358 1278/3690/2359 1280/3691/2360
f 1274/3689/2358 1280/3691/2360 776/3475/2227
f 1274/3689/2358 776/3475/2227 588/3385/2175
f 892/3532/2261 890/3531/2260 1284/3692/2361
f 892/3532/2261 1284/3692/2361 1289/3693/2362
f 892/3532/2261 1289/3693/2362 1126/3623/2315
f 892/3532/2261 1126/3623/2315 699/3436/2205
f 943/3543/2270 941/3542/2269 1293/3694/2363
f 943/3543/2270 1293/3694/2363 1297/3695/2364
f 943/3543/2270 1297/3695/2364 1171/3696/2326
f 943/3543/2270 1171/3696/2326 675/3544/2198
f 1298/3697/2365 619/3403/2184 617/3402/2183
f 1298/3697/2365 617/3402/2183 1064/3596/2302
f 1298/3697/2365 1064/3596/2302 1303/3698/2366
f 1298/3697/2365 1303/3698/2366 1306/3699/2367
f 1298/3697/2365 1306/3699/2367 845/3511/2246
f 1298/3697/2365 845/3511/2246 619/3403/2184
f 1309/3700/2368 951/3546/2272 1004/3571/2286
f 1310/3701/2368 1005/3702/2286 1252/3703/2351
f 1310/3701/2368 1252/3703/2351 1313/3704/2369
f 1310/3701/2368 1313/3704/2369 1314/3705/2370
f 1310/3701/2368 1314/3705/2370 955/3549/2273
f 1310/3701/2368 955/3549/2273 952/3548/2272
f 936/3539/2267 933/3538/2266 1317/3706/2371
f 936/3539/2267 1317/3706/2371 1320/3707/2372
f 936/3539/2267 1320/3707/2372 1146/3633/2319
f 936/3539/2267 1146/3633/2319 724/3445/2212
f 1146/3633/2319 727/3446/2213 724/3445/2212
f 1324/3708/2373 768/3471/2225 765/3470/2224
f 1324/3708/2373 765/3470/2224 1027/3584/2293
f 1324/3708/2373 1027/3584/2293 1327/3709/2374
f 1324/3708/2373 1327/3709/2374 1331/3710/2375
f 1324/3708/2373 1331/3710/2375 1076/3598/2304
f 1324/3708/2373 1076/3598/2304 768/3471/2225
f 1038/3587/2296 1035/3586/2295 1333/3711/2376
f 1039/3712/2296 1334/3713/2376 1337/3714/2377
f 1039/3712/2296 1337/3714/2377 981/3715/2280
f 1038/3587/2296 980/3561/2280 682/3429/2201
f 1338/3716/2378 749/3458/2219 742/3457/2218
f 1338/3716/2378 742/3457/2218 1092/3717/2308
f 1339/3718/2378 1094/3719/2308 1342/3720/2379
f 1339/3718/2378 1342/3720/2379 1344/3721/2380
f 1338/3716/2378 1343/3722/2380 964/3555/2276
f 1338/3716/2378 964/3555/2276 749/3458/2219
f 1348/3723/2381 646/3724/2191 867/3725/2253
f 1349/3726/2381 868/3727/2253 1351/3728/2382
f 1347/3729/2381 1350/3730/2383 1354/3731/2384
f 1347/3729/2381 1354/3731/2384 1159/3732/2324
f 1348/3723/2381 1160/3643/2324 649/3415/2192
f 1348/3723/2381 649/3415/2192 646/3724/2191
f 1358/3733/2385 664/3420/2195 660/3419/2194
f 1358/3733/2385 660/3419/2194 1214/3664/2340
f 1358/3733/2385 1214/3664/2340 1360/3734/2386
f 1358/3733/2385 1360/3734/2386 1361/3735/2387
f 1358/3733/2385 1361/3735/2387 1365/3736/2388
f 1358/3733/2385 1365/3736/2388 664/3420/2195
f 1365/3736/2388 1361/3735/2387 1368/3737/2389
f 1365/3736/2388 1368/3737/2389 841/3738/2244
f 1365/3736/2388 841/3738/2244 664/3420/2195
f 1370/3739/2390 732/3452/2216 731/3451/2215
f 1370/3739/2390 731/3451/2215 1261/3685/2354
f 1371/3740/2390 1262/3741/2354 1374/3742/2391
f 1371/3740/2390 1374/3742/2391 1377/3743/2392
f 1371/3740/2390 1377/3743/2392 784/3744/2231
f 1370/3739/2390 783/3482/2231 732/3452/2216
f 1384/3745/2393 796/3602/2234 1079/3601/2305
f 1384/3745/2393 1079/3601/2305 1387/3746/2394
f 1384/3745/2393 1387/3746/2394 1388/3747/2395
f 1385/3748/2393 1389/3749/2395 1177/3649/2329
f 1385/3748/2393 1177/3649/2329 801/3488/2235
f 1385/3748/2393 801/3488/2235 798/3487/2234
f 1392/3750/2396 710/3441/2208 706/3440/2207
f 1391/3751/2397 705/3661/2207 1204/3660/2337
f 1391/3751/2397 1204/3660/2337 1394/3752/2398
f 1391/3751/2397 1394/3752/2398 1396/3753/2399
f 1392/3750/2396 1397/3754/2400 927/3534/2263
f 1392/3750/2396 927/3534/2263 710/3441/2208
f 1403/3755/2401 825/3502/2241 822/3501/2240
f 1402/3756/2401 821/3757/2240 1148/3634/2320
f 1402/3756/2401 1148/3634/2320 1404/3758/2402
f 1403/3755/2401 1405/3759/2402 1407/3760/2403
f 1403/3755/2401 1407/3760/2403 1088/3606/2307
f 1403/3755/2401 1088/3606/2307 825/3502/2241
f 1410/3761/2404 1031/3585/2294 1188/3654/2333
f 1410/3761/2404 1188/3654/2333 1414/3762/2405
f 1410/3761/2404 1414/3762/2405 1417/3763/2406
f 1410/3761/2404 1417/3763/2406 1024/3582/2292
f 1410/3761/2404 1024/3582/2292 1031/3585/2294
f 1154/3640/2322 1153/3639/2321 1420/3764/2407
f 1154/3640/2322 1420/3764/2407 1422/3765/2408
f 1154/3640/2322 1422/3765/2408 1334/3713/2376
f 1154/3640/2322 1334/3713/2376 1036/3641/2295
f 1200/3658/2335 1197/3657/2334 1427/3766/2409
f 1200/3658/2335 1427/3766/2409 1429/3767/2410
f 1200/3658/2335 1429/3767/2410 975/3559/2278
f 1200/3658/2335 975/3559/2278 716/3558/2209
f 1430/3768/2411 788/3526/2232 784/3744/2231
f 1430/3768/2411 784/3744/2231 1377/3743/2392
f 1430/3768/2411 1377/3743/2392 1431/3769/2412
f 1430/3768/2411 1431/3769/2412 1433/3770/2413
f 1430/3768/2411 1433/3770/2413 883/3527/2257
f 1430/3768/2411 883/3527/2257 788/3526/2232
f 1173/3771/2327 1170/3772/2326 1438/3773/2414
f 1173/3771/2327 1438/3773/2414 1441/3774/2415
f 1173/3771/2327 1441/3774/2415 1285/3775/2361
f 1172/3647/2327 1284/3692/2361 890/3531/2260
f 1444/3776/2416 874/3521/2254 1129/3626/2316
f 1444/3776/2416 1129/3626/2316 1449/3777/2417
f 1444/3776/2416 1449/3777/2417 1452/3778/2418
f 1444/3776/2416 1452/3778/2418 1268/3687/2356
f 1444/3776/2416 1268/3687/2356 877/3522/2255
f 1444/3776/2416 877/3522/2255 874/3521/2254
f 1180/3650/2330 1177/3649/2329 1456/3779/2419
f 1180/3650/2330 1456/3779/2419 1459/3780/2420
f 1180/3650/2330 1459/3780/2420 1293/3694/2363
f 1180/3650/2330 1293/3694/2363 941/3542/2269
f 1232/3672/2346 1229/3671/2345 1460/3781/2421
f 1232/3672/2346 1460/3781/2421 1462/3782/2422
f 1232/3672/2346 1462/3782/2422 1152/3637/2321
f 1232/3672/2346 1152/3637/2321 808/3494/2237
f 1368/3737/2389 1361/3735/2387 1466/3783/2423
f 1368/3737/2389 1466/3783/2423 1469/3784/2424
f 1368/3737/2389 1469/3784/2424 1045/3785/2298
f 1368/3737/2389 1045/3785/2298 841/3738/2244
f 1473/3786/2425 779/3478/2228 777/3787/2227
f 1472/3788/2425 776/3475/2227 1280/3691/2360
f 1473/3786/2425 1281/3789/2360 1480/3790/2426
f 1473/3786/2425 1480/3790/2426 1487/3791/2427
f 1473/3786/2425 1487/3791/2427 1061/3594/2301
f 1473/3786/2425 1061/3594/2301 779/3478/2228
f 1490/3792/2428 864/3615/2252 1108/3614/2311
f 1490/3792/2428 1108/3614/2311 1493/3793/2429
f 1490/3792/2428 1493/3793/2429 1496/3794/2430
f 1490/3792/2428 1496/3794/2430 1351/3728/2382
f 1490/3792/2428 1351/3728/2382 868/3727/2253
f 1490/3792/2428 868/3727/2253 864/3615/2252
f 1499/3795/2431 886/3528/2258 883/3527/2257
f 1499/3795/2431 883/3527/2257 1433/3770/2413
f 1499/3795/2431 1433/3770/2413 1503/3796/2432
f 1499/3795/2431 1503/3796/2432 1505/3797/2433
f 1499/3795/2431 1505/3797/2433 1011/3574/2288
f 1499/3795/2431 1011/3574/2288 886/3528/2258
f 1242/3678/2349 1238/3677/2348 1508/3798/2434
f 1242/3678/2349 1508/3798/2434 1511/3799/2435
f 1244/3800/2349 1512/3801/2435 1197/3657/2334
f 1243/3679/2349 1196/3655/2334 853/3515/2249
f 1314/3705/2370 1313/3704/2369 1514/3802/2436
f 1314/3705/2370 1514/3802/2436 1517/3803/2437
f 1314/3705/2370 1517/3803/2437 1185/3651/2331
f 1314/3705/2370 1185/3651/2331 955/3549/2273
f 1162/3644/2325 1160/3643/2324 1521/3804/2438
f 1161/3805/2325 1520/3806/2439 1523/3807/2440
f 1162/3644/2325 1524/3808/2440 1317/3706/2371
f 1162/3644/2325 1317/3706/2371 933/3538/2266
f 1526/3809/2441 929/3535/2264 927/3534/2263
f 1526/3809/2441 927/3534/2263 1397/3754/2400
f 1526/3809/2441 1397/3754/2400 1529/3810/2442
f 1526/3809/2441 1529/3810/2442 1532/3811/2443
f 1526/3809/2441 1532/3811/2443 1132/3629/2317
f 1526/3809/2441 1132/3629/2317 929/3535/2264
f 1533/3812/2444 969/3556/2277 964/3555/2276
f 1533/3812/2444 964/3555/2276 1343/3722/2380
f 1533/3812/2444 1343/3722/2380 1536/3813/2445
f 1533/3812/2444 1536/3813/2445 1540/3814/2446
f 1533/3812/2444 1540/3814/2446 1229/3671/2345
f 1533/3812/2444 1229/3671/2345 969/3556/2277
f 1542/3815/2447 983/3676/2281 979/3816/2280
f 1543/3817/2447 981/3715/2280 1337/3714/2377
f 1542/3815/2447 1336/3818/2377 1546/3819/2448
f 1542/3815/2447 1546/3819/2448 1550/3820/2449
f 1542/3815/2447 1550/3820/2449 1238/3677/2348
f 1542/3815/2447 1238/3677/2348 983/3676/2281
f 1552/3821/2450 1126/3623/2315 1289/3693/2362
f 1552/3821/2450 1289/3693/2362 1554/3822/2451
f 1553/3823/2450 1555/3824/2451 1558/3825/2452
f 1552/3821/2450 1557/3826/2453 1446/3827/2417
f 1552/3821/2450 1446/3827/2417 1128/3624/2316
f 1552/3821/2450 1128/3624/2316 1126/3623/2315
f 1297/3695/2364 1293/3694/2363 1564/3828/2454
f 1297/3695/2364 1564/3828/2454 1567/3829/2455
f 1297/3695/2364 1567/3829/2455 1439/3830/2414
f 1297/3695/2364 1439/3830/2414 1171/3696/2326
f 1306/3699/2367 1303/3698/2366 1575/3831/2456
f 1306/3699/2367 1575/3831/2456 1577/3832/2457
f 1306/3699/2367 1577/3832/2457 1202/3659/2336
f 1306/3699/2367 1202/3659/2336 845/3511/2246
f 1582/3833/2458 1075/3600/2304 1330/3834/2375
f 1582/3833/2458 1330/3834/2375 1585/3835/2459
f 1582/3833/2458 1585/3835/2459 1586/3836/2460
f 1582/3833/2458 1586/3836/2460 1387/3746/2394
f 1582/3833/2458 1387/3746/2394 1079/3601/2305
f 1582/3833/2458 1079/3601/2305 1075/3600/2304
f 1590/3837/2461 1026/3583/2293 1024/3582/2292
f 1590/3837/2461 1024/3582/2292 1417/3763/2406
f 1590/3837/2461 1417/3763/2406 1594/3838/2462
f 1590/3837/2461 1594/3838/2462 1599/3839/2463
f 1590/3837/2461 1599/3839/2463 1326/3840/2374
f 1590/3837/2461 1326/3840/2374 1026/3583/2293
f 1603/3841/2464 976/3560/2279 975/3559/2278
f 1603/3841/2464 975/3559/2278 1429/3767/2410
f 1603/3841/2464 1429/3767/2410 1606/3842/2465
f 1603/3841/2464 1606/3842/2465 1609/3843/2466
f 1603/3841/2464 1609/3843/2466 1117/3620/2313
f 1603/3841/2464 1117/3620/2313 976/3560/2279
f 1613/3844/2467 1015/3575/2289 1011/3574/2288
f 1613/3844/2467 1011/3574/2288 1505/3797/2433
f 1613/3844/2467 1505/3797/2433 1618/3845/2468
f 1612/3846/2467 1617/3847/2468 1620/3848/2469
f 1612/3846/2467 1620/3848/2469 1208/3663/2339
f 1612/3846/2467 1208/3663/2339 1014/3577/2289
f 1320/3707/2372 1317/3706/2371 1626/3849/2470
f 1320/3707/2372 1626/3849/2470 1404/3758/2402
f 1320/3707/2372 1404/3758/2402 1148/3634/2320
f 1320/3707/2372 1148/3634/2320 1146/3633/2319
f 1630/3850/2471 1093/3607/2308 1088/3606/2307
f 1630/3850/2471 1088/3606/2307 1407/3760/2403
f 1630/3850/2471 1407/3760/2403 1634/3851/2472
f 1630/3850/2471 1634/3851/2472 1637/3852/2473
f 1631/3853/2474 1638/3854/2473 1342/3720/2379
f 1631/3853/2474 1342/3720/2379 1094/3719/2308
f 1388/3747/2395 1387/3746/2394 1640/3855/2475
f 1388/3747/2395 1640/3855/2475 1641/3856/2476
f 1388/3747/2395 1641/3856/2476 1455/3857/2419
f 1389/3749/2395 1456/3779/2419 1177/3649/2329
f 1642/3858/2477 1048/3590/2299 1044/3589/2298
f 1643/3859/2477 1045/3785/2298 1469/3784/2424
f 1643/3859/2477 1469/3784/2424 1646/3860/2478
f 1643/3859/2477 1646/3860/2478 1649/3861/2479
f 1643/3859/2477 1649/3861/2479 1279/3862/2359
f 1642/3858/2477 1278/3690/2359 1048/3590/2299
f 1653/3863/2480 1334/3713/2376 1422/3765/2408
f 1653/3863/2480 1422/3765/2408 1656/3864/2481
f 1653/3863/2480 1656/3864/2481 1661/3865/2482
f 1653/3863/2480 1661/3865/2482 1547/3866/2448
f 1653/3863/2480 1547/3866/2448 1337/3714/2377
f 1653/3863/2480 1337/3714/2377 1334/3713/2376
f 1662/3867/2483 1103/3868/2310 1269/3869/2357
f 1662/3867/2483 1269/3869/2357 1665/3870/2484
f 1664/3871/2483 1666/3872/2484 1668/3873/2485
f 1663/3874/2483 1667/3875/2485 1493/3793/2429
f 1663/3874/2483 1493/3793/2429 1108/3614/2311
f 1663/3874/2483 1108/3614/2311 1104/3613/2310
f 1671/3876/2486 1065/3595/2302 1061/3594/2301
f 1671/3876/2486 1061/3594/2301 1487/3791/2427
f 1671/3876/2486 1487/3791/2427 1675/3877/2487
f 1671/3876/2486 1675/3877/2487 1678/3878/2488
f 1671/3876/2486 1678/3878/2488 1304/3879/2366
f 1671/3876/2486 1304/3879/2366 1065/3595/2302
f 1682/3880/2489 1138/3630/2318 1132/3629/2317
f 1682/3880/2489 1132/3629/2317 1532/3811/2443
f 1682/3880/2489 1532/3811/2443 1689/3881/2490
f 1681/3882/2489 1688/3883/2490 1693/3884/2491
f 1681/3882/2489 1693/3884/2491 1696/3885/2492
f 1681/3882/2489 1696/3885/2492 1136/3886/2318
f 1247/3887/2350 1136/3886/2318 1696/3885/2492
f 1250/3888/2350 1697/3889/2492 1700/3890/2493
f 1250/3888/2350 1700/3890/2493 1703/3891/2494
f 1249/3892/2350 1702/3893/2494 1252/3703/2351
f 1704/3894/2495 1189/3652/2332 1185/3651/2331
f 1704/3894/2495 1185/3651/2331 1517/3803/2437
f 1704/3894/2495 1517/3803/2437 1708/3895/2496
f 1704/3894/2495 1708/3895/2496 1711/3896/2497
f 1704/3894/2495 1711/3896/2497 1415/3897/2405
f 1704/3894/2495 1415/3897/2405 1189/3652/2332
f 1712/3898/2498 1214/3664/2340 1208/3663/2339
f 1712/3898/2498 1208/3663/2339 1620/3848/2469
f 1712/3898/2498 1620/3848/2469 1718/3899/2499
f 1712/3898/2498 1718/3899/2499 1722/3900/2500
f 1712/3898/2498 1722/3900/2500 1360/3734/2386
f 1712/3898/2498 1360/3734/2386 1214/3664/2340
f 1723/3901/2501 1285/3775/2361 1441/3774/2415
f 1723/3901/2501 1441/3774/2415 1726/3902/2502
f 1723/3901/2501 1726/3902/2502 1729/3903/2503
f 1723/3901/2501 1729/3903/2503 1555/3824/2451
f 1723/3901/2501 1555/3824/2451 1290/3904/2362
f 1723/3901/2501 1290/3904/2362 1285/3775/2361
f 1735/3905/2504 1122/3621/2314 1117/3620/2313
f 1735/3905/2504 1117/3620/2313 1609/3843/2466
f 1735/3905/2504 1609/3843/2466 1738/3906/2505
f 1734/3907/2504 1737/3908/2505 1740/3909/2506
f 1735/3905/2504 1741/3910/2506 1220/3667/2342
f 1735/3905/2504 1220/3667/2342 1122/3621/2314
f 1354/3731/2384 1350/3730/2383 1747/3911/2507
f 1354/3731/2384 1747/3911/2507 1750/3912/2508
f 1354/3731/2384 1750/3912/2508 1520/3806/2439
f 1354/3731/2384 1520/3806/2439 1159/3732/2324
f 1459/3780/2420 1456/3779/2419 1753/3913/2509
f 1459/3780/2420 1753/3913/2509 1755/3914/2510
f 1459/3780/2420 1755/3914/2510 1564/3828/2454
f 1459/3780/2420 1564/3828/2454 1293/3694/2363
f 1703/3891/2494 1700/3890/2493 1759/3915/2511
f 1703/3891/2494 1759/3915/2511 1763/3916/2512
f 1702/3893/2494 1762/3917/2512 1313/3704/2369
f 1702/3893/2494 1313/3704/2369 1252/3703/2351
f 1462/3782/2422 1460/3781/2421 1765/3918/2513
f 1462/3782/2422 1765/3918/2513 1767/3919/2514
f 1462/3782/2422 1767/3919/2514 1419/3920/2407
f 1462/3782/2422 1419/3920/2407 1152/3637/2321
f 1768/3921/2515 1204/3660/2337 1202/3659/2336
f 1768/3921/2515 1202/3659/2336 1577/3832/2457
f 1768/3921/2515 1577/3832/2457 1773/3922/2516
f 1768/3921/2515 1773/3922/2516 1775/3923/2517
f 1768/3921/2515 1775/3923/2517 1394/3752/2398
f 1768/3921/2515 1394/3752/2398 1204/3660/2337
f 1511/3799/2435 1508/3798/2434 1778/3924/2518
f 1511/3799/2435 1778/3924/2518 1781/3925/2519
f 1511/3799/2435 1781/3925/2519 1426/3926/2409
f 1512/3801/2435 1427/3766/2409 1197/3657/2334
f 1784/3927/2520 1223/3668/2343 1220/3667/2342
f 1783/3928/2520 1219/3929/2342 1740/3909/2506
f 1783/3928/2520 1740/3909/2506 1786/3930/2521
f 1783/3928/2520 1786/3930/2521 1787/3931/2522
f 1783/3928/2520 1787/3931/2522 1258/3932/2523
f 1783/3928/2520 1258/3932/2523 1222/3933/2343
f 1790/3934/2524 1268/3687/2356 1452/3778/2418
f 1789/3935/2524 1451/3936/2418 1791/3937/2525
f 1789/3935/2524 1791/3937/2525 1796/3938/2526
f 1789/3935/2524 1796/3938/2526 1666/3872/2484
f 1789/3935/2524 1666/3872/2484 1270/3939/2357
f 1790/3934/2524 1271/3688/2357 1268/3687/2356
f 1801/3940/2527 1331/3710/2375 1327/3709/2374
f 1800/3941/2527 1326/3840/2374 1599/3839/2463
f 1799/3942/2527 1600/3943/2463 1802/3944/2528
f 1799/3942/2527 1802/3944/2528 1804/3945/2529
f 1799/3942/2527 1804/3945/2529 1584/3946/2459
f 1799/3942/2527 1584/3946/2459 1329/3947/2375
f 1539/3948/2446 1535/3949/2445 1809/3950/2530
f 1539/3948/2446 1809/3950/2530 1812/3951/2531
f 1540/3814/2446 1813/3952/2531 1460/3781/2421
f 1540/3814/2446 1460/3781/2421 1229/3671/2345
f 1626/3849/2470 1317/3706/2371 1524/3808/2440
f 1625/3953/2470 1523/3807/2440 1818/3954/2532
f 1625/3953/2470 1818/3954/2532 1819/3955/2533
f 1625/3953/2470 1819/3955/2533 1822/3956/2534
f 1627/3957/2470 1823/3958/2534 1405/3759/2402
f 1828/3959/2535 1440/3960/2414 1568/3961/2455
f 1828/3959/2535 1568/3961/2455 1830/3962/2536
f 1828/3959/2535 1830/3962/2536 1832/3963/2537
f 1828/3959/2535 1832/3963/2537 1727/3964/2502
f 1827/3965/2535 1726/3902/2502 1441/3774/2415
f 1828/3959/2535 1442/3966/2415 1440/3960/2414
f 1550/3820/2449 1546/3819/2448 1836/3967/2538
f 1550/3820/2449 1836/3967/2538 1839/3968/2539
f 1550/3820/2449 1839/3968/2539 1508/3798/2434
f 1550/3820/2449 1508/3798/2434 1238/3677/2348
f 1843/3969/2540 1361/3735/2387 1360/3734/2386
f 1843/3969/2540 1360/3734/2386 1722/3900/2500
f 1842/3970/2540 1721/3971/2500 1845/3972/2541
f 1842/3970/2540 1845/3972/2541 1847/3973/2542
f 1843/3969/2540 1848/3974/2542 1466/3783/2423
f 1843/3969/2540 1466/3783/2423 1361/3735/2387
f 1850/3975/2543 1280/3691/2360 1278/3690/2359
f 1852/3976/2543 1279/3862/2359 1649/3861/2479
f 1851/3977/2543 1648/3978/2479 1855/3979/2544
f 1851/3977/2543 1855/3979/2544 1858/3980/2545
f 1853/3981/2543 1859/3982/2545 1480/3790/2426
f 1850/3975/2543 1479/3983/2426 1280/3691/2360
f 1586/3836/2460 1585/3835/2459 1862/3984/2546
f 1586/3836/2460 1862/3984/2546 1865/3985/2547
f 1586/3836/2460 1865/3985/2547 1640/3855/2475
f 1586/3836/2460 1640/3855/2475 1387/3746/2394
f 1870/3986/2548 1417/3763/2406 1414/3762/2405
f 1870/3986/2548 1414/3762/2405 1710/3987/2497
f 1871/3988/2549 1711/3896/2497 1876/3989/2550
f 1870/3986/2548 1875/3990/2550 1878/3991/2551
f 1870/3986/2548 1878/3991/2551 1594/3838/2462
f 1870/3986/2548 1594/3838/2462 1417/3763/2406
f 1884/3992/2552 1344/3721/2380 1342/3720/2379
f 1884/3992/2552 1342/3720/2379 1638/3854/2473
f 1884/3992/2552 1638/3854/2473 1887/3993/2553
f 1884/3992/2552 1887/3993/2553 1890/3994/2554
f 1884/3992/2552 1890/3994/2554 1537/3995/2445
f 1884/3992/2552 1537/3995/2445 1344/3721/2380
f 1822/3956/2534 1819/3955/2533 1893/3996/2555
f 1823/3958/2534 1894/3997/2555 1634/3851/2472
f 1823/3958/2534 1634/3851/2472 1407/3760/2403
f 1823/3958/2534 1407/3760/2403 1405/3759/2402
f 1898/3998/2556 1260/3999/2354 1257/4000/2353
f 1899/4001/2556 1258/3932/2523 1787/3931/2522
f 1899/4001/2556 1787/3931/2522 1901/4002/2557
f 1899/4001/2556 1901/4002/2557 1904/4003/2558
f 1898/3998/2556 1903/4004/2558 1373/4005/2391
f 1898/3998/2556 1373/4005/2391 1260/3999/2354
f 1694/4006/2491 1690/4007/2490 1909/4008/2559
f 1694/4006/2491 1909/4008/2559 1910/4009/2560
f 1694/4006/2491 1910/4009/2560 1700/3890/2493
f 1694/4006/2491 1700/3890/2493 1697/3889/2492
f 1497/4010/2430 1494/4011/2561 1913/4012/2562
f 1497/4010/2430 1913/4012/2562 1917/4013/2563
f 1497/4010/2430 1917/4013/2563 1749/4014/2507
f 1496/3794/2430 1748/4015/2507 1351/3728/2382
f 1921/4016/2564 1448/4017/2417 1558/3825/2452
f 1921/4016/2564 1558/3825/2452 1923/4018/2565
f 1922/4019/2564 1924/4020/2565 1926/4021/2566
f 1922/4019/2564 1926/4021/2566 1792/4022/2525
f 1920/4023/2564 1791/3937/2525 1451/3936/2418
f 1920/4023/2564 1451/3936/2418 1447/4024/2417
f 1641/3856/2476 1640/3855/2475 1929/4025/2567
f 1641/3856/2476 1929/4025/2567 1931/4026/2568
f 1641/3856/2476 1931/4026/2568 1752/4027/2509
f 1641/3856/2476 1752/4027/2509 1455/3857/2419
f 1932/4028/2569 1396/3753/2399 1394/3752/2398
f 1932/4028/2569 1394/3752/2398 1775/3923/2517
f 1932/4028/2569 1775/3923/2517 1935/4029/2570
f 1932/4028/2569 1935/4029/2570 1938/4030/2571
f 1932/4028/2569 1938/4030/2571 1528/4031/2442
f 1932/4028/2569 1528/4031/2442 1396/3753/2399
f 1942/4032/2572 1378/4033/2392 1375/4034/2391
f 1941/4035/2572 1373/4005/2391 1903/4004/2558
f 1941/4035/2572 1903/4004/2558 1944/4036/2573
f 1942/4032/2572 1946/4037/2573 1949/4038/2574
f 1942/4032/2572 1949/4038/2574 1432/4039/2575
f 1942/4032/2572 1432/4039/2575 1378/4033/2392
f 1678/3878/2488 1675/3877/2487 1952/4040/2576
f 1678/3878/2488 1952/4040/2576 1953/4041/2577
f 1678/3878/2488 1953/4041/2577 1576/4042/2456
f 1678/3878/2488 1576/4042/2456 1304/3879/2366
f 1514/3802/2436 1313/3704/2369 1762/3917/2512
f 1514/3802/2436 1762/3917/2512 1955/4043/2578
f 1514/3802/2436 1955/4043/2578 1957/4044/2579
f 1514/3802/2436 1957/4044/2579 1517/3803/2437
f 1963/4045/2580 1434/4046/2413 1432/4039/2575
f 1963/4045/2580 1432/4039/2575 1949/4038/2574
f 1963/4045/2580 1949/4038/2574 1966/4047/2581
f 1963/4045/2580 1966/4047/2581 1969/4048/2582
f 1961/4049/2580 1968/4050/2583 1502/4051/2432
f 1962/4052/2584 1503/3796/2432 1433/3770/2413
f 1971/4053/2585 1564/3828/2454 1755/3914/2510
f 1971/4053/2585 1755/3914/2510 1974/4054/2586
f 1971/4053/2585 1974/4054/2586 1978/4055/2587
f 1971/4053/2585 1978/4055/2587 1831/4056/2536
f 1971/4053/2585 1831/4056/2536 1567/3829/2455
f 1971/4053/2585 1567/3829/2455 1564/3828/2454
f 1983/4057/2588 1422/3765/2408 1420/3764/2407
f 1982/4058/2588 1419/3920/2407 1767/3919/2514
f 1982/4058/2588 1767/3919/2514 1988/4059/2589
f 1982/4058/2588 1988/4059/2589 1991/4060/2590
f 1983/4057/2588 1992/4061/2590 1656/3864/2481
f 1983/4057/2588 1656/3864/2481 1422/3765/2408
f 1995/4062/2591 1429/3767/2410 1427/3766/2409
f 1995/4062/2591 1427/3766/2409 1782/4063/2519
f 1994/4064/2591 1781/3925/2519 2002/4065/2592
f 1994/4064/2591 2002/4065/2592 2004/4066/2593
f 1995/4062/2591 2005/4067/2593 1606/3842/2465
f 1995/4062/2591 1606/3842/2465 1429/3767/2410
f 2012/4068/2594 1469/3784/2424 1466/3783/2423
f 2011/4069/2594 1465/4070/2423 1847/3973/2542
f 2011/4069/2594 1847/3973/2542 2016/4071/2595
f 2011/4069/2594 2016/4071/2595 2019/4072/2596
f 2011/4069/2594 2019/4072/2596 1645/4073/2478
f 2011/4069/2594 1645/4073/2478 1468/4074/2424
f 1668/3873/2485 1666/3872/2484 2021/4075/2597
f 1668/3873/2485 2021/4075/2597 2022/4076/2598
f 1668/3873/2485 2022/4076/2598 1913/4012/2562
f 1668/3873/2485 1913/4012/2562 1494/4011/2561
f 2025/4077/2599 1505/3797/2433 1503/3796/2432
f 2024/4078/2599 1502/4051/2432 1968/4050/2583
f 2024/4078/2599 1968/4050/2583 2026/4079/2600
f 2024/4078/2599 2026/4079/2600 2032/4080/2601
f 2024/4078/2599 2032/4080/2601 1615/4081/2602
f 2025/4077/2599 1618/3845/2468 1505/3797/2433
f 2037/4082/2603 1555/3824/2451 1729/3903/2503
f 2037/4082/2603 1729/3903/2503 2041/4083/2604
f 2037/4082/2603 2041/4083/2604 2045/4084/2605
f 2037/4082/2603 2045/4084/2605 1923/4018/2565
f 2037/4082/2603 1923/4018/2565 1558/3825/2452
f 2037/4082/2603 1558/3825/2452 1555/3824/2451
f 1804/3945/2529 1802/3944/2528 2049/4085/2606
f 1804/3945/2529 2049/4085/2606 2052/4086/2607
f 1804/3945/2529 2052/4086/2607 1861/4087/2546
f 1804/3945/2529 1861/4087/2546 1584/3946/2459
f 2054/4088/2608 1599/3839/2463 1594/3838/2462
f 2054/4088/2608 1594/3838/2462 1878/3991/2551
f 2055/4089/2608 1879/4090/2551 2059/4091/2609
f 2055/4089/2608 2059/4091/2609 2061/4092/2610
f 2055/4089/2608 2061/4092/2610 1803/4093/2528
f 2055/4089/2608 1803/4093/2528 1601/4094/2463
f 1957/4044/2579 1955/4043/2578 2064/4095/2611
f 1957/4044/2579 2064/4095/2611 2068/4096/2612
f 1957/4044/2579 2068/4096/2612 1708/3895/2496
f 1957/4044/2579 1708/3895/2496 1517/3803/2437
f 2071/4097/2613 1520/3806/2439 1750/3912/2508
f 2071/4097/2613 1750/3912/2508 2074/4098/2614
f 2071/4097/2613 2074/4098/2614 2077/4099/2615
f 2071/4097/2613 2077/4099/2615 1818/3954/2532
f 2071/4097/2613 1818/3954/2532 1523/3807/2440
f 2071/4097/2613 1523/3807/2440 1520/3806/2439
f 2082/4100/2616 1532/3811/2443 1529/3810/2442
f 2081/4101/2617 1528/4031/2442 1938/4030/2571
f 2080/4102/2616 1939/4103/2571 2085/4104/2618
f 2080/4102/2616 2085/4104/2618 2087/4105/2619
f 2083/4106/2616 2088/4107/2619 1690/4007/2490
f 2082/4100/2616 1689/3881/2490 1532/3811/2443
f 2090/4108/2620 1487/3791/2427 1480/3790/2426
f 2090/4108/2620 1480/3790/2426 1859/3982/2545
f 2090/4108/2620 1859/3982/2545 2093/4109/2621
f 2090/4108/2620 2093/4109/2621 2098/4110/2622
f 2090/4108/2620 2098/4110/2622 1675/3877/2487
f 2090/4108/2620 1675/3877/2487 1487/3791/2427
f 1865/3985/2547 1862/3984/2546 2101/4111/2623
f 1865/3985/2547 2101/4111/2623 2104/4112/2624
f 1865/3985/2547 2104/4112/2624 1929/4025/2567
f 1865/3985/2547 1929/4025/2567 1640/3855/2475
f 1812/3951/2531 1809/3950/2530 2106/4113/2625
f 1812/3951/2531 2106/4113/2625 2109/4114/2626
f 1813/3952/2531 2111/4115/2626 1765/3918/2513
f 1813/3952/2531 1765/3918/2513 1460/3781/2421
f 2113/4116/2627 1619/4117/2469 1616/4118/2468
f 2113/4116/2627 1616/4118/2468 2033/4119/2601
f 2113/4116/2627 2033/4119/2601 2114/4120/2628
f 2113/4116/2627 2114/4120/2628 2116/4121/2629
f 2113/4116/2627 2116/4121/2629 1717/4122/2499
f 2113/4116/2627 1717/4122/2499 1619/4117/2469
f 2119/4123/2630 1577/3832/2457 1575/3831/2456
f 2120/4124/2630 1576/4042/2456 1953/4041/2577
f 2120/4124/2630 1953/4041/2577 2124/4125/2631
f 2120/4124/2630 2124/4125/2631 2130/4126/2632
f 2119/4123/2630 2128/4127/2632 1773/3922/2516
f 2119/4123/2630 1773/3922/2516 1577/3832/2457
f 2131/4128/2633 1700/3890/2493 1910/4009/2560
f 2131/4128/2633 1910/4009/2560 2133/4129/2634
f 2131/4128/2633 2133/4129/2634 2134/4130/2635
f 2131/4128/2633 2134/4130/2635 2139/4131/2636
f 2131/4128/2633 2139/4131/2636 1759/3915/2511
f 2131/4128/2633 1759/3915/2511 1700/3890/2493
f 1796/3938/2526 1791/3937/2525 2144/4132/2637
f 1796/3938/2526 2144/4132/2637 2146/4133/2638
f 1796/3938/2526 2146/4133/2638 2021/4075/2597
f 1796/3938/2526 2021/4075/2597 1666/3872/2484
f 1839/3968/2539 1836/3967/2538 2151/4134/2639
f 1839/3968/2539 2151/4134/2639 2155/4135/2640
f 1839/3968/2539 2155/4135/2640 1778/3924/2518
f 1839/3968/2539 1778/3924/2518 1508/3798/2434
f 1889/4136/2554 1885/4137/2553 2158/4138/2641
f 1889/4136/2554 2158/4138/2641 2161/4139/2642
f 1890/3994/2554 2162/4140/2642 1811/4141/2530
f 1890/3994/2554 1811/4141/2530 1537/3995/2445
f 2165/4142/2643 1727/3964/2502 1832/3963/2537
f 2165/4142/2643 1832/3963/2537 2166/4143/2644
f 2165/4142/2643 2166/4143/2644 2170/4144/2645
f 2165/4142/2643 2170/4144/2645 2042/4145/2604
f 2165/4142/2643 2042/4145/2604 1730/4146/2503
f 2164/4147/2643 1729/3903/2503 1726/3902/2502
f 2173/4148/2646 1752/4027/2509 1931/4026/2568
f 2173/4148/2646 1931/4026/2568 2176/4149/2647
f 2173/4148/2646 2176/4149/2647 2177/4150/2648
f 2173/4148/2646 2177/4150/2648 1973/4151/2586
f 2173/4148/2646 1973/4151/2586 1754/4152/2510
f 2173/4148/2646 1754/4152/2510 1752/4027/2509
f 2182/4153/2649 1711/3896/2497 1708/3895/2496
f 2182/4153/2649 1708/3895/2496 2068/4096/2612
f 2182/4153/2649 2068/4096/2612 2184/4154/2650
f 2182/4153/2649 2184/4154/2650 2186/4155/2651
f 2182/4153/2649 2186/4155/2651 1876/3989/2550
f 2182/4153/2649 1876/3989/2550 1711/3896/2497
f 2190/4156/2652 1633/4157/2472 1893/3996/2555
f 2190/4156/2652 1893/3996/2555 2194/4158/2653
f 2190/4156/2652 2194/4158/2653 2201/4159/2654
f 2189/4160/2655 2199/4161/2654 1885/4137/2553
f 2191/4162/2656 1886/4163/2553 1637/3852/2473
f 2191/4162/2656 1637/3852/2473 1634/3851/2472
f 2205/4164/2657 1746/4165/2507 1916/4166/2563
f 2205/4164/2657 1916/4166/2563 2209/4167/2658
f 2205/4164/2657 2209/4167/2658 2213/4168/2659
f 2205/4164/2657 2213/4168/2659 2073/4169/2614
f 2206/4170/2657 2074/4098/2614 1750/3912/2508
f 2206/4170/2657 1750/3912/2508 1747/3911/2507
f 2218/4171/2660 1609/3843/2466 1606/3842/2465
f 2217/4172/2660 1605/4173/2465 2003/4174/2593
f 2217/4172/2660 2003/4174/2593 2222/4175/2661
f 2217/4172/2660 2222/4175/2661 2223/4176/2662
f 2217/4172/2660 2223/4176/2662 1737/3908/2505
f 2217/4172/2660 1737/3908/2505 1608/4177/2466
f 2226/4178/2663 1720/4179/2500 1717/4122/2499
f 2226/4178/2663 1717/4122/2499 2116/4121/2629
f 2226/4178/2663 2116/4121/2629 2230/4180/2664
f 2226/4178/2663 2230/4180/2664 2233/4181/2665
f 2226/4178/2663 2233/4181/2665 1844/4182/2541
f 2227/4183/2663 1845/3972/2541 1721/3971/2500
f 2236/4184/2666 1648/3978/2479 1645/4073/2478
f 2236/4184/2666 1645/4073/2478 2019/4072/2596
f 2236/4184/2666 2019/4072/2596 2237/4185/2667
f 2236/4184/2666 2237/4185/2667 2240/4186/2668
f 2236/4184/2666 2240/4186/2668 1855/3979/2544
f 2236/4184/2666 1855/3979/2544 1648/3978/2479
f 1661/3865/2482 1656/3864/2481 2244/4187/2669
f 1660/4188/2482 2243/4189/2669 2247/4190/2670
f 1660/4188/2482 2247/4190/2670 1836/3967/2538
f 1660/4188/2482 1836/3967/2538 1546/3819/2448
f 1956/4191/2578 1763/3916/2512 1759/3915/2511
f 1956/4191/2578 1759/3915/2511 2139/4131/2636
f 1956/4191/2578 2139/4131/2636 2065/4192/2671
f 1926/4021/2566 1924/4020/2565 2252/4193/2672
f 1926/4021/2566 2252/4193/2672 2254/4194/2673
f 1926/4021/2566 2254/4194/2673 2145/4195/2637
f 1926/4021/2566 2145/4195/2637 1792/4022/2525
f 2257/4196/2674 1775/3923/2517 1773/3922/2516
f 2257/4196/2674 1773/3922/2516 2128/4127/2632
f 2258/4197/2674 2129/4198/2675 2261/4199/2676
f 2258/4197/2674 2261/4199/2676 2265/4200/2677
f 2258/4197/2674 2265/4200/2677 1936/4201/2570
f 2257/4196/2674 1935/4029/2570 1775/3923/2517
f 2052/4086/2607 2049/4085/2606 2272/4202/2678
f 2052/4086/2607 2272/4202/2678 2275/4203/2679
f 2052/4086/2607 2275/4203/2679 2100/4204/2623
f 2052/4086/2607 2100/4204/2623 1861/4087/2546
f 2087/4105/2619 2085/4104/2618 2278/4205/2680
f 2087/4105/2619 2278/4205/2680 2281/4206/2681
f 2088/4107/2619 2282/4207/2681 1909/4008/2559
f 2088/4107/2619 1909/4008/2559 1690/4007/2490
f 2061/4092/2610 2059/4091/2609 2284/4208/2682
f 2061/4092/2610 2284/4208/2682 2287/4209/2683
f 2061/4092/2610 2287/4209/2683 2050/4210/2606
f 2060/4211/2610 2049/4085/2606 1802/3944/2528
f 1991/4060/2590 1988/4059/2589 2290/4212/2684
f 1990/4213/2590 2289/4214/2684 2292/4215/2685
f 1992/4061/2590 2295/4216/2685 2244/4187/2669
f 1992/4061/2590 2244/4187/2669 1656/3864/2481
f 2298/4217/2686 1913/4012/2562 2022/4076/2598
f 2298/4217/2686 2022/4076/2598 2301/4218/2687
f 2298/4217/2686 2301/4218/2687 2304/4219/2688
f 2298/4217/2686 2304/4219/2688 2210/4220/2658
f 2298/4217/2686 2210/4220/2658 1917/4013/2563
f 2298/4217/2686 1917/4013/2563 1913/4012/2562
f 2308/4221/2689 1830/3962/2536 1977/4222/2587
f 2308/4221/2689 1977/4222/2587 2310/4223/2690
f 2308/4221/2689 2310/4223/2690 2315/4224/2691
f 2308/4221/2689 2315/4224/2691 2166/4143/2644
f 2308/4221/2689 2166/4143/2644 1832/3963/2537
f 2308/4221/2689 1832/3963/2537 1830/3962/2536
f 2098/4110/2622 2093/4109/2621 2320/4225/2692
f 2097/4226/2622 2319/4227/2692 2323/4228/2693
f 2098/4110/2622 2324/4229/2693 1952/4040/2576
f 2098/4110/2622 1952/4040/2576 1675/3877/2487
f 2328/4230/2694 1929/4025/2567 2104/4112/2624
f 2328/4230/2694 2104/4112/2624 2331/4231/2695
f 2328/4230/2694 2331/4231/2695 2332/4232/2696
f 2328/4230/2694 2332/4232/2696 2176/4149/2647
f 2328/4230/2694 2176/4149/2647 1931/4026/2568
f 2328/4230/2694 1931/4026/2568 1929/4025/2567
f 2337/4233/2697 1879/4090/2551 1877/4234/2550
f 2336/4235/2697 1876/3989/2550 2186/4155/2651
f 2335/4236/2697 2185/4237/2651 2340/4238/2698
f 2335/4236/2697 2340/4238/2698 2344/4239/2699
f 2337/4233/2697 2345/4240/2699 2059/4091/2609
f 2337/4233/2697 2059/4091/2609 1879/4090/2551
f 2350/4241/2700 1847/3973/2542 1845/3972/2541
f 2349/4242/2700 1844/4182/2541 2233/4181/2665
f 2349/4242/2700 2233/4181/2665 2230/4180/2664
f 2349/4242/2700 2230/4180/2664 2354/4243/2701
f 2350/4241/2700 2355/4244/2701 2016/4071/2595
f 2350/4241/2700 2016/4071/2595 1847/3973/2542
f 2358/4245/2702 1767/3919/2514 1765/3918/2513
f 2358/4245/2702 1765/3918/2513 2111/4115/2626
f 2357/4246/2702 2110/4247/2703 2361/4248/2704
f 2357/4246/2702 2361/4248/2704 2362/4249/2705
f 2357/4246/2702 2362/4249/2705 1987/4250/2589
f 2358/4245/2702 1988/4059/2589 1767/3919/2514
f 2366/4251/2706 1740/3909/2506 1737/3908/2505
f 2366/4251/2706 1737/3908/2505 2223/4176/2662
f 2366/4251/2706 2223/4176/2662 2369/4252/2707
f 2366/4251/2706 2369/4252/2707 2372/4253/2708
f 2366/4251/2706 2372/4253/2708 1786/3930/2521
f 2366/4251/2706 1786/3930/2521 1740/3909/2506
f 2376/4254/2709 1910/4009/2560 1909/4008/2559
f 2376/4254/2709 1909/4008/2559 2282/4207/2681
f 2376/4254/2709 2282/4207/2681 2380/4255/2710
f 2376/4254/2709 2380/4255/2710 2385/4256/2711
f 2376/4254/2709 2385/4256/2711 2133/4129/2634
f 2376/4254/2709 2133/4129/2634 1910/4009/2560
f 2390/4257/2712 1818/3954/2532 2077/4099/2615
f 2390/4257/2712 2077/4099/2615 2392/4258/2713
f 2390/4257/2712 2392/4258/2713 2394/4259/2714
f 2390/4257/2712 2394/4259/2714 2395/4260/2715
f 2390/4257/2712 2395/4260/2715 1819/3955/2533
f 2390/4257/2712 1819/3955/2533 1818/3954/2532
f 2046/4261/2605 2042/4145/2604 2398/4262/2716
f 2046/4261/2605 2398/4262/2716 2401/4263/2717
f 2045/4084/2605 2400/4264/2717 2251/4265/2672
f 2045/4084/2605 2251/4265/2672 1923/4018/2565
f 2404/4266/2718 1938/4030/2571 1935/4029/2570
f 2405/4267/2718 1936/4201/2570 2265/4200/2677
f 2405/4267/2718 2265/4200/2677 2406/4268/2719
f 2405/4267/2718 2406/4268/2719 2409/4269/2720
f 2405/4267/2718 2409/4269/2720 2085/4104/2618
f 2405/4267/2718 2085/4104/2618 1939/4103/2571
f 2412/4270/2721 1781/3925/2519 1778/3924/2518
f 2412/4270/2721 1778/3924/2518 2155/4135/2640
f 2411/4271/2721 2154/4272/2640 2415/4273/2722
f 2411/4271/2721 2415/4273/2722 2416/4274/2723
f 2411/4271/2721 2416/4274/2723 2001/4275/2592
f 2412/4270/2721 2002/4065/2592 1781/3925/2519
f 2395/4260/2715 2394/4259/2714 2419/4276/2724
f 2395/4260/2715 2419/4276/2724 2194/4158/2653
f 2395/4260/2715 2194/4158/2653 1893/3996/2555
f 2395/4260/2715 1893/3996/2555 1819/3955/2533
f 2421/4277/2725 2021/4075/2597 2146/4133/2638
f 2421/4277/2725 2146/4133/2638 2423/4278/2726
f 2421/4277/2725 2423/4278/2726 2427/4279/2727
f 2421/4277/2725 2427/4279/2727 2301/4218/2687
f 2421/4277/2725 2301/4218/2687 2022/4076/2598
f 2421/4277/2725 2022/4076/2598 2021/4075/2597
f 2434/4280/2728 1859/3982/2545 1856/4281/2544
f 2433/4282/2728 1855/3979/2544 2240/4186/2668
f 2432/4283/2728 2239/4284/2668 2439/4285/2729
f 2432/4283/2728 2439/4285/2729 2441/4286/2730
f 2432/4283/2728 2441/4286/2730 2092/4287/2731
f 2434/4280/2728 2093/4109/2621 1859/3982/2545
f 2442/4288/2732 1973/4151/2586 2177/4150/2648
f 2443/4289/2732 2178/4290/2648 2450/4291/2733
f 2443/4289/2732 2450/4291/2733 2453/4292/2734
f 2443/4289/2732 2453/4292/2734 2311/4293/2690
f 2443/4289/2732 2311/4293/2690 1979/4294/2587
f 2442/4288/2732 1976/4295/2587 1973/4151/2586
f 2456/4296/2735 2139/4131/2636 2134/4130/2635
f 2456/4296/2735 2134/4130/2635 2459/4297/2736
f 2456/4296/2735 2459/4297/2736 2462/4298/2737
f 2456/4296/2735 2462/4298/2737 2466/4299/2738
f 2456/4296/2735 2466/4299/2738 2065/4192/2671
f 2456/4296/2735 2065/4192/2671 2139/4131/2636
f 2161/4139/2642 2158/4138/2641 2473/4300/2739
f 2161/4139/2642 2473/4300/2739 2474/4301/2740
f 2161/4139/2642 2474/4301/2740 2107/4302/2625
f 2161/4139/2642 2107/4302/2625 1810/4303/2530
f 2476/4304/2741 1787/3931/2522 1786/3930/2521
f 2476/4304/2741 1786/3930/2521 2372/4253/2708
f 2476/4304/2741 2372/4253/2708 2477/4305/2742
f 2476/4304/2741 2477/4305/2742 2481/4306/2743
f 2476/4304/2741 2481/4306/2743 1901/4002/2557
f 2476/4304/2741 1901/4002/2557 1787/3931/2522
f 2489/4307/2744 1953/4041/2577 1952/4040/2576
f 2489/4307/2744 1952/4040/2576 2324/4229/2693
f 2487/4308/2744 2323/4228/2693 2496/4309/2745
f 2488/4310/2744 2497/4311/2745 2500/4312/2746
f 2489/4307/2744 2501/4313/2747 2124/4125/2631
f 2489/4307/2744 2124/4125/2631 1953/4041/2577
f 2459/4297/2736 2134/4130/2635 2133/4129/2634
f 2459/4297/2736 2133/4129/2634 2385/4256/2711
f 2459/4297/2736 2385/4256/2711 2503/4314/2748
f 2459/4297/2736 2503/4314/2748 2462/4298/2737
f 2201/4159/2654 2194/4158/2653 2508/4315/2749
f 2200/4316/2654 2507/4317/2749 2510/4318/2750
f 2200/4316/2654 2510/4318/2750 2157/4319/2641
f 2199/4161/2654 2158/4138/2641 1885/4137/2553
f 2517/4320/2751 2100/4204/2623 2275/4203/2679
f 2517/4320/2751 2275/4203/2679 2520/4321/2752
f 2517/4320/2751 2520/4321/2752 2522/4322/2753
f 2518/4323/2751 2523/4324/2753 2331/4231/2695
f 2518/4323/2751 2331/4231/2695 2104/4112/2624
f 2518/4323/2751 2104/4112/2624 2101/4111/2623
f 2287/4209/2683 2284/4208/2682 2526/4325/2754
f 2287/4209/2683 2526/4325/2754 2529/4326/2755
f 2286/4327/2683 2528/4328/2755 2272/4202/2678
f 2286/4327/2683 2272/4202/2678 2049/4085/2606
f 2532/4329/2756 2068/4096/2612 2064/4095/2611
f 2533/4330/2756 2065/4192/2671 2466/4299/2738
f 2533/4330/2756 2466/4299/2738 2536/4331/2757
f 2533/4330/2756 2536/4331/2757 2540/4332/2758
f 2532/4329/2756 2539/4333/2759 2184/4154/2650
f 2532/4329/2756 2184/4154/2650 2068/4096/2612
f 2544/4334/2760 2019/4072/2596 2016/4071/2595
f 2544/4334/2760 2016/4071/2595 2355/4244/2701
f 2543/4335/2760 2354/4243/2701 2547/4336/2761
f 2543/4335/2760 2547/4336/2761 2550/4337/2762
f 2544/4334/2760 2551/4338/2762 2237/4185/2667
f 2544/4334/2760 2237/4185/2667 2019/4072/2596
f 2170/4144/2645 2166/4143/2644 2554/4339/2763
f 2170/4144/2645 2554/4339/2763 2558/4340/2764
f 2170/4144/2645 2558/4340/2764 2398/4262/2716
f 2170/4144/2645 2398/4262/2716 2042/4145/2604
f 2344/4239/2699 2340/4238/2698 2561/4341/2765
f 2345/4240/2699 2563/4342/2765 2566/4343/2766
f 2345/4240/2699 2566/4343/2766 2284/4208/2682
f 2345/4240/2699 2284/4208/2682 2059/4091/2609
f 2247/4190/2670 2243/4189/2669 2569/4344/2767
f 2247/4190/2670 2569/4344/2767 2576/4345/2768
f 2247/4190/2670 2576/4345/2768 2151/4134/2639
f 2247/4190/2670 2151/4134/2639 1836/3967/2538
f 2580/4346/2769 2073/4169/2614 2213/4168/2659
f 2580/4346/2769 2213/4168/2659 2582/4347/2770
f 2580/4346/2769 2582/4347/2770 2584/4348/2771
f 2580/4346/2769 2584/4348/2771 2391/4349/2713
f 2580/4346/2769 2391/4349/2713 2076/4350/2615
f 2580/4346/2769 2076/4350/2615 2073/4169/2614
f 2587/4351/2772 1905/4352/2558 1902/4353/2557
f 2587/4351/2772 1902/4353/2557 2482/4354/2743
f 2587/4351/2772 2482/4354/2743 2592/4355/2773
f 2587/4351/2772 2592/4355/2773 2593/4356/2774
f 2587/4351/2772 2593/4356/2774 1945/4357/2573
f 2587/4351/2772 1945/4357/2573 1905/4352/2558
f 2600/4358/2775 1949/4038/2574 1946/4037/2573
f 2599/4359/2775 1945/4357/2573 2593/4356/2774
f 2599/4359/2775 2593/4356/2774 2603/4360/2776
f 2599/4359/2775 2603/4360/2776 2607/4361/2777
f 2600/4358/2775 2608/4362/2777 1966/4047/2581
f 2600/4358/2775 1966/4047/2581 1949/4038/2574
f 2610/4363/2778 2145/4195/2637 2254/4194/2673
f 2610/4363/2778 2254/4194/2673 2613/4364/2779
f 2610/4363/2778 2613/4364/2779 2616/4365/2780
f 2610/4363/2778 2616/4365/2780 2424/4366/2726
f 2610/4363/2778 2424/4366/2726 2147/4367/2638
f 2610/4363/2778 2147/4367/2638 2145/4195/2637
f 2618/4368/2781 1969/4048/2582 1966/4047/2581
f 2618/4368/2781 1966/4047/2581 2608/4362/2777
f 2618/4368/2781 2608/4362/2777 2623/4369/2782
f 2618/4368/2781 2623/4369/2782 2625/4370/2783
f 2618/4368/2781 2625/4370/2783 2027/4371/2600
f 2618/4368/2781 2027/4371/2600 1969/4048/2582
f 2627/4372/2784 2034/4373/2601 2027/4371/2600
f 2627/4372/2784 2027/4371/2600 2625/4370/2783
f 2627/4372/2784 2625/4370/2783 2630/4374/2785
f 2626/4375/2784 2629/4376/2785 2632/4377/2786
f 2626/4375/2784 2632/4377/2786 2114/4120/2628
f 2626/4375/2784 2114/4120/2628 2033/4119/2601
f 2640/4378/2787 2116/4121/2629 2114/4120/2628
f 2640/4378/2787 2114/4120/2628 2632/4377/2786
f 2640/4378/2787 2632/4377/2786 2547/4336/2761
f 2640/4378/2787 2547/4336/2761 2354/4243/2701
f 2640/4378/2787 2354/4243/2701 2230/4180/2664
f 2640/4378/2787 2230/4180/2664 2116/4121/2629
f 2649/4379/2788 2650/4380/2789 2651/4381/2790
f 2649/4379/2788 2651/4381/2790 2654/4382/2791
f 2649/4379/2788 2654/4382/2791 2660/4383/2792
f 2649/4379/2788 2660/4383/2792 2663/4384/2793
f 2649/4379/2788 2663/4384/2793 2666/4385/2794
f 2649/4379/2788 2666/4385/2794 2650/4380/2789
f 2292/4215/2685 2289/4214/2684 2670/4386/2795
f 2292/4215/2685 2670/4386/2795 2671/4387/2796
f 2294/4388/2685 2672/4389/2796 2570/4390/2767
f 2293/4391/2685 2569/4344/2767 2243/4189/2669
f 2675/4392/2797 2650/4380/2789 2678/4393/2798
f 2675/4392/2797 2678/4393/2798 2682/4394/2799
f 2675/4392/2797 2682/4394/2799 2686/4395/2800
f 2675/4392/2797 2686/4395/2800 2687/4396/2801
f 2675/4392/2797 2687/4396/2801 2693/4397/2802
f 2675/4392/2797 2693/4397/2802 2650/4380/2789
f 2666/4385/2794 2663/4384/2793 2697/4398/2803
f 2666/4385/2794 2697/4398/2803 2682/4394/2799
f 2666/4385/2794 2682/4394/2799 2678/4393/2798
f 2666/4385/2794 2678/4393/2798 2650/4380/2789
f 2651/4381/2790 2650/4380/2789 2693/4397/2802
f 2651/4381/2790 2693/4397/2802 2687/4396/2801
f 2651/4381/2790 2687/4396/2801 2701/4399/2804
f 2651/4381/2790 2701/4399/2804 2654/4382/2791
f 2706/4400/2805 2654/4382/2791 2701/4399/2804
f 2706/4400/2805 2701/4399/2804 2709/4401/2806
f 2706/4400/2805 2709/4401/2806 2712/4402/2807
f 2705/4403/2805 2711/4404/2807 2716/4405/2808
f 2705/4403/2805 2716/4405/2808 2659/4406/2792
f 2706/4400/2805 2660/4383/2792 2654/4382/2791
f 2720/4407/2809 2130/4126/2632 2124/4125/2631
f 2719/4408/2809 2123/4409/2631 2500/4312/2746
f 2719/4408/2809 2500/4312/2746 2724/4410/2810
f 2719/4408/2809 2724/4410/2810 2726/4411/2811
f 2719/4408/2809 2726/4411/2811 2262/4412/2676
f 2720/4407/2809 2263/4413/2676 2130/4126/2632
f 2730/4414/2812 2176/4149/2647 2332/4232/2696
f 2730/4414/2812 2332/4232/2696 2733/4415/2813
f 2732/4416/2812 2734/4417/2813 2739/4418/2814
f 2731/4419/2812 2738/4420/2814 2450/4291/2733
f 2730/4414/2812 2449/4421/2733 2177/4150/2648
f 2730/4414/2812 2177/4150/2648 2176/4149/2647
f 2409/4269/2720 2406/4268/2719 2743/4422/2815
f 2409/4269/2720 2743/4422/2815 2746/4423/2816
f 2409/4269/2720 2746/4423/2816 2278/4205/2680
f 2409/4269/2720 2278/4205/2680 2085/4104/2618
f 2749/4424/2817 2184/4154/2650 2539/4333/2759
f 2750/4425/2817 2540/4332/2758 2754/4426/2818
f 2751/4427/2817 2755/4428/2818 2757/4429/2819
f 2751/4427/2817 2757/4429/2819 2342/4430/2820
f 2749/4424/2817 2341/4431/2698 2186/4155/2651
f 2749/4424/2817 2186/4155/2651 2184/4154/2650
f 2762/4432/2821 2209/4167/2658 2303/4433/2688
f 2762/4432/2821 2303/4433/2688 2763/4434/2822
f 2762/4432/2821 2763/4434/2822 2767/4435/2823
f 2762/4432/2821 2767/4435/2823 2582/4347/2770
f 2762/4432/2821 2582/4347/2770 2213/4168/2659
f 2762/4432/2821 2213/4168/2659 2209/4167/2658
f 2441/4286/2730 2439/4285/2729 2770/4436/2824
f 2441/4286/2730 2770/4436/2824 2772/4437/2825
f 2441/4286/2730 2772/4437/2825 2319/4227/2692
f 2441/4286/2730 2319/4227/2692 2092/4287/2731
f 2316/4438/2691 2311/4293/2690 2775/4439/2826
f 2316/4438/2691 2775/4439/2826 2779/4440/2827
f 2315/4224/2691 2778/4441/2827 2554/4339/2763
f 2315/4224/2691 2554/4339/2763 2166/4143/2644
f 2780/4442/2828 2251/4265/2672 2400/4264/2717
f 2781/4443/2828 2401/4263/2717 2790/4444/2829
f 2782/4445/2828 2791/4446/2829 2794/4447/2830
f 2782/4445/2828 2794/4447/2830 2613/4364/2779
f 2782/4445/2828 2613/4364/2779 2254/4194/2673
f 2782/4445/2828 2254/4194/2673 2252/4193/2672
f 2798/4448/2831 2659/4406/2792 2716/4405/2808
f 2798/4448/2831 2716/4405/2808 2803/4449/2832
f 2798/4448/2831 2803/4449/2832 2804/4450/2833
f 2798/4448/2831 2804/4450/2833 2696/4451/2834
f 2798/4448/2831 2696/4451/2834 2662/4452/2793
f 2798/4448/2831 2662/4452/2793 2659/4406/2792
f 2807/4453/2835 2003/4174/2593 2000/4454/2592
f 2808/4455/2835 2001/4275/2592 2416/4274/2723
f 2808/4455/2835 2416/4274/2723 2816/4456/2836
f 2808/4455/2835 2816/4456/2836 2818/4457/2837
f 2807/4453/2835 2817/4458/2837 2222/4175/2661
f 2807/4453/2835 2222/4175/2661 2003/4174/2593
f 2821/4459/2838 2682/4394/2799 2697/4398/2803
f 2821/4459/2838 2697/4398/2803 2826/4460/2839
f 2821/4459/2838 2826/4460/2839 2828/4461/2840
f 2821/4459/2838 2828/4461/2840 2831/4462/2841
f 2821/4459/2838 2831/4462/2841 2686/4395/2800
f 2821/4459/2838 2686/4395/2800 2682/4394/2799
f 2835/4463/2842 2281/4206/2681 2278/4205/2680
f 2835/4463/2842 2278/4205/2680 2746/4423/2816
f 2835/4463/2842 2746/4423/2816 2839/4464/2843
f 2835/4463/2842 2839/4464/2843 2841/4465/2844
f 2835/4463/2842 2841/4465/2844 2379/4466/2710
f 2835/4463/2842 2379/4466/2710 2281/4206/2681
f 2844/4467/2845 2272/4202/2678 2528/4328/2755
f 2844/4467/2845 2528/4328/2755 2847/4468/2846
f 2844/4467/2845 2847/4468/2846 2853/4469/2847
f 2844/4467/2845 2853/4469/2847 2520/4321/2752
f 2844/4467/2845 2520/4321/2752 2275/4203/2679
f 2844/4467/2845 2275/4203/2679 2272/4202/2678
f 2362/4249/2705 2361/4248/2704 2856/4470/2848
f 2362/4249/2705 2856/4470/2848 2859/4471/2849
f 2362/4249/2705 2859/4471/2849 2289/4214/2684
f 2362/4249/2705 2289/4214/2684 1987/4250/2589
f 2863/4472/2850 2240/4186/2668 2237/4185/2667
f 2863/4472/2850 2237/4185/2667 2551/4338/2762
f 2862/4473/2850 2550/4337/2762 2867/4474/2851
f 2862/4473/2850 2867/4474/2851 2873/4475/2852
f 2861/4476/2850 2872/4477/2852 2439/4285/2729
f 2863/4472/2850 2440/4478/2729 2240/4186/2668
f 2566/4343/2766 2563/4342/2765 2878/4479/2853
f 2566/4343/2766 2878/4479/2853 2880/4480/2854
f 2566/4343/2766 2880/4480/2854 2526/4325/2754
f 2566/4343/2766 2526/4325/2754 2284/4208/2682
f 2885/4481/2855 2702/4482/2804 2688/4483/2801
f 2883/4484/2855 2687/4396/2801 2686/4395/2800
f 2882/4485/2855 2685/4486/2856 2830/4487/2841
f 2884/4488/2855 2832/4489/2857 2888/4490/2858
f 2884/4488/2855 2888/4490/2858 2889/4491/2859
f 2884/4488/2855 2889/4491/2859 2891/4492/2860
f 2885/4481/2855 2892/4493/2860 2710/4494/2806
f 2885/4481/2855 2710/4494/2806 2702/4482/2804
f 2804/4450/2833 2803/4449/2832 2899/4495/2861
f 2804/4450/2833 2899/4495/2861 2901/4496/2862
f 2804/4450/2833 2901/4496/2862 2905/4497/2863
f 2804/4450/2833 2905/4497/2863 2910/4498/2864
f 2804/4450/2833 2910/4498/2864 2912/4499/2865
f 2804/4450/2833 2912/4499/2865 2825/4500/2866
f 2804/4450/2833 2825/4500/2866 2696/4451/2834
f 2916/4501/2867 2331/4231/2695 2523/4324/2753
f 2916/4501/2867 2523/4324/2753 2921/4502/2868
f 2916/4501/2867 2921/4502/2868 2923/4503/2869
f 2916/4501/2867 2923/4503/2869 2733/4415/2813
f 2916/4501/2867 2733/4415/2813 2332/4232/2696
f 2916/4501/2867 2332/4232/2696 2331/4231/2695
f 2930/4504/2870 2110/4247/2703 2107/4302/2625
f 2930/4504/2870 2107/4302/2625 2474/4301/2740
f 2930/4504/2870 2474/4301/2740 2934/4505/2871
f 2930/4504/2870 2934/4505/2871 2935/4506/2872
f 2930/4504/2870 2935/4506/2872 2361/4248/2704
f 2930/4504/2870 2361/4248/2704 2110/4247/2703
f 2419/4276/2724 2394/4259/2714 2939/4507/2873
f 2419/4276/2724 2939/4507/2873 2943/4508/2874
f 2419/4276/2724 2943/4508/2874 2508/4315/2749
f 2419/4276/2724 2508/4315/2749 2194/4158/2653
f 2946/4509/2875 2301/4218/2687 2427/4279/2727
f 2946/4509/2875 2427/4279/2727 2950/4510/2876
f 2946/4509/2875 2950/4510/2876 2955/4511/2877
f 2946/4509/2875 2955/4511/2877 2764/4512/2822
f 2946/4509/2875 2764/4512/2822 2304/4219/2688
f 2946/4509/2875 2304/4219/2688 2301/4218/2687
f 2453/4292/2734 2450/4291/2733 2959/4513/2878
f 2453/4292/2734 2959/4513/2878 2962/4514/2879
f 2453/4292/2734 2962/4514/2879 2775/4439/2826
f 2453/4292/2734 2775/4439/2826 2311/4293/2690
f 2965/4515/2880 2265/4200/2677 2261/4199/2676
f 2966/4516/2880 2262/4412/2676 2726/4411/2811
f 2966/4516/2880 2726/4411/2811 2969/4517/2881
f 2966/4516/2880 2969/4517/2881 2974/4518/2882
f 2965/4515/2880 2973/4519/2882 2406/4268/2719
f 2965/4515/2880 2406/4268/2719 2265/4200/2677
f 2977/4520/2883 2384/4521/2711 2379/4466/2710
f 2977/4520/2883 2379/4466/2710 2841/4465/2844
f 2979/4522/2883 2842/4523/2844 2981/4524/2884
f 2979/4522/2883 2981/4524/2884 2984/4525/2885
f 2979/4522/2883 2984/4525/2885 2504/4526/2748
f 2978/4527/2883 2503/4314/2748 2385/4256/2711
f 2510/4318/2750 2507/4317/2749 2988/4528/2886
f 2510/4318/2750 2988/4528/2886 2991/4529/2887
f 2510/4318/2750 2991/4529/2887 2472/4530/2739
f 2509/4531/2750 2473/4300/2739 2158/4138/2641
f 2993/4532/2888 2398/4262/2716 2558/4340/2764
f 2993/4532/2888 2558/4340/2764 2994/4533/2889
f 2993/4532/2888 2994/4533/2889 2998/4534/2890
f 2993/4532/2888 2998/4534/2890 2790/4444/2829
f 2993/4532/2888 2790/4444/2829 2401/4263/2717
f 2993/4532/2888 2401/4263/2717 2398/4262/2716
f 3001/4535/2891 2716/4405/2808 2711/4404/2807
f 3002/4536/2891 2713/4537/2807 3006/4538/2892
f 3002/4536/2891 3006/4538/2892 3008/4539/2893
f 3002/4536/2891 3008/4539/2893 3011/4540/2894
f 3000/4541/2891 3010/4542/2894 2802/4543/2895
f 3001/4535/2891 2803/4449/2832 2716/4405/2808
f 3012/4544/2896 2466/4299/2738 2462/4298/2737
f 3012/4544/2896 2462/4298/2737 3015/4545/2897
f 3012/4544/2896 3015/4545/2897 3018/4546/2898
f 3012/4544/2896 3018/4546/2898 3021/4547/2899
f 3012/4544/2896 3021/4547/2899 2536/4331/2757
f 3012/4544/2896 2536/4331/2757 2466/4299/2738
f 3025/4548/2900 2540/4332/2758 2536/4331/2757
f 3025/4548/2900 2536/4331/2757 3021/4547/2899
f 3026/4549/2900 3023/4550/2899 3029/4551/2901
f 3026/4549/2900 3029/4551/2901 3033/4552/2902
f 3026/4549/2900 3033/4552/2902 2755/4428/2818
f 3025/4548/2900 2754/4426/2818 2540/4332/2758
f 2757/4429/2819 2755/4428/2818 3037/4553/2903
f 2757/4429/2819 3037/4553/2903 3038/4554/2904
f 2757/4429/2819 3038/4554/2904 2562/4555/2765
f 2756/4556/2819 2561/4341/2765 2340/4238/2698
f 3041/4557/2905 2323/4228/2693 2319/4227/2692
f 3041/4557/2905 2319/4227/2692 2772/4437/2825
f 3041/4557/2905 2772/4437/2825 3042/4558/2906
f 3041/4557/2905 3042/4558/2906 3046/4559/2907
f 3041/4557/2905 3046/4559/2907 2496/4309/2745
f 3041/4557/2905 2496/4309/2745 2323/4228/2693
f 3006/4538/2892 2713/4537/2807 2710/4494/2806
f 3006/4538/2892 2710/4494/2806 2892/4493/2860
f 3005/4560/2892 2891/4492/2860 3049/4561/2908
f 3006/4538/2892 3050/4562/2908 3052/4563/2909
f 3006/4538/2892 3052/4563/2909 3056/4564/2910
f 3006/4538/2892 3056/4564/2910 3008/4539/2893
f 3015/4545/2897 2462/4298/2737 2503/4314/2748
f 3016/4565/2897 2504/4526/2748 2984/4525/2885
f 3016/4565/2897 2984/4525/2885 3059/4566/2911
f 3016/4565/2897 3059/4566/2911 3019/4567/2898
f 3061/4568/2912 2529/4326/2755 2526/4325/2754
f 3061/4568/2912 2526/4325/2754 2880/4480/2854
f 3061/4568/2912 2880/4480/2854 3066/4569/2913
f 3061/4568/2912 3066/4569/2913 3069/4570/2914
f 3061/4568/2912 3069/4570/2914 2848/4571/2846
f 3061/4568/2912 2848/4571/2846 2529/4326/2755
f 3070/4572/2915 2154/4272/2640 2150/4573/2639
f 3070/4572/2915 2150/4573/2639 2575/4574/2768
f 3070/4572/2915 2575/4574/2768 3073/4575/2916
f 3070/4572/2915 3073/4575/2916 3077/4576/2917
f 3070/4572/2915 3077/4576/2917 2415/4273/2722
f 3070/4572/2915 2415/4273/2722 2154/4272/2640
f 2911/4577/2918 2908/4578/2919 3083/4579/2920
f 2911/4577/2918 3083/4579/2920 3091/4580/2921
f 2913/4581/2918 3092/4582/2921 2828/4461/2840
f 2913/4581/2918 2828/4461/2840 2826/4460/2839
f 3097/4583/2922 2554/4339/2763 2778/4441/2827
f 3098/4584/2922 2779/4440/2827 3102/4585/2923
f 3098/4584/2922 3102/4585/2923 3104/4586/2924
f 3098/4584/2922 3104/4586/2924 2995/4587/2889
f 3097/4583/2922 2994/4533/2889 2558/4340/2764
f 3097/4583/2922 2558/4340/2764 2554/4339/2763
f 2739/4418/2814 2734/4417/2813 3107/4588/2925
f 2739/4418/2814 3107/4588/2925 3110/4589/2926
f 2739/4418/2814 3110/4589/2926 2960/4590/2878
f 2738/4420/2814 2959/4513/2878 2450/4291/2733
f 3114/4591/2927 2831/4462/2841 2828/4461/2840
f 3114/4591/2927 2828/4461/2840 3092/4582/2921
f 3113/4592/2927 3090/4593/2921 3117/4594/2928
f 3115/4595/2929 3118/4596/2930 3119/4597/2931
f 3115/4595/2929 3119/4597/2931 2888/4490/2858
f 3115/4595/2929 2888/4490/2858 2832/4489/2857
f 3122/4598/2932 2520/4321/2752 2853/4469/2847
f 3122/4598/2932 2853/4469/2847 3123/4599/2933
f 3122/4598/2932 3123/4599/2933 3126/4600/2934
f 3122/4598/2932 3126/4600/2934 2920/4601/2868
f 3122/4598/2932 2920/4601/2868 2522/4322/2753
f 3122/4598/2932 2522/4322/2753 2520/4321/2752
f 3134/4602/2935 2577/4603/2768 2570/4390/2767
f 3134/4602/2935 2570/4390/2767 2672/4389/2796
f 3134/4602/2935 2672/4389/2796 3137/4604/2936
f 3134/4602/2935 3137/4604/2936 3139/4605/2937
f 3134/4602/2935 3139/4605/2937 3074/4606/2916
f 3133/4607/2935 3073/4575/2916 2575/4574/2768
f 3142/4608/2938 2223/4176/2662 2222/4175/2661
f 3142/4608/2938 2222/4175/2661 2817/4458/2837
f 3142/4608/2938 2817/4458/2837 3145/4609/2939
f 3142/4608/2938 3145/4609/2939 3149/4610/2940
f 3142/4608/2938 3149/4610/2940 2369/4252/2707
f 3142/4608/2938 2369/4252/2707 2223/4176/2662
f 3152/4611/2941 2391/4349/2713 2584/4348/2771
f 3152/4611/2941 2584/4348/2771 3156/4612/2942
f 3152/4611/2941 3156/4612/2942 3159/4613/2943
f 3152/4611/2941 3159/4613/2943 2938/4614/2873
f 3152/4611/2941 2938/4614/2873 2393/4615/2944
f 3152/4611/2941 2393/4615/2944 2391/4349/2713
f 3163/4616/2945 2424/4366/2726 2616/4365/2780
f 3163/4616/2945 2616/4365/2780 3170/4617/2946
f 3163/4616/2945 3170/4617/2946 3171/4618/2947
f 3163/4616/2945 3171/4618/2947 2951/4619/2876
f 3163/4616/2945 2951/4619/2876 2428/4620/2727
f 3163/4616/2945 2428/4620/2727 2424/4366/2726
f 3175/4621/2948 2802/4543/2895 3010/4542/2894
f 3176/4622/2948 3011/4540/2894 3178/4623/2949
f 3175/4621/2948 3177/4624/2949 3181/4625/2950
f 3175/4621/2948 3181/4625/2950 2898/4626/2951
f 3175/4621/2948 2898/4626/2951 2802/4543/2895
f 3033/4552/2902 3029/4551/2901 3188/4627/2952
f 3033/4552/2902 3188/4627/2952 3191/4628/2953
f 3033/4552/2902 3191/4628/2953 3037/4553/2903
f 3033/4552/2902 3037/4553/2903 2755/4428/2818
f 3038/4554/2904 3037/4553/2903 3195/4629/2954
f 3038/4554/2904 3195/4629/2954 3196/4630/2955
f 3038/4554/2904 3196/4630/2955 2877/4631/2956
f 3038/4554/2904 2877/4631/2956 2562/4555/2765
f 3198/4632/2957 2547/4336/2761 2632/4377/2786
f 3198/4632/2957 2632/4377/2786 2629/4376/2785
f 3198/4632/2957 2629/4376/2785 3202/4633/2958
f 3198/4632/2957 3202/4633/2958 2867/4474/2851
f 3198/4632/2957 2867/4474/2851 2550/4337/2762
f 3198/4632/2957 2550/4337/2762 2547/4336/2761
f 2872/4477/2852 2868/4634/2851 3206/4635/2959
f 2872/4477/2852 3206/4635/2959 3208/4636/2960
f 2872/4477/2852 3208/4636/2960 2770/4436/2824
f 2872/4477/2852 2770/4436/2824 2439/4285/2729
f 2974/4518/2882 2969/4517/2881 3212/4637/2961
f 2974/4518/2882 3212/4637/2961 3214/4638/2962
f 2973/4519/2882 3213/4639/2962 2743/4422/2815
f 2973/4519/2882 2743/4422/2815 2406/4268/2719
f 3219/4640/2963 2775/4439/2826 2962/4514/2879
f 3219/4640/2963 2962/4514/2879 3220/4641/2964
f 3219/4640/2963 3220/4641/2964 3221/4642/2965
f 3219/4640/2963 3221/4642/2965 3102/4585/2923
f 3219/4640/2963 3102/4585/2923 2779/4440/2827
f 3219/4640/2963 2779/4440/2827 2775/4439/2826
f 3225/4643/2966 2613/4364/2779 2794/4447/2830
f 3225/4643/2966 2794/4447/2830 3227/4644/2967
f 3225/4643/2966 3227/4644/2967 3228/4645/2968
f 3225/4643/2966 3228/4645/2968 3170/4617/2946
f 3225/4643/2966 3170/4617/2946 2616/4365/2780
f 3225/4643/2966 2616/4365/2780 2613/4364/2779
f 3233/4646/2969 2500/4312/2746 2497/4311/2745
f 3232/4647/2970 2496/4309/2745 3046/4559/2907
f 3232/4647/2970 3046/4559/2907 3236/4648/2971
f 3233/4646/2969 3237/4649/2972 3241/4650/2973
f 3233/4646/2969 3241/4650/2973 2724/4410/2810
f 3233/4646/2969 2724/4410/2810 2500/4312/2746
f 2924/4651/2869 2922/4652/2868 3245/4653/2974
f 2924/4651/2869 3245/4653/2974 3248/4654/2975
f 2924/4651/2869 3248/4654/2975 3107/4588/2925
f 2924/4651/2869 3107/4588/2925 2734/4417/2813
f 3251/4655/2976 2853/4469/2847 2847/4468/2846
f 3252/4656/2976 2848/4571/2846 3069/4570/2914
f 3252/4656/2976 3069/4570/2914 3256/4657/2977
f 3251/4655/2976 3255/4658/2977 3257/4659/2978
f 3251/4655/2976 3257/4659/2978 3123/4599/2933
f 3251/4655/2976 3123/4599/2933 2853/4469/2847
f 3260/4660/2979 2582/4347/2770 2767/4435/2823
f 3260/4660/2979 2767/4435/2823 3261/4661/2980
f 3260/4660/2979 3261/4661/2980 3265/4662/2981
f 3260/4660/2979 3265/4662/2981 3156/4612/2942
f 3260/4660/2979 3156/4612/2942 2584/4348/2771
f 3260/4660/2979 2584/4348/2771 2582/4347/2770
f 3267/4663/2982 3089/4664/2921 3082/4665/2920
f 3267/4663/2982 3082/4665/2920 3271/4666/2983
f 3268/4667/2982 3272/4668/2984 3274/4669/2985
f 3268/4667/2982 3274/4669/2985 3279/4670/2986
f 3268/4667/2982 3279/4670/2986 3117/4594/2928
f 3268/4667/2982 3117/4594/2928 3090/4593/2921
f 3190/4671/2953 3186/4672/2952 3282/4673/2987
f 3190/4671/2953 3282/4673/2987 3287/4674/2988
f 3191/4628/2953 3288/4675/2988 3195/4629/2954
f 3191/4628/2953 3195/4629/2954 3037/4553/2903
f 2859/4471/2849 2856/4470/2848 3290/4676/2989
f 2859/4471/2849 3290/4676/2989 3292/4677/2990
f 2859/4471/2849 3292/4677/2990 2670/4386/2795
f 2859/4471/2849 2670/4386/2795 2289/4214/2684
f 3297/4678/2991 3298/4679/2992 3299/4680/2993
f 3297/4678/2991 3299/4680/2993 3301/4681/2994
f 3297/4678/2991 3301/4681/2994 3302/4682/2995
f 3297/4678/2991 3302/4682/2995 3305/4683/2996
f 3297/4678/2991 3305/4683/2996 3308/4684/2997
f 3297/4678/2991 3308/4684/2997 3298/4679/2992
f 3309/4685/2998 3118/4596/2930 3280/4686/2999
f 3309/4685/2998 3280/4686/2999 3312/4687/3000
f 3309/4685/2998 3312/4687/3000 3314/4688/3001
f 3309/4685/2998 3314/4688/3001 3315/4689/3002
f 3309/4685/2998 3315/4689/3002 3119/4597/2931
f 3309/4685/2998 3119/4597/2931 3118/4596/2930
f 3317/4690/3003 2897/4691/2951 3319/4692/3004
f 3317/4690/3003 3319/4692/3004 3322/4693/3005
f 3317/4690/3003 3322/4693/3005 3324/4694/3006
f 3317/4690/3003 3324/4694/3006 3326/4695/3007
f 3317/4690/3003 3326/4695/3007 2900/4696/2862
f 3317/4690/3003 2900/4696/2862 2897/4691/2951
f 3182/4697/3008 3179/4698/3009 3327/4699/3010
f 3182/4697/3008 3327/4699/3010 3329/4700/3011
f 3180/4701/3008 3328/4702/3011 3319/4692/3004
f 3180/4701/3008 3319/4692/3004 2897/4691/2951
f 3331/4703/3012 2746/4423/2816 2743/4422/2815
f 3331/4703/3012 2743/4422/2815 3213/4639/2962
f 3331/4703/3012 3213/4639/2962 3335/4704/3013
f 3331/4703/3012 3335/4704/3013 3338/4705/3014
f 3331/4703/3012 3338/4705/3014 2839/4464/2843
f 3331/4703/3012 2839/4464/2843 2746/4423/2816
f 3341/4706/3015 2877/4631/2956 3196/4630/2955
f 3341/4706/3015 3196/4630/2955 3344/4707/3016
f 3342/4708/3015 3345/4709/3016 3349/4710/3017
f 3342/4708/3015 3349/4710/3017 3066/4569/2913
f 3342/4708/3015 3066/4569/2913 2880/4480/2854
f 3342/4708/3015 2880/4480/2854 2878/4479/2853
f 3353/4711/3018 3298/4679/2992 3308/4684/2997
f 3353/4711/3018 3308/4684/2997 3305/4683/2996
f 3353/4711/3018 3305/4683/2996 3358/4712/3019
f 3353/4711/3018 3358/4712/3019 3362/4713/3020
f 3353/4711/3018 3362/4713/3020 3364/4714/3021
f 3353/4711/3018 3364/4714/3021 3298/4679/2992
f 3370/4715/3022 3298/4679/2992 3364/4714/3021
f 3370/4715/3022 3364/4714/3021 3374/4716/3023
f 3371/4717/3022 3375/4718/3023 3314/4688/3001
f 3371/4717/3022 3314/4688/3001 3312/4687/3000
f 3370/4715/3022 3311/4719/3000 3299/4680/2993
f 3370/4715/3022 3299/4680/2993 3298/4679/2992
f 3301/4681/2994 3299/4680/2993 3311/4719/3000
f 3301/4681/2994 3311/4719/3000 3279/4670/2986
f 3301/4681/2994 3279/4670/2986 3274/4669/2985
f 3301/4681/2994 3274/4669/2985 3382/4720/3024
f 3301/4681/2994 3382/4720/3024 3302/4682/2995
f 3386/4721/3025 2959/4513/2878 3109/4722/2926
f 3387/4723/3025 3110/4589/2926 3391/4724/3026
f 3387/4723/3025 3391/4724/3026 3393/4725/3027
f 3386/4721/3025 3392/4726/3027 3220/4641/2964
f 3386/4721/3025 3220/4641/2964 2962/4514/2879
f 3386/4721/3025 2962/4514/2879 2959/4513/2878
f 3126/4600/2934 3123/4599/2933 3395/4727/3028
f 3126/4600/2934 3395/4727/3028 3398/4728/3029
f 3126/4600/2934 3398/4728/3029 3244/4729/2974
f 3126/4600/2934 3244/4729/2974 2920/4601/2868
f 2935/4506/2872 2934/4505/2871 3401/4730/3030
f 2935/4506/2872 3401/4730/3030 3402/4731/3031
f 2935/4506/2872 3402/4731/3031 2856/4470/2848
f 2935/4506/2872 2856/4470/2848 2361/4248/2704
f 3404/4732/3032 2474/4301/2740 2473/4300/2739
f 3403/4733/3032 2472/4530/2739 2991/4529/2887
f 3403/4733/3032 2991/4529/2887 3406/4734/3033
f 3403/4733/3032 3406/4734/3033 3409/4735/3034
f 3404/4732/3032 3410/4736/3035 2934/4505/2871
f 3404/4732/3032 2934/4505/2871 2474/4301/2740
f 2942/4737/2874 2938/4614/2873 3412/4738/3036
f 2942/4737/2874 3412/4738/3036 3414/4739/3037
f 2943/4508/2874 3416/4740/3037 2989/4741/2886
f 2943/4508/2874 2989/4741/2886 2508/4315/2749
f 3417/4742/3038 2372/4253/2708 2369/4252/2707
f 3417/4742/3038 2369/4252/2707 3149/4610/2940
f 3417/4742/3038 3149/4610/2940 3419/4743/3039
f 3417/4742/3038 3419/4743/3039 3423/4744/3040
f 3417/4742/3038 3423/4744/3040 2477/4305/2742
f 3417/4742/3038 2477/4305/2742 2372/4253/2708
f 3427/4745/3041 2763/4434/2822 2953/4746/2877
f 3428/4747/3042 2954/4748/2877 3429/4749/3043
f 3428/4747/3042 3429/4749/3043 3432/4750/3044
f 3427/4745/3041 3431/4751/3045 3261/4661/2980
f 3427/4745/3041 3261/4661/2980 2767/4435/2823
f 3427/4745/3041 2767/4435/2823 2763/4434/2822
f 3435/4752/3046 3305/4683/2996 3302/4682/2995
f 3436/4753/3047 3303/4754/2995 3440/4755/3048
f 3436/4753/3047 3440/4755/3048 3441/4756/3049
f 3436/4753/3047 3441/4756/3049 3443/4757/3050
f 3435/4752/3046 3442/4758/3051 3358/4712/3019
f 3435/4752/3046 3358/4712/3019 3305/4683/2996
f 3382/4720/3024 3274/4669/2985 3446/4759/3052
f 3383/4760/3024 3447/4761/3052 3451/4762/3053
f 3383/4760/3024 3451/4762/3053 3439/4763/3048
f 3382/4720/3024 3438/4764/3048 3302/4682/2995
f 3454/4765/3054 2888/4490/2858 3119/4597/2931
f 3454/4765/3054 3119/4597/2931 3315/4689/3002
f 3454/4765/3054 3315/4689/3002 3456/4766/3055
f 3454/4765/3054 3456/4766/3055 3458/4767/3056
f 3454/4765/3054 3458/4767/3056 2889/4491/2859
f 3454/4765/3054 2889/4491/2859 2888/4490/2858
f 3273/4768/2983 3084/4769/2920 3463/4770/3057
f 3273/4768/2983 3463/4770/3057 3466/4771/3058
f 3273/4768/2983 3466/4771/3058 3447/4761/3052
f 3273/4768/2983 3447/4761/3052 3275/4772/2985
f 2909/4773/2919 2904/4774/2863 3468/4775/3059
f 2909/4773/2919 3468/4775/3059 3472/4776/3060
f 2908/4578/2919 3471/4777/3061 3461/4778/3057
f 2908/4578/2919 3461/4778/3057 3083/4579/2920
f 3475/4779/3062 2841/4465/2844 2839/4464/2843
f 3475/4779/3062 2839/4464/2843 3338/4705/3014
f 3476/4780/3062 3339/4781/3014 3478/4782/3063
f 3476/4780/3062 3478/4782/3063 3480/4783/3064
f 3476/4780/3062 3480/4783/3064 2981/4524/2884
f 3476/4780/3062 2981/4524/2884 2842/4523/2844
f 3481/4784/3065 3022/4785/2899 3019/4567/2898
f 3481/4784/3065 3019/4567/2898 3484/4786/3066
f 3481/4784/3065 3484/4786/3066 3485/4787/3067
f 3481/4784/3065 3485/4787/3067 3487/4788/3068
f 3482/4789/3069 3488/4790/3068 3028/4791/2901
f 3483/4792/3069 3029/4551/2901 3023/4550/2899
f 3492/4793/3070 2790/4444/2829 2998/4534/2890
f 3492/4793/3070 2998/4534/2890 3500/4794/3071
f 3491/4795/3070 3499/4796/3071 3502/4797/3072
f 3493/4798/3070 3503/4799/3072 3227/4644/2967
f 3493/4798/3070 3227/4644/2967 2794/4447/2830
f 3493/4798/3070 2794/4447/2830 2791/4446/2829
f 3506/4800/3073 3011/4540/2894 3008/4539/2893
f 3506/4800/3073 3008/4539/2893 3509/4801/3074
f 3506/4800/3073 3509/4801/3074 3512/4802/3075
f 3506/4800/3073 3512/4802/3075 3514/4803/3076
f 3506/4800/3073 3514/4803/3076 3178/4623/2949
f 3506/4800/3073 3178/4623/2949 3011/4540/2894
f 3517/4804/3077 2726/4411/2811 2724/4410/2810
f 3517/4804/3077 2724/4410/2810 3241/4650/2973
f 3517/4804/3077 3241/4650/2973 3519/4805/3078
f 3517/4804/3077 3519/4805/3078 3521/4806/3079
f 3517/4804/3077 3521/4806/3079 2969/4517/2881
f 3517/4804/3077 2969/4517/2881 2726/4411/2811
f 3523/4807/3080 2900/4696/2862 3326/4695/3007
f 3523/4807/3080 3326/4695/3007 3525/4808/3081
f 3523/4807/3080 3525/4808/3081 3527/4809/3082
f 3523/4807/3080 3527/4809/3082 3533/4810/3083
f 3523/4807/3080 3533/4810/3083 2903/4811/2863
f 3523/4807/3080 2903/4811/2863 2900/4696/2862
f 3535/4812/3084 3195/4629/2954 3288/4675/2988
f 3535/4812/3084 3288/4675/2988 3539/4813/3085
f 3535/4812/3084 3539/4813/3085 3541/4814/3086
f 3535/4812/3084 3541/4814/3086 3344/4707/3016
f 3535/4812/3084 3344/4707/3016 3196/4630/2955
f 3535/4812/3084 3196/4630/2955 3195/4629/2954
f 3544/4815/3087 2416/4274/2723 2415/4273/2722
f 3544/4815/3087 2415/4273/2722 3077/4576/2917
f 3544/4815/3087 3077/4576/2917 3546/4816/3088
f 3544/4815/3087 3546/4816/3088 3547/4817/3089
f 3544/4815/3087 3547/4817/3089 2816/4456/2836
f 3544/4815/3087 2816/4456/2836 2416/4274/2723
f 3474/4818/3061 3469/4819/3059 3441/4756/3049
f 3474/4818/3061 3441/4756/3049 3440/4755/3048
f 3473/4820/3061 3439/4763/3048 3451/4762/3053
f 3473/4820/3061 3451/4762/3053 3552/4821/3090
f 3473/4820/3061 3552/4821/3090 3462/4822/3091
f 3555/4823/3092 2995/4587/2889 3104/4586/2924
f 3555/4823/3092 3104/4586/2924 3557/4824/3093
f 3555/4823/3092 3557/4824/3093 3559/4825/3094
f 3555/4823/3092 3559/4825/3094 3501/4826/3071
f 3554/4827/3092 3500/4794/3071 2998/4534/2890
f 3554/4827/3092 2998/4534/2890 2994/4533/2889
f 3534/4828/3083 3528/4829/3082 3561/4830/3095
f 3534/4828/3083 3561/4830/3095 3566/4831/3096
f 3532/4832/3083 3564/4833/3096 3467/4834/3059
f 3532/4832/3083 3467/4834/3059 2902/4835/2863
f 3329/4700/3011 3327/4699/3010 3572/4836/3097
f 3329/4700/3011 3572/4836/3097 3575/4837/3098
f 3328/4702/3011 3573/4838/3098 3322/4693/3005
f 3328/4702/3011 3322/4693/3005 3319/4692/3004
f 3579/4839/3099 2984/4525/2885 2981/4524/2884
f 3579/4839/3099 2981/4524/2884 3480/4783/3064
f 3579/4839/3099 3480/4783/3064 3584/4840/3100
f 3579/4839/3099 3584/4840/3100 3585/4841/3101
f 3579/4839/3099 3585/4841/3101 3059/4566/2911
f 3579/4839/3099 3059/4566/2911 2984/4525/2885
f 3257/4659/2978 3255/4658/2977 3588/4842/3102
f 3257/4659/2978 3588/4842/3102 3593/4843/3103
f 3257/4659/2978 3593/4843/3103 3395/4727/3028
f 3257/4659/2978 3395/4727/3028 3123/4599/2933
f 3595/4844/3104 3069/4570/2914 3066/4569/2913
f 3595/4844/3104 3066/4569/2913 3349/4710/3017
f 3595/4844/3104 3349/4710/3017 3597/4845/3105
f 3595/4844/3104 3597/4845/3105 3600/4846/3106
f 3595/4844/3104 3600/4846/3106 3256/4657/2977
f 3595/4844/3104 3256/4657/2977 3069/4570/2914
f 3605/4847/3107 3364/4714/3021 3362/4713/3020
f 3606/4848/3107 3363/4849/3108 3607/4850/3109
f 3606/4848/3107 3607/4850/3109 3610/4851/3110
f 3606/4848/3107 3610/4851/3110 3611/4852/3111
f 3606/4848/3107 3611/4852/3111 3376/4853/3023
f 3606/4848/3107 3376/4853/3023 3365/4854/3112
f 3616/4855/3113 3362/4713/3020 3358/4712/3019
f 3617/4856/3113 3359/4857/3019 3444/4858/3114
f 3617/4856/3113 3444/4858/3114 3620/4859/3115
f 3617/4856/3113 3620/4859/3115 3610/4851/3110
f 3617/4856/3113 3610/4851/3110 3607/4850/3109
f 3617/4856/3113 3607/4850/3109 3363/4849/3108
f 3625/4860/3116 2772/4437/2825 2770/4436/2824
f 3625/4860/3116 2770/4436/2824 3208/4636/2960
f 3625/4860/3116 3208/4636/2960 3628/4861/3117
f 3625/4860/3116 3628/4861/3117 3631/4862/3118
f 3625/4860/3116 3631/4862/3118 3042/4558/2906
f 3625/4860/3116 3042/4558/2906 2772/4437/2825
f 3634/4863/3119 3447/4761/3052 3466/4771/3058
f 3634/4863/3119 3466/4771/3058 3638/4864/3120
f 3634/4863/3119 3638/4864/3120 3640/4865/3121
f 3634/4863/3119 3640/4865/3121 3552/4821/3090
f 3634/4863/3119 3552/4821/3090 3451/4762/3053
f 3634/4863/3119 3451/4762/3053 3447/4761/3052
f 3644/4866/3122 3441/4756/3049 3469/4819/3059
f 3643/4867/3122 3467/4834/3059 3564/4833/3096
f 3645/4868/3122 3567/4869/3096 3648/4870/3123
f 3645/4868/3122 3648/4870/3123 3620/4859/3115
f 3645/4868/3122 3620/4859/3115 3444/4858/3114
f 3644/4866/3122 3443/4757/3050 3441/4756/3049
f 3652/4871/3124 3324/4694/3006 3322/4693/3005
f 3652/4871/3124 3322/4693/3005 3573/4838/3098
f 3653/4872/3125 3574/4873/3098 3656/4874/3126
f 3653/4872/3125 3656/4874/3126 3541/4814/3086
f 3652/4871/3124 3540/4875/3086 3538/4876/3085
f 3652/4871/3124 3538/4876/3085 3324/4694/3006
f 3538/4876/3085 3287/4674/2988 3282/4673/2987
f 3538/4876/3085 3282/4673/2987 3326/4695/3007
f 3538/4876/3085 3326/4695/3007 3324/4694/3006
f 3660/4877/3127 3107/4588/2925 3248/4654/2975
f 3660/4877/3127 3248/4654/2975 3661/4878/3128
f 3660/4877/3127 3661/4878/3128 3663/4879/3129
f 3660/4877/3127 3663/4879/3129 3391/4724/3026
f 3660/4877/3127 3391/4724/3026 3110/4589/2926
f 3660/4877/3127 3110/4589/2926 3107/4588/2925
f 3484/4786/3066 3019/4567/2898 3059/4566/2911
f 3484/4786/3066 3059/4566/2911 3585/4841/3101
f 3484/4786/3066 3585/4841/3101 3666/4880/3130
f 3484/4786/3066 3666/4880/3130 3485/4787/3067
f 3488/4790/3068 3486/4881/3067 3669/4882/3131
f 3488/4790/3068 3669/4882/3131 3671/4883/3132
f 3488/4790/3068 3671/4883/3132 3187/4884/2952
f 3488/4790/3068 3187/4884/2952 3028/4791/2901
f 3673/4885/3133 2482/4354/2743 2478/4886/2742
f 3673/4885/3133 2478/4886/2742 3424/4887/3040
f 3673/4885/3133 3424/4887/3040 3678/4888/3134
f 3673/4885/3133 3678/4888/3134 3681/4889/3135
f 3673/4885/3133 3681/4889/3135 2592/4355/2773
f 3673/4885/3133 2592/4355/2773 2482/4354/2743
f 3685/4890/3136 2625/4370/2783 2623/4369/2782
f 3684/4891/3136 2621/4892/2782 3687/4893/3137
f 3684/4891/3136 3687/4893/3137 3691/4894/3138
f 3683/4895/3136 3689/4896/3138 3202/4633/2958
f 3683/4895/3136 3202/4633/2958 2629/4376/2785
f 3685/4890/3136 2630/4374/2785 2625/4370/2783
f 3694/4897/3139 2951/4619/2876 3171/4618/2947
f 3694/4897/3139 3171/4618/2947 3697/4898/3140
f 3694/4897/3139 3697/4898/3140 3701/4899/3141
f 3694/4897/3139 3701/4899/3141 3430/4900/3043
f 3694/4897/3139 3430/4900/3043 2956/4901/2877
f 3694/4897/3139 2956/4901/2877 2951/4619/2876
f 3205/4902/2959 2867/4474/2851 3202/4633/2958
f 3205/4902/2959 3202/4633/2958 3689/4896/3138
f 3206/4635/2959 3690/4903/3138 3705/4904/3142
f 3206/4635/2959 3705/4904/3142 3208/4636/2960
f 3552/4821/3090 3640/4865/3121 3708/4905/3143
f 3552/4821/3090 3708/4905/3143 3637/4906/3120
f 3552/4821/3090 3637/4906/3120 3465/4907/3144
f 3552/4821/3090 3465/4907/3144 3462/4822/3091
f 3657/4908/3126 3575/4837/3098 3598/4909/3105
f 3657/4908/3126 3598/4909/3105 3350/4910/3017
f 3656/4874/3126 3348/4911/3017 3344/4707/3016
f 3656/4874/3126 3344/4707/3016 3541/4814/3086
f 3713/4912/3145 2607/4361/2777 2603/4360/2776
f 3713/4912/3145 2603/4360/2776 3715/4913/3146
f 3713/4912/3145 3715/4913/3146 3717/4914/3147
f 3713/4912/3145 3717/4914/3147 3688/4915/3137
f 3713/4912/3145 3688/4915/3137 2622/4916/2782
f 3713/4912/3145 2622/4916/2782 2607/4361/2777
f 3720/4917/3148 2891/4492/2860 2889/4491/2859
f 3720/4917/3148 2889/4491/2859 3458/4767/3056
f 3720/4917/3148 3458/4767/3056 3726/4918/3149
f 3720/4917/3148 3726/4918/3149 3729/4919/3150
f 3720/4917/3148 3729/4919/3150 3049/4561/2908
f 3720/4917/3148 3049/4561/2908 2891/4492/2860
f 3525/4808/3081 3326/4695/3007 3282/4673/2987
f 3525/4808/3081 3282/4673/2987 3670/4920/3132
f 3526/4921/3081 3671/4883/3132 3669/4882/3131
f 3526/4921/3081 3669/4882/3131 3733/4922/3151
f 3526/4921/3081 3733/4922/3151 3528/4829/3082
f 3186/4672/2952 3670/4920/3132 3282/4673/2987
f 3734/4923/3152 3244/4729/2974 3398/4728/3029
f 3734/4923/3152 3398/4728/3029 3739/4924/3153
f 3734/4923/3152 3739/4924/3153 3745/4925/3154
f 3735/4926/3152 3747/4927/3154 3661/4878/3128
f 3735/4926/3152 3661/4878/3128 3248/4654/2975
f 3735/4926/3152 3248/4654/2975 3245/4653/2974
f 3750/4928/3155 2593/4356/2774 2592/4355/2773
f 3750/4928/3155 2592/4355/2773 3681/4889/3135
f 3750/4928/3155 3681/4889/3135 3754/4929/3156
f 3750/4928/3155 3754/4929/3156 3715/4913/3146
f 3750/4928/3155 3715/4913/3146 2603/4360/2776
f 3750/4928/3155 2603/4360/2776 2593/4356/2774
f 3756/4930/3157 3102/4585/2923 3221/4642/2965
f 3756/4930/3157 3221/4642/2965 3760/4931/3158
f 3756/4930/3157 3760/4931/3158 3761/4932/3159
f 3756/4930/3157 3761/4932/3159 3557/4824/3093
f 3756/4930/3157 3557/4824/3093 3104/4586/2924
f 3756/4930/3157 3104/4586/2924 3102/4585/2923
f 3056/4564/2910 3052/4563/2909 3768/4933/3160
f 3056/4564/2910 3768/4933/3160 3771/4934/3161
f 3056/4564/2910 3771/4934/3161 3509/4801/3074
f 3056/4564/2910 3509/4801/3074 3008/4539/2893
f 3513/4935/3076 3511/4936/3075 3777/4937/3162
f 3513/4935/3076 3777/4937/3162 3780/4938/3163
f 3515/4939/3076 3781/4940/3164 3327/4699/3010
f 3515/4939/3076 3327/4699/3010 3179/4698/3009
f 3782/4941/3165 3073/4575/2916 3138/4942/2937
f 3782/4941/3165 3138/4942/2937 3786/4943/3166
f 3782/4941/3165 3786/4943/3166 3789/4944/3167
f 3782/4941/3165 3789/4944/3167 3546/4816/3088
f 3782/4941/3165 3546/4816/3088 3077/4576/2917
f 3782/4941/3165 3077/4576/2917 3073/4575/2916
f 3159/4613/2943 3156/4612/2942 3791/4945/3168
f 3159/4613/2943 3791/4945/3168 3792/4946/3169
f 3159/4613/2943 3792/4946/3169 3412/4738/3036
f 3159/4613/2943 3412/4738/3036 2938/4614/2873
f 3796/4947/3170 3314/4688/3001 3375/4718/3023
f 3796/4947/3170 3375/4718/3023 3801/4948/3171
f 3796/4947/3170 3801/4948/3171 3804/4949/3172
f 3796/4947/3170 3804/4949/3172 3456/4766/3055
f 3796/4947/3170 3456/4766/3055 3315/4689/3002
f 3796/4947/3170 3315/4689/3002 3314/4688/3001
f 3572/4836/3097 3327/4699/3010 3781/4940/3164
f 3571/4950/3097 3780/4938/3163 3808/4951/3173
f 3571/4950/3097 3808/4951/3173 3596/4952/3105
f 3572/4836/3097 3598/4909/3105 3575/4837/3098
f 3808/4951/3173 3780/4938/3163 3811/4953/3174
f 3808/4951/3173 3811/4953/3174 3589/4954/3175
f 3808/4951/3173 3589/4954/3175 3599/4955/3106
f 3808/4951/3173 3599/4955/3106 3596/4952/3105
f 3590/4956/3175 3256/4657/2977 3600/4846/3106
f 3819/4957/3176 3170/4617/2946 3228/4645/2968
f 3819/4957/3176 3228/4645/2968 3822/4958/3177
f 3819/4957/3176 3822/4958/3177 3826/4959/3178
f 3819/4957/3176 3826/4959/3178 3697/4898/3140
f 3819/4957/3176 3697/4898/3140 3171/4618/2947
f 3819/4957/3176 3171/4618/2947 3170/4617/2946
f 3829/4960/3179 3398/4728/3029 3395/4727/3028
f 3829/4960/3179 3395/4727/3028 3593/4843/3103
f 3830/4961/3180 3594/4962/3103 3833/4963/3181
f 3830/4961/3180 3833/4963/3181 3835/4964/3182
f 3830/4961/3180 3835/4964/3182 3740/4965/3153
f 3829/4960/3179 3739/4924/3153 3398/4728/3029
f 3838/4966/3183 2671/4387/2796 2670/4386/2795
f 3838/4966/3183 2670/4386/2795 3292/4677/2990
f 3839/4967/3184 3293/4968/2990 3842/4969/3185
f 3839/4967/3184 3842/4969/3185 3843/4970/3186
f 3839/4967/3184 3843/4970/3186 3137/4604/2936
f 3839/4967/3184 3137/4604/2936 2672/4389/2796
f 3521/4806/3079 3519/4805/3078 3844/4971/3187
f 3521/4806/3079 3844/4971/3187 3847/4972/3188
f 3521/4806/3079 3847/4972/3188 3212/4637/2961
f 3521/4806/3079 3212/4637/2961 2969/4517/2881
f 3851/4973/3189 3220/4641/2964 3392/4726/3027
f 3850/4974/3189 3393/4725/3027 3853/4975/3190
f 3850/4974/3189 3853/4975/3190 3855/4976/3191
f 3851/4973/3189 3856/4977/3191 3760/4931/3158
f 3851/4973/3189 3760/4931/3158 3221/4642/2965
f 3851/4973/3189 3221/4642/2965 3220/4641/2964
f 3862/4978/3192 3635/4979/3120 3707/4980/3143
f 3862/4978/3192 3707/4980/3143 3866/4981/3193
f 3861/4982/3194 3865/4983/3195 3867/4984/3196
f 3861/4982/3194 3867/4984/3196 3870/4985/3197
f 3861/4982/3194 3870/4985/3197 3873/4986/3198
f 3862/4978/3192 3874/4987/3199 3635/4979/3120
f 3878/4988/3200 3636/4989/3120 3875/4990/3201
f 3878/4988/3200 3875/4990/3201 3880/4991/3202
f 3878/4988/3200 3880/4991/3202 3884/4992/3203
f 3878/4988/3200 3884/4992/3203 3891/4993/3204
f 3878/4988/3200 3891/4993/3204 3896/4994/3205
f 3878/4988/3200 3896/4994/3205 3866/4981/3193
f 3878/4988/3200 3866/4981/3193 3639/4995/3121
f 3878/4988/3200 3639/4995/3121 3636/4989/3120
f 3900/4996/3206 3901/4997/3207 3903/4998/3208
f 3900/4996/3206 3903/4998/3208 3905/4999/3209
f 3900/4996/3206 3905/4999/3209 3911/5000/3210
f 3900/4996/3206 3911/5000/3210 3879/5001/3211
f 3900/4996/3206 3879/5001/3211 3914/5002/3212
f 3900/4996/3206 3914/5002/3212 3901/4997/3207
f 3917/5003/3213 3901/4997/3207 3914/5002/3212
f 3917/5003/3213 3914/5002/3212 3921/5004/3214
f 3918/5005/3213 3923/5006/3214 3924/5007/3215
f 3918/5005/3213 3924/5007/3215 3926/5008/3216
f 3918/5005/3213 3926/5008/3216 3928/5009/3217
f 3917/5003/3213 3927/5010/3218 3901/4997/3207
f 3931/5011/3219 3902/5012/3207 3928/5009/3217
f 3931/5011/3219 3928/5009/3217 3926/5008/3216
f 3931/5011/3219 3926/5008/3216 3933/5013/3220
f 3931/5011/3219 3933/5013/3220 3937/5014/3221
f 3931/5011/3219 3937/5014/3221 3904/5015/3222
f 3931/5011/3219 3904/5015/3222 3902/5012/3207
f 3942/5016/3223 2988/4528/2886 3415/5017/3037
f 3941/5018/3223 3414/4739/3037 3943/5019/3224
f 3942/5016/3223 3944/5020/3224 3947/5021/3225
f 3942/5016/3223 3947/5021/3225 3406/4734/3033
f 3942/5016/3223 3406/4734/3033 2991/4529/2887
f 3942/5016/3223 2991/4529/2887 2988/4528/2886
f 3265/4662/2981 3261/4661/2980 3950/5022/3226
f 3265/4662/2981 3950/5022/3226 3952/5023/3227
f 3265/4662/2981 3952/5023/3227 3791/4945/3168
f 3265/4662/2981 3791/4945/3168 3156/4612/2942
f 3957/5024/3228 3227/4644/2967 3503/4799/3072
f 3956/5025/3228 3502/4797/3072 3960/5026/3229
f 3956/5025/3228 3960/5026/3229 3963/5027/3230
f 3957/5024/3228 3964/5028/3230 3822/4958/3177
f 3957/5024/3228 3822/4958/3177 3228/4645/2968
f 3957/5024/3228 3228/4645/2968 3227/4644/2967
f 3866/4981/3193 3707/4980/3143 3639/4995/3121
f 3911/5000/3210 3905/4999/3209 3966/5029/3231
f 3911/5000/3210 3966/5029/3231 3883/5030/3232
f 3911/5000/3210 3883/5030/3232 3879/5001/3211
f 3873/4986/3198 3870/4985/3197 3970/5031/3233
f 3873/4986/3198 3970/5031/3233 3922/5032/3214
f 3872/5033/3198 3921/5004/3214 3914/5002/3212
f 3872/5033/3198 3914/5002/3212 3879/5001/3211
f 3733/4922/3151 3669/4882/3131 3980/5034/3234
f 3733/4922/3151 3980/5034/3234 3983/5035/3235
f 3733/4922/3151 3983/5035/3235 3561/4830/3095
f 3733/4922/3151 3561/4830/3095 3528/4829/3082
f 3986/5036/3236 3214/4638/2962 3212/4637/2961
f 3986/5036/3236 3212/4637/2961 3847/4972/3188
f 3986/5036/3236 3847/4972/3188 3989/5037/3237
f 3986/5036/3236 3989/5037/3237 3992/5038/3238
f 3986/5036/3236 3992/5038/3238 3336/5039/3013
f 3986/5036/3236 3336/5039/3013 3214/4638/2962
f 3995/5040/3239 3391/4724/3026 3663/4879/3129
f 3995/5040/3239 3663/4879/3129 3997/5041/3240
f 3995/5040/3239 3997/5041/3240 3999/5042/3241
f 3995/5040/3239 3999/5042/3241 3853/4975/3190
f 3995/5040/3239 3853/4975/3190 3393/4725/3027
f 3995/5040/3239 3393/4725/3027 3391/4724/3026
f 3811/4953/3174 3780/4938/3163 3777/4937/3162
f 3811/4953/3174 3777/4937/3162 4003/5043/3242
f 3811/4953/3174 4003/5043/3242 3833/4963/3181
f 3811/4953/3174 3833/4963/3181 3594/4962/3103
f 3811/4953/3174 3594/4962/3103 3589/4954/3175
f 3402/4731/3031 3401/4730/3030 4006/5044/3243
f 3402/4731/3031 4006/5044/3243 4008/5045/3244
f 3402/4731/3031 4008/5045/3244 3290/4676/2989
f 3402/4731/3031 3290/4676/2989 2856/4470/2848
f 4012/5046/3245 2818/4457/2837 2816/4456/2836
f 4012/5046/3245 2816/4456/2836 3547/4817/3089
f 4012/5046/3245 3547/4817/3089 4015/5047/3246
f 4012/5046/3245 4015/5047/3246 4017/5048/3247
f 4012/5046/3245 4017/5048/3247 3146/5049/2939
f 4012/5046/3245 3146/5049/2939 2818/4457/2837
f 3432/4750/3044 3429/4749/3043 4020/5050/3248
f 3432/4750/3044 4020/5050/3248 4022/5051/3249
f 3432/4750/3044 4022/5051/3249 3951/5052/3226
f 3431/4751/3045 3950/5022/3226 3261/4661/2980
f 4025/5053/3250 3610/4851/3110 3620/4859/3115
f 4025/5053/3250 3620/4859/3115 3648/4870/3123
f 4025/5053/3250 3648/4870/3123 4029/5054/3251
f 4025/5053/3250 4029/5054/3251 4032/5055/3252
f 4025/5053/3250 4032/5055/3252 3611/4852/3111
f 4025/5053/3250 3611/4852/3111 3610/4851/3110
f 3802/5056/3171 3376/4853/3023 3611/4852/3111
f 3802/5056/3171 3611/4852/3111 4032/5055/3252
f 3802/5056/3171 4032/5055/3252 4038/5057/3253
f 3802/5056/3171 4038/5057/3253 3805/5058/3172
f 4041/5059/3254 3046/4559/2907 3042/4558/2906
f 4041/5059/3254 3042/4558/2906 3631/4862/3118
f 4041/5059/3254 3631/4862/3118 4044/5060/3255
f 4041/5059/3254 4044/5060/3255 4047/5061/3256
f 4041/5059/3254 4047/5061/3256 3236/4648/2971
f 4041/5059/3254 3236/4648/2971 3046/4559/2907
f 4049/5062/3257 3904/5015/3222 3937/5014/3221
f 4049/5062/3257 3937/5014/3221 4054/5063/3258
f 4050/5064/3257 4055/5065/3259 4057/5066/3260
f 4049/5062/3257 4056/5067/3260 4060/5068/3261
f 4049/5062/3257 4060/5068/3261 3906/5069/3209
f 4049/5062/3257 3906/5069/3209 3904/5015/3222
f 4064/5070/3262 3926/5008/3216 3924/5007/3215
f 4064/5070/3262 3924/5007/3215 4067/5071/3263
f 4063/5072/3262 4066/5073/3263 4070/5074/3264
f 4063/5072/3262 4070/5074/3264 4075/5075/3265
f 4063/5072/3262 4075/5075/3265 3932/5076/3220
f 4064/5070/3262 3933/5013/3220 3926/5008/3216
f 4077/5077/3266 3661/4878/3128 3747/4927/3154
f 4077/5077/3266 3747/4927/3154 4080/5078/3267
f 4077/5077/3266 4080/5078/3267 4083/5079/3268
f 4077/5077/3266 4083/5079/3268 3997/5041/3240
f 4077/5077/3266 3997/5041/3240 3663/4879/3129
f 4077/5077/3266 3663/4879/3129 3661/4878/3128
f 3409/4735/3034 3406/4734/3033 4085/5080/3269
f 3409/4735/3034 4085/5080/3269 4087/5081/3270
f 3409/4735/3034 4087/5081/3270 3400/5082/3030
f 3410/4736/3035 3401/4730/3030 2934/4505/2871
f 3701/4899/3141 3697/4898/3140 4092/5083/3271
f 3700/5084/3141 4091/5085/3271 4093/5086/3272
f 3700/5084/3141 4093/5086/3272 4020/5050/3248
f 3700/5084/3141 4020/5050/3248 3429/4749/3043
f 4096/5087/3273 3501/4826/3071 3559/4825/3094
f 4096/5087/3273 3559/4825/3094 4099/5088/3274
f 4095/5089/3273 4098/5090/3274 4102/5091/3275
f 4095/5089/3273 4102/5091/3275 3960/5026/3229
f 4095/5089/3273 3960/5026/3229 3502/4797/3072
f 4095/5089/3273 3502/4797/3072 3499/4796/3071
f 4105/5092/3276 3923/5006/3214 3972/5093/3233
f 4104/5094/3276 3971/5095/3233 4107/5096/3277
f 4103/5097/3276 4106/5098/3277 4065/5099/3263
f 4105/5092/3276 4067/5071/3263 3924/5007/3215
f 4105/5092/3276 3924/5007/3215 3923/5006/3214
f 4061/5100/3278 4058/5101/3260 4110/5102/3279
f 4060/5068/3261 4109/5103/3279 4118/5104/3280
f 4060/5068/3261 4118/5104/3280 3967/5105/3231
f 4060/5068/3261 3967/5105/3231 3906/5069/3209
f 4126/5106/3281 3740/4965/3153 3835/4964/3182
f 4126/5106/3281 3835/4964/3182 4129/5107/3282
f 4126/5106/3281 4129/5107/3282 4131/5108/3283
f 4126/5106/3281 4131/5108/3283 4079/5109/3267
f 4127/5110/3281 4080/5078/3267 3747/4927/3154
f 4126/5106/3281 3746/5111/3154 3740/4965/3153
f 4137/5112/3284 3566/4831/3096 3561/4830/3095
f 4137/5112/3284 3561/4830/3095 3983/5035/3235
f 4137/5112/3284 3983/5035/3235 4138/5113/3285
f 4137/5112/3284 4138/5113/3285 4142/5114/3286
f 4136/5115/3284 4141/5116/3286 4145/5117/3287
f 4136/5115/3284 4145/5117/3287 3565/5118/3096
f 4146/5119/3287 4143/5120/3286 4149/5121/3288
f 4146/5119/3287 4149/5121/3288 4029/5054/3251
f 4146/5119/3287 4029/5054/3251 3648/4870/3123
f 4146/5119/3287 3648/4870/3123 3567/4869/3096
f 3889/5122/3204 3883/5030/3232 3966/5029/3231
f 3890/5123/3204 3967/5105/3231 4118/5104/3280
f 3890/5123/3204 4118/5104/3280 4153/5124/3289
f 3890/5123/3204 4153/5124/3289 3895/5125/3205
f 4156/5126/3290 3339/4781/3014 3337/5127/3013
f 4156/5126/3290 3337/5127/3013 3993/5128/3238
f 4155/5129/3290 3992/5038/3238 4160/5130/3291
f 4156/5126/3290 4161/5131/3291 4167/5132/3292
f 4156/5126/3290 4167/5132/3292 3478/4782/3063
f 4156/5126/3290 3478/4782/3063 3339/4781/3014
f 4169/5133/3293 3485/4787/3067 3666/4880/3130
f 4169/5133/3293 3666/4880/3130 4171/5134/3294
f 4169/5133/3293 4171/5134/3294 4174/5135/3295
f 4170/5136/3293 4175/5137/3295 3980/5034/3234
f 4170/5136/3293 3980/5034/3234 3669/4882/3131
f 4169/5133/3293 3668/5138/3131 3485/4787/3067
f 3705/4904/3142 3690/4903/3138 4177/5139/3296
f 3706/5140/3142 4178/5141/3296 4180/5142/3297
f 3705/4904/3142 4179/5143/3297 3628/4861/3117
f 3705/4904/3142 3628/4861/3117 3208/4636/2960
f 4183/5144/3298 3557/4824/3093 3761/4932/3159
f 4183/5144/3298 3761/4932/3159 4186/5145/3299
f 4183/5144/3298 4186/5145/3299 4188/5146/3300
f 4184/5147/3298 4189/5148/3300 4191/5149/3301
f 4184/5147/3298 4191/5149/3301 4195/5150/3302
f 4183/5144/3298 4194/5151/3303 4198/5152/3304
f 4183/5144/3298 4198/5152/3304 4202/5153/3305
f 4183/5144/3298 4202/5153/3305 4099/5088/3274
f 4183/5144/3298 4099/5088/3274 3559/4825/3094
f 4183/5144/3298 3559/4825/3094 3557/4824/3093
f 4205/5154/3306 3051/5155/2909 3049/4561/2908
f 4205/5154/3306 3049/4561/2908 3729/4919/3150
f 4205/5154/3306 3729/4919/3150 4208/5156/3307
f 4205/5154/3306 4208/5156/3307 4211/5157/3308
f 4205/5154/3306 4211/5157/3308 4212/5158/3309
f 4205/5154/3306 4212/5158/3309 3051/5155/2909
f 4212/5158/3309 4211/5157/3308 4217/5159/3310
f 4212/5158/3309 4217/5159/3310 4220/5160/3311
f 4213/5161/3309 4221/5162/3311 3768/4933/3160
f 4213/5161/3309 3768/4933/3160 3052/4563/2909
f 4223/5163/3312 3936/5164/3221 3932/5076/3220
f 4223/5163/3312 3932/5076/3220 4075/5075/3265
f 4224/5165/3312 4076/5166/3313 4227/5167/3314
f 4224/5165/3312 4227/5167/3314 4231/5168/3315
f 4224/5165/3312 4231/5168/3315 4055/5065/3259
f 4223/5163/3312 4053/5169/3259 3936/5164/3221
f 3826/4959/3178 3822/4958/3177 4236/5170/3316
f 3826/4959/3178 4236/5170/3316 4244/5171/3317
f 3826/4959/3178 4244/5171/3317 4092/5083/3271
f 3826/4959/3178 4092/5083/3271 3697/4898/3140
f 3867/4984/3196 3865/4983/3195 3894/5172/3205
f 3868/5173/3196 3895/5125/3205 4247/5174/3318
f 3868/5173/3196 4247/5174/3318 4251/5175/3319
f 3868/5173/3196 4251/5175/3319 3871/5176/3320
f 4254/5177/3321 3971/5095/3233 3871/5176/3320
f 4254/5177/3321 3871/5176/3320 4251/5175/3319
f 4255/5178/3321 4252/5179/3319 4257/5180/3322
f 4255/5178/3321 4257/5180/3322 4260/5181/3323
f 4255/5178/3321 4260/5181/3323 4108/5182/3324
f 4254/5177/3321 4107/5096/3277 3971/5095/3233
f 4264/5183/3325 3508/5184/3074 3770/5185/3161
f 4264/5183/3325 3770/5185/3161 4265/5186/3326
f 4264/5183/3325 4265/5186/3326 4268/5187/3327
f 4264/5183/3325 4268/5187/3327 4270/5188/3328
f 4264/5183/3325 4270/5188/3328 3511/4936/3075
f 4264/5183/3325 3511/4936/3075 3508/5184/3074
f 4272/5189/3329 3480/4783/3064 3478/4782/3063
f 4272/5189/3329 3478/4782/3063 4167/5132/3292
f 4272/5189/3329 4167/5132/3292 4278/5190/3330
f 4272/5189/3329 4278/5190/3330 4281/5191/3331
f 4272/5189/3329 4281/5191/3331 3584/4840/3100
f 4272/5189/3329 3584/4840/3100 3480/4783/3064
f 4284/5192/3332 3585/4841/3101 3584/4840/3100
f 4284/5192/3332 3584/4840/3100 4281/5191/3331
f 4284/5192/3332 4281/5191/3331 4287/5193/3333
f 4284/5192/3332 4287/5193/3333 4171/5134/3294
f 4284/5192/3332 4171/5134/3294 3666/4880/3130
f 4284/5192/3332 3666/4880/3130 3585/4841/3101
f 4291/5194/3334 3412/4738/3036 3792/4946/3169
f 4291/5194/3334 3792/4946/3169 4292/5195/3335
f 4291/5194/3334 4292/5195/3335 4294/5196/3336
f 4291/5194/3334 4294/5196/3336 3943/5019/3224
f 4291/5194/3334 3943/5019/3224 3414/4739/3037
f 4291/5194/3334 3414/4739/3037 3412/4738/3036
f 3857/5197/3191 3854/5198/3190 4298/5199/3337
f 3857/5197/3191 4298/5199/3337 4301/5200/3338
f 3857/5197/3191 4301/5200/3338 4187/5201/3299
f 3856/4977/3191 4186/5145/3299 3760/4931/3158
f 4186/5145/3299 3761/4932/3159 3760/4931/3158
f 3999/5042/3241 3997/5041/3240 4304/5202/3339
f 4000/5203/3241 4305/5204/3339 4306/5205/3340
f 4000/5203/3241 4306/5205/3340 4298/5199/3337
f 3999/5042/3241 4297/5206/3337 3853/4975/3190
f 4270/5188/3328 4268/5187/3327 4310/5207/3341
f 4270/5188/3328 4310/5207/3341 4003/5043/3242
f 4270/5188/3328 4003/5043/3242 3777/4937/3162
f 4270/5188/3328 3777/4937/3162 3511/4936/3075
f 4131/5108/3283 4129/5107/3282 4317/5208/3342
f 4131/5108/3283 4317/5208/3342 4319/5209/3343
f 4132/5210/3283 4320/5211/3343 4083/5079/3268
f 4132/5210/3283 4083/5079/3268 4080/5078/3267
f 4310/5207/3341 4268/5187/3327 4129/5107/3282
f 4310/5207/3341 4129/5107/3282 3835/4964/3182
f 4310/5207/3341 3835/4964/3182 3833/4963/3181
f 4310/5207/3341 3833/4963/3181 4003/5043/3242
f 4327/5212/3344 4020/5050/3248 4093/5086/3272
f 4327/5212/3344 4093/5086/3272 4328/5213/3345
f 4327/5212/3344 4328/5213/3345 4330/5214/3346
f 4327/5212/3344 4330/5214/3346 4022/5051/3249
f 4327/5212/3344 4022/5051/3249 4020/5050/3248
f 4304/5202/3339 3997/5041/3240 4083/5079/3268
f 4304/5202/3339 4083/5079/3268 4320/5211/3343
f 4305/5204/3339 4321/5215/3343 4333/5216/3347
f 4305/5204/3339 4333/5216/3347 4306/5205/3340
f 4335/5217/3348 3951/5052/3226 4022/5051/3249
f 4335/5217/3348 4022/5051/3249 4330/5214/3346
f 4335/5217/3348 4330/5214/3346 4337/5218/3349
f 4335/5217/3348 4337/5218/3349 4341/5219/3350
f 4335/5217/3348 4341/5219/3350 3953/5220/3227
f 4335/5217/3348 3953/5220/3227 3951/5052/3226
f 3963/5027/3230 3960/5026/3229 4344/5221/3351
f 3963/5027/3230 4344/5221/3351 4345/5222/3352
f 3963/5027/3230 4345/5222/3352 4235/5223/3316
f 3964/5028/3230 4236/5170/3316 3822/4958/3177
f 4350/5224/3353 3458/4767/3056 3456/4766/3055
f 4350/5224/3353 3456/4766/3055 4353/5225/3354
f 4349/5226/3353 4352/5227/3354 4355/5228/3355
f 4349/5226/3353 4355/5228/3355 4357/5229/3356
f 4349/5226/3353 4357/5229/3356 3725/5230/3149
f 4350/5224/3353 3726/4918/3149 3458/4767/3056
f 4360/5231/3357 3241/4650/2973 3237/4649/2972
f 4359/5232/3357 3236/4648/2971 4047/5061/3256
f 4359/5232/3357 4047/5061/3256 4361/5233/3358
f 4360/5231/3357 4362/5234/3358 4366/5235/3359
f 4360/5231/3357 4366/5235/3359 3519/4805/3078
f 4360/5231/3357 3519/4805/3078 3241/4650/2973
f 4369/5236/3360 4065/5099/3263 4106/5098/3277
f 4370/5237/3361 4108/5182/3324 4260/5181/3323
f 4370/5237/3361 4260/5181/3323 4375/5238/3362
f 4370/5237/3361 4375/5238/3362 4377/5239/3363
f 4371/5240/3360 4379/5241/3363 4071/5242/3364
f 4371/5240/3360 4071/5242/3364 4068/5243/3263
f 4382/5244/3365 3791/4945/3168 3952/5023/3227
f 4382/5244/3365 3952/5023/3227 4340/5245/3350
f 4383/5246/3365 4341/5219/3350 4388/5247/3366
f 4382/5244/3365 4387/5248/3366 4292/5195/3335
f 4382/5244/3365 4292/5195/3335 3792/4946/3169
f 4382/5244/3365 3792/4946/3169 3791/4945/3168
f 4153/5124/3289 4118/5104/3280 4391/5249/3367
f 4154/5250/3289 4392/5251/3367 4394/5252/3368
f 4154/5250/3289 4394/5252/3368 4248/5253/3318
f 4153/5124/3289 4247/5174/3318 3895/5125/3205
f 4110/5102/3279 4058/5101/3260 4399/5254/3369
f 4110/5102/3279 4399/5254/3369 4400/5255/3370
f 4110/5102/3279 4400/5255/3370 4392/5251/3367
f 4110/5102/3279 4392/5251/3367 4119/5256/3280
f 4402/5257/3371 4055/5065/3259 4231/5168/3315
f 4402/5257/3371 4231/5168/3315 4406/5258/3372
f 4402/5257/3371 4406/5258/3372 4413/5259/3373
f 4402/5257/3371 4413/5259/3373 4398/5260/3369
f 4402/5257/3371 4398/5260/3369 4057/5066/3260
f 4402/5257/3371 4057/5066/3260 4055/5065/3259
f 4416/5261/3374 3139/4605/2937 3137/4604/2936
f 4416/5261/3374 3137/4604/2936 3843/4970/3186
f 4416/5261/3374 3843/4970/3186 4419/5262/3375
f 4416/5261/3374 4419/5262/3375 4422/5263/3376
f 4416/5261/3374 4422/5263/3376 3787/5264/3166
f 4416/5261/3374 3787/5264/3166 3139/4605/2937
f 4424/5265/3377 4093/5086/3272 4091/5085/3271
f 4424/5265/3377 4091/5085/3271 4243/5266/3317
f 4424/5265/3377 4243/5266/3317 4427/5267/3378
f 4424/5265/3377 4427/5267/3378 4431/5268/3379
f 4424/5265/3377 4431/5268/3379 4328/5213/3345
f 4424/5265/3377 4328/5213/3345 4093/5086/3272
f 4353/5225/3354 3456/4766/3055 3804/4949/3172
f 4353/5225/3354 3804/4949/3172 4436/5269/3380
f 4352/5227/3354 4434/5270/3380 4439/5271/3381
f 4352/5227/3354 4439/5271/3381 4355/5228/3355
f 4301/5200/3338 4298/5199/3337 4441/5272/3382
f 4301/5200/3338 4441/5272/3382 4442/5273/3383
f 4301/5200/3338 4442/5273/3383 4189/5148/3300
f 4301/5200/3338 4189/5148/3300 4187/5201/3299
f 4447/5274/3384 3770/5185/3161 3767/5275/3160
f 4447/5274/3384 3767/5275/3160 4219/5276/3311
f 4447/5274/3384 4219/5276/3311 4450/5277/3385
f 4447/5274/3384 4450/5277/3385 4451/5278/3386
f 4447/5274/3384 4451/5278/3386 4265/5186/3326
f 4447/5274/3384 4265/5186/3326 3770/5185/3161
f 4441/5272/3382 4298/5199/3337 4306/5205/3340
f 4441/5272/3382 4306/5205/3340 4333/5216/3347
f 4441/5272/3382 4333/5216/3347 4455/5279/3387
f 4441/5272/3382 4455/5279/3387 4442/5273/3383
f 4460/5280/3388 4076/5166/3313 4071/5242/3364
f 4460/5280/3388 4071/5242/3364 4379/5241/3363
f 4460/5280/3388 4379/5241/3363 4463/5281/3389
f 4459/5282/3388 4462/5283/3389 4464/5284/3390
f 4460/5280/3388 4465/5285/3390 4227/5167/3314
f 4460/5280/3388 4227/5167/3314 4076/5166/3313
f 4317/5208/3342 4129/5107/3282 4268/5187/3327
f 4317/5208/3342 4268/5187/3327 4265/5186/3326
f 4317/5208/3342 4265/5186/3326 4451/5278/3386
f 4317/5208/3342 4451/5278/3386 4471/5286/3391
f 4318/5287/3342 4472/5288/3391 4321/5215/3343
f 4479/5289/3392 3150/5290/2940 3146/5049/2939
f 4479/5289/3392 3146/5049/2939 4017/5048/3247
f 4479/5289/3392 4017/5048/3247 4483/5291/3393
f 4480/5292/3392 4484/5293/3393 4487/5294/3394
f 4480/5292/3392 4487/5294/3394 3421/5295/3039
f 4478/5296/3392 3419/4743/3039 3149/4610/2940
f 3947/5021/3225 3944/5020/3224 4490/5297/3395
f 3947/5021/3225 4490/5297/3395 4491/5298/3396
f 3947/5021/3225 4491/5298/3396 4085/5080/3269
f 3947/5021/3225 4085/5080/3269 3406/4734/3033
f 4102/5091/3275 4098/5090/3274 4201/5299/3305
f 4102/5091/3275 4201/5299/3305 4493/5300/3397
f 4102/5091/3275 4493/5300/3397 4344/5221/3351
f 4102/5091/3275 4344/5221/3351 3960/5026/3229
f 4028/5301/3398 4148/5302/3288 4496/5303/3399
f 4028/5301/3398 4496/5303/3399 4498/5304/3400
f 4028/5301/3398 4498/5304/3400 4037/5305/3253
f 4029/5054/3251 4038/5057/3253 4032/5055/3252
f 4500/5306/3401 3983/5035/3235 3980/5034/3234
f 4500/5306/3401 3980/5034/3234 4175/5137/3295
f 4500/5306/3401 4175/5137/3295 4503/5307/3402
f 4500/5306/3401 4503/5307/3402 4504/5308/3403
f 4500/5306/3401 4504/5308/3403 4138/5113/3285
f 4500/5306/3401 4138/5113/3285 3983/5035/3235
f 4507/5309/3404 3292/4677/2990 3290/4676/2989
f 4507/5309/3404 3290/4676/2989 4008/5045/3244
f 4507/5309/3404 4008/5045/3244 4512/5310/3405
f 4507/5309/3404 4512/5310/3405 4514/5311/3406
f 4508/5312/3407 4515/5313/3406 3842/4969/3185
f 4507/5309/3404 3841/5314/3185 3292/4677/2990
f 4087/5081/3270 4085/5080/3269 4520/5315/3408
f 4087/5081/3270 4520/5315/3408 4523/5316/3409
f 4087/5081/3270 4523/5316/3409 4005/5317/3243
f 4087/5081/3270 4005/5317/3243 3400/5082/3030
f 4528/5318/3410 4330/5214/3346 4328/5213/3345
f 4528/5318/3410 4328/5213/3345 4431/5268/3379
f 4528/5318/3410 4431/5268/3379 4530/5319/3411
f 4528/5318/3410 4530/5319/3411 4533/5320/3412
f 4528/5318/3410 4533/5320/3412 4337/5218/3349
f 4528/5318/3410 4337/5218/3349 4330/5214/3346
f 4178/5141/3296 3691/4894/3138 3687/4893/3137
f 4178/5141/3296 3687/4893/3137 3716/5321/3147
f 4178/5141/3296 3716/5321/3147 4539/5322/3413
f 4178/5141/3296 4539/5322/3413 4542/5323/3414
f 4178/5141/3296 4542/5323/3414 4544/5324/3415
f 4178/5141/3296 4544/5324/3415 4180/5142/3297
f 4366/5235/3359 4362/5234/3358 4547/5325/3416
f 4366/5235/3359 4547/5325/3416 4549/5326/3417
f 4366/5235/3359 4549/5326/3417 3844/4971/3187
f 4366/5235/3359 3844/4971/3187 3519/4805/3078
f 4471/5286/3391 4451/5278/3386 4556/5327/3418
f 4472/5288/3391 4557/5328/3418 4558/5329/3419
f 4472/5288/3391 4558/5329/3419 4455/5279/3387
f 4472/5288/3391 4455/5279/3387 4333/5216/3347
f 4472/5288/3391 4333/5216/3347 4321/5215/3343
f 4563/5330/3420 4235/5223/3316 4345/5222/3352
f 4563/5330/3420 4345/5222/3352 4565/5331/3421
f 4563/5330/3420 4565/5331/3421 4567/5332/3422
f 4563/5330/3420 4567/5332/3422 4428/5333/3378
f 4562/5334/3420 4427/5267/3378 4243/5266/3317
f 4562/5334/3420 4243/5266/3317 4234/5335/3316
f 4570/5336/3423 3631/4862/3118 3628/4861/3117
f 4570/5336/3423 3628/4861/3117 4179/5143/3297
f 4571/5337/3423 4180/5142/3297 4574/5338/3424
f 4571/5337/3423 4574/5338/3424 4577/5339/3425
f 4570/5336/3423 4576/5340/3425 4044/5060/3255
f 4570/5336/3423 4044/5060/3255 3631/4862/3118
f 4437/5341/3380 3805/5058/3172 4038/5057/3253
f 4435/5342/3380 4037/5305/3253 4498/5304/3400
f 4435/5342/3380 4498/5304/3400 4583/5343/3426
f 4434/5270/3380 4582/5344/3426 4439/5271/3381
f 4191/5149/3301 4189/5148/3300 4442/5273/3383
f 4191/5149/3301 4442/5273/3383 4585/5345/3427
f 4191/5149/3301 4585/5345/3427 4590/5346/3428
f 4191/5149/3301 4590/5346/3428 4195/5150/3302
f 4591/5347/3429 3847/4972/3188 3844/4971/3187
f 4591/5347/3429 3844/4971/3187 4549/5326/3417
f 4591/5347/3429 4549/5326/3417 4596/5348/3430
f 4591/5347/3429 4596/5348/3430 4600/5349/3431
f 4591/5347/3429 4600/5349/3431 3989/5037/3237
f 4591/5347/3429 3989/5037/3237 3847/4972/3188
f 4603/5350/3432 4248/5253/3318 4394/5252/3368
f 4603/5350/3432 4394/5252/3368 4604/5351/3433
f 4603/5350/3432 4604/5351/3433 4608/5352/3434
f 4603/5350/3432 4608/5352/3434 4257/5180/3322
f 4603/5350/3432 4257/5180/3322 4252/5179/3319
f 4603/5350/3432 4252/5179/3319 4248/5253/3318
f 4612/5353/3435 4231/5168/3315 4227/5167/3314
f 4612/5353/3435 4227/5167/3314 4465/5285/3390
f 4611/5354/3435 4464/5284/3390 4620/5355/3436
f 4611/5354/3435 4620/5355/3436 4623/5356/3437
f 4611/5354/3435 4623/5356/3437 4407/5357/3438
f 4612/5353/3435 4406/5258/3372 4231/5168/3315
f 4626/5358/3439 4392/5251/3367 4400/5255/3370
f 4626/5358/3439 4400/5255/3370 4630/5359/3440
f 4626/5358/3439 4630/5359/3440 4633/5360/3441
f 4626/5358/3439 4633/5360/3441 4604/5351/3433
f 4626/5358/3439 4604/5351/3433 4394/5252/3368
f 4626/5358/3439 4394/5252/3368 4392/5251/3367
f 4636/5361/3442 4171/5134/3294 4287/5193/3333
f 4636/5361/3442 4287/5193/3333 4638/5362/3443
f 4636/5361/3442 4638/5362/3443 4643/5363/3444
f 4636/5361/3442 4643/5363/3444 4647/5364/3445
f 4636/5361/3442 4647/5364/3445 4174/5135/3295
f 4636/5361/3442 4174/5135/3295 4171/5134/3294
f 4649/5365/3446 3728/5366/3150 3725/5230/3149
f 4649/5365/3446 3725/5230/3149 4357/5229/3356
f 4649/5365/3446 4357/5229/3356 4653/5367/3447
f 4649/5365/3446 4653/5367/3447 4655/5368/3448
f 4649/5365/3446 4655/5368/3448 4207/5369/3307
f 4649/5365/3446 4207/5369/3307 3728/5366/3150
f 4197/5370/3304 4193/5371/3302 4657/5372/3449
f 4197/5370/3304 4657/5372/3449 4661/5373/3450
f 4197/5370/3304 4661/5373/3450 4493/5300/3397
f 4197/5370/3304 4493/5300/3397 4201/5299/3305
f 4664/5374/3451 4219/5276/3311 4215/5375/3310
f 4665/5376/3452 4216/5377/3310 4668/5378/3453
f 4665/5376/3452 4668/5378/3453 4672/5379/3454
f 4664/5374/3451 4671/5380/3454 4675/5381/3455
f 4664/5374/3451 4675/5381/3455 4450/5277/3385
f 4664/5374/3451 4450/5277/3385 4219/5276/3311
f 4678/5382/3456 4138/5113/3285 4504/5308/3403
f 4678/5382/3456 4504/5308/3403 4683/5383/3457
f 4678/5382/3456 4683/5383/3457 4685/5384/3458
f 4679/5385/3456 4686/5386/3458 4690/5387/3459
f 4679/5385/3456 4690/5387/3459 4143/5120/3286
f 4678/5382/3456 4142/5114/3286 4138/5113/3285
f 4585/5345/3427 4442/5273/3383 4455/5279/3387
f 4585/5345/3427 4455/5279/3387 4558/5329/3419
f 4585/5345/3427 4558/5329/3419 4691/5388/3460
f 4585/5345/3427 4691/5388/3460 4590/5346/3428
f 4694/5389/3461 3992/5038/3238 3989/5037/3237
f 4694/5389/3461 3989/5037/3237 4600/5349/3431
f 4695/5390/3461 4601/5391/3431 4698/5392/3462
f 4695/5390/3461 4698/5392/3462 4702/5393/3463
f 4694/5389/3461 4701/5394/3463 4160/5130/3291
f 4694/5389/3461 4160/5130/3291 3992/5038/3238
f 4704/5395/3464 4281/5191/3331 4278/5190/3330
f 4705/5396/3464 4279/5397/3330 4708/5398/3465
f 4705/5396/3464 4708/5398/3465 4709/5399/3466
f 4705/5396/3464 4709/5399/3466 4639/5400/3443
f 4704/5395/3464 4638/5362/3443 4287/5193/3333
f 4704/5395/3464 4287/5193/3333 4281/5191/3331
f 4712/5401/3467 4398/5260/3369 4413/5259/3373
f 4711/5402/3468 4412/5403/3373 4719/5404/3469
f 4711/5402/3468 4719/5404/3469 4723/5405/3470
f 4711/5402/3468 4723/5405/3470 4629/5406/3440
f 4713/5407/3468 4630/5359/3440 4400/5255/3370
f 4713/5407/3468 4400/5255/3370 4399/5254/3369
f 4726/5408/3471 3547/4817/3089 3546/4816/3088
f 4726/5408/3471 3546/4816/3088 3789/4944/3167
f 4726/5408/3471 3789/4944/3167 4727/5409/3472
f 4726/5408/3471 4727/5409/3472 4730/5410/3473
f 4726/5408/3471 4730/5410/3473 4015/5047/3246
f 4726/5408/3471 4015/5047/3246 3547/4817/3089
f 4734/5411/3474 3424/4887/3040 3420/5412/3039
f 4735/5413/3475 3421/5295/3039 4487/5294/3394
f 4735/5413/3475 4487/5294/3394 4738/5414/3476
f 4735/5413/3475 4738/5414/3476 4740/5415/3477
f 4734/5411/3474 4739/5416/3477 3678/4888/3134
f 4734/5411/3474 3678/4888/3134 3424/4887/3040
f 4743/5417/3478 4337/5218/3349 4533/5320/3412
f 4743/5417/3478 4533/5320/3412 4745/5418/3479
f 4743/5417/3478 4745/5418/3479 4750/5419/3480
f 4743/5417/3478 4750/5419/3480 4388/5247/3366
f 4743/5417/3478 4388/5247/3366 4341/5219/3350
f 4743/5417/3478 4341/5219/3350 4337/5218/3349
f 4755/5420/3481 4260/5181/3323 4257/5180/3322
f 4755/5420/3481 4257/5180/3322 4608/5352/3434
f 4755/5420/3481 4608/5352/3434 4760/5421/3482
f 4754/5422/3481 4759/5423/3482 4763/5424/3483
f 4755/5420/3481 4764/5425/3483 4375/5238/3362
f 4755/5420/3481 4375/5238/3362 4260/5181/3323
f 4768/5426/3484 4344/5221/3351 4493/5300/3397
f 4768/5426/3484 4493/5300/3397 4661/5373/3450
f 4768/5426/3484 4661/5373/3450 4771/5427/3485
f 4768/5426/3484 4771/5427/3485 4565/5331/3421
f 4768/5426/3484 4565/5331/3421 4345/5222/3352
f 4768/5426/3484 4345/5222/3352 4344/5221/3351
f 4774/5428/3486 4214/5429/3310 4210/5430/3308
f 4774/5428/3486 4210/5430/3308 4778/5431/3487
f 4775/5432/3486 4779/5433/3487 4781/5434/3488
f 4775/5432/3486 4781/5434/3488 4783/5435/3489
f 4775/5432/3486 4783/5435/3489 4668/5378/3453
f 4774/5428/3486 4667/5436/3453 4214/5429/3310
f 4648/5437/3445 4644/5438/3444 4787/5439/3490
f 4648/5437/3445 4787/5439/3490 4790/5440/3491
f 4648/5437/3445 4790/5440/3491 4503/5307/3402
f 4648/5437/3445 4503/5307/3402 4175/5137/3295
f 4556/5327/3418 4451/5278/3386 4450/5277/3385
f 4556/5327/3418 4450/5277/3385 4675/5381/3455
f 4557/5328/3418 4676/5441/3455 4558/5329/3419
f 4796/5442/3492 4166/5443/3493 4160/5130/3291
f 4796/5442/3492 4160/5130/3291 4701/5394/3463
f 4797/5444/3492 4702/5393/3463 4800/5445/3494
f 4797/5444/3492 4800/5445/3494 4708/5398/3465
f 4797/5444/3492 4708/5398/3465 4279/5397/3330
f 4796/5442/3492 4277/5446/3330 4166/5443/3493
f 4803/5447/3495 3789/4944/3167 3786/4943/3166
f 4804/5448/3495 3787/5264/3166 4422/5263/3376
f 4804/5448/3495 4422/5263/3376 4807/5449/3496
f 4804/5448/3495 4807/5449/3496 4813/5450/3497
f 4803/5447/3495 4811/5451/3497 4727/5409/3472
f 4803/5447/3495 4727/5409/3472 3789/4944/3167
f 4294/5196/3336 4292/5195/3335 4816/5452/3498
f 4294/5196/3336 4816/5452/3498 4821/5453/3499
f 4294/5196/3336 4821/5453/3499 4489/5454/3395
f 4294/5196/3336 4489/5454/3395 3943/5019/3224
f 4826/5455/3500 4047/5061/3256 4044/5060/3255
f 4826/5455/3500 4044/5060/3255 4576/5340/3425
f 4827/5456/3500 4577/5339/3425 4828/5457/3501
f 4827/5456/3500 4828/5457/3501 4830/5458/3502
f 4827/5456/3500 4830/5458/3502 4363/5459/3358
f 4826/5455/3500 4361/5233/3358 4047/5061/3256
f 4689/5460/3459 4684/5461/3458 4835/5462/3503
f 4688/5463/3459 4834/5464/3503 4496/5303/3399
f 4688/5463/3459 4496/5303/3399 4148/5302/3288
f 4690/5387/3459 4149/5121/3288 4143/5120/3286
f 4838/5465/3504 4405/5466/3438 4621/5467/3437
f 4838/5465/3504 4621/5467/3437 4842/5468/3505
f 4839/5469/3504 4843/5470/3505 4848/5471/3506
f 4838/5465/3504 4847/5472/3506 4717/5473/3469
f 4838/5465/3504 4717/5473/3469 4411/5474/3373
f 4838/5465/3504 4411/5474/3373 4405/5466/3438
f 4491/5298/3396 4490/5297/3395 4851/5475/3507
f 4491/5298/3396 4851/5475/3507 4852/5476/3508
f 4491/5298/3396 4852/5476/3508 4520/5315/3408
f 4491/5298/3396 4520/5315/3408 4085/5080/3269
f 4855/5477/3509 3681/4889/3135 3678/4888/3134
f 4855/5477/3509 3678/4888/3134 4739/5416/3477
f 4855/5477/3509 4739/5416/3477 4857/5478/3510
f 4855/5477/3509 4857/5478/3510 4860/5479/3511
f 4855/5477/3509 4860/5479/3511 3754/4929/3156
f 4855/5477/3509 3754/4929/3156 3681/4889/3135
f 4816/5452/3498 4292/5195/3335 4387/5248/3366
f 4817/5480/3498 4388/5247/3366 4750/5419/3480
f 4817/5480/3498 4750/5419/3480 4865/5481/3512
f 4817/5480/3498 4865/5481/3512 4823/5482/3499
f 4872/5483/3513 4195/5150/3302 4590/5346/3428
f 4872/5483/3513 4590/5346/3428 4875/5484/3514
f 4871/5485/3513 4874/5486/3514 4877/5487/3515
f 4871/5485/3513 4877/5487/3515 4880/5488/3516
f 4871/5485/3513 4880/5488/3516 4658/5489/3449
f 4870/5490/3513 4657/5372/3449 4193/5371/3302
f 4691/5388/3460 4558/5329/3419 4676/5441/3455
f 4691/5388/3460 4676/5441/3455 4673/5491/3454
f 4691/5388/3460 4673/5491/3454 4886/5492/3517
f 4691/5388/3460 4886/5492/3517 4875/5484/3514
f 4691/5388/3460 4875/5484/3514 4590/5346/3428
f 4893/5493/3518 4377/5239/3363 4375/5238/3362
f 4894/5494/3518 4374/5495/3362 4765/5496/3483
f 4894/5494/3518 4765/5496/3483 4899/5497/3519
f 4894/5494/3518 4899/5497/3519 4900/5498/3520
f 4894/5494/3518 4900/5498/3520 4462/5283/3389
f 4894/5494/3518 4462/5283/3389 4378/5499/3363
f 4903/5500/3521 3715/4913/3146 3754/4929/3156
f 4903/5500/3521 3754/4929/3156 4860/5479/3511
f 4903/5500/3521 4860/5479/3511 4908/5501/3522
f 4903/5500/3521 4908/5501/3522 4914/5502/3523
f 4903/5500/3521 4914/5502/3523 4538/5503/3413
f 4903/5500/3521 4538/5503/3413 3717/4914/3147
f 4903/5500/3521 3717/4914/3147 3715/4913/3146
f 4916/5504/3524 4431/5268/3379 4427/5267/3378
f 4917/5505/3524 4428/5333/3378 4567/5332/3422
f 4917/5505/3524 4567/5332/3422 4919/5506/3525
f 4917/5505/3524 4919/5506/3525 4921/5507/3526
f 4917/5505/3524 4921/5507/3526 4531/5508/3411
f 4916/5504/3524 4530/5319/3411 4431/5268/3379
f 4778/5431/3487 4210/5430/3308 4207/5369/3307
f 4778/5431/3487 4207/5369/3307 4655/5368/3448
f 4779/5433/3487 4656/5509/3448 4928/5510/3527
f 4779/5433/3487 4928/5510/3527 4781/5434/3488
f 4930/5511/3528 4504/5308/3403 4503/5307/3402
f 4930/5511/3528 4503/5307/3402 4790/5440/3491
f 4930/5511/3528 4790/5440/3491 4787/5439/3490
f 4930/5511/3528 4787/5439/3490 4934/5512/3529
f 4930/5511/3528 4934/5512/3529 4683/5383/3457
f 4930/5511/3528 4683/5383/3457 4504/5308/3403
f 4936/5513/3530 4668/5378/3453 4783/5435/3489
f 4936/5513/3530 4783/5435/3489 4940/5514/3531
f 4936/5513/3530 4940/5514/3531 4941/5515/3532
f 4936/5513/3530 4941/5515/3532 4672/5379/3454
f 4936/5513/3530 4672/5379/3454 4668/5378/3453
f 4945/5516/3533 4604/5351/3433 4633/5360/3441
f 4944/5517/3533 4632/5518/3441 4949/5519/3534
f 4944/5517/3533 4949/5519/3534 4950/5520/3535
f 4944/5517/3533 4950/5520/3535 4759/5423/3482
f 4944/5517/3533 4759/5423/3482 4607/5521/3434
f 4945/5516/3533 4608/5352/3434 4604/5351/3433
f 4954/5522/3536 4464/5284/3390 4462/5283/3389
f 4954/5522/3536 4462/5283/3389 4900/5498/3520
f 4954/5522/3536 4900/5498/3520 4959/5523/3537
f 4954/5522/3536 4959/5523/3537 4962/5524/3538
f 4954/5522/3536 4962/5524/3538 4620/5355/3436
f 4954/5522/3536 4620/5355/3436 4464/5284/3390
f 4968/5525/3539 3843/4970/3186 3842/4969/3185
f 4968/5525/3539 3842/4969/3185 4515/5313/3406
f 4968/5525/3539 4515/5313/3406 4975/5526/3540
f 4968/5525/3539 4975/5526/3540 4979/5527/3541
f 4968/5525/3539 4979/5527/3541 4419/5262/3375
f 4968/5525/3539 4419/5262/3375 3843/4970/3186
f 4983/5528/3542 4008/5045/3244 4006/5044/3243
f 4982/5529/3543 4005/5317/3243 4523/5316/3409
f 4982/5529/3543 4523/5316/3409 4988/5530/3544
f 4982/5529/3543 4988/5530/3544 4990/5531/3545
f 4982/5529/3543 4990/5531/3545 4511/5532/3405
f 4983/5528/3542 4512/5310/3405 4008/5045/3244
f 4941/5515/3532 4940/5514/3531 4993/5533/3546
f 4941/5515/3532 4993/5533/3546 4877/5487/3515
f 4941/5515/3532 4877/5487/3515 4885/5534/3517
f 4941/5515/3532 4885/5534/3517 4672/5379/3454
f 4996/5535/3547 4629/5406/3440 4723/5405/3470
f 4996/5535/3547 4723/5405/3470 5000/5536/3548
f 4995/5537/3547 4999/5538/3549 5001/5539/3550
f 4996/5535/3547 5002/5540/3550 4949/5519/3534
f 4996/5535/3547 4949/5519/3534 4632/5518/3441
f 4996/5535/3547 4632/5518/3441 4629/5406/3440
f 5005/5541/3551 4657/5372/3449 4879/5542/3516
f 5006/5543/3551 4880/5488/3516 5010/5544/3552
f 5005/5541/3551 5009/5545/3553 5012/5546/3554
f 5005/5541/3551 5012/5546/3554 4771/5427/3485
f 5005/5541/3551 4771/5427/3485 4661/5373/3450
f 5005/5541/3551 4661/5373/3450 4657/5372/3449
f 4877/5487/3515 4874/5486/3514 4885/5534/3517
f 5017/5547/3555 4718/5548/3469 4848/5471/3506
f 5017/5547/3555 4848/5471/3506 5019/5549/3556
f 5017/5547/3555 5019/5549/3556 5022/5550/3557
f 5017/5547/3555 5022/5550/3557 4999/5538/3549
f 5017/5547/3555 4999/5538/3549 4722/5551/3470
f 5018/5552/3558 4723/5405/3470 4719/5404/3469
f 5027/5553/3559 4623/5356/3437 4620/5355/3436
f 5026/5554/3559 4619/5555/3436 4960/5556/3538
f 5026/5554/3559 4960/5556/3538 5030/5557/3560
f 5026/5554/3559 5030/5557/3560 5034/5558/3561
f 5026/5554/3559 5034/5558/3561 4843/5470/3505
f 5026/5554/3559 4843/5470/3505 4622/5559/3437
f 5036/5560/3562 4017/5048/3247 4015/5047/3246
f 5036/5560/3562 4015/5047/3246 4730/5410/3473
f 5037/5561/3562 4731/5562/3473 5040/5563/3563
f 5037/5561/3562 5040/5563/3563 5042/5564/3564
f 5038/5565/3562 5043/5566/3564 4484/5293/3393
f 5036/5560/3562 4483/5291/3393 4017/5048/3247
f 5045/5567/3565 4533/5320/3412 4530/5319/3411
f 5046/5568/3565 4531/5508/3411 4921/5507/3526
f 5046/5568/3565 4921/5507/3526 5048/5569/3566
f 5046/5568/3565 5048/5569/3566 5051/5570/3567
f 5046/5568/3565 5051/5570/3567 4746/5571/3479
f 5045/5567/3565 4745/5418/3479 4533/5320/3412
f 4574/5338/3424 4180/5142/3297 4544/5324/3415
f 4574/5338/3424 4544/5324/3415 4542/5323/3414
f 4574/5338/3424 4542/5323/3414 5058/5572/3568
f 4574/5338/3424 5058/5572/3568 4577/5339/3425
f 5059/5573/3569 4565/5331/3421 4771/5427/3485
f 5059/5573/3569 4771/5427/3485 5012/5546/3554
f 5059/5573/3569 5012/5546/3554 5065/5574/3570
f 5059/5573/3569 5065/5574/3570 4919/5506/3525
f 5059/5573/3569 4919/5506/3525 4567/5332/3422
f 5059/5573/3569 4567/5332/3422 4565/5331/3421
f 4830/5458/3502 4828/5457/3501 5071/5575/3571
f 4830/5458/3502 5071/5575/3571 5074/5576/3572
f 4831/5577/3502 5075/5578/3572 4548/5579/3416
f 4831/5577/3502 4548/5579/3416 4364/5580/3358
f 5077/5581/3573 4639/5400/3443 4709/5399/3466
f 5077/5581/3573 4709/5399/3466 5079/5582/3574
f 5077/5581/3573 5079/5582/3574 5083/5583/3575
f 5077/5581/3573 5083/5583/3575 4645/5584/3444
f 5077/5581/3573 4645/5584/3444 4639/5400/3443
f 4851/5475/3507 4490/5297/3395 4822/5585/3499
f 4851/5475/3507 4822/5585/3499 5087/5586/3576
f 4851/5475/3507 5087/5586/3576 5091/5587/3577
f 4851/5475/3507 5091/5587/3577 4852/5476/3508
f 5093/5588/3578 4750/5419/3480 4745/5418/3479
f 5094/5589/3578 4746/5571/3479 5051/5570/3567
f 5092/5590/3578 5050/5591/3567 5097/5592/3579
f 5092/5590/3578 5097/5592/3579 5088/5593/3576
f 5092/5590/3578 5088/5593/3576 4864/5594/3512
f 5093/5588/3578 4865/5481/3512 4750/5419/3480
f 4993/5533/3546 4940/5514/3531 5101/5595/3580
f 4993/5533/3546 5101/5595/3580 5010/5544/3552
f 4993/5533/3546 5010/5544/3552 4880/5488/3516
f 4993/5533/3546 4880/5488/3516 4877/5487/3515
f 5105/5596/3581 4683/5383/3457 4934/5512/3529
f 5104/5597/3581 4933/5598/3529 5109/5599/3582
f 5104/5597/3581 5109/5599/3582 5111/5600/3583
f 5104/5597/3581 5111/5600/3583 5114/5601/3584
f 5104/5597/3581 5114/5601/3584 4684/5461/3458
f 5104/5597/3581 4684/5461/3458 4682/5602/3457
f 5120/5603/3585 4848/5471/3506 4843/5470/3505
f 5120/5603/3585 4843/5470/3505 5034/5558/3561
f 5120/5603/3585 5034/5558/3561 5121/5604/3586
f 5120/5603/3585 5121/5604/3586 5126/5605/3587
f 5120/5603/3585 5126/5605/3587 5019/5549/3556
f 5120/5603/3585 5019/5549/3556 4848/5471/3506
f 5129/5606/3588 4727/5409/3472 4811/5451/3497
f 5130/5607/3588 4812/5608/3497 5134/5609/3589
f 5130/5607/3588 5134/5609/3589 5135/5610/3590
f 5130/5607/3588 5135/5610/3590 4731/5562/3473
f 5129/5606/3588 4730/5410/3473 4727/5409/3472
f 5141/5611/3591 4355/5228/3355 4439/5271/3381
f 5141/5611/3591 4439/5271/3381 5143/5612/3592
f 5141/5611/3591 5143/5612/3592 5146/5613/3593
f 5141/5611/3591 5146/5613/3593 5148/5614/3594
f 5141/5611/3591 5148/5614/3594 5151/5615/3595
f 5141/5611/3591 5151/5615/3595 4355/5228/3355
f 5151/5615/3595 5148/5614/3594 5154/5616/3596
f 5151/5615/3595 5154/5616/3596 4653/5367/3447
f 5151/5615/3595 4653/5367/3447 4357/5229/3356
f 5151/5615/3595 4357/5229/3356 4355/5228/3355
f 5160/5617/3597 4550/5618/3417 4548/5579/3416
f 5160/5617/3597 4548/5579/3416 5075/5578/3572
f 5160/5617/3597 5075/5578/3572 5161/5619/3598
f 5160/5617/3597 5161/5619/3598 5162/5620/3599
f 5160/5617/3597 5162/5620/3599 4597/5621/3430
f 5160/5617/3597 4597/5621/3430 4550/5618/3417
f 4800/5445/3494 4702/5393/3463 5165/5622/3600
f 4800/5445/3494 5165/5622/3600 5168/5623/3601
f 4800/5445/3494 5168/5623/3601 5079/5582/3574
f 4800/5445/3494 5079/5582/3574 4708/5398/3465
f 5079/5582/3574 4709/5399/3466 4708/5398/3465
f 5171/5624/3602 4520/5315/3408 4852/5476/3508
f 5171/5624/3602 4852/5476/3508 5176/5625/3603
f 5171/5624/3602 5176/5625/3603 5179/5626/3604
f 5171/5624/3602 5179/5626/3604 4988/5530/3544
f 5171/5624/3602 4988/5530/3544 4523/5316/3409
f 5171/5624/3602 4523/5316/3409 4520/5315/3408
f 4583/5343/3426 4498/5304/3400 5184/5627/3605
f 4583/5343/3426 5184/5627/3605 5186/5628/3606
f 4583/5343/3426 5186/5628/3606 5144/5629/3592
f 4582/5344/3426 5143/5612/3592 4439/5271/3381
f 5188/5630/3607 4783/5435/3489 4781/5434/3488
f 5188/5630/3607 4781/5434/3488 5189/5631/3608
f 5188/5630/3607 5189/5631/3608 5191/5632/3609
f 5188/5630/3607 5191/5632/3609 5101/5595/3580
f 5188/5630/3607 5101/5595/3580 4940/5514/3531
f 5188/5630/3607 4940/5514/3531 4783/5435/3489
f 5193/5633/3610 4601/5391/3431 4597/5621/3430
f 5193/5633/3610 4597/5621/3430 5162/5620/3599
f 5193/5633/3610 5162/5620/3599 5195/5634/3611
f 5193/5633/3610 5195/5634/3611 5196/5635/3612
f 5193/5633/3610 5196/5635/3612 4698/5392/3462
f 5193/5633/3610 4698/5392/3462 4601/5391/3431
f 5165/5622/3600 4702/5393/3463 4698/5392/3462
f 5165/5622/3600 4698/5392/3462 5196/5635/3612
f 5165/5622/3600 5196/5635/3612 5199/5636/3613
f 5165/5622/3600 5199/5636/3613 5168/5623/3601
f 5083/5583/3575 5079/5582/3574 5168/5623/3601
f 5083/5583/3575 5168/5623/3601 5204/5637/3614
f 5082/5638/3575 5203/5639/3614 5205/5640/3615
f 5082/5638/3575 5205/5640/3615 5109/5599/3582
f 5083/5583/3575 5110/5641/3582 4788/5642/3490
f 5083/5583/3575 4788/5642/3490 4645/5584/3444
f 5208/5643/3616 4759/5423/3482 4950/5520/3535
f 5208/5643/3616 4950/5520/3535 5212/5644/3617
f 5208/5643/3616 5212/5644/3617 5215/5645/3618
f 5208/5643/3616 5215/5645/3618 4898/5646/3619
f 5208/5643/3616 4898/5646/3619 4763/5424/3483
f 5208/5643/3616 4763/5424/3483 4759/5423/3482
f 5109/5599/3582 4933/5598/3529 4786/5647/3490
f 5220/5648/3620 4948/5649/3534 5001/5539/3550
f 5220/5648/3620 5001/5539/3550 5224/5650/3621
f 5220/5648/3620 5224/5650/3621 5225/5651/3622
f 5220/5648/3620 5225/5651/3622 5210/5652/3617
f 5221/5653/3620 5212/5644/3617 4950/5520/3535
f 5221/5653/3620 4950/5520/3535 4949/5519/3534
f 5228/5654/3623 4999/5538/3549 5022/5550/3557
f 5228/5654/3623 5022/5550/3557 5230/5655/3624
f 5228/5654/3623 5230/5655/3624 5232/5656/3625
f 5228/5654/3623 5232/5656/3625 5224/5650/3621
f 5228/5654/3623 5224/5650/3621 5001/5539/3550
f 5228/5654/3623 5001/5539/3550 4999/5538/3549
f 5235/5657/3626 5019/5549/3556 5126/5605/3587
f 5236/5658/3626 5127/5659/3587 5239/5660/3627
f 5236/5658/3626 5239/5660/3627 5240/5661/3628
f 5237/5662/3626 5241/5663/3628 5231/5664/3624
f 5235/5657/3626 5230/5655/3624 5022/5550/3557
f 5235/5657/3626 5022/5550/3557 5019/5549/3556
f 5245/5665/3629 4422/5263/3376 4419/5262/3375
f 5245/5665/3629 4419/5262/3375 4979/5527/3541
f 5245/5665/3629 4979/5527/3541 5246/5666/3630
f 5245/5665/3629 5246/5666/3630 5249/5667/3631
f 5245/5665/3629 5249/5667/3631 4807/5449/3496
f 5245/5665/3629 4807/5449/3496 4422/5263/3376
f 5253/5668/3632 4511/5532/3405 4990/5531/3545
f 5254/5669/3632 4991/5670/3545 5256/5671/3633
f 5254/5669/3632 5256/5671/3633 5258/5672/3634
f 5254/5669/3632 5258/5672/3634 4976/5673/3540
f 5254/5669/3632 4976/5673/3540 4516/5674/3406
f 5254/5669/3632 4516/5674/3406 4513/5675/3405
f 5087/5586/3576 4822/5585/3499 4863/5676/3512
f 5261/5677/3635 4498/5304/3400 4496/5303/3399
f 5261/5677/3635 4496/5303/3399 4834/5464/3503
f 5261/5677/3635 4834/5464/3503 5265/5678/3636
f 5261/5677/3635 5265/5678/3636 5269/5679/3637
f 5261/5677/3635 5269/5679/3637 5184/5627/3605
f 5261/5677/3635 5184/5627/3605 4498/5304/3400
f 5114/5601/3584 5111/5600/3583 5274/5680/3638
f 5113/5681/3584 5273/5682/3638 5265/5678/3636
f 5113/5681/3584 5265/5678/3636 4834/5464/3503
f 5114/5601/3584 4835/5462/3503 4684/5461/3458
f 5279/5683/3639 4900/5498/3520 4899/5497/3519
f 5278/5684/3639 4897/5685/3519 5214/5686/3618
f 5278/5684/3639 5214/5686/3618 5285/5687/3640
f 5278/5684/3639 5285/5687/3640 5290/5688/3641
f 5278/5684/3639 5290/5688/3641 4958/5689/3537
f 5279/5683/3639 4959/5523/3537 4900/5498/3520
f 5058/5572/3568 4542/5323/3414 5293/5690/3642
f 5057/5691/3643 5292/5692/3642 5295/5693/3644
f 5057/5691/3643 5295/5693/3644 5298/5694/3645
f 5057/5691/3643 5298/5694/3645 5299/5695/3646
f 5058/5572/3568 5300/5696/3646 4828/5457/3501
f 5058/5572/3568 4828/5457/3501 4577/5339/3425
f 5302/5697/3647 5010/5544/3552 5101/5595/3580
f 5302/5697/3647 5101/5595/3580 5191/5632/3609
f 5302/5697/3647 5191/5632/3609 5305/5698/3648
f 5302/5697/3647 5305/5698/3648 5067/5699/3570
f 5302/5697/3647 5067/5699/3570 5013/5700/3554
f 5302/5697/3647 5013/5700/3554 5010/5544/3552
f 5310/5701/3649 5311/5702/3650 5314/5703/3651
f 5309/5704/3649 5313/5705/3651 5318/5706/3652
f 5309/5704/3649 5318/5706/3652 5320/5707/3653
f 5309/5704/3649 5320/5707/3653 5321/5708/3654
f 5310/5701/3649 5322/5709/3654 5324/5710/3655
f 5310/5701/3649 5324/5710/3655 5311/5702/3650
f 5327/5711/3656 5311/5702/3650 5328/5712/3657
f 5327/5711/3656 5328/5712/3657 5331/5713/3658
f 5326/5714/3656 5330/5715/3658 5333/5716/3659
f 5326/5714/3656 5333/5716/3659 5334/5717/3660
f 5327/5711/3656 5336/5718/3661 5314/5703/3651
f 5327/5711/3656 5314/5703/3651 5311/5702/3650
f 5338/5719/3662 5311/5702/3650 5324/5710/3655
f 5338/5719/3662 5324/5710/3655 5341/5720/3663
f 5338/5719/3662 5341/5720/3663 5342/5721/3664
f 5338/5719/3662 5342/5721/3664 5346/5722/3665
f 5338/5719/3662 5346/5722/3665 5328/5712/3657
f 5338/5719/3662 5328/5712/3657 5311/5702/3650
f 5350/5723/3666 4656/5509/3448 4654/5724/3447
f 5349/5725/3666 4653/5367/3447 5154/5616/3596
f 5350/5723/3666 5155/5726/3667 5356/5727/3668
f 5350/5723/3666 5356/5727/3668 5359/5728/3669
f 5350/5723/3666 5359/5728/3669 4928/5510/3527
f 5350/5723/3666 4928/5510/3527 4656/5509/3448
f 5361/5729/3670 4961/5730/3538 4958/5689/3537
f 5361/5729/3670 4958/5689/3537 5290/5688/3641
f 5361/5729/3670 5290/5688/3641 5365/5731/3671
f 5361/5729/3670 5365/5731/3671 5368/5732/3672
f 5361/5729/3670 5368/5732/3672 5031/5733/3560
f 5361/5729/3670 5031/5733/3560 4961/5730/3538
f 5372/5734/3673 5034/5558/3561 5030/5557/3560
f 5373/5735/3673 5031/5733/3560 5368/5732/3672
f 5374/5736/3673 5369/5737/3672 5377/5738/3674
f 5374/5736/3673 5377/5738/3674 5380/5739/3675
f 5374/5736/3673 5380/5739/3675 5122/5740/3586
f 5372/5734/3673 5121/5604/3586 5034/5558/3561
f 5382/5741/3676 5231/5664/3624 5241/5663/3628
f 5382/5741/3676 5241/5663/3628 5388/5742/3677
f 5382/5741/3676 5388/5742/3677 5390/5743/3678
f 5382/5741/3676 5390/5743/3678 5391/5744/3679
f 5382/5741/3676 5391/5744/3679 5233/5745/3625
f 5382/5741/3676 5233/5745/3625 5231/5664/3624
f 5394/5746/3680 5127/5659/3587 5122/5740/3586
f 5394/5746/3680 5122/5740/3586 5380/5739/3675
f 5394/5746/3680 5380/5739/3675 5398/5747/3681
f 5394/5746/3680 5398/5747/3681 5400/5748/3682
f 5394/5746/3680 5400/5748/3682 5239/5660/3627
f 5394/5746/3680 5239/5660/3627 5127/5659/3587
f 5403/5749/3683 5320/5707/3653 5408/5750/3684
f 5403/5749/3683 5408/5750/3684 5389/5751/3685
f 5404/5752/3683 5390/5743/3678 5388/5742/3677
f 5403/5749/3683 5386/5753/3686 5413/5754/3687
f 5403/5749/3683 5413/5754/3687 5417/5755/3688
f 5403/5749/3683 5417/5755/3688 5320/5707/3653
f 5318/5706/3652 5313/5705/3651 5420/5756/3689
f 5319/5757/3690 5421/5758/3691 5425/5759/3692
f 5318/5706/3652 5424/5760/3692 5408/5750/3684
f 5318/5706/3652 5408/5750/3684 5320/5707/3653
f 5417/5755/3688 5413/5754/3687 5428/5761/3693
f 5417/5755/3688 5428/5761/3693 5430/5762/3694
f 5417/5755/3688 5430/5762/3694 5321/5708/3654
f 5417/5755/3688 5321/5708/3654 5320/5707/3653
f 5334/5717/3660 5333/5716/3659 5435/5763/3695
f 5334/5717/3660 5435/5763/3695 5438/5764/3696
f 5335/5765/3697 5439/5766/3696 5421/5758/3691
f 5336/5718/3661 5422/5767/3691 5314/5703/3651
f 5441/5768/3698 5331/5713/3658 5328/5712/3657
f 5441/5768/3698 5328/5712/3657 5346/5722/3665
f 5440/5769/3698 5345/5770/3665 5444/5771/3699
f 5440/5769/3698 5444/5771/3699 5446/5772/3700
f 5440/5769/3698 5446/5772/3700 5330/5715/3658
f 5448/5773/3701 5330/5715/3658 5446/5772/3700
f 5448/5773/3701 5446/5772/3700 5450/5774/3702
f 5448/5773/3701 5450/5774/3702 5452/5775/3703
f 5448/5773/3701 5452/5775/3703 5454/5776/3704
f 5448/5773/3701 5454/5776/3704 5333/5716/3659
f 5448/5773/3701 5333/5716/3659 5330/5715/3658
f 5455/5777/3705 4487/5294/3394 4484/5293/3393
f 5455/5777/3705 4484/5293/3393 5043/5566/3564
f 5455/5777/3705 5043/5566/3564 5460/5778/3706
f 5455/5777/3705 5460/5778/3706 5461/5779/3707
f 5455/5777/3705 5461/5779/3707 4738/5414/3476
f 5455/5777/3705 4738/5414/3476 4487/5294/3394
f 5293/5690/3642 4542/5323/3414 4539/5322/3413
f 5293/5690/3642 4539/5322/3413 4913/5780/3523
f 5292/5692/3642 4912/5781/3523 5466/5782/3708
f 5292/5692/3642 5466/5782/3708 5469/5783/3709
f 5292/5692/3642 5469/5783/3709 5295/5693/3644
f 5475/5784/3710 4921/5507/3526 4919/5506/3525
f 5475/5784/3710 4919/5506/3525 5065/5574/3570
f 5476/5785/3710 5066/5786/3570 5304/5787/3648
f 5476/5785/3710 5304/5787/3648 5481/5788/3711
f 5476/5785/3710 5481/5788/3711 5049/5789/3566
f 5475/5784/3710 5048/5569/3566 4921/5507/3526
f 5189/5631/3608 4781/5434/3488 4928/5510/3527
f 5189/5631/3608 4928/5510/3527 5359/5728/3669
f 5189/5631/3608 5359/5728/3669 5488/5790/3712
f 5189/5631/3608 5488/5790/3712 5191/5632/3609
f 5492/5791/3713 5240/5661/3628 5239/5660/3627
f 5492/5791/3713 5239/5660/3627 5400/5748/3682
f 5492/5791/3713 5400/5748/3682 5496/5792/3714
f 5491/5793/3713 5495/5794/3715 5413/5754/3687
f 5492/5791/3713 5414/5795/3716 5387/5796/3686
f 5492/5791/3713 5387/5796/3686 5240/5661/3628
f 5454/5776/3704 5452/5775/3703 5499/5797/3717
f 5454/5776/3704 5499/5797/3717 5502/5798/3718
f 5454/5776/3704 5502/5798/3718 5435/5763/3695
f 5454/5776/3704 5435/5763/3695 5333/5716/3659
f 5507/5799/3719 5321/5708/3654 5430/5762/3694
f 5508/5800/3719 5431/5801/3720 5510/5802/3721
f 5508/5800/3719 5510/5802/3721 5516/5803/3722
f 5508/5800/3719 5516/5803/3722 5341/5720/3663
f 5508/5800/3719 5341/5720/3663 5324/5710/3655
f 5508/5800/3719 5324/5710/3655 5322/5709/3654
f 5519/5804/3723 5446/5772/3700 5444/5771/3699
f 5519/5804/3723 5444/5771/3699 5521/5805/3724
f 5519/5804/3723 5521/5805/3724 5522/5806/3725
f 5519/5804/3723 5522/5806/3725 5523/5807/3726
f 5519/5804/3723 5523/5807/3726 5450/5774/3702
f 5519/5804/3723 5450/5774/3702 5446/5772/3700
f 5525/5808/3727 5224/5650/3621 5232/5656/3625
f 5526/5809/3727 5233/5745/3625 5391/5744/3679
f 5526/5809/3727 5391/5744/3679 5531/5810/3728
f 5526/5809/3727 5531/5810/3728 5535/5811/3729
f 5526/5809/3727 5535/5811/3729 5226/5812/3622
f 5525/5808/3727 5225/5651/3622 5224/5650/3621
f 5538/5813/3730 5407/5814/3684 5423/5815/3731
f 5539/5816/3732 5426/5817/3733 5542/5818/3734
f 5539/5816/3732 5542/5818/3734 5531/5810/3728
f 5539/5816/3732 5531/5810/3728 5391/5744/3679
f 5539/5816/3732 5391/5744/3679 5390/5743/3678
f 5539/5816/3732 5390/5743/3678 5409/5819/3684
f 5428/5761/3693 5413/5754/3687 5495/5794/3715
f 5428/5761/3693 5495/5794/3715 5546/5820/3735
f 5428/5761/3693 5546/5820/3735 5549/5821/3736
f 5428/5761/3693 5549/5821/3736 5553/5822/3737
f 5428/5761/3693 5553/5822/3737 5430/5762/3694
f 5556/5823/3738 5450/5774/3702 5523/5807/3726
f 5556/5823/3738 5523/5807/3726 5559/5824/3739
f 5556/5823/3738 5559/5824/3739 5560/5825/3740
f 5556/5823/3738 5560/5825/3740 5563/5826/3741
f 5556/5823/3738 5563/5826/3741 5452/5775/3703
f 5556/5823/3738 5452/5775/3703 5450/5774/3702
f 5567/5827/3742 5346/5722/3665 5342/5721/3664
f 5567/5827/3742 5342/5721/3664 5571/5828/3743
f 5566/5829/3742 5570/5830/3744 5572/5831/3745
f 5566/5829/3742 5572/5831/3745 5521/5805/3724
f 5566/5829/3742 5521/5805/3724 5444/5771/3699
f 5566/5829/3742 5444/5771/3699 5345/5770/3665
f 5091/5587/3577 5087/5586/3576 5096/5832/3579
f 5091/5587/3577 5096/5832/3579 5575/5833/3746
f 5091/5587/3577 5575/5833/3746 5176/5625/3603
f 5091/5587/3577 5176/5625/3603 4852/5476/3508
f 5205/5640/3615 5203/5639/3614 5579/5834/3747
f 5205/5640/3615 5579/5834/3747 5580/5835/3748
f 5205/5640/3615 5580/5835/3748 5111/5600/3583
f 5205/5640/3615 5111/5600/3583 5109/5599/3582
f 5582/5836/3749 5210/5652/3617 5225/5651/3622
f 5582/5836/3749 5225/5651/3622 5534/5837/3729
f 5584/5838/3749 5535/5811/3729 5587/5839/3750
f 5583/5840/3751 5586/5841/3750 5285/5687/3640
f 5583/5840/3751 5285/5687/3640 5214/5686/3618
f 5583/5840/3751 5214/5686/3618 5211/5842/3617
f 5563/5826/3741 5560/5825/3740 5591/5843/3752
f 5563/5826/3741 5591/5843/3752 5594/5844/3753
f 5563/5826/3741 5594/5844/3753 5499/5797/3717
f 5563/5826/3741 5499/5797/3717 5452/5775/3703
f 5598/5845/3754 5341/5720/3663 5516/5803/3722
f 5598/5845/3754 5516/5803/3722 5571/5828/3743
f 5598/5845/3754 5571/5828/3743 5342/5721/3664
f 5598/5845/3754 5342/5721/3664 5341/5720/3663
f 5604/5846/3755 4813/5450/3497 4807/5449/3496
f 5604/5846/3755 4807/5449/3496 5249/5667/3631
f 5604/5846/3755 5249/5667/3631 5606/5847/3756
f 5605/5848/3755 5607/5849/3756 5612/5850/3757
f 5602/5851/3755 5610/5852/3758 5133/5853/3759
f 5603/5854/3755 5134/5609/3589 4812/5608/3497
f 5135/5610/3590 5134/5609/3589 5614/5855/3760
f 5135/5610/3590 5614/5855/3760 5616/5856/3761
f 5135/5610/3590 5616/5856/3761 5040/5563/3563
f 5135/5610/3590 5040/5563/3563 4731/5562/3473
f 5619/5857/3762 5421/5758/3691 5439/5766/3696
f 5619/5857/3762 5439/5766/3696 5622/5858/3763
f 5619/5857/3762 5622/5858/3763 5626/5859/3764
f 5619/5857/3762 5626/5859/3764 5541/5860/3734
f 5619/5857/3762 5541/5860/3734 5425/5759/3692
f 5619/5857/3762 5425/5759/3692 5421/5758/3691
f 5553/5822/3737 5549/5821/3736 5630/5861/3765
f 5553/5822/3737 5630/5861/3765 5634/5862/3766
f 5553/5822/3737 5634/5862/3766 5509/5863/3721
f 5553/5822/3737 5509/5863/3721 5430/5762/3694
f 5559/5824/3739 5523/5807/3726 5637/5864/3767
f 5559/5824/3739 5637/5864/3767 5639/5865/3768
f 5559/5824/3739 5639/5865/3768 5591/5843/3752
f 5559/5824/3739 5591/5843/3752 5560/5825/3740
f 5522/5806/3725 5521/5805/3724 5641/5866/3769
f 5522/5806/3725 5641/5866/3769 5644/5867/3770
f 5522/5806/3725 5644/5867/3770 5637/5864/3767
f 5522/5806/3725 5637/5864/3767 5523/5807/3726
f 5649/5868/3771 4980/5869/3541 4977/5870/3540
f 5648/5871/3771 4976/5673/3540 5258/5672/3634
f 5648/5871/3771 5258/5672/3634 5652/5872/3772
f 5649/5868/3771 5653/5873/3772 5655/5874/3773
f 5649/5868/3771 5655/5874/3773 5247/5875/3630
f 5649/5868/3771 5247/5875/3630 4980/5869/3541
f 5657/5876/3774 4990/5531/3545 4988/5530/3544
f 5657/5876/3774 4988/5530/3544 5179/5626/3604
f 5657/5876/3774 5179/5626/3604 5661/5877/3775
f 5658/5878/3774 5662/5879/3775 5666/5880/3776
f 5658/5878/3774 5666/5880/3776 5256/5671/3633
f 5658/5878/3774 5256/5671/3633 4991/5670/3545
f 5669/5881/3777 4740/5415/3477 4738/5414/3476
f 5669/5881/3777 4738/5414/3476 5461/5779/3707
f 5669/5881/3777 5461/5779/3707 5670/5882/3778
f 5669/5881/3777 5670/5882/3778 5671/5883/3779
f 5669/5881/3777 5671/5883/3779 4858/5884/3510
f 5669/5881/3777 4858/5884/3510 4740/5415/3477
f 5675/5885/3780 5144/5629/3592 5186/5628/3606
f 5675/5885/3780 5186/5628/3606 5678/5886/3781
f 5676/5887/3780 5679/5888/3781 5683/5889/3782
f 5674/5890/3780 5682/5891/3782 5685/5892/3783
f 5674/5890/3780 5685/5892/3783 5146/5613/3593
f 5674/5890/3780 5146/5613/3593 5143/5612/3592
f 5488/5790/3712 5359/5728/3669 5689/5893/3784
f 5487/5894/3712 5688/5895/3784 5691/5896/3785
f 5487/5894/3712 5691/5896/3785 5693/5897/3786
f 5487/5894/3712 5693/5897/3786 5481/5788/3711
f 5487/5894/3712 5481/5788/3711 5304/5787/3648
f 5488/5790/3712 5305/5698/3648 5191/5632/3609
f 5697/5898/3787 5168/5623/3601 5199/5636/3613
f 5696/5899/3787 5198/5900/3613 5699/5901/3788
f 5696/5899/3787 5699/5901/3788 5701/5902/3789
f 5696/5899/3787 5701/5902/3789 5579/5834/3747
f 5696/5899/3787 5579/5834/3747 5203/5639/3614
f 5697/5898/3787 5204/5637/3614 5168/5623/3601
f 5705/5903/3790 5400/5748/3682 5398/5747/3681
f 5704/5904/3791 5397/5905/3792 5708/5906/3793
f 5704/5904/3791 5708/5906/3793 5715/5907/3794
f 5704/5904/3791 5715/5907/3794 5546/5820/3735
f 5704/5904/3791 5546/5820/3735 5495/5794/3715
f 5704/5904/3791 5495/5794/3715 5399/5908/3682
f 5719/5909/3795 5436/5910/3796 5503/5911/3718
f 5719/5909/3795 5503/5911/3718 5720/5912/3797
f 5719/5909/3795 5720/5912/3797 5723/5913/3798
f 5719/5909/3795 5723/5913/3798 5622/5858/3763
f 5719/5909/3795 5622/5858/3763 5439/5766/3696
f 5719/5909/3795 5439/5766/3696 5436/5910/3796
f 5572/5831/3745 5570/5830/3744 5729/5914/3799
f 5572/5831/3745 5729/5914/3799 5731/5915/3800
f 5572/5831/3745 5731/5915/3800 5641/5866/3769
f 5572/5831/3745 5641/5866/3769 5521/5805/3724
f 5730/5916/3799 5571/5828/3743 5516/5803/3722
f 5730/5916/3799 5516/5803/3722 5510/5802/3721
f 5730/5916/3799 5510/5802/3721 5635/5917/3801
f 5730/5916/3799 5635/5917/3801 5733/5918/3800
f 5299/5695/3646 5298/5694/3645 5739/5919/3802
f 5299/5695/3646 5739/5919/3802 5742/5920/3803
f 5299/5695/3646 5742/5920/3803 5070/5921/3571
f 5300/5696/3646 5071/5575/3571 4828/5457/3501
f 5580/5835/3748 5579/5834/3747 5744/5922/3804
f 5580/5835/3748 5744/5922/3804 5748/5923/3805
f 5580/5835/3748 5748/5923/3805 5274/5680/3638
f 5580/5835/3748 5274/5680/3638 5111/5600/3583
f 5752/5924/3806 5499/5797/3717 5594/5844/3753
f 5753/5925/3807 5595/5926/3753 5758/5927/3808
f 5754/5928/3807 5759/5929/3808 5760/5930/3809
f 5754/5928/3807 5760/5930/3809 5720/5912/3797
f 5754/5928/3807 5720/5912/3797 5503/5911/3718
f 5751/5931/3807 5501/5932/3718 5498/5933/3717
f 5765/5934/3810 5097/5592/3579 5050/5591/3567
f 5765/5934/3810 5050/5591/3567 5766/5935/3811
f 5765/5934/3810 5766/5935/3811 5770/5936/3812
f 5765/5934/3810 5770/5936/3812 5775/5937/3813
f 5765/5934/3810 5775/5937/3813 5576/5938/3814
f 5765/5934/3810 5576/5938/3814 5097/5592/3579
f 5783/5939/3815 5049/5789/3566 5481/5788/3711
f 5783/5939/3815 5481/5788/3711 5693/5897/3786
f 5783/5939/3815 5693/5897/3786 5784/5940/3816
f 5783/5939/3815 5784/5940/3816 5767/5941/3811
f 5782/5942/3815 5766/5935/3811 5050/5591/3567
f 5782/5942/3815 5050/5591/3567 5047/5943/3566
f 5788/5944/3817 5148/5614/3594 5146/5613/3593
f 5788/5944/3817 5146/5613/3593 5685/5892/3783
f 5788/5944/3817 5685/5892/3783 5792/5945/3818
f 5789/5946/3817 5793/5947/3818 5797/5948/3819
f 5788/5944/3817 5796/5949/3819 5799/5950/3820
f 5788/5944/3817 5799/5950/3820 5148/5614/3594
f 5800/5951/3820 5797/5948/3819 5804/5952/3821
f 5799/5950/3820 5803/5953/3821 5354/5954/3668
f 5799/5950/3820 5354/5954/3668 5154/5616/3596
f 5799/5950/3820 5154/5616/3596 5148/5614/3594
f 5812/5955/3822 5196/5635/3612 5195/5634/3611
f 5812/5955/3822 5195/5634/3611 5815/5956/3823
f 5811/5957/3822 5814/5958/3823 5819/5959/3824
f 5811/5957/3822 5819/5959/3824 5699/5901/3788
f 5812/5955/3822 5700/5960/3788 5199/5636/3613
f 5812/5955/3822 5199/5636/3613 5196/5635/3612
f 5821/5961/3825 5290/5688/3641 5285/5687/3640
f 5822/5962/3826 5286/5963/3640 5587/5839/3750
f 5822/5962/3826 5587/5839/3750 5824/5964/3827
f 5822/5962/3826 5824/5964/3827 5826/5965/3828
f 5822/5962/3826 5826/5965/3828 5366/5966/3671
f 5821/5961/3825 5365/5731/3671 5290/5688/3641
f 5827/5967/3829 5591/5843/3752 5639/5865/3768
f 5828/5968/3829 5640/5969/3768 5853/5970/3830
f 5828/5968/3829 5853/5970/3830 5854/5971/3831
f 5828/5968/3829 5854/5971/3831 5758/5927/3808
f 5828/5968/3829 5758/5927/3808 5595/5926/3753
f 5827/5967/3829 5594/5844/3753 5591/5843/3752
f 5856/5972/3832 5637/5864/3767 5644/5867/3770
f 5857/5973/3833 5645/5974/3770 5859/5975/3834
f 5857/5973/3833 5859/5975/3834 5861/5976/3835
f 5857/5973/3833 5861/5976/3835 5853/5970/3830
f 5857/5973/3833 5853/5970/3830 5640/5969/3768
f 5856/5972/3832 5639/5865/3768 5637/5864/3767
f 5863/5977/3836 4860/5479/3511 4857/5478/3510
f 5864/5978/3836 4858/5884/3510 5671/5883/3779
f 5864/5978/3836 5671/5883/3779 5865/5979/3837
f 5864/5978/3836 5865/5979/3837 5869/5980/3838
f 5864/5978/3836 5869/5980/3838 4909/5981/3522
f 5863/5977/3836 4908/5501/3522 4860/5479/3511
f 5466/5782/3708 4912/5781/3523 4907/5982/3522
f 5465/5983/3708 4906/5984/3522 5866/5985/3838
f 5466/5782/3708 5867/5986/3838 5870/5987/3839
f 5466/5782/3708 5870/5987/3839 5469/5783/3709
f 5689/5893/3784 5359/5728/3669 5356/5727/3668
f 5688/5895/3784 5355/5988/3668 5805/5989/3821
f 5688/5895/3784 5805/5989/3821 5873/5990/3840
f 5688/5895/3784 5873/5990/3840 5691/5896/3785
f 5875/5991/3841 5162/5620/3599 5161/5619/3598
f 5875/5991/3841 5161/5619/3598 5878/5992/3842
f 5874/5993/3841 5877/5994/3842 5879/5995/3843
f 5874/5993/3841 5879/5995/3843 5814/5958/3823
f 5875/5991/3841 5815/5956/3823 5195/5634/3611
f 5875/5991/3841 5195/5634/3611 5162/5620/3599
f 5880/5996/3844 5535/5811/3729 5531/5810/3728
f 5880/5996/3844 5531/5810/3728 5542/5818/3734
f 5880/5996/3844 5542/5818/3734 5627/5997/3764
f 5880/5996/3844 5627/5997/3764 5824/5964/3827
f 5880/5996/3844 5824/5964/3827 5587/5839/3750
f 5880/5996/3844 5587/5839/3750 5535/5811/3729
f 5882/5998/3845 5380/5739/3675 5377/5738/3674
f 5882/5998/3845 5377/5738/3674 5884/5999/3846
f 5882/5998/3845 5884/5999/3846 5887/6000/3847
f 5881/6001/3845 5885/6002/3847 5708/5906/3793
f 5882/5998/3845 5709/6003/3793 5398/5747/3681
f 5882/5998/3845 5398/5747/3681 5380/5739/3675
f 5858/6004/3834 5644/5867/3770 5641/5866/3769
f 5859/5975/3834 5642/6005/3769 5732/6006/3800
f 5859/5975/3834 5732/6006/3800 5889/6007/3848
f 5859/5975/3834 5889/6007/3848 5861/5976/3835
f 5892/6008/3849 5176/5625/3603 5575/5833/3746
f 5892/6008/3849 5575/5833/3746 5774/6009/3813
f 5893/6010/3849 5776/6011/3850 5895/6012/3851
f 5893/6010/3849 5895/6012/3851 5662/5879/3775
f 5892/6008/3849 5661/5877/3775 5179/5626/3604
f 5892/6008/3849 5179/5626/3604 5176/5625/3603
f 5896/6013/3852 5184/5627/3605 5269/5679/3637
f 5897/6014/3852 5270/6015/3853 5898/6016/3854
f 5897/6014/3852 5898/6016/3854 5899/6017/3855
f 5897/6014/3852 5899/6017/3855 5679/5888/3781
f 5896/6013/3852 5678/5886/3781 5186/5628/3606
f 5896/6013/3852 5186/5628/3606 5184/5627/3605
f 5900/6018/3856 5369/5737/3672 5366/5966/3671
f 5900/6018/3856 5366/5966/3671 5826/5965/3828
f 5900/6018/3856 5826/5965/3828 5902/6019/3857
f 5900/6018/3856 5902/6019/3857 5884/5999/3846
f 5900/6018/3856 5884/5999/3846 5377/5738/3674
f 5900/6018/3856 5377/5738/3674 5369/5737/3672
f 5891/6020/3848 5733/5918/3800 5635/5917/3801
f 5890/6021/3848 5634/5862/3766 5630/5861/3765
f 5890/6021/3848 5630/5861/3765 5904/6022/3858
f 5888/6023/3848 5903/6024/3858 5860/6025/3859
f 5906/6026/3860 5073/6027/3861 5070/5921/3571
f 5906/6026/3860 5070/5921/3571 5742/5920/3803
f 5906/6026/3860 5742/5920/3803 5908/6028/3862
f 5906/6026/3860 5908/6028/3862 5876/6029/3842
f 5907/6030/3860 5878/5992/3842 5161/5619/3598
f 5907/6030/3860 5161/5619/3598 5075/5578/3572
f 5909/6031/3863 5264/6032/3636 5272/6033/3638
f 5910/6034/3863 5275/6035/3638 5749/6036/3805
f 5910/6034/3863 5749/6036/3805 5911/6037/3864
f 5910/6034/3863 5911/6037/3864 5898/6016/3854
f 5910/6034/3863 5898/6016/3854 5270/6015/3853
f 5910/6034/3863 5270/6015/3853 5266/6038/3636
f 5912/6039/3865 5549/5821/3736 5546/5820/3735
f 5912/6039/3865 5546/5820/3735 5715/5907/3794
f 5912/6039/3865 5715/5907/3794 5919/6040/3866
f 5912/6039/3865 5919/6040/3866 5904/6022/3858
f 5912/6039/3865 5904/6022/3858 5630/5861/3765
f 5912/6039/3865 5630/5861/3765 5549/5821/3736
f 5612/5850/3757 5607/5849/3756 5924/6041/3867
f 5612/5850/3757 5924/6041/3867 5927/6042/3868
f 5612/5850/3757 5927/6042/3868 5615/6043/3760
f 5611/6044/3757 5614/5855/3760 5134/5609/3589
f 5930/6045/3869 5258/5672/3634 5256/5671/3633
f 5930/6045/3869 5256/5671/3633 5666/5880/3776
f 5930/6045/3869 5666/5880/3776 5932/6046/3870
f 5930/6045/3869 5932/6046/3870 5934/6047/3871
f 5930/6045/3869 5934/6047/3871 5652/5872/3772
f 5930/6045/3869 5652/5872/3772 5258/5672/3634
f 5937/6048/3872 5250/6049/3631 5247/5875/3630
f 5937/6048/3872 5247/5875/3630 5655/5874/3773
f 5937/6048/3872 5655/5874/3773 5939/6050/3873
f 5937/6048/3872 5939/6050/3873 5940/6051/3874
f 5937/6048/3872 5940/6051/3874 5607/5849/3756
f 5937/6048/3872 5607/5849/3756 5250/6049/3631
f 5943/6052/3875 5042/5564/3564 5040/5563/3563
f 5943/6052/3875 5040/5563/3563 5616/5856/3761
f 5943/6052/3875 5616/5856/3761 5945/6053/3876
f 5943/6052/3875 5945/6053/3876 5946/6054/3877
f 5943/6052/3875 5946/6054/3877 5459/6055/3706
f 5943/6052/3875 5459/6055/3706 5042/5564/3564
f 5701/5902/3789 5699/5901/3788 5949/6056/3878
f 5701/5902/3789 5949/6056/3878 5950/6057/3879
f 5701/5902/3789 5950/6057/3879 5744/5922/3804
f 5701/5902/3789 5744/5922/3804 5579/5834/3747
f 5953/6058/3880 5693/5897/3786 5691/5896/3785
f 5953/6058/3880 5691/5896/3785 5956/6059/3881
f 5953/6058/3880 5956/6059/3881 5958/6060/3882
f 5953/6058/3880 5958/6060/3882 5784/5940/3816
f 5953/6058/3880 5784/5940/3816 5693/5897/3786
f 5872/6061/3840 5804/5952/3821 5962/6062/3883
f 5873/5990/3840 5963/6063/3883 5965/6064/3884
f 5873/5990/3840 5965/6064/3884 5956/6059/3881
f 5873/5990/3840 5956/6059/3881 5691/5896/3785
f 5968/6065/3885 5853/5970/3830 5861/5976/3835
f 5969/6066/3885 5862/6067/3835 5905/6068/3886
f 5969/6066/3885 5905/6068/3886 5920/6069/3887
f 5969/6066/3885 5920/6069/3887 5971/6070/3888
f 5969/6066/3885 5971/6070/3888 5855/6071/3831
f 5968/6065/3885 5854/5971/3831 5853/5970/3830
f 5973/6072/3889 5824/5964/3827 5627/5997/3764
f 5972/6073/3889 5626/5859/3764 5622/5858/3763
f 5972/6073/3889 5622/5858/3763 5975/6074/3890
f 5972/6073/3889 5975/6074/3890 5901/6075/3857
f 5973/6072/3889 5902/6019/3857 5826/5965/3828
f 5973/6072/3889 5826/5965/3828 5824/5964/3827
f 5976/6076/3891 5775/5937/3813 5770/5936/3812
f 5976/6076/3891 5770/5936/3812 5979/6077/3892
f 5976/6076/3891 5979/6077/3892 5981/6078/3893
f 5976/6076/3891 5981/6078/3893 5984/6079/3894
f 5976/6076/3891 5984/6079/3894 5894/6080/3851
f 5976/6076/3891 5894/6080/3851 5775/5937/3813
f 5989/6081/3895 5767/5941/3811 5784/5940/3816
f 5989/6081/3895 5784/5940/3816 5958/6060/3882
f 5989/6081/3895 5958/6060/3882 5994/6082/3896
f 5988/6083/3895 5993/6084/3896 5979/6077/3892
f 5988/6083/3895 5979/6077/3892 5770/5936/3812
f 5988/6083/3895 5770/5936/3812 5766/5935/3811
f 5962/6062/3883 5804/5952/3821 5797/5948/3819
f 5962/6062/3883 5797/5948/3819 5998/6085/3897
f 5962/6062/3883 5998/6085/3897 6001/6086/3898
f 5962/6062/3883 6001/6086/3898 5964/6087/3884
f 6002/6088/3899 5759/5929/3808 5855/6071/3831
f 6002/6088/3899 5855/6071/3831 5971/6070/3888
f 6002/6088/3899 5971/6070/3888 6003/6089/3900
f 6002/6088/3899 6003/6089/3900 6006/6090/3901
f 6002/6088/3899 6006/6090/3901 5760/5930/3809
f 6002/6088/3899 5760/5930/3809 5759/5929/3808
f 6008/6091/3902 5666/5880/3776 5662/5879/3775
f 6008/6091/3902 5662/5879/3775 5895/6012/3851
f 6008/6091/3902 5895/6012/3851 5985/6092/3894
f 6008/6091/3902 5985/6092/3894 6010/6093/3903
f 6008/6091/3902 6010/6093/3903 5932/6046/3870
f 6008/6091/3902 5932/6046/3870 5666/5880/3776
f 6013/6094/3904 5685/5892/3783 5682/5891/3782
f 6015/6095/3904 5683/5889/3782 6017/6096/3905
f 6015/6095/3904 6017/6096/3905 6019/6097/3906
f 6014/6098/3904 6018/6099/3907 6020/6100/3908
f 6014/6098/3904 6020/6100/3908 5793/5947/3818
f 6014/6098/3904 5793/5947/3818 5686/6101/3783
f 5723/5913/3798 5720/5912/3797 6023/6102/3909
f 5723/5913/3798 6023/6102/3909 6025/6103/3910
f 5723/5913/3798 6025/6103/3910 5975/6074/3890
f 5723/5913/3798 5975/6074/3890 5622/5858/3763
f 6023/6102/3909 5720/5912/3797 5760/5930/3809
f 6023/6102/3909 5760/5930/3809 6006/6090/3901
f 6023/6102/3909 6006/6090/3901 6025/6103/3910
f 5940/6051/3874 5939/6050/3873 6028/6104/3911
f 5940/6051/3874 6028/6104/3911 6030/6105/3912
f 5940/6051/3874 6030/6105/3912 5924/6041/3867
f 5940/6051/3874 5924/6041/3867 5607/5849/3756
f 6035/6106/3913 5655/5874/3773 5653/5873/3772
f 6034/6107/3913 5652/5872/3772 5934/6047/3871
f 6034/6107/3913 5934/6047/3871 6038/6108/3914
f 6035/6106/3913 6039/6109/3914 6043/6110/3915
f 6035/6106/3913 6043/6110/3915 5939/6050/3873
f 6035/6106/3913 5939/6050/3873 5655/5874/3773
f 6047/6111/3916 5461/5779/3707 5460/5778/3706
f 6046/6112/3916 5459/6055/3706 5946/6054/3877
f 6046/6112/3916 5946/6054/3877 6048/6113/3917
f 6046/6112/3916 6048/6113/3917 6049/6114/3918
f 6047/6111/3916 6050/6115/3918 5670/5882/3778
f 6047/6111/3916 5670/5882/3778 5461/5779/3707
f 6053/6116/3919 5295/5693/3644 5469/5783/3709
f 6053/6116/3919 5469/5783/3709 6054/6117/3920
f 6053/6116/3919 6054/6117/3920 6056/6118/3921
f 6053/6116/3919 6056/6118/3921 6058/6119/3922
f 6053/6116/3919 6058/6119/3922 5298/5694/3645
f 6053/6116/3919 5298/5694/3645 5295/5693/3644
f 5998/6085/3897 5797/5948/3819 5793/5947/3818
f 5998/6085/3897 5793/5947/3818 6020/6100/3908
f 5998/6085/3897 6020/6100/3908 6060/6120/3923
f 5998/6085/3897 6060/6120/3923 6001/6086/3898
f 6061/6121/3924 5614/5855/3760 5926/6122/3868
f 6061/6121/3924 5926/6122/3868 6063/6123/3925
f 6061/6121/3924 6063/6123/3925 6065/6124/3926
f 6061/6121/3924 6065/6124/3926 5945/6053/3876
f 6061/6121/3924 5945/6053/3876 5616/5856/3761
f 6061/6121/3924 5616/5856/3761 5614/5855/3760
f 6067/6125/3927 5958/6060/3882 5956/6059/3881
f 6067/6125/3927 5956/6059/3881 5965/6064/3884
f 6067/6125/3927 5965/6064/3884 6071/6126/3928
f 6067/6125/3927 6071/6126/3928 6073/6127/3929
f 6067/6125/3927 6073/6127/3929 5994/6082/3896
f 6067/6125/3927 5994/6082/3896 5958/6060/3882
f 6074/6128/3930 5679/5888/3781 5899/6017/3855
f 6074/6128/3930 5899/6017/3855 6076/6129/3931
f 6074/6128/3930 6076/6129/3931 6017/6096/3905
f 6074/6128/3930 6017/6096/3905 5683/5889/3782
f 6074/6128/3930 5683/5889/3782 5679/5888/3781
f 6078/6130/3932 5749/6036/3805 5745/6131/3804
f 6077/6132/3933 5744/5922/3804 5950/6057/3879
f 6078/6130/3932 5951/6133/3879 6081/6134/3934
f 6078/6130/3932 6081/6134/3934 6082/6135/3935
f 6078/6130/3932 6082/6135/3935 5911/6037/3864
f 6078/6130/3932 5911/6037/3864 5749/6036/3805
f 5819/5959/3824 5814/5958/3823 6085/6136/3936
f 5819/5959/3824 6085/6136/3936 6086/6137/3937
f 5819/5959/3824 6086/6137/3937 5949/6056/3878
f 5819/5959/3824 5949/6056/3878 5699/5901/3788
f 6088/6138/3938 5708/5906/3793 5885/6002/3847
f 6089/6139/3939 5886/6140/3847 6003/6089/3900
f 6089/6139/3939 6003/6089/3900 5971/6070/3888
f 6089/6139/3939 5971/6070/3888 5920/6069/3887
f 6088/6138/3938 5919/6040/3866 5715/5907/3794
f 6088/6138/3938 5715/5907/3794 5708/5906/3793
f 6092/6141/3940 5934/6047/3871 5932/6046/3870
f 6092/6141/3940 5932/6046/3870 6010/6093/3903
f 6092/6141/3940 6010/6093/3903 6094/6142/3941
f 6092/6141/3940 6094/6142/3941 6097/6143/3942
f 6092/6141/3940 6097/6143/3942 6038/6108/3914
f 6092/6141/3940 6038/6108/3914 5934/6047/3871
f 6099/6144/3943 5671/5883/3779 5670/5882/3778
f 6099/6144/3943 5670/5882/3778 6050/6115/3918
f 6099/6144/3943 6050/6115/3918 6101/6145/3944
f 6099/6144/3943 6101/6145/3944 6104/6146/3945
f 6099/6144/3943 6104/6146/3945 5865/5979/3837
f 6099/6144/3943 5865/5979/3837 5671/5883/3779
f 6106/6147/3946 5742/5920/3803 5739/5919/3802
f 6106/6147/3946 5739/5919/3802 6107/6148/3947
f 6106/6147/3946 6107/6148/3947 6109/6149/3948
f 6106/6147/3946 6109/6149/3948 6112/6150/3949
f 6106/6147/3946 6112/6150/3949 5908/6028/3862
f 6106/6147/3946 5908/6028/3862 5742/5920/3803
f 6114/6151/3950 5901/6075/3857 5975/6074/3890
f 6114/6151/3950 5975/6074/3890 6025/6103/3910
f 6114/6151/3950 6025/6103/3910 6003/6089/3900
f 6114/6151/3950 6003/6089/3900 5886/6140/3847
f 6114/6151/3950 5886/6140/3847 5883/6152/3846
f 6115/6153/3951 5884/5999/3846 5902/6019/3857
f 6116/6154/3952 5984/6079/3894 5981/6078/3893
f 6116/6154/3952 5981/6078/3893 6118/6155/3953
f 6116/6154/3952 6118/6155/3953 6119/6156/3954
f 6116/6154/3952 6119/6156/3954 6093/6157/3941
f 6116/6154/3952 6093/6157/3941 6009/6158/3903
f 6116/6154/3952 6009/6158/3903 5984/6079/3894
f 6121/6159/3955 5979/6077/3892 5993/6084/3896
f 6122/6160/3955 5994/6082/3896 6073/6127/3929
f 6122/6160/3955 6073/6127/3929 6125/6161/3956
f 6121/6159/3955 6123/6162/3956 6118/6155/3953
f 6121/6159/3955 6118/6155/3953 5981/6078/3893
f 6121/6159/3955 5981/6078/3893 5979/6077/3892
f 6058/6119/3922 6056/6118/3921 6128/6163/3957
f 6058/6119/3922 6128/6163/3957 6107/6148/3947
f 6058/6119/3922 6107/6148/3947 5739/5919/3802
f 6058/6119/3922 5739/5919/3802 5298/5694/3645
f 6113/6164/3949 6110/6165/3958 5879/5995/3843
f 6113/6164/3949 5879/5995/3843 5877/5994/3842
f 6112/6150/3949 5876/6029/3842 5908/6028/3862
f 6085/6136/3936 5814/5958/3823 5879/5995/3843
f 6085/6136/3936 5879/5995/3843 6110/6165/3958
f 6085/6136/3936 6110/6165/3958 6135/6166/3959
f 6085/6136/3936 6135/6166/3959 6086/6137/3937
f 6138/6167/3960 5925/6168/3867 6031/6169/3912
f 6138/6167/3960 6031/6169/3912 6139/6170/3961
f 6138/6167/3960 6139/6170/3961 6140/6171/3962
f 6138/6167/3960 6140/6171/3962 6064/6172/3925
f 6138/6167/3960 6064/6172/3925 5928/6173/3868
f 6137/6174/3960 5927/6042/3868 5924/6041/3867
f 6044/6175/3915 6040/6176/3914 6142/6177/3963
f 6044/6175/3915 6142/6177/3963 6144/6178/3964
f 6044/6175/3915 6144/6178/3964 6029/6179/3911
f 6043/6110/3915 6028/6104/3911 5939/6050/3873
f 6146/6180/3965 5869/5980/3838 5865/5979/3837
f 6146/6180/3965 5865/5979/3837 6104/6146/3945
f 6145/6181/3966 6105/6182/3945 6149/6183/3967
f 6145/6181/3966 6149/6183/3967 6150/6184/3968
f 6145/6181/3966 6150/6184/3968 5871/6185/3839
f 6145/6181/3966 5871/6185/3839 5868/6186/3969
f 6070/6187/3928 5964/6087/3884 6001/6086/3898
f 6070/6187/3928 6001/6086/3898 6152/6188/3970
f 6070/6187/3928 6152/6188/3970 6153/6189/3971
f 6070/6187/3928 6153/6189/3971 6155/6190/3972
f 6070/6187/3928 6155/6190/3972 6072/6191/3929
f 6157/6192/3973 5945/6053/3876 6065/6124/3926
f 6157/6192/3973 6065/6124/3926 6158/6193/3974
f 6157/6192/3973 6158/6193/3974 6159/6194/3975
f 6157/6192/3973 6159/6194/3975 6048/6113/3917
f 6157/6192/3973 6048/6113/3917 5946/6054/3877
f 6157/6192/3973 5946/6054/3877 5945/6053/3876
f 6054/6117/3920 5469/5783/3709 5870/5987/3839
f 6055/6195/3920 5871/6185/3839 6150/6184/3968
f 6055/6195/3920 6150/6184/3968 6161/6196/3976
f 6055/6195/3920 6161/6196/3976 6057/6197/3921
f 6025/6103/3910 6006/6090/3901 6003/6089/3900
f 6098/6198/3942 6095/6199/3941 6164/6200/3977
f 6098/6198/3942 6164/6200/3977 6166/6201/3978
f 6097/6143/3942 6165/6202/3978 6141/6203/3963
f 6097/6143/3942 6141/6203/3963 6038/6108/3914
f 6168/6204/3979 5899/6017/3855 5898/6016/3854
f 6168/6204/3979 5898/6016/3854 5911/6037/3864
f 6168/6204/3979 5911/6037/3864 6082/6135/3935
f 6168/6204/3979 6082/6135/3935 6170/6205/3980
f 6168/6204/3979 6170/6205/3980 6172/6206/3981
f 6168/6204/3979 6172/6206/3981 6076/6129/3931
f 6168/6204/3979 6076/6129/3931 5899/6017/3855
f 6173/6207/3982 5950/6057/3879 5949/6056/3878
f 6173/6207/3982 5949/6056/3878 6086/6137/3937
f 6173/6207/3982 6086/6137/3937 6176/6208/3983
f 6174/6209/3982 6177/6210/3983 6178/6211/3984
f 6175/6212/3982 6179/6213/3984 6081/6134/3934
f 6175/6212/3982 6081/6134/3934 5951/6133/3879
f 6124/6214/3956 6072/6191/3929 6155/6190/3972
f 6126/6215/3956 6156/6216/3972 6182/6217/3985
f 6126/6215/3956 6182/6217/3985 6120/6218/3954
f 6123/6162/3956 6119/6156/3954 6118/6155/3953
f 6185/6219/3986 6031/6169/3912 6029/6179/3911
f 6185/6219/3986 6029/6179/3911 6144/6178/3964
f 6185/6219/3986 6144/6178/3964 6188/6220/3987
f 6185/6219/3986 6188/6220/3987 6189/6221/3988
f 6185/6219/3986 6189/6221/3988 6139/6170/3961
f 6185/6219/3986 6139/6170/3961 6031/6169/3912
f 6192/6222/3989 6064/6172/3925 6140/6171/3962
f 6192/6222/3989 6140/6171/3962 6193/6223/3990
f 6192/6222/3989 6193/6223/3990 6195/6224/3991
f 6191/6225/3989 6194/6226/3991 6158/6193/3974
f 6191/6225/3989 6158/6193/3974 6065/6124/3926
f 6191/6225/3989 6065/6124/3926 6063/6123/3925
f 6164/6200/3977 6095/6199/3941 6120/6218/3954
f 6164/6200/3977 6120/6218/3954 6182/6217/3985
f 6164/6200/3977 6182/6217/3985 6197/6227/3992
f 6164/6200/3977 6197/6227/3992 6166/6201/3978
f 6060/6120/3923 6020/6100/3908 6201/6228/3993
f 6060/6120/3923 6201/6228/3993 6203/6229/3994
f 6060/6120/3923 6203/6229/3994 6152/6188/3970
f 6060/6120/3923 6152/6188/3970 6001/6086/3898
f 6019/6097/3906 6017/6096/3905 6172/6206/3981
f 6019/6097/3906 6172/6206/3981 6209/6230/3995
f 6019/6097/3906 6209/6230/3995 6202/6231/3993
f 6018/6099/3907 6201/6228/3993 6020/6100/3908
f 6172/6206/3981 6017/6096/3905 6076/6129/3931
f 6211/6232/3996 6049/6114/3918 6048/6113/3917
f 6211/6232/3996 6048/6113/3917 6159/6194/3975
f 6211/6232/3996 6159/6194/3975 6212/6233/3997
f 6211/6232/3996 6212/6233/3997 6216/6234/3998
f 6211/6232/3996 6216/6234/3998 6100/6235/3944
f 6211/6232/3996 6100/6235/3944 6049/6114/3918
f 6220/6236/3999 6142/6177/3963 6167/6237/3978
f 6219/6238/3999 6166/6201/3978 6223/6239/4000
f 6219/6238/3999 6223/6239/4000 6224/6240/4001
f 6220/6236/3999 6225/6241/4001 6188/6220/3987
f 6220/6236/3999 6188/6220/3987 6144/6178/3964
f 6220/6236/3999 6144/6178/3964 6142/6177/3963
f 6134/6242/3959 6109/6149/3948 6226/6243/4002
f 6136/6244/3959 6227/6245/4002 6229/6246/4003
f 6136/6244/3959 6229/6246/4003 6177/6210/3983
f 6135/6166/3959 6176/6208/3983 6086/6137/3937
f 6226/6243/4002 6109/6149/3948 6107/6148/3947
f 6226/6243/4002 6107/6148/3947 6128/6163/3957
f 6227/6245/4002 6129/6247/3957 6229/6246/4003
f 6155/6190/3972 6153/6189/3971 6232/6248/4004
f 6156/6216/3972 6233/6249/4004 6234/6250/4005
f 6156/6216/3972 6234/6250/4005 6197/6227/3992
f 6156/6216/3972 6197/6227/3992 6182/6217/3985
f 6238/6251/4006 6082/6135/3935 6081/6134/3934
f 6237/6252/4006 6080/6253/3934 6178/6211/3984
f 6237/6252/4006 6178/6211/3984 6242/6254/4007
f 6237/6252/4006 6242/6254/4007 6244/6255/4008
f 6239/6256/4006 6245/6257/4008 6171/6258/3980
f 6238/6251/4006 6170/6205/3980 6082/6135/3935
f 6246/6259/4009 6139/6170/3961 6189/6221/3988
f 6246/6259/4009 6189/6221/3988 6247/6260/4010
f 6246/6259/4009 6247/6260/4010 6249/6261/4011
f 6246/6259/4009 6249/6261/4011 6193/6223/3990
f 6246/6259/4009 6193/6223/3990 6140/6171/3962
f 6246/6259/4009 6140/6171/3962 6139/6170/3961
f 6250/6262/4012 6103/6263/3945 6100/6235/3944
f 6250/6262/4012 6100/6235/3944 6216/6234/3998
f 6252/6264/4012 6217/6265/3998 6254/6266/4013
f 6252/6264/4012 6254/6266/4013 6256/6267/4014
f 6251/6268/4012 6255/6269/4015 6149/6183/3967
f 6251/6268/4012 6149/6183/3967 6105/6182/3945
f 6223/6239/4000 6166/6201/3978 6197/6227/3992
f 6223/6239/4000 6197/6227/3992 6234/6250/4005
f 6223/6239/4000 6234/6250/4005 6257/6270/4016
f 6223/6239/4000 6257/6270/4016 6224/6240/4001
f 6258/6271/4017 6153/6189/3971 6152/6188/3970
f 6258/6271/4017 6152/6188/3970 6203/6229/3994
f 6258/6271/4017 6203/6229/3994 6260/6272/4018
f 6259/6273/4017 6261/6274/4018 6264/6275/4019
f 6259/6273/4017 6264/6275/4019 6233/6249/4004
f 6259/6273/4017 6233/6249/4004 6154/6276/3971
f 6265/6277/4020 6172/6206/3981 6170/6205/3980
f 6266/6278/4020 6171/6258/3980 6245/6257/4008
f 6266/6278/4020 6245/6257/4008 6267/6279/4021
f 6266/6278/4020 6267/6279/4021 6270/6280/4022
f 6266/6278/4020 6270/6280/4022 6210/6281/3995
f 6265/6277/4020 6209/6230/3995 6172/6206/3981
f 6271/6282/4023 6158/6193/3974 6194/6226/3991
f 6271/6282/4023 6194/6226/3991 6273/6283/4024
f 6272/6284/4023 6274/6285/4024 6278/6286/4025
f 6271/6282/4023 6277/6287/4025 6212/6233/3997
f 6271/6282/4023 6212/6233/3997 6159/6194/3975
f 6271/6282/4023 6159/6194/3975 6158/6193/3974
f 6270/6280/4022 6267/6279/4021 6262/6288/4018
f 6268/6289/4022 6260/6272/4018 6203/6229/3994
f 6268/6289/4022 6203/6229/3994 6201/6228/3993
f 6269/6290/4022 6202/6231/3993 6209/6230/3995
f 6282/6291/4026 6177/6210/3983 6229/6246/4003
f 6282/6291/4026 6229/6246/4003 6283/6292/4027
f 6282/6291/4026 6283/6292/4027 6284/6293/4028
f 6282/6291/4026 6284/6293/4028 6242/6254/4007
f 6282/6291/4026 6242/6254/4007 6178/6211/3984
f 6282/6291/4026 6178/6211/3984 6177/6210/3983
f 6291/6294/4029 6188/6220/3987 6225/6241/4001
f 6290/6295/4029 6224/6240/4001 6292/6296/4030
f 6290/6295/4029 6292/6296/4030 6293/6297/4031
f 6291/6294/4029 6294/6298/4031 6247/6260/4010
f 6291/6294/4029 6247/6260/4010 6189/6221/3988
f 6291/6294/4029 6189/6221/3988 6188/6220/3987
f 6297/6299/4032 6193/6223/3990 6249/6261/4011
f 6297/6299/4032 6249/6261/4011 6301/6300/4033
f 6297/6299/4032 6301/6300/4033 6303/6301/4034
f 6297/6299/4032 6303/6301/4034 6275/6302/4024
f 6297/6299/4032 6275/6302/4024 6195/6224/3991
f 6297/6299/4032 6195/6224/3991 6193/6223/3990
f 6304/6303/4035 6150/6184/3968 6149/6183/3967
f 6304/6303/4035 6149/6183/3967 6255/6269/4015
f 6304/6303/4035 6255/6269/4015 6307/6304/4036
f 6304/6303/4035 6307/6304/4036 6310/6305/4037
f 6304/6303/4035 6310/6305/4037 6161/6196/3976
f 6304/6303/4035 6161/6196/3976 6150/6184/3968
f 6311/6306/4038 6234/6250/4005 6233/6249/4004
f 6311/6306/4038 6233/6249/4004 6264/6275/4019
f 6311/6306/4038 6264/6275/4019 6312/6307/4039
f 6311/6306/4038 6312/6307/4039 6313/6308/4040
f 6311/6306/4038 6313/6308/4040 6257/6270/4016
f 6311/6306/4038 6257/6270/4016 6234/6250/4005
f 6283/6292/4027 6229/6246/4003 6129/6247/3957
f 6283/6292/4027 6129/6247/3957 6057/6197/3921
f 6283/6292/4027 6057/6197/3921 6161/6196/3976
f 6283/6292/4027 6161/6196/3976 6310/6305/4037
f 6283/6292/4027 6310/6305/4037 6284/6293/4028
f 6292/6296/4030 6224/6240/4001 6257/6270/4016
f 6292/6296/4030 6257/6270/4016 6313/6308/4040
f 6292/6296/4030 6313/6308/4040 6314/6309/4041
f 6292/6296/4030 6314/6309/4041 6293/6297/4031
f 6316/6310/4042 6262/6288/4018 6267/6279/4021
f 6316/6310/4042 6267/6279/4021 6317/6311/4043
f 6316/6310/4042 6317/6311/4043 6319/6312/4044
f 6315/6313/4042 6318/6314/4044 6312/6307/4039
f 6315/6313/4042 6312/6307/4039 6264/6275/4019
f 6315/6313/4042 6264/6275/4019 6261/6274/4018
f 6320/6315/4045 6249/6261/4011 6247/6260/4010
f 6320/6315/4045 6247/6260/4010 6294/6298/4031
f 6320/6315/4045 6294/6298/4031 6301/6300/4033
f 6320/6315/4045 6301/6300/4033 6249/6261/4011
f 6321/6316/4046 6213/6317/3997 6278/6286/4025
f 6321/6316/4046 6278/6286/4025 6322/6318/4047
f 6321/6316/4046 6322/6318/4047 6323/6319/4048
f 6321/6316/4046 6323/6319/4048 6254/6266/4013
f 6321/6316/4046 6254/6266/4013 6217/6265/3998
f 6321/6316/4046 6217/6265/3998 6213/6317/3997
f 6324/6320/4049 6245/6257/4008 6243/6321/4007
f 6324/6320/4049 6243/6321/4007 6326/6322/4050
f 6324/6320/4049 6326/6322/4050 6327/6323/4051
f 6324/6320/4049 6327/6323/4051 6317/6311/4043
f 6324/6320/4049 6317/6311/4043 6267/6279/4021
f 6324/6320/4049 6267/6279/4021 6245/6257/4008
f 6330/6324/4052 6275/6302/4024 6303/6301/4034
f 6328/6325/4052 6302/6326/4034 6331/6327/4053
f 6328/6325/4052 6331/6327/4053 6332/6328/4054
f 6329/6329/4052 6333/6330/4054 6322/6318/4047
f 6329/6329/4052 6322/6318/4047 6278/6286/4025
f 6329/6329/4052 6278/6286/4025 6274/6285/4024
f 6314/6309/4041 6313/6308/4040 6334/6331/4055
f 6314/6309/4041 6334/6331/4055 6332/6328/4054
f 6314/6309/4041 6332/6328/4054 6331/6327/4053
f 6314/6309/4041 6331/6327/4053 6302/6326/4034
f 6314/6309/4041 6302/6326/4034 6300/6332/4033
f 6314/6309/4041 6300/6332/4033 6293/6297/4031
f 6334/6331/4055 6313/6308/4040 6312/6307/4039
f 6334/6331/4055 6312/6307/4039 6318/6314/4044
f 6335/6333/4055 6319/6312/4044 6337/6334/4056
f 6334/6331/4055 6336/6335/4056 6332/6328/4054
f 6325/6336/4050 6242/6254/4007 6284/6293/4028
f 6325/6336/4050 6284/6293/4028 6310/6305/4037
f 6325/6336/4050 6310/6305/4037 6307/6304/4036
f 6326/6322/4050 6308/6337/4036 6338/6338/4057
f 6326/6322/4050 6338/6338/4057 6327/6323/4051
f 6337/6334/4056 6319/6312/4044 6339/6339/4058
f 6337/6334/4056 6339/6339/4058 6323/6319/4048
f 6337/6334/4056 6323/6319/4048 6322/6318/4047
f 6337/6334/4056 6322/6318/4047 6333/6330/4054
f 6340/6340/4059 6256/6267/4014 6254/6266/4013
f 6340/6340/4059 6254/6266/4013 6323/6319/4048
f 6340/6340/4059 6323/6319/4048 6339/6339/4058
f 6340/6340/4059 6339/6339/4058 6338/6338/4057
f 6340/6340/4059 6338/6338/4057 6308/6337/4036
f 6340/6340/4059 6308/6337/4036 6256/6267/4014
f 6317/6311/4043 6327/6323/4051 6338/6338/4057
f 6317/6311/4043 6338/6338/4057 6339/6339/4058
f 6317/6311/4043 6339/6339/4058 6319/6312/4044
